id	state	path	line	kind	domain	expression	context	notes
a6e1622d393d4927	reviewed	include/DDrawMgr/AnimWorkerObj.h	68	static_cast-enum	AnimWorkerAct	m_actKey	return static_cast<AnimWorkerAct>(m_actKey);	Single explicit seam for mixed m_actKey storage: worker events use AnimWorkerAct while animation-name lookups use integer ActFindId ids.
62bb119be7b3aaa7	reviewed	include/DDrawMgr/AnimWorkerObj.h	71	IDX		act	m_actKey = IDX(act);	Single explicit seam for mixed m_actKey storage: worker events use AnimWorkerAct while animation-name lookups use integer ActFindId ids.
6385b31b51988b18	reviewed	include/Enums.h	258	static_cast-enum	name	static_cast<i32>(a) | static_cast<i32>(b)	return static_cast<name>(static_cast<i32>(a) | static_cast<i32>(b)); \	Enum-layer implementation: strict-only flag/step operators must cast arithmetic results back to the generic domain; IDX/HAS/BIT definitions implement the explicit domain-exit API.
425ca6262f89f869	reviewed	include/Enums.h	261	static_cast-enum	name	static_cast<i32>(a) & static_cast<i32>(b)	return static_cast<name>(static_cast<i32>(a) & static_cast<i32>(b)); \	Enum-layer implementation: strict-only flag/step operators must cast arithmetic results back to the generic domain; IDX/HAS/BIT definitions implement the explicit domain-exit API.
66ea59f0c716458b	reviewed	include/Enums.h	264	static_cast-enum	name	static_cast<i32>(a) ^ static_cast<i32>(b)	return static_cast<name>(static_cast<i32>(a) ^ static_cast<i32>(b)); \	Enum-layer implementation: strict-only flag/step operators must cast arithmetic results back to the generic domain; IDX/HAS/BIT definitions implement the explicit domain-exit API.
784988e9daa5829e	reviewed	include/Enums.h	267	static_cast-enum	name	~static_cast<i32>(a)	return static_cast<name>(~static_cast<i32>(a)); \	Enum-layer implementation: strict-only flag/step operators must cast arithmetic results back to the generic domain; IDX/HAS/BIT definitions implement the explicit domain-exit API.
4b9b3d5fcb065e17	reviewed	include/Enums.h	284	static_cast-enum	name	static_cast<i32>(a) + amount	return static_cast<name>(static_cast<i32>(a) + amount); \	Enum-layer implementation: strict-only flag/step operators must cast arithmetic results back to the generic domain; IDX/HAS/BIT definitions implement the explicit domain-exit API.
2ca9ec3c2fd5e71f	reviewed	include/Enums.h	287	static_cast-enum	name	static_cast<i32>(a) - amount	return static_cast<name>(static_cast<i32>(a) - amount); \	Enum-layer implementation: strict-only flag/step operators must cast arithmetic results back to the generic domain; IDX/HAS/BIT definitions implement the explicit domain-exit API.
7add66f1b3fffa2f	reviewed	include/Enums.h	376	IDX		x	#define IDX(x) GzEnumIndex(x)	Enum-layer implementation: strict-only flag/step operators must cast arithmetic results back to the generic domain; IDX/HAS/BIT definitions implement the explicit domain-exit API.
52fa6827b340b70e	reviewed	include/Enums.h	377	IDX		(flags) & (bit)	#define HAS(flags, bit) (IDX((flags) & (bit)))	Enum-layer implementation: strict-only flag/step operators must cast arithmetic results back to the generic domain; IDX/HAS/BIT definitions implement the explicit domain-exit API.
a863ac3e9cac0421	reviewed	include/Enums.h	378	IDX		x	#define BIT(x) (1 << IDX(x))	Enum-layer implementation: strict-only flag/step operators must cast arithmetic results back to the generic domain; IDX/HAS/BIT definitions implement the explicit domain-exit API.
3ffceafa1c0be7aa	reviewed	include/Enums.h	381	IDX		x	#define IDX(x) (x)	Enum-layer implementation: strict-only flag/step operators must cast arithmetic results back to the generic domain; IDX/HAS/BIT definitions implement the explicit domain-exit API.
36da2ab4f85af144	reviewed	include/Gruntz/Play.h	54	static_cast-enum	QuestLevel	m_levelIndex	return static_cast<QuestLevel>(m_levelIndex);	CPlay::m_levelIndex is mixed state storage; CurrentQuestLevel centralizes the QuestLevel view used by single-player code.
9821fbcf5e80270c	reviewed	include/Gruntz/StatusBarMgr.h	96	static_cast-enum	GruntzCommandId	0x80e4	const GruntzCommandId kActivateErrId = static_cast<GruntzCommandId>(0x80e4);	Unidentified retail command value is typed once at the constant definition; all consumers now use the typed constant.
640ce98fdf7d1c31	fixed	include/Gruntz/WorkerHandler.h	17	static_cast-enum	AnimWorkerAct	rec->m_actKey	switch (static_cast<AnimWorkerAct>(rec->m_actKey)) { \	WorkerHandler now uses the typed WorkerAct/SetWorkerAct accessors.
509b12dc1313c454	fixed	include/Gruntz/WorkerHandler.h	19	IDX	AnimWorkerAct	ACT_LIVE	rec->m_actKey = IDX(ACT_LIVE); \	WorkerHandler now uses the typed WorkerAct/SetWorkerAct accessors.
b3725fb89655301b	reviewed	include/Io/SaveGame.h	87	static_cast-enum	QuestLevel	m_curLevel	return static_cast<QuestLevel>(m_curLevel);	QuestLevel is stored as unsigned u32; conversion is the typed storage or numeric-comparison boundary.
4dfce0b4c25c3fae	fixed	src/Bute/ButeMgr.cpp	859	static_cast-enum	ButeLexAction	cls	switch (static_cast<ButeLexAction>(cls)) {	Retyped PeekState and its local result with GZ_ENUM_RETURN(ButeLexAction, i16), so the switch receives its domain from the producer.
02a3cce29bc594af	reviewed	src/Bute/ButeMgr.cpp	1128	static_cast-enum	ButeToken	m_tokType	ButeToken t = static_cast<ButeToken>(m_tokType);	Remaining casts load ButeToken from its proven i16 retail storage; the enum is 4 bytes under MSVC 5, so the split-width storage seam cannot be typed directly.
1fca0b391ffc6b3b	reviewed	src/Bute/ButeMgr.cpp	1252	static_cast-enum	ButeToken	m_tokType	ButeToken t = static_cast<ButeToken>(m_tokType);	Remaining casts load ButeToken from its proven i16 retail storage; the enum is 4 bytes under MSVC 5, so the split-width storage seam cannot be typed directly.
8c00c93258854b34	reviewed	src/Bute/ButeMgr.cpp	1273	static_cast-enum	ButeToken	m_tokType	t = static_cast<ButeToken>(m_tokType);	Remaining casts load ButeToken from its proven i16 retail storage; the enum is 4 bytes under MSVC 5, so the split-width storage seam cannot be typed directly.
36bc45a142a5670d	reviewed	src/Bute/ButeMgr.cpp	1285	static_cast-enum	ButeToken	m_tokType	t = static_cast<ButeToken>(m_tokType);	Remaining casts load ButeToken from its proven i16 retail storage; the enum is 4 bytes under MSVC 5, so the split-width storage seam cannot be typed directly.
098be66423f0878c	reviewed	src/Bute/SymTab.cpp	139	static_cast-enum	RezTypeTag	m_entry->m_key	return static_cast<RezTypeTag>(m_entry->m_key);	Current sites are the intentional boundaries around generic CSymRec/CHash integer keys and the raw DwordBytes representation used to pack/unpack RezTypeTag.
7e9c54f176302da4	reviewed	src/Bute/SymTab.cpp	393	IDX		fourcc	CSymRec* rec = static_cast<CSymRec*>(m_symbols.FindInt(IDX(fourcc)));	Current sites are the intentional boundaries around generic CSymRec/CHash integer keys and the raw DwordBytes representation used to pack/unpack RezTypeTag.
74e077de70c6f670	fixed	src/Bute/SymTab.cpp	416	static_cast-enum	RezTypeTag	fourcc	return Insert(fname, static_cast<RezTypeTag>(fourcc));	Retyped CSymParser::PackTag, UnpackTag, and their tag locals to RezTypeTag; callers no longer cast an already-domain-valued producer.
3c5829989eef2995	reviewed	src/Bute/SymTab.cpp	1142	IDX		extKey	CSymRec* rec = node->FindOrAddSym(IDX(extKey));	Current sites are the intentional boundaries around generic CSymRec/CHash integer keys and the raw DwordBytes representation used to pack/unpack RezTypeTag.
1a931af548654cf6	fixed	src/Bute/SymTab.cpp	1143	static_cast-enum	RezTypeTag	extKey	CParseSource* entry = node->Insert(fname, static_cast<RezTypeTag>(extKey));	Retyped CSymParser::PackTag, UnpackTag, and their tag locals to RezTypeTag; callers no longer cast an already-domain-valued producer.
189020129f159cfa	reviewed	src/Bute/SymTab.cpp	1218	static_cast-enum	RezTypeTag	r.m_value	return static_cast<RezTypeTag>(r.m_value);	Current sites are the intentional boundaries around generic CSymRec/CHash integer keys and the raw DwordBytes representation used to pack/unpack RezTypeTag.
f4cffc7709a1a6cb	reviewed	src/Bute/SymTab.cpp	1227	IDX		tag	tagBytes.m_value = IDX(tag);	Current sites are the intentional boundaries around generic CSymRec/CHash integer keys and the raw DwordBytes representation used to pack/unpack RezTypeTag.
d28730e5b329e45a	reviewed	src/DDrawMgr/AniRecord.cpp	63	static_cast-enum	WwdAnimStepMode	*p++	m_stepMode = static_cast<WwdAnimStepMode>(*p++);	CAniRecordView::Parse ingests raw i16 ANI record words into three typed animation-mode fields; these are file-format boundaries.
0d9d7590b720827e	reviewed	src/DDrawMgr/AniRecord.cpp	64	static_cast-enum	WwdAnimLoopMode	*p++	m_loopMode = static_cast<WwdAnimLoopMode>(*p++);	CAniRecordView::Parse ingests raw i16 ANI record words into three typed animation-mode fields; these are file-format boundaries.
7b758dc8e3caa6d2	reviewed	src/DDrawMgr/AniRecord.cpp	65	static_cast-enum	WwdAnimPositionMode	*p++	m_positionMode = static_cast<WwdAnimPositionMode>(*p++);	CAniRecordView::Parse ingests raw i16 ANI record words into three typed animation-mode fields; these are file-format boundaries.
79c3d34e259e8963	reviewed	src/DDrawMgr/DDPageMgr.cpp	61	IDX		info.bpp	if (m_directDraw2->SetDisplayMode(info.width, info.height, IDX(info.bpp), 0, 0) != 0) {	DirectDraw exposes pixel depth as DWORD and SetDisplayMode consumes DWORD; these two sites are the SDK ingest/exit boundaries for ColorDepth.
63936ec63f660775	reviewed	src/DDrawMgr/DDPageMgr.cpp	162	static_cast-enum	ColorDepth	desc.ddpfPixelFormat.dwRGBBitCount	ColorDepth bpp = static_cast<ColorDepth>(desc.ddpfPixelFormat.dwRGBBitCount);	DirectDraw exposes pixel depth as DWORD and SetDisplayMode consumes DWORD; these two sites are the SDK ingest/exit boundaries for ColorDepth.
a5da2ce9175c20ab	fixed	src/DDrawMgr/DDSurface.cpp	88	IDX		bitDepth	this->m_srcBitDepth = IDX(bitDepth);	Retyped the DDSURFACEDESC overlay member m_srcBitDepth from i32 to ColorDepth, removing both directions of the artificial conversion.
5b9e6fa5b6e1338e	fixed	src/DDrawMgr/DDSurface.cpp	107	static_cast-enum	ColorDepth	m_srcBitDepth	ColorDepth bits = static_cast<ColorDepth>(m_srcBitDepth);	Retyped the DDSURFACEDESC overlay member m_srcBitDepth from i32 to ColorDepth, removing both directions of the artificial conversion.
ef2c447ddbe4fd3d	fixed	src/DDrawMgr/DDSurface.cpp	188	static_cast-enum	ColorDepth	m_srcBitDepth	ColorDepth bits = static_cast<ColorDepth>(m_srcBitDepth);	Retyped the DDSURFACEDESC overlay member m_srcBitDepth from i32 to ColorDepth, removing both directions of the artificial conversion.
8200751258971d20	reviewed	src/DDrawMgr/DDSurface.cpp	1067	static_cast-enum	ColorDepth	dest == BPP_UNSET	if (static_cast<ColorDepth>(dest == BPP_UNSET) == bitcount) {	Retail CDDSurface::Blit at 0x0013faa0 emits sete cl then cmp ecx,edx: the boolean is intentionally compared as ColorDepth values BPP_UNSET/BPP_MONO_1 before the 8/16/24 dispatch.
ccdba5e1afe2df74	reviewed	src/DDrawMgr/DDSurface.cpp	1464	IDX		depth	IDX(depth),	DDrawLogLine is a C varargs boundary; ColorDepth must exit to its promoted integer representation for %i.
c3fe175a10239183	reviewed	src/DDrawMgr/DDSurface.cpp	1498	IDX		depth	IDX(depth),	DDrawLogLine is a C varargs boundary; ColorDepth must exit to its promoted integer representation for %i.
339c2bc47c5f7f23	reviewed	src/DDrawMgr/DDrawSurfacePair.cpp	348	static_cast-enum	DDrawPageKind	m_id	if (static_cast<DDrawPageKind>(m_id) == DDRAW_PAGE_OVERLAY) {	Inherited CLoadable::m_id is generic across subclasses; this pair interprets values 1/2 as DDrawPageKind and also stores borrowed-surface sentinel 0x63.
060120b6c72c4b06	reviewed	src/DDrawMgr/DDrawSurfacePair.cpp	358	static_cast-enum	DDrawPageKind	m_id	if (static_cast<DDrawPageKind>(m_id) == DDRAW_PAGE_BACK) {	Inherited CLoadable::m_id is generic across subclasses; this pair interprets values 1/2 as DDrawPageKind and also stores borrowed-surface sentinel 0x63.
231fabc85caa06dc	reviewed	src/DDrawMgr/DirectDrawMgr.cpp	397	static_cast-enum	ColorDepth	desc.ddpfPixelFormat.dwRGBBitCount	m_palBpp = static_cast<ColorDepth>(desc.ddpfPixelFormat.dwRGBBitCount);	All five sites cross the DirectDraw SDK boundary: DDSURFACEDESC exposes dwRGBBitCount as DWORD and IDirectDraw2::SetDisplayMode consumes DWORD.
e02cc65ee62db257	reviewed	src/DDrawMgr/DirectDrawMgr.cpp	869	IDX		colorDepth	&& e->ddpfPixelFormat.dwRGBBitCount == IDX(colorDepth)) {	All five sites cross the DirectDraw SDK boundary: DDSURFACEDESC exposes dwRGBBitCount as DWORD and IDirectDraw2::SetDisplayMode consumes DWORD.
1d9d031f5522f749	reviewed	src/DDrawMgr/DirectDrawMgr.cpp	885	IDX		colorDepth	if (e->ddpfPixelFormat.dwRGBBitCount == IDX(colorDepth)) {	All five sites cross the DirectDraw SDK boundary: DDSURFACEDESC exposes dwRGBBitCount as DWORD and IDirectDraw2::SetDisplayMode consumes DWORD.
95714021de59d36d	reviewed	src/DDrawMgr/DirectDrawMgr.cpp	907	IDX		colorDepth	if (e->ddpfPixelFormat.dwRGBBitCount == IDX(colorDepth)) {	All five sites cross the DirectDraw SDK boundary: DDSURFACEDESC exposes dwRGBBitCount as DWORD and IDirectDraw2::SetDisplayMode consumes DWORD.
839c9d2caf6339e7	reviewed	src/DDrawMgr/DirectDrawMgr.cpp	1169	IDX		bpp	i32 hr = m_device->SetDisplayMode(width, height, IDX(bpp), refreshRate, flags);	All five sites cross the DirectDraw SDK boundary: DDSURFACEDESC exposes dwRGBBitCount as DWORD and IDirectDraw2::SetDisplayMode consumes DWORD.
3abbf661ff6fe788	reviewed	src/DDrawMgr/LevelPlane.cpp	735	static_cast-enum	SpriteStateFlags	*p++	obj->m_stateFlags = static_cast<SpriteStateFlags>(*p++);	The only remaining entries are raw WWD record ingest and the retail int mask parameter of XorLiveObjectFlags.
89d707b4bfe78827	fixed	src/Gruntz/ActionArea.cpp	68	IDX	SpriteStateFlags	SPRITE_STATE_HIDDEN	m_wwdObject->m_stateFlags |= IDX(SPRITE_STATE_HIDDEN);	Typed CResolveNode::m_stateFlags as SpriteStateFlags and replaced raw bit arithmetic with domain operators/HAS; all former per-call exits disappeared.
e141a0c14b55c659	reviewed	src/Gruntz/ActionArea.cpp	128	static_cast-enum	ActionAreaOwner	owner	switch (static_cast<ActionAreaOwner>(owner)) {	Reviewed individually: the producer retains a retail integer ABI or generic API contract, and the conversion occurs once where the receiving domain is proven.
325aa25368b1d344	fixed	src/Gruntz/ActionArea.cpp	146	IDX	SpriteStateFlags	SPRITE_STATE_HIDDEN	m_wwdObject->m_stateFlags &= ~IDX(SPRITE_STATE_HIDDEN);	Typed CResolveNode::m_stateFlags as SpriteStateFlags and replaced raw bit arithmetic with domain operators/HAS; all former per-call exits disappeared.
838a574aeef88f3b	fixed	src/Gruntz/ActionOptionsMenuBar.cpp	154	static_cast-enum	PickupType	0x21	m_buttonIcon[0] = static_cast<PickupType>(0x21);	Removed an unnecessary conversion by typing the owner, using an existing named value, or introducing an evidence-backed domain constant.
e57a3de636668d29	reviewed	src/Gruntz/ActionOptionsMenuBar.cpp	171	IDX		m_buttonIcon[i]	m_buttonFrame[i] = m_normChipSprite->GetAt(IDX(m_buttonIcon[i]));	Audited individually: PickupType and related badge/layer/health enums become sprite frames, shade/tool indices, pickup-counter offsets, raw WWD fields, or retail int parameters; no shared semantic field is incorrectly left untyped.
541a9a4e4d006d1a	reviewed	src/Gruntz/ActionOptionsMenuBar.cpp	174	IDX		m_buttonIcon[i]	m_buttonFrame[i] = m_highChipSprite->GetAt(IDX(m_buttonIcon[i]));	Audited individually: PickupType and related badge/layer/health enums become sprite frames, shade/tool indices, pickup-counter offsets, raw WWD fields, or retail int parameters; no shared semantic field is incorrectly left untyped.
094e9955a8eb6e62	reviewed	src/Gruntz/ActionOptionsMenuBar.cpp	177	IDX		m_buttonIcon[i]	m_buttonFrame[i] = m_greyChipSprite->GetAt(IDX(m_buttonIcon[i]));	Audited individually: PickupType and related badge/layer/health enums become sprite frames, shade/tool indices, pickup-counter offsets, raw WWD fields, or retail int parameters; no shared semantic field is incorrectly left untyped.
9c9fd5251b067531	reviewed	src/Gruntz/AreaMgr.cpp	56	static_cast-enum	QuestLevel	index	QuestLevel level = static_cast<QuestLevel>(index);	Reviewed individually: the producer retains a retail integer ABI or generic API contract, and the conversion occurs once where the receiving domain is proven.
1352c6e1ed026717	reviewed	src/Gruntz/AttractState.cpp	65	static_cast-enum	GameStateId	mode	if (static_cast<GameStateId>(mode) == GAMESTATE_PLAY) {	Reviewed individually: the producer retains a retail integer ABI or generic API contract, and the conversion occurs once where the receiving domain is proven.
2ba8a426ceecfeae	reviewed	src/Gruntz/AttractState.cpp	159	IDX	GruntzCommandId	CMD_RETURN_TO_MENU	owner()->ReportError(IDX(CMD_RETURN_TO_MENU), 0x3e8);	All occurrences were inspected: exits feed raw Win32/menu command IDs, ReportError, or the historically int CheatMgr registration API; the enum remains the source domain.
0e884e08c78cfa87	reviewed	src/Gruntz/AttractState.cpp	160	IDX	ErrorStringId	IDS_RESTORE_GAME	owner()->ReportError(IDX(IDS_RESTORE_GAME), 0x3e8);	Each occurrence uses a retail RT_STRING-backed ErrorStringId at the raw Win32 LoadString/ReportError boundary; former CMD_* aliases were replaced from decoded resource evidence.
3be421d559a37680	reviewed	src/Gruntz/AttractState.cpp	185	IDX	GruntzCommandId	CMD_MAIN_MENU	PostMessageA(owner()->m_gameWnd->m_hwnd, WM_COMMAND, IDX(CMD_MAIN_MENU), 0);	All occurrences were inspected: exits feed raw Win32/menu command IDs, ReportError, or the historically int CheatMgr registration API; the enum remains the source domain.
a48dac0e28ef48b4	reviewed	src/Gruntz/AttractState.cpp	228	IDX	GruntzCommandId	CMD_MAIN_MENU	PostMessageA(owner()->m_gameWnd->m_hwnd, WM_COMMAND, IDX(CMD_MAIN_MENU), 0);	All occurrences were inspected: exits feed raw Win32/menu command IDs, ReportError, or the historically int CheatMgr registration API; the enum remains the source domain.
8bcf6a4b8b7e8c38	reviewed	src/Gruntz/AttractState.cpp	235	IDX	GruntzCommandId	CMD_MAIN_MENU	PostMessageA(owner()->m_gameWnd->m_hwnd, WM_COMMAND, IDX(CMD_MAIN_MENU), 0);	All occurrences were inspected: exits feed raw Win32/menu command IDs, ReportError, or the historically int CheatMgr registration API; the enum remains the source domain.
7be732e371177045	reviewed	src/Gruntz/BattlezMapConfig.cpp	212	static_cast-enum	BattlezDifficulty	diff	switch (static_cast<BattlezDifficulty>(diff)) {	Reviewed individually: the producer retains a retail integer ABI or generic API contract, and the conversion occurs once where the receiving domain is proven.
e92ba95bb51d3c28	reviewed	src/Gruntz/BattlezMapConfig.cpp	2981	static_cast-enum	PickupType	value	unit->m_defenderPickupType = static_cast<PickupType>(value);	Reviewed individually: remaining entries are raw retail function parameters, loop/arithmetic results, wire payloads, generic notification storage, or per-logic views of shared WWD integer fields.
82e2886b6e61612c	fixed	src/Gruntz/BattlezMapConfig.cpp	3040	IDX	SpriteStateFlags	SPRITE_STATE_HIDDEN	&& (g->m_stateFlags & IDX(SPRITE_STATE_HIDDEN)) == 0) {	Typed CResolveNode::m_stateFlags as SpriteStateFlags and replaced raw bit arithmetic with domain operators/HAS; all former per-call exits disappeared.
a4b18b5e0bdb9281	reviewed	src/Gruntz/BattlezMapConfig.cpp	3043	static_cast-enum	PickupType	g->m_smarts	switch (static_cast<PickupType>(g->m_smarts)) {	Reviewed individually: remaining entries are raw retail function parameters, loop/arithmetic results, wire payloads, generic notification storage, or per-logic views of shared WWD integer fields.
c168eff471d1c40c	reviewed	src/Gruntz/BattlezMapConfig.cpp	3404	static_cast-enum	BrickTileId	r->m_actionCode	BrickTileId k = static_cast<BrickTileId>(r->m_actionCode);	Reviewed individually: these conversions are at raw file, network, UI, serialization, packed-storage, or historically integer-signature boundaries.
e6628d6f72c88dd4	reviewed	src/Gruntz/BattlezMapConfig.cpp	3572	static_cast-enum	BrickTileId	cell->m_actionCode	BrickTileId id = static_cast<BrickTileId>(cell->m_actionCode);	Reviewed individually: these conversions are at raw file, network, UI, serialization, packed-storage, or historically integer-signature boundaries.
3784a8b4af6a1041	reviewed	src/Gruntz/BattlezMapConfig.cpp	4878	IDX		m_ctx->m_options[m_ownerId].m_colorIndex	IDX(m_ctx->m_options[m_ownerId].m_colorIndex),	Audited individually: ColorTint exits feed sprite/shade factories, raw lobby slots, WWD fields, or player-indexed rendering APIs; accompanying category, level-area, owner, and custom-map exits are numeric loop/config/index boundaries.
f415ea9cda487b1c	reviewed	src/Gruntz/BootyStateActivate.cpp	251	IDX		category	for (i32 j = 0; j < IDX(category); j++) {	Audited individually: ColorTint exits feed sprite/shade factories, raw lobby slots, WWD fields, or player-indexed rendering APIs; accompanying category, level-area, owner, and custom-map exits are numeric loop/config/index boundaries.
eceeb90387db10b4	fixed	src/Gruntz/BootyStateActivate.cpp	308	IDX	SpriteStateFlags	SPRITE_STATE_HIDDEN	a->m_stateFlags |= IDX(SPRITE_STATE_HIDDEN);	Typed CResolveNode::m_stateFlags as SpriteStateFlags and replaced raw bit arithmetic with domain operators/HAS; all former per-call exits disappeared.
be0deb449cb95fbe	fixed	src/Gruntz/BootyStateActivate.cpp	311	IDX	SpriteStateFlags	SPRITE_STATE_HIDDEN	slot[k]->m_stateFlags &= ~IDX(SPRITE_STATE_HIDDEN);	Typed CResolveNode::m_stateFlags as SpriteStateFlags and replaced raw bit arithmetic with domain operators/HAS; all former per-call exits disappeared.
eaff31bc4568bac6	reviewed	src/Gruntz/BootyStateActivate.cpp	415	static_cast-enum	GruntDirection	i	switch (static_cast<GruntDirection>(i)) {	Reviewed individually: these are per-consumer views of generic WWD/animation/shared integer storage; the owner cannot be globally typed because the same slot carries other domains.
814c5136b3010ec2	reviewed	src/Gruntz/BootyStateActivate.cpp	449	static_cast-enum	GruntDirection	i	GenMenuRandPos(static_cast<GruntDirection>(i), &outX, &outY);	Reviewed individually: these are per-consumer views of generic WWD/animation/shared integer storage; the owner cannot be globally typed because the same slot carries other domains.
effd62ed65c293f0	fixed	src/Gruntz/BootyStateActivate.cpp	464	IDX	SpriteStateFlags	SPRITE_STATE_HIDDEN	e->m_stateFlags |= IDX(SPRITE_STATE_HIDDEN);	Typed CResolveNode::m_stateFlags as SpriteStateFlags and replaced raw bit arithmetic with domain operators/HAS; all former per-call exits disappeared.
6f090c22db8251e0	fixed	src/Gruntz/BootyStateActivate.cpp	474	IDX	SpriteStateFlags	SPRITE_STATE_HIDDEN	e->m_stateFlags |= IDX(SPRITE_STATE_HIDDEN);	Typed CResolveNode::m_stateFlags as SpriteStateFlags and replaced raw bit arithmetic with domain operators/HAS; all former per-call exits disappeared.
b412160f09947c9e	reviewed	src/Gruntz/BootyStateActivate.cpp	477	static_cast-enum	DirectionRingIndex	i	switch (static_cast<DirectionRingIndex>(i)) {	Reviewed individually: each conversion enters a domain from bounded loop, offset, random-choice, or range arithmetic; the arithmetic itself is intentionally integer-valued.
4529792f3d7d321c	reviewed	src/Gruntz/BootyStateActivate.cpp	626	IDX	GruntzCommandId	CMD_RETURN_TO_MENU	m_mgr->ReportError(IDX(CMD_RETURN_TO_MENU), 0x459);	All occurrences were inspected: exits feed raw Win32/menu command IDs, ReportError, or the historically int CheatMgr registration API; the enum remains the source domain.
e04b5840a3c15341	reviewed	src/Gruntz/BootyStateActivate.cpp	627	IDX	ErrorStringId	IDS_RESTORE_GAME	m_mgr->ReportError(IDX(IDS_RESTORE_GAME), 0x459);	Each occurrence uses a retail RT_STRING-backed ErrorStringId at the raw Win32 LoadString/ReportError boundary; former CMD_* aliases were replaced from decoded resource evidence.
b18b45e7bd0d38fc	reviewed	src/Gruntz/BootyStateActivate.cpp	717	IDX	QuestLevel	QUESTLEVEL_LAST	if (hud->m_count > IDX(QUESTLEVEL_LAST)) {	All occurrences were inspected: exits are level-number arithmetic, display/save counts, or raw menu API arguments; semantic storage and accessors remain typed.
afda23a06759486b	reviewed	src/Gruntz/BootyStateActivate.cpp	815	static_cast-enum	BootyStatRow	i	FormatHudText(&t2, static_cast<BootyStatRow>(i));	Reviewed individually: each conversion enters a domain from bounded loop, offset, random-choice, or range arithmetic; the arithmetic itself is intentionally integer-valued.
4b77609365f1735a	reviewed	src/Gruntz/BootyStateActivate.cpp	836	IDX	QuestLevel	QUESTLEVEL_LAST	if (rec->m_count > IDX(QUESTLEVEL_LAST)) {	All occurrences were inspected: exits are level-number arithmetic, display/save counts, or raw menu API arguments; semantic storage and accessors remain typed.
c7a000d50314abd2	reviewed	src/Gruntz/BootyStateActivate.cpp	888	IDX	GruntzCommandId	CMD_MAIN_MENU	PostMessageA(g_gameReg->m_gameWnd->m_hwnd, WM_COMMAND, IDX(CMD_MAIN_MENU), 0);	All occurrences were inspected: exits feed raw Win32/menu command IDs, ReportError, or the historically int CheatMgr registration API; the enum remains the source domain.
1be049abc5da2a5e	fixed	src/Gruntz/BootyStateActivate.cpp	903	IDX	SpriteStateFlags	SPRITE_STATE_HIDDEN	m_visSprites[p]->m_stateFlags |= IDX(SPRITE_STATE_HIDDEN);	Typed CResolveNode::m_stateFlags as SpriteStateFlags and replaced raw bit arithmetic with domain operators/HAS; all former per-call exits disappeared.
f69efa3cf0f1ba9b	fixed	src/Gruntz/BootyStateActivate.cpp	906	IDX	SpriteStateFlags	SPRITE_STATE_HIDDEN	m_animSprites[p]->m_stateFlags &= ~IDX(SPRITE_STATE_HIDDEN);	Typed CResolveNode::m_stateFlags as SpriteStateFlags and replaced raw bit arithmetic with domain operators/HAS; all former per-call exits disappeared.
5484ed8b34e7b170	reviewed	src/Gruntz/BootyStateActivate.cpp	913	static_cast-enum	WarpLetter	p	switch (static_cast<WarpLetter>(p)) {	Reviewed individually: each conversion enters a domain from bounded loop, offset, random-choice, or range arithmetic; the arithmetic itself is intentionally integer-valued.
f767726562f47dbf	fixed	src/Gruntz/BootyStateActivate.cpp	934	IDX	SpriteStateFlags	SPRITE_STATE_HIDDEN	m_trailSprites[k]->m_stateFlags &= ~IDX(SPRITE_STATE_HIDDEN);	Typed CResolveNode::m_stateFlags as SpriteStateFlags and replaced raw bit arithmetic with domain operators/HAS; all former per-call exits disappeared.
3d44909d65721bbb	reviewed	src/Gruntz/BootyStateActivate.cpp	951	IDX	QuestLevel	QUESTLEVEL_LAST	} else if (rec->m_allDone != 0 && rec->m_count < IDX(QUESTLEVEL_LAST)	All occurrences were inspected: exits are level-number arithmetic, display/save counts, or raw menu API arguments; semantic storage and accessors remain typed.
5937e29cd00fc2d7	reviewed	src/Gruntz/BootyStateActivate.cpp	976	IDX	QuestLevel	QUESTLEVEL_CAMPAIGN_LAST	if (rec2->m_count == IDX(QUESTLEVEL_CAMPAIGN_LAST)) {	All occurrences were inspected: exits are level-number arithmetic, display/save counts, or raw menu API arguments; semantic storage and accessors remain typed.
d26da4f0fa7fad6f	reviewed	src/Gruntz/BootyStateActivate.cpp	982	IDX	GruntzCommandId	CMD_SHOW_HELP	PostMessageA(g_gameReg->m_gameWnd->m_hwnd, WM_COMMAND, IDX(CMD_SHOW_HELP), 0);	All occurrences were inspected: exits feed raw Win32/menu command IDs, ReportError, or the historically int CheatMgr registration API; the enum remains the source domain.
b38a2277dde0169b	reviewed	src/Gruntz/BootyStateActivate.cpp	1053	IDX		g_gameReg->m_options[i].m_colorIndex	g_gameReg->m_spriteFactory->GetSel(IDX(g_gameReg->m_options[i].m_colorIndex), 0);	Audited individually: ColorTint exits feed sprite/shade factories, raw lobby slots, WWD fields, or player-indexed rendering APIs; accompanying category, level-area, owner, and custom-map exits are numeric loop/config/index boundaries.
8d2625746e79cf61	fixed	src/Gruntz/BootyStateActivate.cpp	1071	IDX	SpriteStateFlags	SPRITE_STATE_HIDDEN	m_puddleSprites[i]->m_stateFlags |= IDX(SPRITE_STATE_HIDDEN);	Typed CResolveNode::m_stateFlags as SpriteStateFlags and replaced raw bit arithmetic with domain operators/HAS; all former per-call exits disappeared.
62140d3e02d063a3	fixed	src/Gruntz/BootyStateActivate.cpp	1099	IDX	SpriteStateFlags	SPRITE_STATE_HIDDEN	m_gruntSprites[i]->m_stateFlags |= IDX(SPRITE_STATE_HIDDEN);	Typed CResolveNode::m_stateFlags as SpriteStateFlags and replaced raw bit arithmetic with domain operators/HAS; all former per-call exits disappeared.
4b8d6b54cf7c7edd	fixed	src/Gruntz/BootyStateActivate.cpp	1126	IDX	SpriteStateFlags	SPRITE_STATE_HIDDEN	m_weaponIcons[i]->m_stateFlags |= IDX(SPRITE_STATE_HIDDEN);	Typed CResolveNode::m_stateFlags as SpriteStateFlags and replaced raw bit arithmetic with domain operators/HAS; all former per-call exits disappeared.
f3b8f5677f613ff7	fixed	src/Gruntz/BootyStateActivate.cpp	1158	IDX	SpriteStateFlags	SPRITE_STATE_HIDDEN	m_toyIcons[i]->m_stateFlags |= IDX(SPRITE_STATE_HIDDEN);	Typed CResolveNode::m_stateFlags as SpriteStateFlags and replaced raw bit arithmetic with domain operators/HAS; all former per-call exits disappeared.
11acaaafd0e05d86	fixed	src/Gruntz/BootyStateActivate.cpp	1185	IDX	SpriteStateFlags	SPRITE_STATE_HIDDEN	m_powerupIcons[i]->m_stateFlags |= IDX(SPRITE_STATE_HIDDEN);	Typed CResolveNode::m_stateFlags as SpriteStateFlags and replaced raw bit arithmetic with domain operators/HAS; all former per-call exits disappeared.
35decf987802b1a6	fixed	src/Gruntz/BootyStateActivate.cpp	1212	IDX	SpriteStateFlags	SPRITE_STATE_HIDDEN	m_miscIcons[i]->m_stateFlags |= IDX(SPRITE_STATE_HIDDEN);	Typed CResolveNode::m_stateFlags as SpriteStateFlags and replaced raw bit arithmetic with domain operators/HAS; all former per-call exits disappeared.
89c1bd1f2ff66667	fixed	src/Gruntz/BootyStateActivate.cpp	1217	IDX	SpriteStateFlags	SPRITE_STATE_HIDDEN	m_puddleSprites[i]->m_stateFlags &= ~IDX(SPRITE_STATE_HIDDEN);	Typed CResolveNode::m_stateFlags as SpriteStateFlags and replaced raw bit arithmetic with domain operators/HAS; all former per-call exits disappeared.
6607a2f4d2b919d1	fixed	src/Gruntz/BootyStateActivate.cpp	1220	IDX	SpriteStateFlags	SPRITE_STATE_HIDDEN	m_gruntSprites[i]->m_stateFlags &= ~IDX(SPRITE_STATE_HIDDEN);	Typed CResolveNode::m_stateFlags as SpriteStateFlags and replaced raw bit arithmetic with domain operators/HAS; all former per-call exits disappeared.
3881e8c629291286	fixed	src/Gruntz/BootyStateActivate.cpp	1223	IDX	SpriteStateFlags	SPRITE_STATE_HIDDEN	m_weaponIcons[i]->m_stateFlags &= ~IDX(SPRITE_STATE_HIDDEN);	Typed CResolveNode::m_stateFlags as SpriteStateFlags and replaced raw bit arithmetic with domain operators/HAS; all former per-call exits disappeared.
a34ca2a2be3fd0ab	fixed	src/Gruntz/BootyStateActivate.cpp	1226	IDX	SpriteStateFlags	SPRITE_STATE_HIDDEN	m_toyIcons[i]->m_stateFlags &= ~IDX(SPRITE_STATE_HIDDEN);	Typed CResolveNode::m_stateFlags as SpriteStateFlags and replaced raw bit arithmetic with domain operators/HAS; all former per-call exits disappeared.
bd2f7eb5f044156f	fixed	src/Gruntz/BootyStateActivate.cpp	1229	IDX	SpriteStateFlags	SPRITE_STATE_HIDDEN	m_powerupIcons[i]->m_stateFlags &= ~IDX(SPRITE_STATE_HIDDEN);	Typed CResolveNode::m_stateFlags as SpriteStateFlags and replaced raw bit arithmetic with domain operators/HAS; all former per-call exits disappeared.
0e9e441813d916e7	fixed	src/Gruntz/BootyStateActivate.cpp	1232	IDX	SpriteStateFlags	SPRITE_STATE_HIDDEN	m_miscIcons[i]->m_stateFlags &= ~IDX(SPRITE_STATE_HIDDEN);	Typed CResolveNode::m_stateFlags as SpriteStateFlags and replaced raw bit arithmetic with domain operators/HAS; all former per-call exits disappeared.
b4f8479560af1c3d	reviewed	src/Gruntz/BootyStateActivate.cpp	1240	IDX		pl->m_colorIndex	CShadeTable* tint = g_gameReg->m_spriteFactory->GetSel(IDX(pl->m_colorIndex), 0);	Audited individually: ColorTint exits feed sprite/shade factories, raw lobby slots, WWD fields, or player-indexed rendering APIs; accompanying category, level-area, owner, and custom-map exits are numeric loop/config/index boundaries.
9719ee3497a604d1	fixed	src/Gruntz/BootyStateActivate.cpp	1259	IDX	SpriteStateFlags	SPRITE_STATE_HIDDEN	m_tabSprites[t]->m_stateFlags |= IDX(SPRITE_STATE_HIDDEN);	Typed CResolveNode::m_stateFlags as SpriteStateFlags and replaced raw bit arithmetic with domain operators/HAS; all former per-call exits disappeared.
b43f54ca5574c4b0	fixed	src/Gruntz/BootyStateActivate.cpp	1274	IDX	SpriteStateFlags	SPRITE_STATE_HIDDEN	m_flagSprites[t]->m_stateFlags |= IDX(SPRITE_STATE_HIDDEN);	Typed CResolveNode::m_stateFlags as SpriteStateFlags and replaced raw bit arithmetic with domain operators/HAS; all former per-call exits disappeared.
4657dad4fa28e4d7	fixed	src/Gruntz/BootyStateActivate.cpp	1294	IDX	SpriteStateFlags	SPRITE_STATE_HIDDEN	m_tabSprites[t]->m_stateFlags &= ~IDX(SPRITE_STATE_HIDDEN);	Typed CResolveNode::m_stateFlags as SpriteStateFlags and replaced raw bit arithmetic with domain operators/HAS; all former per-call exits disappeared.
88c498f25e253953	reviewed	src/Gruntz/BootyStateActivate.cpp	1300	IDX		g_gameReg->m_options[QueryGruntSlots()].m_colorIndex	IDX(g_gameReg->m_options[QueryGruntSlots()].m_colorIndex),	Audited individually: ColorTint exits feed sprite/shade factories, raw lobby slots, WWD fields, or player-indexed rendering APIs; accompanying category, level-area, owner, and custom-map exits are numeric loop/config/index boundaries.
479eae9b40846217	fixed	src/Gruntz/BootyStateActivate.cpp	1318	IDX	SpriteStateFlags	SPRITE_STATE_HIDDEN	m_fortSprite->m_stateFlags |= IDX(SPRITE_STATE_HIDDEN);	Typed CResolveNode::m_stateFlags as SpriteStateFlags and replaced raw bit arithmetic with domain operators/HAS; all former per-call exits disappeared.
24cfc068d1d21516	fixed	src/Gruntz/BootyStateActivate.cpp	1321	IDX	SpriteStateFlags	SPRITE_STATE_HIDDEN	m_fortSprite->m_stateFlags &= ~IDX(SPRITE_STATE_HIDDEN);	Typed CResolveNode::m_stateFlags as SpriteStateFlags and replaced raw bit arithmetic with domain operators/HAS; all former per-call exits disappeared.
f0c2db8aaf8edd7d	fixed	src/Gruntz/BootyStateActivate.cpp	1346	IDX	SpriteStateFlags	SPRITE_STATE_HIDDEN	m_warlordBooty->m_stateFlags |= IDX(SPRITE_STATE_HIDDEN);	Typed CResolveNode::m_stateFlags as SpriteStateFlags and replaced raw bit arithmetic with domain operators/HAS; all former per-call exits disappeared.
5956b83dedb6d0c2	fixed	src/Gruntz/BootyStateActivate.cpp	1353	IDX	SpriteStateFlags	SPRITE_STATE_HIDDEN	m_warlordBooty->m_stateFlags &= ~IDX(SPRITE_STATE_HIDDEN);	Typed CResolveNode::m_stateFlags as SpriteStateFlags and replaced raw bit arithmetic with domain operators/HAS; all former per-call exits disappeared.
3b48d489f7e55044	fixed	src/Gruntz/BootyStateActivate.cpp	1373	IDX	SpriteStateFlags	SPRITE_STATE_HIDDEN	m_flagSprites[c]->m_stateFlags &= ~IDX(SPRITE_STATE_HIDDEN);	Typed CResolveNode::m_stateFlags as SpriteStateFlags and replaced raw bit arithmetic with domain operators/HAS; all former per-call exits disappeared.
88dc150b8f212040	reviewed	src/Gruntz/BootyStateActivate.cpp	1501	IDX	BattleStatRow	BATTLEROW_LAST	for (c = 0; c <= IDX(BATTLEROW_LAST); c++) {	BATTLEROW_LAST supplies the inclusive bound for an integer array-index loop.
501269061b541ef5	reviewed	src/Gruntz/BootyStateActivate.cpp	1502	static_cast-enum	BattleStatRow	c	BattleStatRow row = static_cast<BattleStatRow>(c);	Reviewed individually: each conversion enters a domain from bounded loop, offset, random-choice, or range arithmetic; the arithmetic itself is intentionally integer-valued.
b1603fd6f3fe8714	reviewed	src/Gruntz/BootyStateActivate.cpp	1614	IDX	GruntzCommandId	CMD_RETURN_TO_MENU	m_mgr->ReportError(IDX(CMD_RETURN_TO_MENU), 0x459);	All occurrences were inspected: exits feed raw Win32/menu command IDs, ReportError, or the historically int CheatMgr registration API; the enum remains the source domain.
3c6f9f9531259bd2	reviewed	src/Gruntz/BootyStateActivate.cpp	1615	IDX	ErrorStringId	IDS_RESTORE_GAME	m_mgr->ReportError(IDX(IDS_RESTORE_GAME), 0x459);	Each occurrence uses a retail RT_STRING-backed ErrorStringId at the raw Win32 LoadString/ReportError boundary; former CMD_* aliases were replaced from decoded resource evidence.
8aa03ac44b0366f4	reviewed	src/Gruntz/BootyStateActivate.cpp	1709	IDX	GruntzCommandId	CMD_MAIN_MENU	PostMessageA(g_gameReg->m_gameWnd->m_hwnd, WM_COMMAND, IDX(CMD_MAIN_MENU), 0);	All occurrences were inspected: exits feed raw Win32/menu command IDs, ReportError, or the historically int CheatMgr registration API; the enum remains the source domain.
92dbfaee1980e3f5	reviewed	src/Gruntz/BootyWalkAnim.cpp	49	IDX	QuestLevel	QUESTLEVEL_LAST	if (g_gameReg->m_scoreHud->m_count > IDX(QUESTLEVEL_LAST)) {	All occurrences were inspected: exits are level-number arithmetic, display/save counts, or raw menu API arguments; semantic storage and accessors remain typed.
8ed42b6371387bf1	fixed	src/Gruntz/BootyWalkAnim.cpp	64	IDX	SpriteStateFlags	SPRITE_STATE_HIDDEN	m_animSprites[i]->m_stateFlags |= IDX(SPRITE_STATE_HIDDEN);	Typed CResolveNode::m_stateFlags as SpriteStateFlags and replaced raw bit arithmetic with domain operators/HAS; all former per-call exits disappeared.
01b319c509e9cfa3	fixed	src/Gruntz/BootyWalkAnim.cpp	105	IDX	SpriteStateFlags	SPRITE_STATE_HIDDEN	m_visSprites[i]->m_stateFlags |= IDX(SPRITE_STATE_HIDDEN);	Typed CResolveNode::m_stateFlags as SpriteStateFlags and replaced raw bit arithmetic with domain operators/HAS; all former per-call exits disappeared.
43fa4ac62b1c6438	fixed	src/Gruntz/BootyWalkAnim.cpp	108	IDX	SpriteStateFlags	SPRITE_STATE_HIDDEN	m_animSprites[i]->m_stateFlags &= ~IDX(SPRITE_STATE_HIDDEN);	Typed CResolveNode::m_stateFlags as SpriteStateFlags and replaced raw bit arithmetic with domain operators/HAS; all former per-call exits disappeared.
ddfad1a8e7d94efb	reviewed	src/Gruntz/BootyWalkAnim.cpp	114	static_cast-enum	WarpLetter	i	switch (static_cast<WarpLetter>(i)) {	Reviewed individually: each conversion enters a domain from bounded loop, offset, random-choice, or range arithmetic; the arithmetic itself is intentionally integer-valued.
dd25539c51704e8b	fixed	src/Gruntz/BootyWalkAnim.cpp	134	IDX	SpriteStateFlags	SPRITE_STATE_HIDDEN	m_visSprites[i]->m_stateFlags &= ~IDX(SPRITE_STATE_HIDDEN);	Typed CResolveNode::m_stateFlags as SpriteStateFlags and replaced raw bit arithmetic with domain operators/HAS; all former per-call exits disappeared.
7ea47c6eea85955c	fixed	src/Gruntz/BootyWalkAnim.cpp	135	IDX	SpriteStateFlags	SPRITE_STATE_HIDDEN	m_animSprites[i]->m_stateFlags |= IDX(SPRITE_STATE_HIDDEN);	Typed CResolveNode::m_stateFlags as SpriteStateFlags and replaced raw bit arithmetic with domain operators/HAS; all former per-call exits disappeared.
c8e7a426d52baea8	fixed	src/Gruntz/BootyWalkAnim.cpp	148	IDX	SpriteStateFlags	SPRITE_STATE_HIDDEN	if (m_stepIndex == 0 && (m_animSprites[0]->m_stateFlags & IDX(SPRITE_STATE_HIDDEN))) {	Typed CResolveNode::m_stateFlags as SpriteStateFlags and replaced raw bit arithmetic with domain operators/HAS; all former per-call exits disappeared.
e87f9024414a593b	fixed	src/Gruntz/BootyWalkAnim.cpp	149	IDX	SpriteStateFlags	SPRITE_STATE_HIDDEN	m_animSprites[0]->m_stateFlags &= ~IDX(SPRITE_STATE_HIDDEN);	Typed CResolveNode::m_stateFlags as SpriteStateFlags and replaced raw bit arithmetic with domain operators/HAS; all former per-call exits disappeared.
91f29e591e414d55	fixed	src/Gruntz/BootyWalkAnim.cpp	178	IDX	SpriteStateFlags	SPRITE_STATE_HIDDEN	m_visSprites[m_stepIndex]->m_stateFlags |= IDX(SPRITE_STATE_HIDDEN);	Typed CResolveNode::m_stateFlags as SpriteStateFlags and replaced raw bit arithmetic with domain operators/HAS; all former per-call exits disappeared.
45ab6d7d4163368f	reviewed	src/Gruntz/BootyWalkAnim.cpp	185	static_cast-enum	WarpLetter	m_stepIndex	switch (static_cast<WarpLetter>(m_stepIndex)) {	Reviewed individually: each conversion enters a domain from bounded loop, offset, random-choice, or range arithmetic; the arithmetic itself is intentionally integer-valued.
3fb7021f80569bd9	fixed	src/Gruntz/BootyWalkAnim.cpp	220	IDX	SpriteStateFlags	SPRITE_STATE_HIDDEN	m_visSprites[m_stepIndex]->m_stateFlags |= IDX(SPRITE_STATE_HIDDEN);	Typed CResolveNode::m_stateFlags as SpriteStateFlags and replaced raw bit arithmetic with domain operators/HAS; all former per-call exits disappeared.
068e7b3aff4d3b08	fixed	src/Gruntz/BootyWalkAnim.cpp	245	IDX	SpriteStateFlags	SPRITE_STATE_HIDDEN	m_visSprites[m_stepIndex]->m_stateFlags |= IDX(SPRITE_STATE_HIDDEN);	Typed CResolveNode::m_stateFlags as SpriteStateFlags and replaced raw bit arithmetic with domain operators/HAS; all former per-call exits disappeared.
870d9fbac679bc9a	fixed	src/Gruntz/BootyWalkAnim.cpp	253	IDX	SpriteStateFlags	SPRITE_STATE_HIDDEN	m_animSprites[m_stepIndex]->m_stateFlags &= ~IDX(SPRITE_STATE_HIDDEN);	Typed CResolveNode::m_stateFlags as SpriteStateFlags and replaced raw bit arithmetic with domain operators/HAS; all former per-call exits disappeared.
d3026417bf56f418	fixed	src/Gruntz/BootyWalkAnim.cpp	272	IDX	SpriteStateFlags	SPRITE_STATE_HIDDEN	m_animSprites[m_stepIndex]->m_stateFlags &= ~IDX(SPRITE_STATE_HIDDEN);	Typed CResolveNode::m_stateFlags as SpriteStateFlags and replaced raw bit arithmetic with domain operators/HAS; all former per-call exits disappeared.
5acf936ab2b69583	reviewed	src/Gruntz/BrickzCellFlags.cpp	113	IDX	MapCellFlags	CELL_FLAG_REVEALED_POWERUP | CELL_FLAG_SPECIAL	cell->m_flags = IDX(CELL_FLAG_REVEALED_POWERUP | CELL_FLAG_SPECIAL);	The grid flag word contains additional unmodeled retail bits; these exits preserve the known partial flag domain at raw cell-word boundaries.
57568abe708f598c	reviewed	src/Gruntz/BrickzLoad.cpp	123	static_cast-enum	BridgeTileId	tileId	BridgeTileId bridgeTile = static_cast<BridgeTileId>(tileId);	Raw tile IDs enter the bridge domain after the loader has selected the bridge record shape; the loader signature remains the retail integer ABI.
6af98969a7d41071	reviewed	src/Gruntz/BrickzLoad.cpp	125	IDX	BridgeTileId	BRIDGETILE_WATER_UP	tileId = IDX(BRIDGETILE_WATER_UP);	All occurrences cross into raw tile-grid cell values or SetCell/ComputeCellFlags APIs.
f8b8753bb2b59105	reviewed	src/Gruntz/BrickzLoad.cpp	126	IDX	BridgeTileId	BRIDGETILE_WATER_UP	grid->m_tileGrid[grid->m_colOffsets[col] + row] = IDX(BRIDGETILE_WATER_UP);	All occurrences cross into raw tile-grid cell values or SetCell/ComputeCellFlags APIs.
5e4691bb23e42d7b	reviewed	src/Gruntz/BrickzLoad.cpp	128	IDX	BridgeTileId	BRIDGETILE_DEATH_UP	tileId = IDX(BRIDGETILE_DEATH_UP);	All occurrences cross into raw tile-grid cell values or SetCell/ComputeCellFlags APIs.
b9e5c14c36c8b249	reviewed	src/Gruntz/BrickzLoad.cpp	129	IDX	BridgeTileId	BRIDGETILE_DEATH_UP	grid->m_tileGrid[grid->m_colOffsets[col] + row] = IDX(BRIDGETILE_DEATH_UP);	All occurrences cross into raw tile-grid cell values or SetCell/ComputeCellFlags APIs.
5aaa37aad7b2c3fe	reviewed	src/Gruntz/BrickzLoad.cpp	134	static_cast-enum	BrickTileId	tileId	switch (static_cast<BrickTileId>(tileId)) {	Reviewed individually: these conversions are at raw file, network, UI, serialization, packed-storage, or historically integer-signature boundaries.
c017b901b2e3dcd1	reviewed	src/Gruntz/BrickzLoad.cpp	140	IDX		PickA(total, t1, t2, t3, t4)	tileId = IDX(PickA(total, t1, t2, t3, t4));	Audited individually: BrickTileId, TileCollisionKind, PlayerSlot, trigger kind, pickup, and tint values cross raw tile-grid cells, collision-return ABIs, cell-flag APIs, or packed WWD ownership fields.
ef96c9a923f91200	reviewed	src/Gruntz/BrickzLoad.cpp	151	IDX		PickB(total, t1, t2, t3, t4)	tileId = IDX(PickB(total, t1, t2, t3, t4));	Audited individually: BrickTileId, TileCollisionKind, PlayerSlot, trigger kind, pickup, and tint values cross raw tile-grid cells, collision-return ABIs, cell-flag APIs, or packed WWD ownership fields.
5f72212d4eabf557	reviewed	src/Gruntz/BrickzLoad.cpp	166	IDX		PickC(total, t1, t2, t3, t4)	tileId = IDX(PickC(total, t1, t2, t3, t4));	Audited individually: BrickTileId, TileCollisionKind, PlayerSlot, trigger kind, pickup, and tint values cross raw tile-grid cells, collision-return ABIs, cell-flag APIs, or packed WWD ownership fields.
6ad7a9c87b0b59d0	reviewed	src/Gruntz/BzKindDispatch.cpp	9	static_cast-enum	NetConnectionType	mode	NetConnectionType connectionType = static_cast<NetConnectionType>(mode);	Reviewed individually: these conversions are at raw file, network, UI, serialization, packed-storage, or historically integer-signature boundaries.
81c1a5718a05a345	reviewed	src/Gruntz/CheatMgr.cpp	122	IDX	GruntzCommandId	CHEAT_FRAME_RATE_DISPLAY	AddCheat(s_cheat_20c920, IDX(CHEAT_FRAME_RATE_DISPLAY), 1);	All occurrences were inspected: exits feed raw Win32/menu command IDs, ReportError, or the historically int CheatMgr registration API; the enum remains the source domain.
9d88f4f34765d8bb	reviewed	src/Gruntz/CheatMgr.cpp	123	IDX	GruntzCommandId	CHEAT_WORLD_POSITION_DISPLAY	AddCheat(s_cheat_20c918, IDX(CHEAT_WORLD_POSITION_DISPLAY), 1);	All occurrences were inspected: exits feed raw Win32/menu command IDs, ReportError, or the historically int CheatMgr registration API; the enum remains the source domain.
bf7d139fc0543c20	reviewed	src/Gruntz/CheatMgr.cpp	124	IDX	GruntzCommandId	CHEAT_OBJECT_COUNT_DISPLAY	AddCheat(s_cheat_20c90c, IDX(CHEAT_OBJECT_COUNT_DISPLAY), 1);	All occurrences were inspected: exits feed raw Win32/menu command IDs, ReportError, or the historically int CheatMgr registration API; the enum remains the source domain.
3400893b6f3e5f5d	reviewed	src/Gruntz/CheatMgr.cpp	125	IDX	GruntzCommandId	CHEAT_DEBUG_FLAG20	AddCheat(s_cheat_20c900, IDX(CHEAT_DEBUG_FLAG20), 1);	All occurrences were inspected: exits feed raw Win32/menu command IDs, ReportError, or the historically int CheatMgr registration API; the enum remains the source domain.
6cf08c055eee2ebe	reviewed	src/Gruntz/CheatMgr.cpp	126	IDX	GruntzCommandId	CHEAT_ELAPSED_TIME_DISPLAY	AddCheat(s_cheat_20c8f0, IDX(CHEAT_ELAPSED_TIME_DISPLAY), 1);	All occurrences were inspected: exits feed raw Win32/menu command IDs, ReportError, or the historically int CheatMgr registration API; the enum remains the source domain.
938bffbbc54a5484	reviewed	src/Gruntz/CheatMgr.cpp	127	IDX	GruntzCommandId	CHEAT_KEVIN_LAMBERT	AddCheat(s_cheat_20c8e0, IDX(CHEAT_KEVIN_LAMBERT), 1);	All occurrences were inspected: exits feed raw Win32/menu command IDs, ReportError, or the historically int CheatMgr registration API; the enum remains the source domain.
5f660823434f66d2	reviewed	src/Gruntz/CheatMgr.cpp	128	IDX	GruntzCommandId	CHEAT_KEVIN_LAMBERT_ALT	AddCheat(s_cheat_20c8d4, IDX(CHEAT_KEVIN_LAMBERT_ALT), 1);	All occurrences were inspected: exits feed raw Win32/menu command IDs, ReportError, or the historically int CheatMgr registration API; the enum remains the source domain.
1e74db31cf61abe6	reviewed	src/Gruntz/CheatMgr.cpp	129	IDX	GruntzCommandId	CHEAT_KEVIN_LAMBERT_ALT	AddCheat(s_cheat_20c8c4, IDX(CHEAT_KEVIN_LAMBERT_ALT), 1);	All occurrences were inspected: exits feed raw Win32/menu command IDs, ReportError, or the historically int CheatMgr registration API; the enum remains the source domain.
0d29cad5dc95b548	reviewed	src/Gruntz/CheatMgr.cpp	130	IDX	GruntzCommandId	CHEAT_PROGRAMMING_GOD	AddCheat(s_cheat_20c8b8, IDX(CHEAT_PROGRAMMING_GOD), 1);	All occurrences were inspected: exits feed raw Win32/menu command IDs, ReportError, or the historically int CheatMgr registration API; the enum remains the source domain.
978785818f6fc500	reviewed	src/Gruntz/CheatMgr.cpp	131	IDX	GruntzCommandId	CHEAT_PROGRAMMING_GOD	AddCheat(s_cheat_20c8ac, IDX(CHEAT_PROGRAMMING_GOD), 1);	All occurrences were inspected: exits feed raw Win32/menu command IDs, ReportError, or the historically int CheatMgr registration API; the enum remains the source domain.
a03722c858cc6df4	reviewed	src/Gruntz/CheatMgr.cpp	132	IDX	GruntzCommandId	CHEAT_KEVIN_LAMBERT_ALT	AddCheat(s_cheat_20c8a4, IDX(CHEAT_KEVIN_LAMBERT_ALT), 1);	All occurrences were inspected: exits feed raw Win32/menu command IDs, ReportError, or the historically int CheatMgr registration API; the enum remains the source domain.
3d6507bd20134819	reviewed	src/Gruntz/CheatMgr.cpp	133	IDX	GruntzCommandId	CHEAT_MONOLITH	AddCheat(s_cheat_20c89c, IDX(CHEAT_MONOLITH), 1);	All occurrences were inspected: exits feed raw Win32/menu command IDs, ReportError, or the historically int CheatMgr registration API; the enum remains the source domain.
77ec8eb84c4be735	reviewed	src/Gruntz/CheatMgr.cpp	134	IDX	GruntzCommandId	CHEAT_MONOLITH	AddCheat(s_cheat_20c894, IDX(CHEAT_MONOLITH), 1);	All occurrences were inspected: exits feed raw Win32/menu command IDs, ReportError, or the historically int CheatMgr registration API; the enum remains the source domain.
1df7ecd727146e89	reviewed	src/Gruntz/CheatMgr.cpp	135	IDX	GruntzCommandId	CHEAT_MONOLITH	AddCheat(s_cheat_20c884, IDX(CHEAT_MONOLITH), 1);	All occurrences were inspected: exits feed raw Win32/menu command IDs, ReportError, or the historically int CheatMgr registration API; the enum remains the source domain.
7543d02ef91acfd9	reviewed	src/Gruntz/CheatMgr.cpp	136	IDX	GruntzCommandId	CHEAT_MONOLITH	AddCheat(s_cheat_20c878, IDX(CHEAT_MONOLITH), 1);	All occurrences were inspected: exits feed raw Win32/menu command IDs, ReportError, or the historically int CheatMgr registration API; the enum remains the source domain.
a8998856ec526d88	reviewed	src/Gruntz/CheatMgr.cpp	137	IDX	GruntzCommandId	CHEAT_NO_OP	AddCheat(s_cheat_20c868, IDX(CHEAT_NO_OP), 1);	All occurrences were inspected: exits feed raw Win32/menu command IDs, ReportError, or the historically int CheatMgr registration API; the enum remains the source domain.
9de9bc5b4767b4e6	reviewed	src/Gruntz/CheatMgr.cpp	138	IDX	GruntzCommandId	CHEAT_DEBUG_FLAG400	AddCheat(s_cheat_20c85c, IDX(CHEAT_DEBUG_FLAG400), 1);	All occurrences were inspected: exits feed raw Win32/menu command IDs, ReportError, or the historically int CheatMgr registration API; the enum remains the source domain.
e95b48e79d3e51df	reviewed	src/Gruntz/CheatMgr.cpp	140	IDX	GruntzCommandId	CHEAT_WAWA	AddCheat(s_cheat_20c838, IDX(CHEAT_WAWA), 1);	All occurrences were inspected: exits feed raw Win32/menu command IDs, ReportError, or the historically int CheatMgr registration API; the enum remains the source domain.
07ae947f330e7238	fixed	src/Gruntz/CreditsState.cpp	89	static_cast-enum	RezTypeTag	0x584d49	"CParseSource* e = midiz->Insert(""PLAY"", static_cast<RezTypeTag>(0x584d49));"	Removed an unnecessary conversion by typing the owner, using an existing named value, or introducing an evidence-backed domain constant.
17ffd4ec05074911	fixed	src/Gruntz/CreditsState.cpp	99	static_cast-enum	RezTypeTag	0x584d49	"CParseSource* e2 = midiz->Insert(""MONOLITH"", static_cast<RezTypeTag>(0x584d49));"	Removed an unnecessary conversion by typing the owner, using an existing named value, or introducing an evidence-backed domain constant.
65439451005c1c24	reviewed	src/Gruntz/CreditsState.cpp	166	IDX	GruntzCommandId	CMD_RETURN_TO_MENU	Owner(this)->ReportError(IDX(CMD_RETURN_TO_MENU), 0xfa0);	All occurrences were inspected: exits feed raw Win32/menu command IDs, ReportError, or the historically int CheatMgr registration API; the enum remains the source domain.
a61ae034abe2ecd2	reviewed	src/Gruntz/CreditsState.cpp	167	IDX	ErrorStringId	IDS_RESTORE_GAME	Owner(this)->ReportError(IDX(IDS_RESTORE_GAME), 0xfa0);	Each occurrence uses a retail RT_STRING-backed ErrorStringId at the raw Win32 LoadString/ReportError boundary; former CMD_* aliases were replaced from decoded resource evidence.
1784ad3ea36288c2	reviewed	src/Gruntz/CreditsState.cpp	190	IDX	GruntzCommandId	CMD_ATTRACT	u32 wp = IDX(CMD_ATTRACT);	All occurrences were inspected: exits feed raw Win32/menu command IDs, ReportError, or the historically int CheatMgr registration API; the enum remains the source domain.
3c371934952024cd	reviewed	src/Gruntz/CreditsState.cpp	192	IDX	GruntzCommandId	CMD_MAIN_MENU	wp = IDX(CMD_MAIN_MENU);	All occurrences were inspected: exits feed raw Win32/menu command IDs, ReportError, or the historically int CheatMgr registration API; the enum remains the source domain.
6fb53bb6b15ebfba	reviewed	src/Gruntz/CreditsState.cpp	252	IDX	GruntzCommandId	CMD_MAIN_MENU	PostMessageA(Owner(this)->m_gameWnd->m_hwnd, WM_COMMAND, IDX(CMD_MAIN_MENU), 0);	All occurrences were inspected: exits feed raw Win32/menu command IDs, ReportError, or the historically int CheatMgr registration API; the enum remains the source domain.
b2c2c6d3f1844fae	reviewed	src/Gruntz/CreditsState.cpp	254	IDX	GruntzCommandId	CMD_ATTRACT	PostMessageA(Owner(this)->m_gameWnd->m_hwnd, WM_COMMAND, IDX(CMD_ATTRACT), 0);	All occurrences were inspected: exits feed raw Win32/menu command IDs, ReportError, or the historically int CheatMgr registration API; the enum remains the source domain.
c675ef015c11c887	fixed	src/Gruntz/CreditsState.cpp	386	static_cast-enum	RezTypeTag	'TXT'	"CParseSource* sect = SymTab2c()->Insert(""CREDITZ"", static_cast<RezTypeTag>('TXT'));"	Removed an unnecessary conversion by typing the owner, using an existing named value, or introducing an evidence-backed domain constant.
64d4d938b12f4b3c	fixed	src/Gruntz/CursorSnapSprite.cpp	36	static_cast-enum	AnimWorkerAct	rec->ActKey()	AnimWorkerAct act = static_cast<AnimWorkerAct>(rec->ActKey());	Centralized worker-event interpretation in AnimWorkerObj typed accessors.
e120922dc58a5520	fixed	src/Gruntz/CursorSnapSprite.cpp	39	IDX	AnimWorkerAct	ACT_LIVE	rec->SetActKey(IDX(ACT_LIVE));	Centralized worker-event interpretation in AnimWorkerObj typed accessors.
d61fadfca623808e	fixed	src/Gruntz/CursorSnapSprite.cpp	81	IDX	SpriteStateFlags	SPRITE_STATE_HIDDEN	m_wwdObject->m_stateFlags |= IDX(SPRITE_STATE_HIDDEN);	Typed CResolveNode::m_stateFlags as SpriteStateFlags and replaced raw bit arithmetic with domain operators/HAS; all former per-call exits disappeared.
a55e7ccd1324bad3	reviewed	src/Gruntz/Demo.cpp	73	IDX	GruntzCommandId	CMD_ATTRACT	PostMessageA(m_mgr->m_gameWnd->m_hwnd, WM_COMMAND, IDX(CMD_ATTRACT), 0);	All occurrences were inspected: exits feed raw Win32/menu command IDs, ReportError, or the historically int CheatMgr registration API; the enum remains the source domain.
33f6fd7efc99bfc1	reviewed	src/Gruntz/Demo.cpp	110	IDX	GruntzCommandId	CMD_MAIN_MENU	PostMessageA(m_mgr->m_gameWnd->m_hwnd, WM_COMMAND, IDX(CMD_MAIN_MENU), 0);	All occurrences were inspected: exits feed raw Win32/menu command IDs, ReportError, or the historically int CheatMgr registration API; the enum remains the source domain.
5188b90654417271	reviewed	src/Gruntz/Demo.cpp	120	IDX	GruntzCommandId	CMD_ATTRACT	PostMessageA(m_mgr->m_gameWnd->m_hwnd, WM_COMMAND, IDX(CMD_ATTRACT), 0);	All occurrences were inspected: exits feed raw Win32/menu command IDs, ReportError, or the historically int CheatMgr registration API; the enum remains the source domain.
4ab09e967aa71d18	reviewed	src/Gruntz/Demo.cpp	129	static_cast-enum	DemoMoverState	st->ActKey()	switch (static_cast<DemoMoverState>(st->ActKey())) {	Reviewed individually: these are per-consumer views of generic WWD/animation/shared integer storage; the owner cannot be globally typed because the same slot carries other domains.
5f3018ec49895de6	reviewed	src/Gruntz/Demo.cpp	171	IDX	DemoMoverState	DEMO_MOVER_CHOOSE_TARGET	st->m_actKey = IDX(DEMO_MOVER_CHOOSE_TARGET);	AnimWorkerObj::m_actKey is generic shared storage used by multiple worker state domains; these are explicit DemoMoverState exits at that seam.
199a8c583c91b057	reviewed	src/Gruntz/Demo.cpp	181	IDX	DemoMoverState	DEMO_MOVER_SCROLL_TO_TARGET	st->SetActKey(IDX(DEMO_MOVER_SCROLL_TO_TARGET));	AnimWorkerObj::m_actKey is generic shared storage used by multiple worker state domains; these are explicit DemoMoverState exits at that seam.
bb35f25163288f26	reviewed	src/Gruntz/Demo.cpp	206	static_cast-enum	GruntDirection	e[2]	direction = static_cast<GruntDirection>(e[2]);	Reviewed individually: these are per-consumer views of generic WWD/animation/shared integer storage; the owner cannot be globally typed because the same slot carries other domains.
538066e500a67e35	reviewed	src/Gruntz/Demo.cpp	219	static_cast-enum	GruntDirection	e[2]	direction = static_cast<GruntDirection>(e[2]);	Reviewed individually: these are per-consumer views of generic WWD/animation/shared integer storage; the owner cannot be globally typed because the same slot carries other domains.
9f6f0afad91fc255	fixed	src/Gruntz/Demo.cpp	357	static_cast-enum	AnimWorkerAct	rec->ActKey()	AnimWorkerAct act = static_cast<AnimWorkerAct>(rec->ActKey());	Centralized worker-event interpretation in AnimWorkerObj typed accessors.
ccac301999abfdff	fixed	src/Gruntz/Demo.cpp	360	IDX	AnimWorkerAct	ACT_LIVE	rec->SetActKey(IDX(ACT_LIVE));	Centralized worker-event interpretation in AnimWorkerObj typed accessors.
94135ac5cd9ee0f4	fixed	src/Gruntz/Demo.cpp	396	static_cast-enum	AnimWorkerAct	rec->ActKey()	AnimWorkerAct act = static_cast<AnimWorkerAct>(rec->ActKey());	Centralized worker-event interpretation in AnimWorkerObj typed accessors.
e209a9347dfcce00	fixed	src/Gruntz/Demo.cpp	399	IDX	AnimWorkerAct	ACT_LIVE	rec->SetActKey(IDX(ACT_LIVE));	Centralized worker-event interpretation in AnimWorkerObj typed accessors.
d361bd3ce767d020	fixed	src/Gruntz/Demo.cpp	435	static_cast-enum	AnimWorkerAct	rec->ActKey()	AnimWorkerAct act = static_cast<AnimWorkerAct>(rec->ActKey());	Centralized worker-event interpretation in AnimWorkerObj typed accessors.
37ddca07fd09153d	fixed	src/Gruntz/Demo.cpp	438	IDX	AnimWorkerAct	ACT_LIVE	rec->SetActKey(IDX(ACT_LIVE));	Centralized worker-event interpretation in AnimWorkerObj typed accessors.
0c8e2d0b18f3399c	fixed	src/Gruntz/Demo.cpp	474	static_cast-enum	AnimWorkerAct	rec->ActKey()	AnimWorkerAct act = static_cast<AnimWorkerAct>(rec->ActKey());	Centralized worker-event interpretation in AnimWorkerObj typed accessors.
00a6cb1a93cc4637	fixed	src/Gruntz/Demo.cpp	477	IDX	AnimWorkerAct	ACT_LIVE	rec->SetActKey(IDX(ACT_LIVE));	Centralized worker-event interpretation in AnimWorkerObj typed accessors.
2e71654d24c6c6ec	fixed	src/Gruntz/Demo.cpp	513	static_cast-enum	AnimWorkerAct	rec->ActKey()	AnimWorkerAct act = static_cast<AnimWorkerAct>(rec->ActKey());	Centralized worker-event interpretation in AnimWorkerObj typed accessors.
71032c2d838aa44a	fixed	src/Gruntz/Demo.cpp	516	IDX	AnimWorkerAct	ACT_LIVE	rec->SetActKey(IDX(ACT_LIVE));	Centralized worker-event interpretation in AnimWorkerObj typed accessors.
75cf9b34da5de396	fixed	src/Gruntz/Demo.cpp	552	static_cast-enum	AnimWorkerAct	rec->ActKey()	AnimWorkerAct act = static_cast<AnimWorkerAct>(rec->ActKey());	Centralized worker-event interpretation in AnimWorkerObj typed accessors.
31c0eee8e1c77139	fixed	src/Gruntz/Demo.cpp	555	IDX	AnimWorkerAct	ACT_LIVE	rec->SetActKey(IDX(ACT_LIVE));	Centralized worker-event interpretation in AnimWorkerObj typed accessors.
4d12ea39e6e636ff	fixed	src/Gruntz/Demo.cpp	591	static_cast-enum	AnimWorkerAct	rec->ActKey()	AnimWorkerAct act = static_cast<AnimWorkerAct>(rec->ActKey());	Centralized worker-event interpretation in AnimWorkerObj typed accessors.
add7c07711a0e256	fixed	src/Gruntz/Demo.cpp	594	IDX	AnimWorkerAct	ACT_LIVE	rec->SetActKey(IDX(ACT_LIVE));	Centralized worker-event interpretation in AnimWorkerObj typed accessors.
e74e8dd8519160a5	fixed	src/Gruntz/Demo.cpp	630	static_cast-enum	AnimWorkerAct	rec->ActKey()	AnimWorkerAct act = static_cast<AnimWorkerAct>(rec->ActKey());	Centralized worker-event interpretation in AnimWorkerObj typed accessors.
6fd4206eecb10ac2	fixed	src/Gruntz/Demo.cpp	633	IDX	AnimWorkerAct	ACT_LIVE	rec->SetActKey(IDX(ACT_LIVE));	Centralized worker-event interpretation in AnimWorkerObj typed accessors.
586d7565fb779844	fixed	src/Gruntz/Demo.cpp	669	static_cast-enum	AnimWorkerAct	rec->ActKey()	AnimWorkerAct act = static_cast<AnimWorkerAct>(rec->ActKey());	Centralized worker-event interpretation in AnimWorkerObj typed accessors.
61ea2b935e6abfb8	fixed	src/Gruntz/Demo.cpp	672	IDX	AnimWorkerAct	ACT_LIVE	rec->SetActKey(IDX(ACT_LIVE));	Centralized worker-event interpretation in AnimWorkerObj typed accessors.
dcccad250268a142	fixed	src/Gruntz/Demo.cpp	708	static_cast-enum	AnimWorkerAct	rec->ActKey()	AnimWorkerAct act = static_cast<AnimWorkerAct>(rec->ActKey());	Centralized worker-event interpretation in AnimWorkerObj typed accessors.
0d061b609e52b6d1	fixed	src/Gruntz/Demo.cpp	711	IDX	AnimWorkerAct	ACT_LIVE	rec->SetActKey(IDX(ACT_LIVE));	Centralized worker-event interpretation in AnimWorkerObj typed accessors.
b9a2f81f7383199b	reviewed	src/Gruntz/Dialogs.cpp	127	IDX		g_gameReg->m_options[i].m_colorIndex	reg->GetValueDword(key, IDX(g_gameReg->m_options[i].m_colorIndex));	Audited individually: ColorTint exits feed sprite/shade factories, raw lobby slots, WWD fields, or player-indexed rendering APIs; accompanying category, level-area, owner, and custom-map exits are numeric loop/config/index boundaries.
9adf931a9838b40c	reviewed	src/Gruntz/Dialogs.cpp	128	static_cast-enum	ColorTint	g_battlezLastColors[i]	g_gameReg->m_options[i].m_colorIndex = static_cast<ColorTint>(g_battlezLastColors[i]);	Reviewed individually: ColorTint enters from registry/UI integers or packed u8 network fields; the explicit cast preserves the external or serialized width boundary.
8c02c8eafe32f517	reviewed	src/Gruntz/Dialogs.cpp	274	static_cast-enum	CustomMapSelection	"reg->GetValueDword(""CustomMap"", IDX(CUSTOM_MAP_UNINITIALIZED))"	CustomMapSelection customMap = static_cast<CustomMapSelection>(	Reviewed individually: these conversions are at raw file, network, UI, serialization, packed-storage, or historically integer-signature boundaries.
c58d07e51c7fda47	reviewed	src/Gruntz/Dialogs.cpp	275	IDX	CustomMapSelection	CUSTOM_MAP_UNINITIALIZED	"reg->GetValueDword(""CustomMap"", IDX(CUSTOM_MAP_UNINITIALIZED))"	CUSTOM_MAP_UNINITIALIZED is serialized as the default value through the registry's DWORD API.
d079c41dc06e12b3	reviewed	src/Gruntz/Dialogs.cpp	302	IDX		customMap	m_customNameFlag = IDX(customMap);	Audited individually: ColorTint exits feed sprite/shade factories, raw lobby slots, WWD fields, or player-indexed rendering APIs; accompanying category, level-area, owner, and custom-map exits are numeric loop/config/index boundaries.
9600d1b6eb22a623	reviewed	src/Gruntz/Dialogs.cpp	352	IDX		g_gameReg->m_options[i].m_colorIndex	reg->SetValueDword(key, IDX(g_gameReg->m_options[i].m_colorIndex));	Audited individually: ColorTint exits feed sprite/shade factories, raw lobby slots, WWD fields, or player-indexed rendering APIs; accompanying category, level-area, owner, and custom-map exits are numeric loop/config/index boundaries.
8ae62ee9c4a03259	reviewed	src/Gruntz/Dialogs.cpp	452	static_cast-enum	ColorTint	data	m_pickedColor = static_cast<ColorTint>(data);	Reviewed individually: ColorTint enters from registry/UI integers or packed u8 network fields; the explicit cast preserves the external or serialized width boundary.
2b95d44a6d98fc21	reviewed	src/Gruntz/Dialogs.cpp	463	IDX		rec->m_colorIndex	if (rec->m_liveGate != 0 && IDX(rec->m_colorIndex) == i) {	Audited individually: ColorTint exits feed sprite/shade factories, raw lobby slots, WWD fields, or player-indexed rendering APIs; accompanying category, level-area, owner, and custom-map exits are numeric loop/config/index boundaries.
00ca91e2b0b5716f	reviewed	src/Gruntz/Dialogs.cpp	497	static_cast-enum	PlayerSlot	index	switch (static_cast<PlayerSlot>(index)) {	Reviewed individually: PlayerSlot values enter from loop indices, encoded owner bytes, or raw UI/container parameters; owner APIs retain their retail integer signatures.
db1fd7d1ce86f830	reviewed	src/Gruntz/Dialogs.cpp	517	static_cast-enum	PlayerSlot	index	switch (static_cast<PlayerSlot>(index)) {	Reviewed individually: PlayerSlot values enter from loop indices, encoded owner bytes, or raw UI/container parameters; owner APIs retain their retail integer signatures.
d518582ca604509f	reviewed	src/Gruntz/Dialogs.cpp	537	static_cast-enum	PlayerSlot	index	switch (static_cast<PlayerSlot>(index)) {	Reviewed individually: PlayerSlot values enter from loop indices, encoded owner bytes, or raw UI/container parameters; owner APIs retain their retail integer signatures.
ab5986b1bc1edb0f	reviewed	src/Gruntz/Dialogs.cpp	557	static_cast-enum	PlayerSlot	index	switch (static_cast<PlayerSlot>(index)) {	Reviewed individually: PlayerSlot values enter from loop indices, encoded owner bytes, or raw UI/container parameters; owner APIs retain their retail integer signatures.
8a7fc29ca2439901	reviewed	src/Gruntz/Dialogs.cpp	689	static_cast-enum	ColorTint	dlg.m_pickedColor	if (SetSlotValue(0, static_cast<ColorTint>(dlg.m_pickedColor))) {	Reviewed individually: ColorTint enters from registry/UI integers or packed u8 network fields; the explicit cast preserves the external or serialized width boundary.
69b81bcab6670ad3	reviewed	src/Gruntz/Dialogs.cpp	700	static_cast-enum	ColorTint	dlg.m_pickedColor	if (SetSlotValue(1, static_cast<ColorTint>(dlg.m_pickedColor))) {	Reviewed individually: ColorTint enters from registry/UI integers or packed u8 network fields; the explicit cast preserves the external or serialized width boundary.
daad630cfc0992b9	reviewed	src/Gruntz/Dialogs.cpp	711	static_cast-enum	ColorTint	dlg.m_pickedColor	if (SetSlotValue(2, static_cast<ColorTint>(dlg.m_pickedColor))) {	Reviewed individually: ColorTint enters from registry/UI integers or packed u8 network fields; the explicit cast preserves the external or serialized width boundary.
f7a52d71d52f7015	reviewed	src/Gruntz/Dialogs.cpp	722	static_cast-enum	ColorTint	dlg.m_pickedColor	if (SetSlotValue(3, static_cast<ColorTint>(dlg.m_pickedColor))) {	Reviewed individually: ColorTint enters from registry/UI integers or packed u8 network fields; the explicit cast preserves the external or serialized width boundary.
b2927dda2aa38792	fixed	src/Gruntz/DroppedObject.cpp	107	static_cast-enum	AnimWorkerAct	aux->ActKey()	AnimWorkerAct act = static_cast<AnimWorkerAct>(aux->ActKey());	Centralized worker-event interpretation in AnimWorkerObj typed accessors.
bc7e5bd730ec4655	fixed	src/Gruntz/DroppedObject.cpp	110	IDX	AnimWorkerAct	ACT_LIVE	aux->SetActKey(IDX(ACT_LIVE));	Centralized worker-event interpretation in AnimWorkerObj typed accessors.
64b810a355c9e6b1	fixed	src/Gruntz/DroppedObject.cpp	146	static_cast-enum	AnimWorkerAct	aux->ActKey()	AnimWorkerAct act = static_cast<AnimWorkerAct>(aux->ActKey());	Centralized worker-event interpretation in AnimWorkerObj typed accessors.
8b0c18bda8beaba3	fixed	src/Gruntz/DroppedObject.cpp	149	IDX	AnimWorkerAct	ACT_LIVE	aux->SetActKey(IDX(ACT_LIVE));	Centralized worker-event interpretation in AnimWorkerObj typed accessors.
a957b8102b4f7792	fixed	src/Gruntz/DroppedObject.cpp	185	static_cast-enum	AnimWorkerAct	aux->ActKey()	AnimWorkerAct act = static_cast<AnimWorkerAct>(aux->ActKey());	Centralized worker-event interpretation in AnimWorkerObj typed accessors.
efdd753646ecc6ec	fixed	src/Gruntz/DroppedObject.cpp	188	IDX	AnimWorkerAct	ACT_LIVE	aux->SetActKey(IDX(ACT_LIVE));	Centralized worker-event interpretation in AnimWorkerObj typed accessors.
e34f5054a6f3f4b2	reviewed	src/Gruntz/DroppedObject.cpp	250	IDX	CardinalDir	CARDINAL_NORTH	o->m_direction = IDX(CARDINAL_NORTH);	All occurrences write or compare generic WWD integer direction/smarts fields whose shared storage cannot be globally specialized.
aba202b386e25299	reviewed	src/Gruntz/DroppedObject.cpp	254	IDX	CardinalDir	CARDINAL_EAST	o->m_direction = IDX(CARDINAL_EAST);	All occurrences write or compare generic WWD integer direction/smarts fields whose shared storage cannot be globally specialized.
4f11f351574de3b5	reviewed	src/Gruntz/DroppedObject.cpp	258	IDX	CardinalDir	CARDINAL_SOUTH	o->m_direction = IDX(CARDINAL_SOUTH);	All occurrences write or compare generic WWD integer direction/smarts fields whose shared storage cannot be globally specialized.
bb01187c4460bd8c	reviewed	src/Gruntz/DroppedObject.cpp	262	IDX	CardinalDir	CARDINAL_WEST	o->m_direction = IDX(CARDINAL_WEST);	All occurrences write or compare generic WWD integer direction/smarts fields whose shared storage cannot be globally specialized.
19b54c803d87ecdb	reviewed	src/Gruntz/DroppedObject.cpp	553	IDX	MapCellFlags	CELL_FLAG_SPECIAL	if (cell & IDX(CELL_FLAG_SPECIAL)) {	The grid flag word contains additional unmodeled retail bits; these exits preserve the known partial flag domain at raw cell-word boundaries.
14216a82cc63095c	reviewed	src/Gruntz/DroppedObject.cpp	554	IDX	MapCellFlags	CELL_FLAG_REVEALED_POWERUP	if (cell == IDX(CELL_FLAG_REVEALED_POWERUP)) {	The grid flag word contains additional unmodeled retail bits; these exits preserve the known partial flag domain at raw cell-word boundaries.
3f5ab2f434f612c0	reviewed	src/Gruntz/FortConquered.cpp	93	IDX		g_gameReg->m_options[owningPlayer].m_colorIndex	IDX(g_gameReg->m_options[owningPlayer].m_colorIndex),	Audited individually: ColorTint exits feed sprite/shade factories, raw lobby slots, WWD fields, or player-indexed rendering APIs; accompanying category, level-area, owner, and custom-map exits are numeric loop/config/index boundaries.
f973bf6a6291ac5b	reviewed	src/Gruntz/FortConquered.cpp	118	IDX		g_gameReg->m_options[owningPlayer].m_colorIndex	IDX(g_gameReg->m_options[owningPlayer].m_colorIndex),	Audited individually: ColorTint exits feed sprite/shade factories, raw lobby slots, WWD fields, or player-indexed rendering APIs; accompanying category, level-area, owner, and custom-map exits are numeric loop/config/index boundaries.
ba2dbc94d4c83c82	reviewed	src/Gruntz/FortressFlag.cpp	109	static_cast-enum	WarlordOwner	m_object->m_smarts	switch (static_cast<WarlordOwner>(m_object->m_smarts)) {	Reviewed individually: these are per-consumer views of generic WWD/animation/shared integer storage; the owner cannot be globally typed because the same slot carries other domains.
e15450fb98744586	reviewed	src/Gruntz/FortressFlag.cpp	132	IDX		g_gameReg->m_options[m_object->m_smarts].m_colorIndex	i32 idx = IDX(g_gameReg->m_options[m_object->m_smarts].m_colorIndex);	Audited individually: ColorTint exits feed sprite/shade factories, raw lobby slots, WWD fields, or player-indexed rendering APIs; accompanying category, level-area, owner, and custom-map exits are numeric loop/config/index boundaries.
cb136705aecf50d3	reviewed	src/Gruntz/FortressFlag.cpp	187	IDX		g_gameReg->m_options[spr->m_smarts].m_colorIndex	i32 idx = IDX(g_gameReg->m_options[spr->m_smarts].m_colorIndex);	Audited individually: ColorTint exits feed sprite/shade factories, raw lobby slots, WWD fields, or player-indexed rendering APIs; accompanying category, level-area, owner, and custom-map exits are numeric loop/config/index boundaries.
1c25436545a44224	fixed	src/Gruntz/FortressFlag.cpp	223	static_cast-enum	AnimWorkerAct	rec->ActKey()	AnimWorkerAct act = static_cast<AnimWorkerAct>(rec->ActKey());	Centralized worker-event interpretation in AnimWorkerObj typed accessors.
7c6e69d11ded6331	fixed	src/Gruntz/FortressFlag.cpp	226	IDX	AnimWorkerAct	ACT_LIVE	rec->SetActKey(IDX(ACT_LIVE));	Centralized worker-event interpretation in AnimWorkerObj typed accessors.
5510a16b17bc7d36	fixed	src/Gruntz/FortressFlag.cpp	262	static_cast-enum	AnimWorkerAct	rec->ActKey()	AnimWorkerAct act = static_cast<AnimWorkerAct>(rec->ActKey());	Centralized worker-event interpretation in AnimWorkerObj typed accessors.
af0096e69c529575	fixed	src/Gruntz/FortressFlag.cpp	265	IDX	AnimWorkerAct	ACT_LIVE	rec->SetActKey(IDX(ACT_LIVE));	Centralized worker-event interpretation in AnimWorkerObj typed accessors.
d128abf24b0e1b5d	reviewed	src/Gruntz/GameAssetNamespaces.cpp	36	static_cast-enum	GameStateId	prevStateId	m_previousStateId = static_cast<GameStateId>(prevStateId);	Reviewed individually: the producer retains a retail integer ABI or generic API contract, and the conversion occurs once where the receiving domain is proven.
8b2d61e47543d638	reviewed	src/Gruntz/GameAssetNamespaces.cpp	37	static_cast-enum	LevelArea	t / 4 + 1	m_levelType = static_cast<LevelArea>(t / 4 + 1);	Reviewed individually: each conversion enters a domain from bounded loop, offset, random-choice, or range arithmetic; the arithmetic itself is intentionally integer-valued.
4a99216f0328f215	reviewed	src/Gruntz/GameAssetNamespaces.cpp	40	IDX		m_levelType	"sprintf(area, ""AREA%i"", IDX(m_levelType));"	Audited individually: exits format LevelArea names, serialize command-kind bytes, pass QuestLevel through a retail int API, mask a Win32 command word, index animation frames, store a custom-map flag, map low SBI tab commands, or select a finish-reason frame.
02a19fb3f24b08c9	reviewed	src/Gruntz/GameIconFlashEffect.cpp	11	static_cast-enum	GameIconFlashState	w->ActKey()	GameIconFlashState state = static_cast<GameIconFlashState>(w->ActKey());	Reviewed individually: these are per-consumer views of generic WWD/animation/shared integer storage; the owner cannot be globally typed because the same slot carries other domains.
52100cb9d4d2c94e	reviewed	src/Gruntz/GameIconFlashEffect.cpp	25	IDX	GameIconFlashState	GAME_ICON_FLASH_ACTIVE	w->SetActKey(IDX(GAME_ICON_FLASH_ACTIVE));	AnimWorkerObj::m_actKey is generic shared storage; this exits GameIconFlashState into SetActKey's retail int interface.
d23b819cf6778596	fixed	src/Gruntz/GameMode.cpp	179	IDX	SpriteStateFlags	SPRITE_STATE_HIDDEN	m_icons[0]->m_stateFlags |= IDX(SPRITE_STATE_HIDDEN);	Typed CResolveNode::m_stateFlags as SpriteStateFlags and replaced raw bit arithmetic with domain operators/HAS; all former per-call exits disappeared.
e089633fd2336c11	fixed	src/Gruntz/GameMode.cpp	191	IDX	SpriteStateFlags	SPRITE_STATE_HIDDEN	m_icons[7]->m_stateFlags |= IDX(SPRITE_STATE_HIDDEN);	Typed CResolveNode::m_stateFlags as SpriteStateFlags and replaced raw bit arithmetic with domain operators/HAS; all former per-call exits disappeared.
9c06d9fe973f9876	fixed	src/Gruntz/GameMode.cpp	209	IDX	SpriteStateFlags	SPRITE_STATE_HIDDEN	m_icons[1]->m_stateFlags |= IDX(SPRITE_STATE_HIDDEN);	Typed CResolveNode::m_stateFlags as SpriteStateFlags and replaced raw bit arithmetic with domain operators/HAS; all former per-call exits disappeared.
322f1d5785946a1f	fixed	src/Gruntz/GameMode.cpp	223	IDX	SpriteStateFlags	SPRITE_STATE_HIDDEN	m_icons[2]->m_stateFlags |= IDX(SPRITE_STATE_HIDDEN);	Typed CResolveNode::m_stateFlags as SpriteStateFlags and replaced raw bit arithmetic with domain operators/HAS; all former per-call exits disappeared.
7de338966322e389	fixed	src/Gruntz/GameMode.cpp	237	IDX	SpriteStateFlags	SPRITE_STATE_HIDDEN	m_icons[3]->m_stateFlags |= IDX(SPRITE_STATE_HIDDEN);	Typed CResolveNode::m_stateFlags as SpriteStateFlags and replaced raw bit arithmetic with domain operators/HAS; all former per-call exits disappeared.
3296b56fa014f70f	fixed	src/Gruntz/GameMode.cpp	251	IDX	SpriteStateFlags	SPRITE_STATE_HIDDEN	m_icons[4]->m_stateFlags |= IDX(SPRITE_STATE_HIDDEN);	Typed CResolveNode::m_stateFlags as SpriteStateFlags and replaced raw bit arithmetic with domain operators/HAS; all former per-call exits disappeared.
0027663fe82299a8	fixed	src/Gruntz/GameMode.cpp	265	IDX	SpriteStateFlags	SPRITE_STATE_HIDDEN	m_icons[5]->m_stateFlags |= IDX(SPRITE_STATE_HIDDEN);	Typed CResolveNode::m_stateFlags as SpriteStateFlags and replaced raw bit arithmetic with domain operators/HAS; all former per-call exits disappeared.
c88271cef8e8c0bd	fixed	src/Gruntz/GameMode.cpp	279	IDX	SpriteStateFlags	SPRITE_STATE_HIDDEN	m_icons[6]->m_stateFlags |= IDX(SPRITE_STATE_HIDDEN);	Typed CResolveNode::m_stateFlags as SpriteStateFlags and replaced raw bit arithmetic with domain operators/HAS; all former per-call exits disappeared.
8df95260144df087	fixed	src/Gruntz/GameMode.cpp	296	IDX	SpriteStateFlags	SPRITE_STATE_HIDDEN	m_bomb[i]->m_stateFlags |= IDX(SPRITE_STATE_HIDDEN);	Typed CResolveNode::m_stateFlags as SpriteStateFlags and replaced raw bit arithmetic with domain operators/HAS; all former per-call exits disappeared.
c82ba2c694b8f246	fixed	src/Gruntz/GameMode.cpp	305	IDX	SpriteStateFlags	SPRITE_STATE_HIDDEN	m_expl[i]->m_stateFlags |= IDX(SPRITE_STATE_HIDDEN);	Typed CResolveNode::m_stateFlags as SpriteStateFlags and replaced raw bit arithmetic with domain operators/HAS; all former per-call exits disappeared.
489eaee49cc29f9f	fixed	src/Gruntz/GameMode.cpp	321	IDX	SpriteStateFlags	SPRITE_STATE_HIDDEN	m_gokart[i]->m_stateFlags |= IDX(SPRITE_STATE_HIDDEN);	Typed CResolveNode::m_stateFlags as SpriteStateFlags and replaced raw bit arithmetic with domain operators/HAS; all former per-call exits disappeared.
acb2d8b104166988	fixed	src/Gruntz/GameMode.cpp	336	IDX	SpriteStateFlags	SPRITE_STATE_HIDDEN	e->m_stateFlags |= IDX(SPRITE_STATE_HIDDEN);	Typed CResolveNode::m_stateFlags as SpriteStateFlags and replaced raw bit arithmetic with domain operators/HAS; all former per-call exits disappeared.
e9fa1864e22c043f	fixed	src/Gruntz/GameMode.cpp	345	IDX	SpriteStateFlags	SPRITE_STATE_HIDDEN	m_bomb[i]->m_stateFlags |= IDX(SPRITE_STATE_HIDDEN);	Typed CResolveNode::m_stateFlags as SpriteStateFlags and replaced raw bit arithmetic with domain operators/HAS; all former per-call exits disappeared.
6f6da14741c64ce7	fixed	src/Gruntz/GameMode.cpp	346	IDX	SpriteStateFlags	SPRITE_STATE_HIDDEN	m_gokart[i]->m_stateFlags |= IDX(SPRITE_STATE_HIDDEN);	Typed CResolveNode::m_stateFlags as SpriteStateFlags and replaced raw bit arithmetic with domain operators/HAS; all former per-call exits disappeared.
8d977bedf26c7a5f	fixed	src/Gruntz/GameMode.cpp	347	IDX	SpriteStateFlags	SPRITE_STATE_HIDDEN	m_icons[i]->m_stateFlags &= ~IDX(SPRITE_STATE_HIDDEN);	Typed CResolveNode::m_stateFlags as SpriteStateFlags and replaced raw bit arithmetic with domain operators/HAS; all former per-call exits disappeared.
fe0f37de1d75ea81	reviewed	src/Gruntz/GameMode.cpp	355	static_cast-enum	BootyStatRow	i	this->FormatHudText(&text, static_cast<BootyStatRow>(i));	Reviewed individually: each conversion enters a domain from bounded loop, offset, random-choice, or range arithmetic; the arithmetic itself is intentionally integer-valued.
29d63f7225c215ad	fixed	src/Gruntz/GameMode.cpp	360	IDX	SpriteStateFlags	SPRITE_STATE_HIDDEN	e->m_stateFlags &= ~IDX(SPRITE_STATE_HIDDEN);	Typed CResolveNode::m_stateFlags as SpriteStateFlags and replaced raw bit arithmetic with domain operators/HAS; all former per-call exits disappeared.
a2df7c0fa3b70451	fixed	src/Gruntz/GameMode.cpp	385	IDX	SpriteStateFlags	SPRITE_STATE_HIDDEN	&& ((m_bomb[0]->m_stateFlags & IDX(SPRITE_STATE_HIDDEN))	Typed CResolveNode::m_stateFlags as SpriteStateFlags and replaced raw bit arithmetic with domain operators/HAS; all former per-call exits disappeared.
20401c5a5eb3913c	fixed	src/Gruntz/GameMode.cpp	386	IDX	SpriteStateFlags	SPRITE_STATE_HIDDEN	|| (m_gokart[0]->m_stateFlags & IDX(SPRITE_STATE_HIDDEN)))) {	Typed CResolveNode::m_stateFlags as SpriteStateFlags and replaced raw bit arithmetic with domain operators/HAS; all former per-call exits disappeared.
10f6582ef71cd83e	fixed	src/Gruntz/GameMode.cpp	387	IDX	SpriteStateFlags	SPRITE_STATE_HIDDEN	m_bomb[0]->m_stateFlags &= ~IDX(SPRITE_STATE_HIDDEN);	Typed CResolveNode::m_stateFlags as SpriteStateFlags and replaced raw bit arithmetic with domain operators/HAS; all former per-call exits disappeared.
a7f63d34b9faa897	fixed	src/Gruntz/GameMode.cpp	388	IDX	SpriteStateFlags	SPRITE_STATE_HIDDEN	m_gokart[0]->m_stateFlags &= ~IDX(SPRITE_STATE_HIDDEN);	Typed CResolveNode::m_stateFlags as SpriteStateFlags and replaced raw bit arithmetic with domain operators/HAS; all former per-call exits disappeared.
3034ad8dc715530b	fixed	src/Gruntz/GameMode.cpp	407	IDX	SpriteStateFlags	SPRITE_STATE_HIDDEN	m_icons[m_slot]->m_stateFlags &= ~IDX(SPRITE_STATE_HIDDEN);	Typed CResolveNode::m_stateFlags as SpriteStateFlags and replaced raw bit arithmetic with domain operators/HAS; all former per-call exits disappeared.
4cd1f0bef888ce66	fixed	src/Gruntz/GameMode.cpp	416	IDX	SpriteStateFlags	SPRITE_STATE_HIDDEN	e->m_stateFlags |= IDX(SPRITE_STATE_HIDDEN);	Typed CResolveNode::m_stateFlags as SpriteStateFlags and replaced raw bit arithmetic with domain operators/HAS; all former per-call exits disappeared.
849cdc84ff2011a0	reviewed	src/Gruntz/GameMode.cpp	425	static_cast-enum	BootyStatRow	i	this->FormatHudText(&text, static_cast<BootyStatRow>(i));	Reviewed individually: each conversion enters a domain from bounded loop, offset, random-choice, or range arithmetic; the arithmetic itself is intentionally integer-valued.
6a81ef69c4c9198d	fixed	src/Gruntz/GameMode.cpp	429	IDX	SpriteStateFlags	SPRITE_STATE_HIDDEN	e->m_stateFlags &= ~IDX(SPRITE_STATE_HIDDEN);	Typed CResolveNode::m_stateFlags as SpriteStateFlags and replaced raw bit arithmetic with domain operators/HAS; all former per-call exits disappeared.
b61a553e36122a6e	fixed	src/Gruntz/GameMode.cpp	433	IDX	SpriteStateFlags	SPRITE_STATE_HIDDEN	m_bomb[i]->m_stateFlags |= IDX(SPRITE_STATE_HIDDEN);	Typed CResolveNode::m_stateFlags as SpriteStateFlags and replaced raw bit arithmetic with domain operators/HAS; all former per-call exits disappeared.
4bf825102d2542ef	fixed	src/Gruntz/GameMode.cpp	434	IDX	SpriteStateFlags	SPRITE_STATE_HIDDEN	m_gokart[i]->m_stateFlags |= IDX(SPRITE_STATE_HIDDEN);	Typed CResolveNode::m_stateFlags as SpriteStateFlags and replaced raw bit arithmetic with domain operators/HAS; all former per-call exits disappeared.
d24e46ebb65594af	fixed	src/Gruntz/GameMode.cpp	451	IDX	SpriteStateFlags	SPRITE_STATE_HIDDEN	m_bomb[m_slot]->m_stateFlags &= ~IDX(SPRITE_STATE_HIDDEN);	Typed CResolveNode::m_stateFlags as SpriteStateFlags and replaced raw bit arithmetic with domain operators/HAS; all former per-call exits disappeared.
530c8546ba4d1bf4	fixed	src/Gruntz/GameMode.cpp	452	IDX	SpriteStateFlags	SPRITE_STATE_HIDDEN	m_gokart[m_slot]->m_stateFlags &= ~IDX(SPRITE_STATE_HIDDEN);	Typed CResolveNode::m_stateFlags as SpriteStateFlags and replaced raw bit arithmetic with domain operators/HAS; all former per-call exits disappeared.
395415c178b6f63d	reviewed	src/Gruntz/GameStateRecordLoad.cpp	276	IDX		m_moveIcon	CShadeTable* r = g_gameReg->m_spriteFactory->GetSel(IDX(m_moveIcon), flag);	Audited individually: PickupType and related badge/layer/health enums become sprite frames, shade/tool indices, pickup-counter offsets, raw WWD fields, or retail int parameters; no shared semantic field is incorrectly left untyped.
2f74268676b2200a	reviewed	src/Gruntz/GameText.cpp	87	static_cast-enum	WarlordOwner	id	switch (static_cast<WarlordOwner>(id)) {	Reviewed individually: these are per-consumer views of generic WWD/animation/shared integer storage; the owner cannot be globally typed because the same slot carries other domains.
1c54c2c293c3710b	reviewed	src/Gruntz/Grunt.cpp	671	IDX		m_moveIcon	CShadeTable* sel = g_gameReg->m_spriteFactory->GetSel(IDX(m_moveIcon), kind);	Audited individually: PickupType and related badge/layer/health enums become sprite frames, shade/tool indices, pickup-counter offsets, raw WWD fields, or retail int parameters; no shared semantic field is incorrectly left untyped.
7abf304d3b921702	reviewed	src/Gruntz/Grunt.cpp	1188	IDX	TileCollisionKind	TILEKIND_GIANT_ROCK	if (g_gameReg->m_tileGrid->m_rowInts[tileY][tileX * 7 + 4] != IDX(TILEKIND_GIANT_ROCK)) {	All occurrences cross raw grid/image cell or generic animation-act storage boundaries.
61f10f6951470dfd	reviewed	src/Gruntz/Grunt.cpp	1191	IDX	TileCollisionKind	TILEKIND_GIANT_ROCK	free4 = (g_gameReg->m_tileGrid->m_rowInts[tileY + 1][tileX * 7 + 4] == IDX(TILEKIND_GIANT_ROCK))	All occurrences cross raw grid/image cell or generic animation-act storage boundaries.
f7438127d81dedb2	fixed	src/Gruntz/Grunt.cpp	1191	IDX	RockNeighborMask	ROCKADJ_BELOW	? IDX(ROCKADJ_BELOW)	Typed StepArrivalDrop adjacency masks as RockNeighborMask; direct enum bit operations now preserve the flag domain.
9a926582b4754cd6	reviewed	src/Gruntz/Grunt.cpp	1195	IDX	TileCollisionKind	TILEKIND_GIANT_ROCK	(g_gameReg->m_tileGrid->m_rowInts[tileY - 1][tileX * 7 + 4] == IDX(TILEKIND_GIANT_ROCK))	All occurrences cross raw grid/image cell or generic animation-act storage boundaries.
b86e9843f6045356	fixed	src/Gruntz/Grunt.cpp	1195	IDX	RockNeighborMask	ROCKADJ_ABOVE	? IDX(ROCKADJ_ABOVE)	Typed StepArrivalDrop adjacency masks as RockNeighborMask; direct enum bit operations now preserve the flag domain.
cd2cb5e6ad683517	reviewed	src/Gruntz/Grunt.cpp	1198	IDX	TileCollisionKind	TILEKIND_GIANT_ROCK	free4 |= (g_gameReg->m_tileGrid->m_rowInts[tileY][tileX * 7 + 11] == IDX(TILEKIND_GIANT_ROCK))	All occurrences cross raw grid/image cell or generic animation-act storage boundaries.
cf42c479fc1b61fa	fixed	src/Gruntz/Grunt.cpp	1198	IDX	RockNeighborMask	ROCKADJ_RIGHT	? IDX(ROCKADJ_RIGHT)	Typed StepArrivalDrop adjacency masks as RockNeighborMask; direct enum bit operations now preserve the flag domain.
6d86378d586da171	reviewed	src/Gruntz/Grunt.cpp	1201	IDX	TileCollisionKind	TILEKIND_GIANT_ROCK	free4 |= (g_gameReg->m_tileGrid->m_rowInts[tileY][tileX * 7 - 3] == IDX(TILEKIND_GIANT_ROCK))	All occurrences cross raw grid/image cell or generic animation-act storage boundaries.
841fbdd3ccff200f	fixed	src/Gruntz/Grunt.cpp	1201	IDX	RockNeighborMask	ROCKADJ_LEFT	? IDX(ROCKADJ_LEFT)	Typed StepArrivalDrop adjacency masks as RockNeighborMask; direct enum bit operations now preserve the flag domain.
0cf8e996de5a4bb3	fixed	src/Gruntz/Grunt.cpp	1204	IDX	RockNeighborMask	ROCKADJ_RIGHT	case IDX(ROCKADJ_RIGHT) | IDX(ROCKADJ_BELOW):	Typed StepArrivalDrop adjacency masks as RockNeighborMask; direct enum bit operations now preserve the flag domain.
5c5f09b044c07896	fixed	src/Gruntz/Grunt.cpp	1204	IDX	RockNeighborMask	ROCKADJ_BELOW	case IDX(ROCKADJ_RIGHT) | IDX(ROCKADJ_BELOW):	Typed StepArrivalDrop adjacency masks as RockNeighborMask; direct enum bit operations now preserve the flag domain.
770cfcc1dd3f259f	fixed	src/Gruntz/Grunt.cpp	1208	IDX	RockNeighborMask	ROCKADJ_RIGHT	case IDX(ROCKADJ_RIGHT) | IDX(ROCKADJ_ABOVE):	Typed StepArrivalDrop adjacency masks as RockNeighborMask; direct enum bit operations now preserve the flag domain.
dc04e1f68d396b5c	fixed	src/Gruntz/Grunt.cpp	1208	IDX	RockNeighborMask	ROCKADJ_ABOVE	case IDX(ROCKADJ_RIGHT) | IDX(ROCKADJ_ABOVE):	Typed StepArrivalDrop adjacency masks as RockNeighborMask; direct enum bit operations now preserve the flag domain.
49b3a5c86df92f65	fixed	src/Gruntz/Grunt.cpp	1212	IDX	RockNeighborMask	ROCKADJ_ABOVE	case IDX(ROCKADJ_RIGHT) | IDX(ROCKADJ_ABOVE) | IDX(ROCKADJ_BELOW):	Typed StepArrivalDrop adjacency masks as RockNeighborMask; direct enum bit operations now preserve the flag domain.
518ceab1c3878f76	fixed	src/Gruntz/Grunt.cpp	1212	IDX	RockNeighborMask	ROCKADJ_RIGHT	case IDX(ROCKADJ_RIGHT) | IDX(ROCKADJ_ABOVE) | IDX(ROCKADJ_BELOW):	Typed StepArrivalDrop adjacency masks as RockNeighborMask; direct enum bit operations now preserve the flag domain.
7d2b970f7a2ed779	fixed	src/Gruntz/Grunt.cpp	1212	IDX	RockNeighborMask	ROCKADJ_BELOW	case IDX(ROCKADJ_RIGHT) | IDX(ROCKADJ_ABOVE) | IDX(ROCKADJ_BELOW):	Typed StepArrivalDrop adjacency masks as RockNeighborMask; direct enum bit operations now preserve the flag domain.
03eafb574063ed9c	fixed	src/Gruntz/Grunt.cpp	1215	IDX	RockNeighborMask	ROCKADJ_LEFT	case IDX(ROCKADJ_LEFT) | IDX(ROCKADJ_BELOW):	Typed StepArrivalDrop adjacency masks as RockNeighborMask; direct enum bit operations now preserve the flag domain.
15161de1142f7140	fixed	src/Gruntz/Grunt.cpp	1215	IDX	RockNeighborMask	ROCKADJ_BELOW	case IDX(ROCKADJ_LEFT) | IDX(ROCKADJ_BELOW):	Typed StepArrivalDrop adjacency masks as RockNeighborMask; direct enum bit operations now preserve the flag domain.
4a3bccb83c9b711d	fixed	src/Gruntz/Grunt.cpp	1219	IDX	RockNeighborMask	ROCKADJ_LEFT	case IDX(ROCKADJ_LEFT) | IDX(ROCKADJ_ABOVE):	Typed StepArrivalDrop adjacency masks as RockNeighborMask; direct enum bit operations now preserve the flag domain.
8b5b96fb25cd6406	fixed	src/Gruntz/Grunt.cpp	1219	IDX	RockNeighborMask	ROCKADJ_ABOVE	case IDX(ROCKADJ_LEFT) | IDX(ROCKADJ_ABOVE):	Typed StepArrivalDrop adjacency masks as RockNeighborMask; direct enum bit operations now preserve the flag domain.
427e9d40f1015438	fixed	src/Gruntz/Grunt.cpp	1223	IDX	RockNeighborMask	ROCKADJ_LEFT	case IDX(ROCKADJ_LEFT) | IDX(ROCKADJ_ABOVE) | IDX(ROCKADJ_BELOW):	Typed StepArrivalDrop adjacency masks as RockNeighborMask; direct enum bit operations now preserve the flag domain.
833018dac3c660bd	fixed	src/Gruntz/Grunt.cpp	1223	IDX	RockNeighborMask	ROCKADJ_BELOW	case IDX(ROCKADJ_LEFT) | IDX(ROCKADJ_ABOVE) | IDX(ROCKADJ_BELOW):	Typed StepArrivalDrop adjacency masks as RockNeighborMask; direct enum bit operations now preserve the flag domain.
ebc3aab7e4ea8121	fixed	src/Gruntz/Grunt.cpp	1223	IDX	RockNeighborMask	ROCKADJ_ABOVE	case IDX(ROCKADJ_LEFT) | IDX(ROCKADJ_ABOVE) | IDX(ROCKADJ_BELOW):	Typed StepArrivalDrop adjacency masks as RockNeighborMask; direct enum bit operations now preserve the flag domain.
34dd0bbc99a1f35b	fixed	src/Gruntz/Grunt.cpp	1226	IDX	RockNeighborMask	ROCKADJ_LEFT	case IDX(ROCKADJ_LEFT) | IDX(ROCKADJ_RIGHT) | IDX(ROCKADJ_BELOW):	Typed StepArrivalDrop adjacency masks as RockNeighborMask; direct enum bit operations now preserve the flag domain.
a7c05af1bd0e1451	fixed	src/Gruntz/Grunt.cpp	1226	IDX	RockNeighborMask	ROCKADJ_RIGHT	case IDX(ROCKADJ_LEFT) | IDX(ROCKADJ_RIGHT) | IDX(ROCKADJ_BELOW):	Typed StepArrivalDrop adjacency masks as RockNeighborMask; direct enum bit operations now preserve the flag domain.
aef08dbc596cc8e2	fixed	src/Gruntz/Grunt.cpp	1226	IDX	RockNeighborMask	ROCKADJ_BELOW	case IDX(ROCKADJ_LEFT) | IDX(ROCKADJ_RIGHT) | IDX(ROCKADJ_BELOW):	Typed StepArrivalDrop adjacency masks as RockNeighborMask; direct enum bit operations now preserve the flag domain.
2feb44bb37c9cb30	fixed	src/Gruntz/Grunt.cpp	1229	IDX	RockNeighborMask	ROCKADJ_RIGHT	case IDX(ROCKADJ_LEFT) | IDX(ROCKADJ_RIGHT) | IDX(ROCKADJ_ABOVE):	Typed StepArrivalDrop adjacency masks as RockNeighborMask; direct enum bit operations now preserve the flag domain.
b081cc07f6bd2f66	fixed	src/Gruntz/Grunt.cpp	1229	IDX	RockNeighborMask	ROCKADJ_ABOVE	case IDX(ROCKADJ_LEFT) | IDX(ROCKADJ_RIGHT) | IDX(ROCKADJ_ABOVE):	Typed StepArrivalDrop adjacency masks as RockNeighborMask; direct enum bit operations now preserve the flag domain.
b3504d83dea10077	fixed	src/Gruntz/Grunt.cpp	1229	IDX	RockNeighborMask	ROCKADJ_LEFT	case IDX(ROCKADJ_LEFT) | IDX(ROCKADJ_RIGHT) | IDX(ROCKADJ_ABOVE):	Typed StepArrivalDrop adjacency masks as RockNeighborMask; direct enum bit operations now preserve the flag domain.
e1c2bb151cdd1dff	reviewed	src/Gruntz/Grunt.cpp	1270	IDX	PickupType	PICKUP_BOOMERANG	if (CoordCount() == 1 && arrivalPhase == IDX(PICKUP_BOOMERANG)	All occurrences were inspected: exits target generic WWD m_smarts storage, raw pickup counters/APIs, or the documented GruntSpawnConfig integer-switch codegen seam.
2e714a946ac25723	reviewed	src/Gruntz/Grunt.cpp	2133	static_cast-enum	PickupType	a10	m_defenderPickupType = static_cast<PickupType>(a10);	Reviewed individually: remaining entries are raw retail function parameters, loop/arithmetic results, wire payloads, generic notification storage, or per-logic views of shared WWD integer fields.
3b23c31d456ad5bc	reviewed	src/Gruntz/Grunt.cpp	2161	static_cast-enum	PickupType	vehicleKind	LoadVehicleGruntSprites(static_cast<PickupType>(vehicleKind));	Reviewed individually: remaining entries are raw retail function parameters, loop/arithmetic results, wire payloads, generic notification storage, or per-logic views of shared WWD integer fields.
f714276c9bb729e5	reviewed	src/Gruntz/Grunt.cpp	2179	IDX		m_moveIcon	CShadeTable* shade = g_gameReg->m_spriteFactory->GetSel(IDX(m_moveIcon), 0);	Audited individually: PickupType and related badge/layer/health enums become sprite frames, shade/tool indices, pickup-counter offsets, raw WWD fields, or retail int parameters; no shared semantic field is incorrectly left untyped.
6a9744fe568b5e38	fixed	src/Gruntz/Grunt.cpp	3447	static_cast-enum	PickupType	kind	m_entranceReason = static_cast<PickupType>(kind);	Removed an unnecessary conversion by typing the owner, using an existing named value, or introducing an evidence-backed domain constant.
86e7e40e243f74bd	reviewed	src/Gruntz/Grunt.cpp	3771	static_cast-enum	GruntDeathType	cx	hazard = static_cast<GruntDeathType>(cx);	Reviewed individually: these are per-consumer views of generic WWD/animation/shared integer storage; the owner cannot be globally typed because the same slot carries other domains.
f1ca239da36244c9	reviewed	src/Gruntz/Grunt.cpp	4174	IDX		m_moveIcon	if (pick == IDX(m_moveIcon)) {	Audited individually: PickupType and related badge/layer/health enums become sprite frames, shade/tool indices, pickup-counter offsets, raw WWD fields, or retail int parameters; no shared semantic field is incorrectly left untyped.
77a563c2071b8fc3	fixed	src/Gruntz/Grunt.cpp	4205	IDX	SpriteStateFlags	SPRITE_STATE_FLASHING	if ((obj->m_stateFlags & IDX(SPRITE_STATE_FLASHING)) == 0) {	Typed CResolveNode::m_stateFlags as SpriteStateFlags and replaced raw bit arithmetic with domain operators/HAS; all former per-call exits disappeared.
6f8de88a86997a6e	fixed	src/Gruntz/Grunt.cpp	4208	IDX	SpriteStateFlags	SPRITE_STATE_FLASHING	m_object->m_stateFlags |= IDX(SPRITE_STATE_FLASHING);	Typed CResolveNode::m_stateFlags as SpriteStateFlags and replaced raw bit arithmetic with domain operators/HAS; all former per-call exits disappeared.
3737c9c8f3fe95bf	fixed	src/Gruntz/Grunt.cpp	4247	IDX	SpriteStateFlags	SPRITE_STATE_FLASHING	m_object->m_stateFlags &= ~IDX(SPRITE_STATE_FLASHING);	Typed CResolveNode::m_stateFlags as SpriteStateFlags and replaced raw bit arithmetic with domain operators/HAS; all former per-call exits disappeared.
7476640ac6212386	reviewed	src/Gruntz/GruntArrivalScan.cpp	3233	IDX		this->m_entranceReason	i32 reason = IDX(this->m_entranceReason);	Audited individually: PickupType and related badge/layer/health enums become sprite frames, shade/tool indices, pickup-counter offsets, raw WWD fields, or retail int parameters; no shared semantic field is incorrectly left untyped.
9f7f0756d3516ce6	reviewed	src/Gruntz/GruntArrivalScan.cpp	3235	IDX		this->m_toolId	reason = IDX(this->m_toolId);	Audited individually: PickupType and related badge/layer/health enums become sprite frames, shade/tool indices, pickup-counter offsets, raw WWD fields, or retail int parameters; no shared semantic field is incorrectly left untyped.
af78c7b1fa1f7339	reviewed	src/Gruntz/GruntArrivalScan.cpp	3301	IDX		this->m_entranceReason	reason = IDX(this->m_entranceReason);	Audited individually: PickupType and related badge/layer/health enums become sprite frames, shade/tool indices, pickup-counter offsets, raw WWD fields, or retail int parameters; no shared semantic field is incorrectly left untyped.
6a7733606bcb52b5	reviewed	src/Gruntz/GruntArrivalScan.cpp	3303	IDX		this->m_toolId	reason = IDX(this->m_toolId);	Audited individually: PickupType and related badge/layer/health enums become sprite frames, shade/tool indices, pickup-counter offsets, raw WWD fields, or retail int parameters; no shared semantic field is incorrectly left untyped.
1664f63f0486b250	fixed	src/Gruntz/GruntAssetLoaders.cpp	105	IDX	SpriteStateFlags	SPRITE_STATE_FLASHING	m_object->m_stateFlags &= ~IDX(SPRITE_STATE_FLASHING);	Typed CResolveNode::m_stateFlags as SpriteStateFlags and replaced raw bit arithmetic with domain operators/HAS; all former per-call exits disappeared.
5b68b7fa4a687fc8	reviewed	src/Gruntz/GruntAssetLoaders.cpp	242	static_cast-enum	TileCollisionKind	( (grid->m_rowInts[m_object->m_screenY >> TILE_SHIFT_PX]) )[(m_object->m_screenX >> TILE_SHIFT_PX) * 7 + 4]	TileCollisionKind attr = static_cast<TileCollisionKind>((	Reviewed individually: these conversions are at raw file, network, UI, serialization, packed-storage, or historically integer-signature boundaries.
8f25469bef3cb452	reviewed	src/Gruntz/GruntAssetLoaders.cpp	272	static_cast-enum	TileCollisionKind	( (grid->m_rowInts[m_object->m_screenY >> TILE_SHIFT_PX]) )[(m_object->m_screenX >> TILE_SHIFT_PX) * 7 + 4]	TileCollisionKind attr = static_cast<TileCollisionKind>((	Reviewed individually: these conversions are at raw file, network, UI, serialization, packed-storage, or historically integer-signature boundaries.
c6deecf96f93b98c	reviewed	src/Gruntz/GruntCombat.cpp	218	static_cast-enum	GruntDirection	AT(g_dirVec, k)[2]	this->m_entranceCell.direction = static_cast<GruntDirection>(AT(g_dirVec, k)[2]); \	Reviewed individually: these are per-consumer views of generic WWD/animation/shared integer storage; the owner cannot be globally typed because the same slot carries other domains.
aa071ddc243ad509	reviewed	src/Gruntz/GruntCombat.cpp	361	static_cast-enum	SpellzEffect	forced	SpellzEffect idx = static_cast<SpellzEffect>(forced);	Reviewed individually: each conversion enters a domain from bounded loop, offset, random-choice, or range arithmetic; the arithmetic itself is intentionally integer-valued.
bb5540104cec9597	reviewed	src/Gruntz/GruntCombat.cpp	368	static_cast-enum	SpellzEffect	rand() & 1	idx = static_cast<SpellzEffect>(rand() & 1);	Reviewed individually: each conversion enters a domain from bounded loop, offset, random-choice, or range arithmetic; the arithmetic itself is intentionally integer-valued.
73f1fe3e2043ef8e	reviewed	src/Gruntz/GruntCombat.cpp	370	static_cast-enum	SpellzEffect	rand() % m + 1	idx = static_cast<SpellzEffect>(rand() % m + 1);	Reviewed individually: each conversion enters a domain from bounded loop, offset, random-choice, or range arithmetic; the arithmetic itself is intentionally integer-valued.
dc2d71593eefde67	reviewed	src/Gruntz/GruntCombat.cpp	557	IDX		m_moveIcon	if (IDX(m_moveIcon) == a) {	Audited individually: PickupType and related badge/layer/health enums become sprite frames, shade/tool indices, pickup-counter offsets, raw WWD fields, or retail int parameters; no shared semantic field is incorrectly left untyped.
da31f36c41878a89	reviewed	src/Gruntz/GruntCombat.cpp	560	static_cast-enum	PickupType	a	m_moveIcon = static_cast<PickupType>(a);	Reviewed individually: remaining entries are raw retail function parameters, loop/arithmetic results, wire payloads, generic notification storage, or per-logic views of shared WWD integer fields.
148f985bf17eb19a	reviewed	src/Gruntz/GruntCombat.cpp	561	IDX	PickupType	PICKUP_TIMEBOMB	if (a < 0 || a >= IDX(PICKUP_TIMEBOMB)) {	All occurrences were inspected: exits target generic WWD m_smarts storage, raw pickup counters/APIs, or the documented GruntSpawnConfig integer-switch codegen seam.
a03a46fe5422d1b9	reviewed	src/Gruntz/GruntCombat.cpp	565	IDX		m_moveIcon	g_gameReg->m_spriteFactory->GetSel(IDX(m_moveIcon), m_entranceReason >= PICKUP_TOYZ_FIRST);	Audited individually: PickupType and related badge/layer/health enums become sprite frames, shade/tool indices, pickup-counter offsets, raw WWD fields, or retail int parameters; no shared semantic field is incorrectly left untyped.
6dc973289074c4a8	reviewed	src/Gruntz/GruntCombat.cpp	1188	IDX		enemy->m_moveIcon	IDX(enemy->m_moveIcon)	Audited individually: PickupType and related badge/layer/health enums become sprite frames, shade/tool indices, pickup-counter offsets, raw WWD fields, or retail int parameters; no shared semantic field is incorrectly left untyped.
c9ca0aaa1bb602d2	reviewed	src/Gruntz/GruntCombat.cpp	1452	static_cast-enum	WingzKnockbackChoice	rand() % 8 - 1	switch (static_cast<WingzKnockbackChoice>(rand() % 8 - 1)) {	Reviewed individually: each conversion enters a domain from bounded loop, offset, random-choice, or range arithmetic; the arithmetic itself is intentionally integer-valued.
798f68556affc0d2	reviewed	src/Gruntz/GruntCombat.cpp	1714	IDX		v	flag = IDX(v);	Audited individually: PickupType and related badge/layer/health enums become sprite frames, shade/tool indices, pickup-counter offsets, raw WWD fields, or retail int parameters; no shared semantic field is incorrectly left untyped.
f89ff3af9d7de559	fixed	src/Gruntz/GruntCombat.cpp	1861	static_cast-enum	AnimWorkerAct	rec->ActKey()	AnimWorkerAct act = static_cast<AnimWorkerAct>(rec->ActKey());	Centralized worker-event interpretation in AnimWorkerObj typed accessors.
24bedfd61cb61102	fixed	src/Gruntz/GruntCombat.cpp	1864	IDX	AnimWorkerAct	ACT_LIVE	rec->SetActKey(IDX(ACT_LIVE));	Centralized worker-event interpretation in AnimWorkerObj typed accessors.
e086b7f14a51fc47	reviewed	src/Gruntz/GruntCreationPoint.cpp	47	IDX		g_gameReg->m_options[key].m_colorIndex	idx = IDX(g_gameReg->m_options[key].m_colorIndex);	Audited individually: ColorTint exits feed sprite/shade factories, raw lobby slots, WWD fields, or player-indexed rendering APIs; accompanying category, level-area, owner, and custom-map exits are numeric loop/config/index boundaries.
6c0178c04f384df1	reviewed	src/Gruntz/GruntCreationPoint.cpp	86	IDX		g_gameReg->m_options[m_object->m_smarts].m_colorIndex	idx = IDX(g_gameReg->m_options[m_object->m_smarts].m_colorIndex);	Audited individually: ColorTint exits feed sprite/shade factories, raw lobby slots, WWD fields, or player-indexed rendering APIs; accompanying category, level-area, owner, and custom-map exits are numeric loop/config/index boundaries.
3fa59e5a19d051d3	reviewed	src/Gruntz/GruntDecay.cpp	29	IDX		m_moveIcon	IDX(m_moveIcon),	Audited individually: PickupType and related badge/layer/health enums become sprite frames, shade/tool indices, pickup-counter offsets, raw WWD fields, or retail int parameters; no shared semantic field is incorrectly left untyped.
0a3a062b475991a8	fixed	src/Gruntz/GruntDecay.cpp	83	IDX	SpriteStateFlags	SPRITE_STATE_HIDDEN	m_wwdObject->m_stateFlags |= IDX(SPRITE_STATE_HIDDEN);	Typed CResolveNode::m_stateFlags as SpriteStateFlags and replaced raw bit arithmetic with domain operators/HAS; all former per-call exits disappeared.
55c85d9d3b0177d2	fixed	src/Gruntz/GruntEntranceArrival.cpp	1270	IDX	SpriteStateFlags	SPRITE_STATE_FLASHING	m_object->m_stateFlags &= ~IDX(SPRITE_STATE_FLASHING);	Typed CResolveNode::m_stateFlags as SpriteStateFlags and replaced raw bit arithmetic with domain operators/HAS; all former per-call exits disappeared.
b870c2e4d6646313	reviewed	src/Gruntz/GruntEntranceArrival.cpp	1382	IDX	GruntzCommandId	CMD_LOAD_WORLD	PostMessageA(g_gameReg->m_gameWnd->m_hwnd, WM_COMMAND, IDX(CMD_LOAD_WORLD), lvl);	All occurrences were inspected: exits feed raw Win32/menu command IDs, ReportError, or the historically int CheatMgr registration API; the enum remains the source domain.
ff21ce668cd0ab0a	fixed	src/Gruntz/GruntEntranceArrival.cpp	1744	IDX	SpriteStateFlags	SPRITE_STATE_FLASHING	m_object->m_stateFlags &= ~IDX(SPRITE_STATE_FLASHING);	Typed CResolveNode::m_stateFlags as SpriteStateFlags and replaced raw bit arithmetic with domain operators/HAS; all former per-call exits disappeared.
0bf74c193770973a	reviewed	src/Gruntz/GruntEntranceArrival.cpp	1806	static_cast-enum	TileArrivalFxCue	advanced	TileArrivalFxCue cue = static_cast<TileArrivalFxCue>(advanced);	Reviewed individually: the producer retains a retail integer ABI or generic API contract, and the conversion occurs once where the receiving domain is proven.
add255168fc8f025	reviewed	src/Gruntz/GruntEntranceArrival.cpp	1854	static_cast-enum	TileArrivalFxCue	advanced	TileArrivalFxCue cue = static_cast<TileArrivalFxCue>(advanced);	Reviewed individually: the producer retains a retail integer ABI or generic API contract, and the conversion occurs once where the receiving domain is proven.
53172a2212f2013b	reviewed	src/Gruntz/GruntEntranceMove.cpp	1140	static_cast-enum	MovingDeathTileSetAId	tileId	switch (static_cast<MovingDeathTileSetAId>(tileId)) {	Reviewed individually: these are per-consumer views of generic WWD/animation/shared integer storage; the owner cannot be globally typed because the same slot carries other domains.
f67766f7724304c9	reviewed	src/Gruntz/GruntEntranceMove.cpp	1181	static_cast-enum	MovingDeathTileSetBId	tileId	switch (static_cast<MovingDeathTileSetBId>(tileId)) {	Reviewed individually: these are per-consumer views of generic WWD/animation/shared integer storage; the owner cannot be globally typed because the same slot carries other domains.
ce61070019af2fbf	fixed	src/Gruntz/GruntIndicatorWorkerHandlers.cpp	17	static_cast-enum	AnimWorkerAct	rec->ActKey()	AnimWorkerAct act = static_cast<AnimWorkerAct>(rec->ActKey()); \	Centralized worker-event interpretation in AnimWorkerObj typed accessors.
0faddf1aa7ed8883	fixed	src/Gruntz/GruntIndicatorWorkerHandlers.cpp	20	IDX	AnimWorkerAct	ACT_LIVE	rec->SetActKey(IDX(ACT_LIVE)); \	Centralized worker-event interpretation in AnimWorkerObj typed accessors.
ace814822f559ec5	fixed	src/Gruntz/GruntIndicatorWorkerHandlers.cpp	55	static_cast-enum	AnimWorkerAct	rec->ActKey()	AnimWorkerAct act = static_cast<AnimWorkerAct>(rec->ActKey());	Centralized worker-event interpretation in AnimWorkerObj typed accessors.
cd9cf6b251256a89	fixed	src/Gruntz/GruntIndicatorWorkerHandlers.cpp	58	IDX	AnimWorkerAct	ACT_LIVE	rec->SetActKey(IDX(ACT_LIVE));	Centralized worker-event interpretation in AnimWorkerObj typed accessors.
952ffe2425dc00ab	fixed	src/Gruntz/GruntIndicatorWorkerHandlers.cpp	97	static_cast-enum	AnimWorkerAct	rec->ActKey()	AnimWorkerAct act = static_cast<AnimWorkerAct>(rec->ActKey());	Centralized worker-event interpretation in AnimWorkerObj typed accessors.
b49be3ee860f8ced	fixed	src/Gruntz/GruntIndicatorWorkerHandlers.cpp	100	IDX	AnimWorkerAct	ACT_LIVE	rec->SetActKey(IDX(ACT_LIVE));	Centralized worker-event interpretation in AnimWorkerObj typed accessors.
1056e17a1e7ce7bf	reviewed	src/Gruntz/GruntPickupLoad.cpp	96	IDX		type	->m_weaponPickupz[IDX(type) - IDX(PICKUP_BOMB) + 22 * m_tileOwnerHi]++;	Audited individually: PickupType and related badge/layer/health enums become sprite frames, shade/tool indices, pickup-counter offsets, raw WWD fields, or retail int parameters; no shared semantic field is incorrectly left untyped.
831a1f8211c54e93	reviewed	src/Gruntz/GruntPickupLoad.cpp	96	IDX	PickupType	PICKUP_BOMB	->m_weaponPickupz[IDX(type) - IDX(PICKUP_BOMB) + 22 * m_tileOwnerHi]++;	All occurrences were inspected: exits target generic WWD m_smarts storage, raw pickup counters/APIs, or the documented GruntSpawnConfig integer-switch codegen seam.
095b5818dc114975	reviewed	src/Gruntz/GruntPickupLoad.cpp	100	IDX	PickupType	PICKUP_BABYWALKER	->m_toyPickupz[IDX(type) - IDX(PICKUP_BABYWALKER) + 10 * m_tileOwnerHi]++;	All occurrences were inspected: exits target generic WWD m_smarts storage, raw pickup counters/APIs, or the documented GruntSpawnConfig integer-switch codegen seam.
e53ac45649267ac8	reviewed	src/Gruntz/GruntPickupLoad.cpp	100	IDX		type	->m_toyPickupz[IDX(type) - IDX(PICKUP_BABYWALKER) + 10 * m_tileOwnerHi]++;	Audited individually: PickupType and related badge/layer/health enums become sprite frames, shade/tool indices, pickup-counter offsets, raw WWD fields, or retail int parameters; no shared semantic field is incorrectly left untyped.
3f1d1c993fd81a33	reviewed	src/Gruntz/GruntPickupLoad.cpp	104	IDX	PickupType	PICKUP_GHOST	->m_powerupPickupz[IDX(type) - IDX(PICKUP_GHOST) + 7 * m_tileOwnerHi]++;	All occurrences were inspected: exits target generic WWD m_smarts storage, raw pickup counters/APIs, or the documented GruntSpawnConfig integer-switch codegen seam.
ac2997998666a70d	reviewed	src/Gruntz/GruntPickupLoad.cpp	104	IDX		type	->m_powerupPickupz[IDX(type) - IDX(PICKUP_GHOST) + 7 * m_tileOwnerHi]++;	Audited individually: PickupType and related badge/layer/health enums become sprite frames, shade/tool indices, pickup-counter offsets, raw WWD fields, or retail int parameters; no shared semantic field is incorrectly left untyped.
1415d6c9af5ba812	reviewed	src/Gruntz/GruntPickupLoad.cpp	107	IDX	PickupType	PICKUP_RANDOMCOLORZ	->m_miscPickupz[IDX(type) - IDX(PICKUP_RANDOMCOLORZ) + 4 * m_tileOwnerHi]++;	All occurrences were inspected: exits target generic WWD m_smarts storage, raw pickup counters/APIs, or the documented GruntSpawnConfig integer-switch codegen seam.
856e88ce7176f8d1	reviewed	src/Gruntz/GruntPickupLoad.cpp	107	IDX		type	->m_miscPickupz[IDX(type) - IDX(PICKUP_RANDOMCOLORZ) + 4 * m_tileOwnerHi]++;	Audited individually: PickupType and related badge/layer/health enums become sprite frames, shade/tool indices, pickup-counter offsets, raw WWD fields, or retail int parameters; no shared semantic field is incorrectly left untyped.
24f16e7232d6ed54	reviewed	src/Gruntz/GruntPickupLoad.cpp	236	static_cast-enum	PickupType	play->m_guts->GetActiveValue()	PickupType n = static_cast<PickupType>(play->m_guts->GetActiveValue());	Reviewed individually: remaining entries are raw retail function parameters, loop/arithmetic results, wire payloads, generic notification storage, or per-logic views of shared WWD integer fields.
966eb0765bb1818a	reviewed	src/Gruntz/GruntPickupLoad.cpp	242	IDX	PickupType	PICKUP_BOMB	->m_weaponPickupz[IDX(n) - IDX(PICKUP_BOMB) + 22 * m_tileOwnerHi]++;	All occurrences were inspected: exits target generic WWD m_smarts storage, raw pickup counters/APIs, or the documented GruntSpawnConfig integer-switch codegen seam.
e894bddc3b01ff26	reviewed	src/Gruntz/GruntPickupLoad.cpp	242	IDX		n	->m_weaponPickupz[IDX(n) - IDX(PICKUP_BOMB) + 22 * m_tileOwnerHi]++;	Audited individually: PickupType and related badge/layer/health enums become sprite frames, shade/tool indices, pickup-counter offsets, raw WWD fields, or retail int parameters; no shared semantic field is incorrectly left untyped.
9fd05dec3537b610	reviewed	src/Gruntz/GruntPickupLoad.cpp	246	IDX	PickupType	PICKUP_BABYWALKER	->m_toyPickupz[IDX(n) - IDX(PICKUP_BABYWALKER) + 10 * m_tileOwnerHi]++;	All occurrences were inspected: exits target generic WWD m_smarts storage, raw pickup counters/APIs, or the documented GruntSpawnConfig integer-switch codegen seam.
f40a3fae5565a07c	reviewed	src/Gruntz/GruntPickupLoad.cpp	246	IDX		n	->m_toyPickupz[IDX(n) - IDX(PICKUP_BABYWALKER) + 10 * m_tileOwnerHi]++;	Audited individually: PickupType and related badge/layer/health enums become sprite frames, shade/tool indices, pickup-counter offsets, raw WWD fields, or retail int parameters; no shared semantic field is incorrectly left untyped.
f0ea84e4c1a8eee6	fixed	src/Gruntz/GruntPowerupSprite.cpp	38	IDX	SpriteStateFlags	SPRITE_STATE_HIDDEN	m_wwdObject->m_stateFlags |= IDX(SPRITE_STATE_HIDDEN);	Typed CResolveNode::m_stateFlags as SpriteStateFlags and replaced raw bit arithmetic with domain operators/HAS; all former per-call exits disappeared.
f1044e0a4299f92c	fixed	src/Gruntz/GruntPowerupSprite.cpp	80	IDX	SpriteStateFlags	SPRITE_STATE_HIDDEN	m_wwdObject->m_stateFlags &= ~IDX(SPRITE_STATE_HIDDEN);	Typed CResolveNode::m_stateFlags as SpriteStateFlags and replaced raw bit arithmetic with domain operators/HAS; all former per-call exits disappeared.
58fd9ddf79413e94	reviewed	src/Gruntz/GruntSpawnConfig.cpp	399	IDX		config->m_entranceReason	switch (static_cast<u32>(IDX(config->m_entranceReason))) {	Audited individually: PickupType and related badge/layer/health enums become sprite frames, shade/tool indices, pickup-counter offsets, raw WWD fields, or retail int parameters; no shared semantic field is incorrectly left untyped.
ac0e00a7daf9e8a3	reviewed	src/Gruntz/GruntSpawnConfig.cpp	400	IDX	PickupType	PICKUP_NONE	case IDX(PICKUP_NONE):	All occurrences were inspected: exits target generic WWD m_smarts storage, raw pickup counters/APIs, or the documented GruntSpawnConfig integer-switch codegen seam.
735f58749888fa3d	reviewed	src/Gruntz/GruntSpawnConfig.cpp	402	IDX	PickupType	PICKUP_BOMB	case IDX(PICKUP_BOMB):	All occurrences were inspected: exits target generic WWD m_smarts storage, raw pickup counters/APIs, or the documented GruntSpawnConfig integer-switch codegen seam.
c9a5e111589cfce0	reviewed	src/Gruntz/GruntSpawnConfig.cpp	404	IDX	PickupType	PICKUP_BOOMERANG	case IDX(PICKUP_BOOMERANG):	All occurrences were inspected: exits target generic WWD m_smarts storage, raw pickup counters/APIs, or the documented GruntSpawnConfig integer-switch codegen seam.
7a8c23814ad1f67d	reviewed	src/Gruntz/GruntSpawnConfig.cpp	406	IDX	PickupType	PICKUP_BRICK	case IDX(PICKUP_BRICK):	All occurrences were inspected: exits target generic WWD m_smarts storage, raw pickup counters/APIs, or the documented GruntSpawnConfig integer-switch codegen seam.
6499eec4bfedef9e	reviewed	src/Gruntz/GruntSpawnConfig.cpp	408	IDX	PickupType	PICKUP_CLUB	case IDX(PICKUP_CLUB):	All occurrences were inspected: exits target generic WWD m_smarts storage, raw pickup counters/APIs, or the documented GruntSpawnConfig integer-switch codegen seam.
bef766bc1b3a6a66	reviewed	src/Gruntz/GruntSpawnConfig.cpp	410	IDX	PickupType	PICKUP_GAUNTLETZ	case IDX(PICKUP_GAUNTLETZ):	All occurrences were inspected: exits target generic WWD m_smarts storage, raw pickup counters/APIs, or the documented GruntSpawnConfig integer-switch codegen seam.
51207793c9948325	reviewed	src/Gruntz/GruntSpawnConfig.cpp	412	IDX	PickupType	PICKUP_GLOVEZ	case IDX(PICKUP_GLOVEZ):	All occurrences were inspected: exits target generic WWD m_smarts storage, raw pickup counters/APIs, or the documented GruntSpawnConfig integer-switch codegen seam.
eeae4a944dcff598	reviewed	src/Gruntz/GruntSpawnConfig.cpp	414	IDX	PickupType	PICKUP_GOOBER	case IDX(PICKUP_GOOBER):	All occurrences were inspected: exits target generic WWD m_smarts storage, raw pickup counters/APIs, or the documented GruntSpawnConfig integer-switch codegen seam.
5e06577a82fe09f2	reviewed	src/Gruntz/GruntSpawnConfig.cpp	416	IDX	PickupType	PICKUP_GRAVITYBOOTZ	case IDX(PICKUP_GRAVITYBOOTZ):	All occurrences were inspected: exits target generic WWD m_smarts storage, raw pickup counters/APIs, or the documented GruntSpawnConfig integer-switch codegen seam.
3fda3f437aebacab	reviewed	src/Gruntz/GruntSpawnConfig.cpp	418	IDX	PickupType	PICKUP_GUNHAT	case IDX(PICKUP_GUNHAT):	All occurrences were inspected: exits target generic WWD m_smarts storage, raw pickup counters/APIs, or the documented GruntSpawnConfig integer-switch codegen seam.
85d5a83e341d8e4d	reviewed	src/Gruntz/GruntSpawnConfig.cpp	420	IDX	PickupType	PICKUP_NERFGUN	case IDX(PICKUP_NERFGUN):	All occurrences were inspected: exits target generic WWD m_smarts storage, raw pickup counters/APIs, or the documented GruntSpawnConfig integer-switch codegen seam.
9f4a03914d71cea1	reviewed	src/Gruntz/GruntSpawnConfig.cpp	422	IDX	PickupType	PICKUP_ROCK	case IDX(PICKUP_ROCK):	All occurrences were inspected: exits target generic WWD m_smarts storage, raw pickup counters/APIs, or the documented GruntSpawnConfig integer-switch codegen seam.
63cddb612b300d90	reviewed	src/Gruntz/GruntSpawnConfig.cpp	424	IDX	PickupType	PICKUP_SHIELD	case IDX(PICKUP_SHIELD):	All occurrences were inspected: exits target generic WWD m_smarts storage, raw pickup counters/APIs, or the documented GruntSpawnConfig integer-switch codegen seam.
05c05fb4186571df	reviewed	src/Gruntz/GruntSpawnConfig.cpp	426	IDX	PickupType	PICKUP_SHOVEL	case IDX(PICKUP_SHOVEL):	All occurrences were inspected: exits target generic WWD m_smarts storage, raw pickup counters/APIs, or the documented GruntSpawnConfig integer-switch codegen seam.
0ed723e3d8f77b70	reviewed	src/Gruntz/GruntSpawnConfig.cpp	428	IDX	PickupType	PICKUP_SPRING	case IDX(PICKUP_SPRING):	All occurrences were inspected: exits target generic WWD m_smarts storage, raw pickup counters/APIs, or the documented GruntSpawnConfig integer-switch codegen seam.
8f3e999506890d5a	reviewed	src/Gruntz/GruntSpawnConfig.cpp	430	IDX	PickupType	PICKUP_SPY	case IDX(PICKUP_SPY):	All occurrences were inspected: exits target generic WWD m_smarts storage, raw pickup counters/APIs, or the documented GruntSpawnConfig integer-switch codegen seam.
aeea8ba80ad662c1	reviewed	src/Gruntz/GruntSpawnConfig.cpp	432	IDX	PickupType	PICKUP_SWORD	case IDX(PICKUP_SWORD):	All occurrences were inspected: exits target generic WWD m_smarts storage, raw pickup counters/APIs, or the documented GruntSpawnConfig integer-switch codegen seam.
990b66b470b0c289	reviewed	src/Gruntz/GruntSpawnConfig.cpp	434	IDX	PickupType	PICKUP_TIMEBOMB	case IDX(PICKUP_TIMEBOMB):	All occurrences were inspected: exits target generic WWD m_smarts storage, raw pickup counters/APIs, or the documented GruntSpawnConfig integer-switch codegen seam.
517a3540c049ab0f	reviewed	src/Gruntz/GruntSpawnConfig.cpp	436	IDX	PickupType	PICKUP_TOOB	case IDX(PICKUP_TOOB):	All occurrences were inspected: exits target generic WWD m_smarts storage, raw pickup counters/APIs, or the documented GruntSpawnConfig integer-switch codegen seam.
4deae90b4e21b292	reviewed	src/Gruntz/GruntSpawnConfig.cpp	441	IDX	PickupType	PICKUP_WAND	case IDX(PICKUP_WAND):	All occurrences were inspected: exits target generic WWD m_smarts storage, raw pickup counters/APIs, or the documented GruntSpawnConfig integer-switch codegen seam.
419de7ca76231041	reviewed	src/Gruntz/GruntSpawnConfig.cpp	443	IDX	PickupType	PICKUP_WARPSTONE	case IDX(PICKUP_WARPSTONE):	All occurrences were inspected: exits target generic WWD m_smarts storage, raw pickup counters/APIs, or the documented GruntSpawnConfig integer-switch codegen seam.
9657f257af41489a	reviewed	src/Gruntz/GruntSpawnConfig.cpp	445	IDX	PickupType	PICKUP_WELDER	case IDX(PICKUP_WELDER):	All occurrences were inspected: exits target generic WWD m_smarts storage, raw pickup counters/APIs, or the documented GruntSpawnConfig integer-switch codegen seam.
302c9c7132dae2f0	reviewed	src/Gruntz/GruntSpawnConfig.cpp	447	IDX	PickupType	PICKUP_WINGZ	case IDX(PICKUP_WINGZ):	All occurrences were inspected: exits target generic WWD m_smarts storage, raw pickup counters/APIs, or the documented GruntSpawnConfig integer-switch codegen seam.
cfe5c11e4d6e5c77	reviewed	src/Gruntz/GruntSpawnConfig.cpp	449	IDX	PickupType	PICKUP_BABYWALKER	case IDX(PICKUP_BABYWALKER):	All occurrences were inspected: exits target generic WWD m_smarts storage, raw pickup counters/APIs, or the documented GruntSpawnConfig integer-switch codegen seam.
01b673e1fc99ead7	reviewed	src/Gruntz/GruntSpawnConfig.cpp	451	IDX	PickupType	PICKUP_BEACHBALL	case IDX(PICKUP_BEACHBALL):	All occurrences were inspected: exits target generic WWD m_smarts storage, raw pickup counters/APIs, or the documented GruntSpawnConfig integer-switch codegen seam.
c670af7465fa5422	reviewed	src/Gruntz/GruntSpawnConfig.cpp	453	IDX	PickupType	PICKUP_BIGWHEEL	case IDX(PICKUP_BIGWHEEL):	All occurrences were inspected: exits target generic WWD m_smarts storage, raw pickup counters/APIs, or the documented GruntSpawnConfig integer-switch codegen seam.
1c9968fbbce0edae	reviewed	src/Gruntz/GruntSpawnConfig.cpp	455	IDX	PickupType	PICKUP_GOKART	case IDX(PICKUP_GOKART):	All occurrences were inspected: exits target generic WWD m_smarts storage, raw pickup counters/APIs, or the documented GruntSpawnConfig integer-switch codegen seam.
03556d7a6df851de	reviewed	src/Gruntz/GruntSpawnConfig.cpp	457	IDX	PickupType	PICKUP_JACKINTHEBOX	case IDX(PICKUP_JACKINTHEBOX):	All occurrences were inspected: exits target generic WWD m_smarts storage, raw pickup counters/APIs, or the documented GruntSpawnConfig integer-switch codegen seam.
7da833826267b756	reviewed	src/Gruntz/GruntSpawnConfig.cpp	459	IDX	PickupType	PICKUP_JUMPROPE	case IDX(PICKUP_JUMPROPE):	All occurrences were inspected: exits target generic WWD m_smarts storage, raw pickup counters/APIs, or the documented GruntSpawnConfig integer-switch codegen seam.
6836cf3993b29e8f	reviewed	src/Gruntz/GruntSpawnConfig.cpp	461	IDX	PickupType	PICKUP_POGOSTICK	case IDX(PICKUP_POGOSTICK):	All occurrences were inspected: exits target generic WWD m_smarts storage, raw pickup counters/APIs, or the documented GruntSpawnConfig integer-switch codegen seam.
61427e484f104cac	reviewed	src/Gruntz/GruntSpawnConfig.cpp	463	IDX	PickupType	PICKUP_SCROLL	case IDX(PICKUP_SCROLL):	All occurrences were inspected: exits target generic WWD m_smarts storage, raw pickup counters/APIs, or the documented GruntSpawnConfig integer-switch codegen seam.
5502d40fabd13fa9	reviewed	src/Gruntz/GruntSpawnConfig.cpp	465	IDX	PickupType	PICKUP_SQUEAKTOY	case IDX(PICKUP_SQUEAKTOY):	All occurrences were inspected: exits target generic WWD m_smarts storage, raw pickup counters/APIs, or the documented GruntSpawnConfig integer-switch codegen seam.
e9e1ade2f4c5fc4b	reviewed	src/Gruntz/GruntSpawnConfig.cpp	467	IDX	PickupType	PICKUP_YOYO	case IDX(PICKUP_YOYO):	All occurrences were inspected: exits target generic WWD m_smarts storage, raw pickup counters/APIs, or the documented GruntSpawnConfig integer-switch codegen seam.
962edcb93e7b3a4b	fixed	src/Gruntz/GruntStartingPoint.cpp	49	IDX	SpriteStateFlags	SPRITE_STATE_HIDDEN	m_wwdObject->m_stateFlags |= IDX(SPRITE_STATE_HIDDEN);	Typed CResolveNode::m_stateFlags as SpriteStateFlags and replaced raw bit arithmetic with domain operators/HAS; all former per-call exits disappeared.
357c539a01c91253	reviewed	src/Gruntz/GruntSteps.cpp	262	static_cast-enum	TileCollisionKind	code	TileCollisionKind tileKind = static_cast<TileCollisionKind>(code);	Reviewed individually: these conversions are at raw file, network, UI, serialization, packed-storage, or historically integer-signature boundaries.
595979a883cf5cb9	reviewed	src/Gruntz/GruntSteps.cpp	541	static_cast-enum	TileCollisionKind	cmd	switch (static_cast<TileCollisionKind>(cmd)) {	Reviewed individually: these conversions are at raw file, network, UI, serialization, packed-storage, or historically integer-signature boundaries.
b9e71bff6e21437c	reviewed	src/Gruntz/GruntSteps.cpp	719	static_cast-enum	GruntDirection	dir	switch (static_cast<GruntDirection>(dir)) {	Reviewed individually: these are per-consumer views of generic WWD/animation/shared integer storage; the owner cannot be globally typed because the same slot carries other domains.
09b8006468892bc1	fixed	src/Gruntz/GruntToySprite.cpp	36	IDX	SpriteStateFlags	SPRITE_STATE_HIDDEN	m_wwdObject->m_stateFlags |= IDX(SPRITE_STATE_HIDDEN);	Typed CResolveNode::m_stateFlags as SpriteStateFlags and replaced raw bit arithmetic with domain operators/HAS; all former per-call exits disappeared.
47372523bc1ddd01	fixed	src/Gruntz/GruntToySprite.cpp	77	IDX	SpriteStateFlags	SPRITE_STATE_HIDDEN	m_wwdObject->m_stateFlags &= ~IDX(SPRITE_STATE_HIDDEN);	Typed CResolveNode::m_stateFlags as SpriteStateFlags and replaced raw bit arithmetic with domain operators/HAS; all former per-call exits disappeared.
ec8162b279d944d5	reviewed	src/Gruntz/GruntToySprite.cpp	94	IDX		layer	i32 layerIndex = IDX(layer);	Audited individually: PickupType and related badge/layer/health enums become sprite frames, shade/tool indices, pickup-counter offsets, raw WWD fields, or retail int parameters; no shared semantic field is incorrectly left untyped.
03f949fad8e5b758	fixed	src/Gruntz/GruntVoice.cpp	86	static_cast-enum	AnimWorkerAct	ctl->ActKey()	AnimWorkerAct act = static_cast<AnimWorkerAct>(ctl->ActKey());	Centralized worker-event interpretation in AnimWorkerObj typed accessors.
c1f522f26f2ff24e	fixed	src/Gruntz/GruntVoice.cpp	89	IDX	AnimWorkerAct	ACT_LIVE	ctl->SetActKey(IDX(ACT_LIVE));	Centralized worker-event interpretation in AnimWorkerObj typed accessors.
c7764bda388d31dd	fixed	src/Gruntz/GruntVoice.cpp	125	static_cast-enum	AnimWorkerAct	ctl->ActKey()	AnimWorkerAct act = static_cast<AnimWorkerAct>(ctl->ActKey());	Centralized worker-event interpretation in AnimWorkerObj typed accessors.
ae6d03176ed4a406	fixed	src/Gruntz/GruntVoice.cpp	128	IDX	AnimWorkerAct	ACT_LIVE	ctl->SetActKey(IDX(ACT_LIVE));	Centralized worker-event interpretation in AnimWorkerObj typed accessors.
d5b153f745ac2601	fixed	src/Gruntz/GruntVoice.cpp	179	IDX	SpriteStateFlags	SPRITE_STATE_HIDDEN	m_wwdObject->m_stateFlags |= IDX(SPRITE_STATE_HIDDEN);	Typed CResolveNode::m_stateFlags as SpriteStateFlags and replaced raw bit arithmetic with domain operators/HAS; all former per-call exits disappeared.
4d1a6f4a8a012f5a	fixed	src/Gruntz/GruntVoice.cpp	194	IDX	SpriteStateFlags	SPRITE_STATE_HIDDEN	m_wwdObject->m_stateFlags |= IDX(SPRITE_STATE_HIDDEN);	Typed CResolveNode::m_stateFlags as SpriteStateFlags and replaced raw bit arithmetic with domain operators/HAS; all former per-call exits disappeared.
639868ee88d3e0f8	fixed	src/Gruntz/GruntVoice.cpp	346	IDX	SpriteStateFlags	SPRITE_STATE_HIDDEN	m_object->m_stateFlags |= IDX(SPRITE_STATE_HIDDEN);	Typed CResolveNode::m_stateFlags as SpriteStateFlags and replaced raw bit arithmetic with domain operators/HAS; all former per-call exits disappeared.
830b239dbdb41712	fixed	src/Gruntz/GruntVoice.cpp	355	IDX	SpriteStateFlags	SPRITE_STATE_HIDDEN	m_object->m_stateFlags |= IDX(SPRITE_STATE_HIDDEN);	Typed CResolveNode::m_stateFlags as SpriteStateFlags and replaced raw bit arithmetic with domain operators/HAS; all former per-call exits disappeared.
8b17c685d1fff7bc	fixed	src/Gruntz/GruntVoice.cpp	379	IDX	SpriteStateFlags	SPRITE_STATE_HIDDEN	m_object->m_stateFlags &= ~IDX(SPRITE_STATE_HIDDEN);	Typed CResolveNode::m_stateFlags as SpriteStateFlags and replaced raw bit arithmetic with domain operators/HAS; all former per-call exits disappeared.
ab8a352a1b914c23	fixed	src/Gruntz/GruntVoice.cpp	395	IDX	SpriteStateFlags	SPRITE_STATE_HIDDEN	m_object->m_stateFlags &= ~IDX(SPRITE_STATE_HIDDEN);	Typed CResolveNode::m_stateFlags as SpriteStateFlags and replaced raw bit arithmetic with domain operators/HAS; all former per-call exits disappeared.
a7bebddd47222b22	fixed	src/Gruntz/GruntVoice.cpp	411	IDX	SpriteStateFlags	SPRITE_STATE_HIDDEN	m_object->m_stateFlags |= IDX(SPRITE_STATE_HIDDEN);	Typed CResolveNode::m_stateFlags as SpriteStateFlags and replaced raw bit arithmetic with domain operators/HAS; all former per-call exits disappeared.
020380b15edcb174	reviewed	src/Gruntz/GruntzApp.cpp	77	IDX	ErrorStringId	IDS_DEFAULT_ERROR	id = IDX(IDS_DEFAULT_ERROR);	All occurrences pass resource-string identifiers through the retail int LoadString/ReportError boundary.
8e28db7f78f47c4f	reviewed	src/Gruntz/GruntzApp.cpp	87	IDX	ErrorStringId	IDS_DEFAULT_ERROR	&& LoadStringA(m_hInstance, IDX(IDS_DEFAULT_ERROR), g_errorText, 0xfa) <= 0) {	All occurrences pass resource-string identifiers through the retail int LoadString/ReportError boundary.
e02ebb1cc8d847c0	reviewed	src/Gruntz/GruntzCmdMgr.cpp	308	static_cast-enum	PlayerCommandKind	*buf++	m_commandKind = static_cast<PlayerCommandKind>(*buf++);	Reviewed individually: these conversions are at raw file, network, UI, serialization, packed-storage, or historically integer-signature boundaries.
72247a5573a9f658	reviewed	src/Gruntz/GruntzCmdMgr.cpp	327	static_cast-enum	PlayerCommandKind	*buf++	m_commandKind = static_cast<PlayerCommandKind>(*buf++);	Reviewed individually: these conversions are at raw file, network, UI, serialization, packed-storage, or historically integer-signature boundaries.
db0990d8c32c5239	reviewed	src/Gruntz/GruntzCmdMgr.cpp	343	IDX		m_commandKind	*++buf = static_cast<char>(IDX(m_commandKind));	Audited individually: exits format LevelArea names, serialize command-kind bytes, pass QuestLevel through a retail int API, mask a Win32 command word, index animation frames, store a custom-map flag, map low SBI tab commands, or select a finish-reason frame.
7af26e3531952d2d	reviewed	src/Gruntz/GruntzCmdMgr.cpp	364	IDX		m_commandKind	*++buf = static_cast<char>(IDX(m_commandKind));	Audited individually: exits format LevelArea names, serialize command-kind bytes, pass QuestLevel through a retail int API, mask a Win32 command word, index animation frames, store a custom-map flag, map low SBI tab commands, or select a finish-reason frame.
42bc2a801bcf31d7	reviewed	src/Gruntz/GruntzCmdMgr.cpp	386	static_cast-enum	PlayerCommandKind	m_commandKind	static_cast<PlayerCommandKind>(m_commandKind),	Reviewed individually: these conversions are at raw file, network, UI, serialization, packed-storage, or historically integer-signature boundaries.
049dcf028342861e	reviewed	src/Gruntz/GruntzCmdMgr.cpp	406	static_cast-enum	PlayerCommandKind	m_commandKind	static_cast<PlayerCommandKind>(m_commandKind),	Reviewed individually: these conversions are at raw file, network, UI, serialization, packed-storage, or historically integer-signature boundaries.
e8f9329f78db344b	reviewed	src/Gruntz/GruntzCmdMgr.cpp	435	IDX	GruntzCommandRecordKind	COMMAND_RECORD_SINGLE	return static_cast<char>(IDX(COMMAND_RECORD_SINGLE));	Command-record tags are deliberately narrowed into the serialized one-byte wire/file format.
e41b36956a51d798	reviewed	src/Gruntz/GruntzCmdMgr.cpp	469	IDX	GruntzCommandRecordKind	COMMAND_RECORD_MULTI	return static_cast<char>(IDX(COMMAND_RECORD_MULTI));	Command-record tags are deliberately narrowed into the serialized one-byte wire/file format.
6f6662924524e898	reviewed	src/Gruntz/GruntzCmdMgr.cpp	637	static_cast-enum	GruntzCommandRecordKind	tagWord	GruntzCommandRecordKind tag = static_cast<GruntzCommandRecordKind>(tagWord);	Reviewed individually: these conversions are at raw file, network, UI, serialization, packed-storage, or historically integer-signature boundaries.
3d63ef1dfe1bc7e7	reviewed	src/Gruntz/GruntzMgr.cpp	205	IDX	GruntzCommandId	CMD_RETURN_TO_MENU	g_gameReg->ReportError(IDX(CMD_RETURN_TO_MENU), 0x435);	All occurrences were inspected: exits feed raw Win32/menu command IDs, ReportError, or the historically int CheatMgr registration API; the enum remains the source domain.
69abbe4b56525373	reviewed	src/Gruntz/GruntzMgr.cpp	205	IDX	ErrorStringId	IDS_RESTORE_GAME	g_gameReg->ReportError(IDX(IDS_RESTORE_GAME), 0x435);	Each occurrence uses a retail RT_STRING-backed ErrorStringId at the raw Win32 LoadString/ReportError boundary; former CMD_* aliases were replaced from decoded resource evidence.
0e05612c8c13a7c3	fixed	src/Gruntz/GruntzMgr.cpp	221	static_cast-enum	GameStateId	0	GameStateId local10 = static_cast<GameStateId>(0);	Removed an unnecessary conversion by typing the owner, using an existing named value, or introducing an evidence-backed domain constant.
b1962733738e904b	reviewed	src/Gruntz/GruntzMgr.cpp	295	IDX		local10	i32 ok = st->LoadGameAssetNamespaces(this, areaArg, IDX(local10));	Audited individually: GameStateId exits through the retail int virtual signature, WorldInitReportTag/Error values become numeric ReportError detail tags, and Resolution is stored as a registry DWORD.
1cd58b6369d31e15	reviewed	src/Gruntz/GruntzMgr.cpp	363	IDX	QuestLevel	QUESTLEVEL_TRAINING_LAST	if (next > IDX(QUESTLEVEL_TRAINING_LAST)) {	All occurrences were inspected: exits are level-number arithmetic, display/save counts, or raw menu API arguments; semantic storage and accessors remain typed.
b5bf7a2957e2c501	reviewed	src/Gruntz/GruntzMgr.cpp	364	IDX	QuestLevel	QUESTLEVEL_FIRST	next = IDX(QUESTLEVEL_FIRST);	All occurrences were inspected: exits are level-number arithmetic, display/save counts, or raw menu API arguments; semantic storage and accessors remain typed.
9f43a55122ba0678	reviewed	src/Gruntz/GruntzMgr.cpp	366	IDX	QuestLevel	QUESTLEVEL_CAMPAIGN_LAST	if (next <= IDX(QUESTLEVEL_CAMPAIGN_LAST) || next >= IDX(QUESTLEVEL_TRAINING_FIRST)) {	All occurrences were inspected: exits are level-number arithmetic, display/save counts, or raw menu API arguments; semantic storage and accessors remain typed.
e56eb2e7f3551c30	reviewed	src/Gruntz/GruntzMgr.cpp	366	IDX	QuestLevel	QUESTLEVEL_TRAINING_FIRST	if (next <= IDX(QUESTLEVEL_CAMPAIGN_LAST) || next >= IDX(QUESTLEVEL_TRAINING_FIRST)) {	All occurrences were inspected: exits are level-number arithmetic, display/save counts, or raw menu API arguments; semantic storage and accessors remain typed.
1931820b980db761	reviewed	src/Gruntz/GruntzMgr.cpp	373	IDX	ErrorStringId	IDS_CHANGE_LEVEL	ReportError(IDX(IDS_CHANGE_LEVEL), 0x436);	Each occurrence uses a retail RT_STRING-backed ErrorStringId at the raw Win32 LoadString/ReportError boundary; former CMD_* aliases were replaced from decoded resource evidence.
4352b83fa6768291	reviewed	src/Gruntz/GruntzMgr.cpp	373	IDX	GruntzCommandId	CMD_PAUSE_TOGGLE	ReportError(IDX(CMD_PAUSE_TOGGLE), 0x436);	All occurrences were inspected: exits feed raw Win32/menu command IDs, ReportError, or the historically int CheatMgr registration API; the enum remains the source domain.
2b7aa463b9cf91c6	reviewed	src/Gruntz/GruntzMgr.cpp	386	IDX	QuestLevel	QUESTLEVEL_TRAINING_LAST	prev = IDX(QUESTLEVEL_TRAINING_LAST);	All occurrences were inspected: exits are level-number arithmetic, display/save counts, or raw menu API arguments; semantic storage and accessors remain typed.
a8e5dc1e4e992c9f	reviewed	src/Gruntz/GruntzMgr.cpp	388	IDX	QuestLevel	QUESTLEVEL_TRAINING_FIRST	if (prev <= IDX(QUESTLEVEL_CAMPAIGN_LAST) || prev >= IDX(QUESTLEVEL_TRAINING_FIRST)) {	All occurrences were inspected: exits are level-number arithmetic, display/save counts, or raw menu API arguments; semantic storage and accessors remain typed.
b63d801c826e0690	reviewed	src/Gruntz/GruntzMgr.cpp	388	IDX	QuestLevel	QUESTLEVEL_CAMPAIGN_LAST	if (prev <= IDX(QUESTLEVEL_CAMPAIGN_LAST) || prev >= IDX(QUESTLEVEL_TRAINING_FIRST)) {	All occurrences were inspected: exits are level-number arithmetic, display/save counts, or raw menu API arguments; semantic storage and accessors remain typed.
29537e1e50e99c9c	reviewed	src/Gruntz/GruntzMgr.cpp	395	IDX	ErrorStringId	IDS_CHANGE_LEVEL	ReportError(IDX(IDS_CHANGE_LEVEL), 0x437);	Each occurrence uses a retail RT_STRING-backed ErrorStringId at the raw Win32 LoadString/ReportError boundary; former CMD_* aliases were replaced from decoded resource evidence.
7fb7d5ea1b159642	reviewed	src/Gruntz/GruntzMgr.cpp	395	IDX	GruntzCommandId	CMD_PAUSE_TOGGLE	ReportError(IDX(CMD_PAUSE_TOGGLE), 0x437);	All occurrences were inspected: exits feed raw Win32/menu command IDs, ReportError, or the historically int CheatMgr registration API; the enum remains the source domain.
ab38a1141ee7bf0e	reviewed	src/Gruntz/GruntzMgr.cpp	417	static_cast-enum	SpriteStateFlags	mask	obj->m_stateFlags ^= static_cast<SpriteStateFlags>(mask);	The only remaining entries are raw WWD record ingest and the retail int mask parameter of XorLiveObjectFlags.
a847aa48f7425cd3	reviewed	src/Gruntz/GruntzMgr.cpp	474	IDX	ErrorStringId	IDS_SET_VIDEO_MODE	ReportError(IDX(IDS_SET_VIDEO_MODE), 0x438);	Each occurrence uses a retail RT_STRING-backed ErrorStringId at the raw Win32 LoadString/ReportError boundary; former CMD_* aliases were replaced from decoded resource evidence.
c0589e766588f361	reviewed	src/Gruntz/GruntzMgr.cpp	474	IDX	GruntzCommandId	CMD_QUIT	ReportError(IDX(CMD_QUIT), 0x438);	All occurrences were inspected: exits feed raw Win32/menu command IDs, ReportError, or the historically int CheatMgr registration API; the enum remains the source domain.
07d0abe4243c244c	reviewed	src/Gruntz/GruntzMgr.cpp	746	IDX	GruntzCommandId	CMD_NEW_GAME	PostMessageA(m_gameWnd->m_hwnd, WM_COMMAND, IDX(CMD_NEW_GAME), 0);	All occurrences were inspected: exits feed raw Win32/menu command IDs, ReportError, or the historically int CheatMgr registration API; the enum remains the source domain.
8c4e15d042ac2c4f	reviewed	src/Gruntz/GruntzMgr.cpp	956	IDX	GruntzCommandId	CMD_QUIT	ReportError(IDX(CMD_QUIT), 0x45e);	All occurrences were inspected: exits feed raw Win32/menu command IDs, ReportError, or the historically int CheatMgr registration API; the enum remains the source domain.
e01b76ecd547eb43	reviewed	src/Gruntz/GruntzMgr.cpp	956	IDX	ErrorStringId	IDS_SET_VIDEO_MODE	ReportError(IDX(IDS_SET_VIDEO_MODE), 0x45e);	Each occurrence uses a retail RT_STRING-backed ErrorStringId at the raw Win32 LoadString/ReportError boundary; former CMD_* aliases were replaced from decoded resource evidence.
a734b83502eb0628	reviewed	src/Gruntz/GruntzMgr.cpp	965	IDX	GruntzCommandId	CMD_NEW_GAME	PostMessageA(m_gameWnd->m_hwnd, WM_COMMAND, IDX(CMD_NEW_GAME), 0);	All occurrences were inspected: exits feed raw Win32/menu command IDs, ReportError, or the historically int CheatMgr registration API; the enum remains the source domain.
644b3afd364837b3	reviewed	src/Gruntz/GruntzMgr.cpp	1105	IDX	QuestLevel	QUESTLEVEL_POST_LAST	if (code > 0 && code <= IDX(QUESTLEVEL_POST_LAST)) {	All occurrences were inspected: exits are level-number arithmetic, display/save counts, or raw menu API arguments; semantic storage and accessors remain typed.
6803bd9d7dcc2303	reviewed	src/Gruntz/GruntzMgr.cpp	1106	IDX	QuestLevel	QUESTLEVEL_RESTART	i32 v = (code == IDX(QUESTLEVEL_RESTART)) ? IDX(QUESTLEVEL_FIRST) : code;	All occurrences were inspected: exits are level-number arithmetic, display/save counts, or raw menu API arguments; semantic storage and accessors remain typed.
eceac7e33f77535f	reviewed	src/Gruntz/GruntzMgr.cpp	1106	IDX	QuestLevel	QUESTLEVEL_FIRST	i32 v = (code == IDX(QUESTLEVEL_RESTART)) ? IDX(QUESTLEVEL_FIRST) : code;	All occurrences were inspected: exits are level-number arithmetic, display/save counts, or raw menu API arguments; semantic storage and accessors remain typed.
1b3ba67ba56f6daa	reviewed	src/Gruntz/GruntzMgr.cpp	1107	IDX	GruntzCommandId	CMD_LOAD_WORLD	PostMessageA(m_gameWnd->m_hwnd, WM_COMMAND, IDX(CMD_LOAD_WORLD), v);	All occurrences were inspected: exits feed raw Win32/menu command IDs, ReportError, or the historically int CheatMgr registration API; the enum remains the source domain.
596dfa74598f8cf5	reviewed	src/Gruntz/GruntzMgr.cpp	1115	IDX		tag	ReportError(IDX(CMD_TOGGLE_MUSIC), IDX(tag));	Superseded ledger context after correcting the first ReportError argument; the WorldInitReportTag exit remains present and is reviewed at its current occurrence.
66d77eb07ffae760	reviewed	src/Gruntz/GruntzMgr.cpp	1115	IDX	GruntzCommandId	CMD_TOGGLE_MUSIC	ReportError(IDX(CMD_TOGGLE_MUSIC), IDX(tag));	All occurrences were inspected: exits feed raw Win32/menu command IDs, ReportError, or the historically int CheatMgr registration API; the enum remains the source domain.
9ba406f7db6bddb5	reviewed	src/Gruntz/GruntzMgr.cpp	1115	IDX		tag	ReportError(IDX(IDS_INITIALIZE_GAME), IDX(tag));	Audited individually: GameStateId exits through the retail int virtual signature, WorldInitReportTag/Error values become numeric ReportError detail tags, and Resolution is stored as a registry DWORD.
c3600026fe0485d0	reviewed	src/Gruntz/GruntzMgr.cpp	1115	IDX	ErrorStringId	IDS_INITIALIZE_GAME	ReportError(IDX(IDS_INITIALIZE_GAME), IDX(tag));	Each occurrence uses a retail RT_STRING-backed ErrorStringId at the raw Win32 LoadString/ReportError boundary; former CMD_* aliases were replaced from decoded resource evidence.
41dc3d9fe3252a84	reviewed	src/Gruntz/GruntzMgr.cpp	1119	IDX	ErrorStringId	IDS_INITIALIZE_GAME	ReportError(IDX(IDS_INITIALIZE_GAME), IDX(tag));	Each occurrence uses a retail RT_STRING-backed ErrorStringId at the raw Win32 LoadString/ReportError boundary; former CMD_* aliases were replaced from decoded resource evidence.
63b25eb45c21492c	reviewed	src/Gruntz/GruntzMgr.cpp	1119	IDX		tag	ReportError(IDX(CMD_TOGGLE_MUSIC), IDX(tag));	Superseded ledger context after correcting the first ReportError argument; the WorldInitReportTag exit remains present and is reviewed at its current occurrence.
cd927c09735c8299	reviewed	src/Gruntz/GruntzMgr.cpp	1119	IDX		tag	ReportError(IDX(IDS_INITIALIZE_GAME), IDX(tag));	Audited individually: GameStateId exits through the retail int virtual signature, WorldInitReportTag/Error values become numeric ReportError detail tags, and Resolution is stored as a registry DWORD.
fb95997f5f248f01	reviewed	src/Gruntz/GruntzMgr.cpp	1119	IDX	GruntzCommandId	CMD_TOGGLE_MUSIC	ReportError(IDX(CMD_TOGGLE_MUSIC), IDX(tag));	All occurrences were inspected: exits feed raw Win32/menu command IDs, ReportError, or the historically int CheatMgr registration API; the enum remains the source domain.
d357d15f55fc2069	reviewed	src/Gruntz/GruntzMgr.cpp	1123	IDX	WorldInitError	WORLDERR_CREATE_PAGES	ReportError(IDX(IDS_WORLD_CREATE_PAGES), IDX(WORLDERR_CREATE_PAGES));	All occurrences pass typed initialization failures to the retail int error-reporting API.
f4b58414f29d8420	reviewed	src/Gruntz/GruntzMgr.cpp	1123	IDX	ErrorStringId	IDS_WORLD_CREATE_PAGES	ReportError(IDX(IDS_WORLD_CREATE_PAGES), IDX(WORLDERR_CREATE_PAGES));	All occurrences pass resource-string identifiers through the retail int LoadString/ReportError boundary.
0a229c6b5b387df7	reviewed	src/Gruntz/GruntzMgr.cpp	1126	IDX	ErrorStringId	IDS_WORLD_SOUND_OUTPUT	ReportError(IDX(IDS_WORLD_SOUND_OUTPUT), IDX(WORLDERR_SOUND_OUTPUT));	All occurrences pass resource-string identifiers through the retail int LoadString/ReportError boundary.
608b4eaaa69f10cc	reviewed	src/Gruntz/GruntzMgr.cpp	1126	IDX	WorldInitError	WORLDERR_SOUND_OUTPUT	ReportError(IDX(IDS_WORLD_SOUND_OUTPUT), IDX(WORLDERR_SOUND_OUTPUT));	All occurrences pass typed initialization failures to the retail int error-reporting API.
2adc7c31aa53fe48	reviewed	src/Gruntz/GruntzMgr.cpp	1129	IDX	WorldInitError	WORLDERR_SOUND_REGISTRY	ReportError(IDX(IDS_WORLD_SOUND_REGISTRY), IDX(WORLDERR_SOUND_REGISTRY));	All occurrences pass typed initialization failures to the retail int error-reporting API.
ae52bd57d74d980e	reviewed	src/Gruntz/GruntzMgr.cpp	1129	IDX	ErrorStringId	IDS_WORLD_SOUND_REGISTRY	ReportError(IDX(IDS_WORLD_SOUND_REGISTRY), IDX(WORLDERR_SOUND_REGISTRY));	All occurrences pass resource-string identifiers through the retail int LoadString/ReportError boundary.
17b193480b7493aa	reviewed	src/Gruntz/GruntzMgr.cpp	1132	IDX	ErrorStringId	IDS_WORLD_FRONT_SURFACE	ReportError(IDX(IDS_WORLD_FRONT_SURFACE), IDX(WORLDERR_FRONT_SURFACE));	All occurrences pass resource-string identifiers through the retail int LoadString/ReportError boundary.
269d95f313378b56	reviewed	src/Gruntz/GruntzMgr.cpp	1132	IDX	WorldInitError	WORLDERR_FRONT_SURFACE	ReportError(IDX(IDS_WORLD_FRONT_SURFACE), IDX(WORLDERR_FRONT_SURFACE));	All occurrences pass typed initialization failures to the retail int error-reporting API.
03c15d5ab4a480b3	reviewed	src/Gruntz/GruntzMgr.cpp	1135	IDX	WorldInitError	WORLDERR_BACK_SURFACE	ReportError(IDX(IDS_WORLD_BACK_SURFACE), IDX(WORLDERR_BACK_SURFACE));	All occurrences pass typed initialization failures to the retail int error-reporting API.
acb963e37bcba04d	reviewed	src/Gruntz/GruntzMgr.cpp	1135	IDX	ErrorStringId	IDS_WORLD_BACK_SURFACE	ReportError(IDX(IDS_WORLD_BACK_SURFACE), IDX(WORLDERR_BACK_SURFACE));	All occurrences pass resource-string identifiers through the retail int LoadString/ReportError boundary.
16bf83563a67b63d	reviewed	src/Gruntz/GruntzMgr.cpp	1138	IDX	WorldInitError	WORLDERR_OVERLAY_SURFACE	ReportError(IDX(IDS_WORLD_OVERLAY_SURFACE), IDX(WORLDERR_OVERLAY_SURFACE));	All occurrences pass typed initialization failures to the retail int error-reporting API.
bbeefcbd0f8f9aa8	reviewed	src/Gruntz/GruntzMgr.cpp	1138	IDX	ErrorStringId	IDS_WORLD_OVERLAY_SURFACE	ReportError(IDX(IDS_WORLD_OVERLAY_SURFACE), IDX(WORLDERR_OVERLAY_SURFACE));	All occurrences pass resource-string identifiers through the retail int LoadString/ReportError boundary.
7e3c3cb1f62c9bc8	reviewed	src/Gruntz/GruntzMgr.cpp	1141	IDX	ErrorStringId	IDS_WORLD_CREATE_DEVICE	ReportError(IDX(IDS_WORLD_CREATE_DEVICE), IDX(WORLDERR_CREATE_DEVICE));	All occurrences pass resource-string identifiers through the retail int LoadString/ReportError boundary.
d5e7339a2a337901	reviewed	src/Gruntz/GruntzMgr.cpp	1141	IDX	WorldInitError	WORLDERR_CREATE_DEVICE	ReportError(IDX(IDS_WORLD_CREATE_DEVICE), IDX(WORLDERR_CREATE_DEVICE));	All occurrences pass typed initialization failures to the retail int error-reporting API.
a444d91682114358	reviewed	src/Gruntz/GruntzMgr.cpp	1144	IDX		status	ReportError(IDX(IDS_WORLD_CREATE_PALETTE_SURFACE), IDX(status));	Audited individually: GameStateId exits through the retail int virtual signature, WorldInitReportTag/Error values become numeric ReportError detail tags, and Resolution is stored as a registry DWORD.
c2c026edd3e7c1d9	reviewed	src/Gruntz/GruntzMgr.cpp	1144	IDX	ErrorStringId	IDS_WORLD_CREATE_PALETTE_SURFACE	ReportError(IDX(IDS_WORLD_CREATE_PALETTE_SURFACE), IDX(status));	All occurrences pass resource-string identifiers through the retail int LoadString/ReportError boundary.
73f2b3cf462f3c98	reviewed	src/Gruntz/GruntzMgr.cpp	1147	IDX	ErrorStringId	IDS_WORLD_DDRAW_CREATE	ReportError(IDX(IDS_WORLD_DDRAW_CREATE), IDX(WORLDERR_DDRAW_CREATE));	All occurrences pass resource-string identifiers through the retail int LoadString/ReportError boundary.
91ff4045bf864d05	reviewed	src/Gruntz/GruntzMgr.cpp	1147	IDX	WorldInitError	WORLDERR_DDRAW_CREATE	ReportError(IDX(IDS_WORLD_DDRAW_CREATE), IDX(WORLDERR_DDRAW_CREATE));	All occurrences pass typed initialization failures to the retail int error-reporting API.
507207de192c35cc	reviewed	src/Gruntz/GruntzMgr.cpp	1150	IDX		status	ReportError(IDX(IDS_WORLD_DDRAW_COOPERATIVE_LEVEL), IDX(status));	Audited individually: GameStateId exits through the retail int virtual signature, WorldInitReportTag/Error values become numeric ReportError detail tags, and Resolution is stored as a registry DWORD.
ded7f5857f05a56d	reviewed	src/Gruntz/GruntzMgr.cpp	1150	IDX	ErrorStringId	IDS_WORLD_DDRAW_COOPERATIVE_LEVEL	ReportError(IDX(IDS_WORLD_DDRAW_COOPERATIVE_LEVEL), IDX(status));	All occurrences pass resource-string identifiers through the retail int LoadString/ReportError boundary.
4a4e982e119d0606	reviewed	src/Gruntz/GruntzMgr.cpp	1153	IDX	ErrorStringId	IDS_WORLD_DDRAW_CAPABILITIES	ReportError(IDX(IDS_WORLD_DDRAW_CAPABILITIES), IDX(status));	All occurrences pass resource-string identifiers through the retail int LoadString/ReportError boundary.
996b20bcfc6930ee	reviewed	src/Gruntz/GruntzMgr.cpp	1153	IDX		status	ReportError(IDX(IDS_WORLD_DDRAW_CAPABILITIES), IDX(status));	Audited individually: GameStateId exits through the retail int virtual signature, WorldInitReportTag/Error values become numeric ReportError detail tags, and Resolution is stored as a registry DWORD.
b80d5f3c32354eee	reviewed	src/Gruntz/GruntzMgr.cpp	1156	IDX		status	ReportError(IDX(IDS_WORLD_DDRAW_DISPLAY_MODE), IDX(status));	Audited individually: GameStateId exits through the retail int virtual signature, WorldInitReportTag/Error values become numeric ReportError detail tags, and Resolution is stored as a registry DWORD.
b823aa2e0e94738b	reviewed	src/Gruntz/GruntzMgr.cpp	1156	IDX	ErrorStringId	IDS_WORLD_DDRAW_DISPLAY_MODE	ReportError(IDX(IDS_WORLD_DDRAW_DISPLAY_MODE), IDX(status));	All occurrences pass resource-string identifiers through the retail int LoadString/ReportError boundary.
1675882903f9c00e	reviewed	src/Gruntz/GruntzMgr.cpp	1159	IDX	ErrorStringId	IDS_WORLD_DDRAW_COLOR_MASKS	ReportError(IDX(IDS_WORLD_DDRAW_COLOR_MASKS), IDX(status));	All occurrences pass resource-string identifiers through the retail int LoadString/ReportError boundary.
2c463681764c031f	reviewed	src/Gruntz/GruntzMgr.cpp	1159	IDX		status	ReportError(IDX(IDS_WORLD_DDRAW_COLOR_MASKS), IDX(status));	Audited individually: GameStateId exits through the retail int virtual signature, WorldInitReportTag/Error values become numeric ReportError detail tags, and Resolution is stored as a registry DWORD.
641d5691b110e7e3	reviewed	src/Gruntz/GruntzMgr.cpp	1162	IDX	ErrorStringId	IDS_WORLD_UNKNOWN	ReportError(IDX(IDS_WORLD_UNKNOWN), IDX(status));	All occurrences pass resource-string identifiers through the retail int LoadString/ReportError boundary.
91d0e95018ce9538	reviewed	src/Gruntz/GruntzMgr.cpp	1162	IDX		status	ReportError(IDX(IDS_WORLD_UNKNOWN), IDX(status));	Audited individually: GameStateId exits through the retail int virtual signature, WorldInitReportTag/Error values become numeric ReportError detail tags, and Resolution is stored as a registry DWORD.
159b0a9c17cf63ec	reviewed	src/Gruntz/GruntzMgr.cpp	1267	IDX	GruntzCommandId	CMD_NEW_GAME	ReportError(IDX(CMD_NEW_GAME), 0x43b);	All occurrences were inspected: exits feed raw Win32/menu command IDs, ReportError, or the historically int CheatMgr registration API; the enum remains the source domain.
edc3d333aa5dba4c	reviewed	src/Gruntz/GruntzMgr.cpp	1267	IDX	ErrorStringId	IDS_SET_GAME_STATE	ReportError(IDX(IDS_SET_GAME_STATE), 0x43b);	Each occurrence uses a retail RT_STRING-backed ErrorStringId at the raw Win32 LoadString/ReportError boundary; former CMD_* aliases were replaced from decoded resource evidence.
7d70c0091e9b7a53	fixed	src/Gruntz/GruntzMgr.cpp	1469	IDX		static_cast<GruntzCommandId>(0x800b)	ReportError(IDX(static_cast<GruntzCommandId>(0x800b)), 0x43e);	Replaced false GruntzCommandId casts with retail RT_STRING-backed ErrorStringId members.
dde93a07f924b33e	reviewed	src/Gruntz/GruntzMgr.cpp	1469	IDX	ErrorStringId	IDS_LOAD_RESOURCE_FILE	ReportError(IDX(IDS_LOAD_RESOURCE_FILE), 0x43e);	Each occurrence uses a retail RT_STRING-backed ErrorStringId at the raw Win32 LoadString/ReportError boundary; former CMD_* aliases were replaced from decoded resource evidence.
774b89783fe241ef	reviewed	src/Gruntz/GruntzMgr.cpp	1469	static_cast-enum	GruntzCommandId	0x800b	ReportError(IDX(static_cast<GruntzCommandId>(0x800b)), 0x43e);	Reviewed individually: the producer retains a retail integer ABI or generic API contract, and the conversion occurs once where the receiving domain is proven.
98e4ef29cdf52ee8	reviewed	src/Gruntz/GruntzMgr.cpp	1628	IDX	ErrorStringId	IDS_LOAD_RESOURCE_FILE	ReportError(IDX(IDS_LOAD_RESOURCE_FILE), 0x441);	Each occurrence uses a retail RT_STRING-backed ErrorStringId at the raw Win32 LoadString/ReportError boundary; former CMD_* aliases were replaced from decoded resource evidence.
b3242c5c5abf2189	fixed	src/Gruntz/GruntzMgr.cpp	1628	IDX		static_cast<GruntzCommandId>(0x800b)	ReportError(IDX(static_cast<GruntzCommandId>(0x800b)), 0x441);	Replaced false GruntzCommandId casts with retail RT_STRING-backed ErrorStringId members.
fced84a69b65b64f	reviewed	src/Gruntz/GruntzMgr.cpp	1628	static_cast-enum	GruntzCommandId	0x800b	ReportError(IDX(static_cast<GruntzCommandId>(0x800b)), 0x441);	Reviewed individually: the producer retains a retail integer ABI or generic API contract, and the conversion occurs once where the receiving domain is proven.
4998539555ced3cf	reviewed	src/Gruntz/GruntzMgr.cpp	1642	IDX	ErrorStringId	IDS_INITIALIZE_GAME	ReportError(IDX(IDS_INITIALIZE_GAME), 0x442);	Each occurrence uses a retail RT_STRING-backed ErrorStringId at the raw Win32 LoadString/ReportError boundary; former CMD_* aliases were replaced from decoded resource evidence.
951fc627709e2116	reviewed	src/Gruntz/GruntzMgr.cpp	1642	IDX	GruntzCommandId	CMD_TOGGLE_MUSIC	ReportError(IDX(CMD_TOGGLE_MUSIC), 0x442);	All occurrences were inspected: exits feed raw Win32/menu command IDs, ReportError, or the historically int CheatMgr registration API; the enum remains the source domain.
64b8fbdc5b87d005	fixed	src/Gruntz/GruntzMgr.cpp	1689	IDX		static_cast<GruntzCommandId>(0x801f)	ReportError(IDX(static_cast<GruntzCommandId>(0x801f)), 0x443);	Replaced false GruntzCommandId casts with retail RT_STRING-backed ErrorStringId members.
898974349641dea0	reviewed	src/Gruntz/GruntzMgr.cpp	1689	IDX	ErrorStringId	IDS_CHANGE_COLOR_DEPTH	ReportError(IDX(IDS_CHANGE_COLOR_DEPTH), 0x443);	Each occurrence uses a retail RT_STRING-backed ErrorStringId at the raw Win32 LoadString/ReportError boundary; former CMD_* aliases were replaced from decoded resource evidence.
4bd21952eedfb6d1	reviewed	src/Gruntz/GruntzMgr.cpp	1689	static_cast-enum	GruntzCommandId	0x801f	ReportError(IDX(static_cast<GruntzCommandId>(0x801f)), 0x443);	Reviewed individually: the producer retains a retail integer ABI or generic API contract, and the conversion occurs once where the receiving domain is proven.
d756df8fcc52deb9	fixed	src/Gruntz/GruntzMgr.cpp	1694	IDX		static_cast<GruntzCommandId>(0x801f)	ReportError(IDX(static_cast<GruntzCommandId>(0x801f)), 0x444);	Replaced false GruntzCommandId casts with retail RT_STRING-backed ErrorStringId members.
fca5cdef5bd9ebc8	reviewed	src/Gruntz/GruntzMgr.cpp	1694	IDX	ErrorStringId	IDS_CHANGE_COLOR_DEPTH	ReportError(IDX(IDS_CHANGE_COLOR_DEPTH), 0x444);	Each occurrence uses a retail RT_STRING-backed ErrorStringId at the raw Win32 LoadString/ReportError boundary; former CMD_* aliases were replaced from decoded resource evidence.
c6e038b182cd013f	reviewed	src/Gruntz/GruntzMgr.cpp	1694	static_cast-enum	GruntzCommandId	0x801f	ReportError(IDX(static_cast<GruntzCommandId>(0x801f)), 0x444);	Reviewed individually: the producer retains a retail integer ABI or generic API contract, and the conversion occurs once where the receiving domain is proven.
105ca29c53838413	reviewed	src/Gruntz/GruntzMgr.cpp	1727	IDX	GruntzCommandId	CMD_SHOW_STATE0	PostMessageA(m_gameWnd->m_hwnd, WM_COMMAND, IDX(CMD_SHOW_STATE0), 0);	All occurrences were inspected: exits feed raw Win32/menu command IDs, ReportError, or the historically int CheatMgr registration API; the enum remains the source domain.
b4a07aad8beef7dd	reviewed	src/Gruntz/GruntzMgr.cpp	1990	IDX	GruntzCommandId	CMD_LOAD_SAVED_GAME	PostMessageA(m_gameWnd->m_hwnd, WM_COMMAND, IDX(CMD_LOAD_SAVED_GAME), 0);	All occurrences were inspected: exits feed raw Win32/menu command IDs, ReportError, or the historically int CheatMgr registration API; the enum remains the source domain.
80aa113b348e3c4e	reviewed	src/Gruntz/GruntzMgr.cpp	2242	static_cast-enum	QuestLevel	sub->m_levelIndex	g_gameReg->m_saveSink->SetCurLevel(static_cast<QuestLevel>(sub->m_levelIndex));	CState level indices and arithmetic results are mixed numeric storage; convert only at the QuestLevel API boundary.
71ea6647bf961b25	reviewed	src/Gruntz/GruntzMgr.cpp	2244	IDX	QuestLevel	QUESTLEVEL_TRAINING_LAST	static_cast<QuestLevel>((sub->m_levelIndex % IDX(QUESTLEVEL_TRAINING_LAST)) + 1)	CState level indices and arithmetic results are mixed numeric storage; convert only at the QuestLevel API boundary.
af60d5b80994764b	reviewed	src/Gruntz/GruntzMgr.cpp	2244	static_cast-enum	QuestLevel	(sub->m_levelIndex % IDX(QUESTLEVEL_TRAINING_LAST)) + 1	static_cast<QuestLevel>((sub->m_levelIndex % IDX(QUESTLEVEL_TRAINING_LAST)) + 1)	CState level indices and arithmetic results are mixed numeric storage; convert only at the QuestLevel API boundary.
f4b833c67d770fc2	fixed	src/Gruntz/GruntzMgr.cpp	2519	static_cast-enum	GameStateId	0	GameStateId oldId = static_cast<GameStateId>(0);	Removed an unnecessary conversion by typing the owner, using an existing named value, or introducing an evidence-backed domain constant.
6bfd1f7ba058434c	reviewed	src/Gruntz/GruntzMgr.cpp	2704	IDX		res	"m_settings->SetValueDword(""Resolution"", IDX(res));"	Audited individually: GameStateId exits through the retail int virtual signature, WorldInitReportTag/Error values become numeric ReportError detail tags, and Resolution is stored as a registry DWORD.
3e6bdc557c59e5e9	reviewed	src/Gruntz/GruntzMgr.cpp	2859	IDX	GruntzCommandId	CMD_QUICK_SAVE_PROMPT	SendMessageA(m_gameWnd->m_hwnd, WM_COMMAND, IDX(CMD_QUICK_SAVE_PROMPT), 0);	All occurrences were inspected: exits feed raw Win32/menu command IDs, ReportError, or the historically int CheatMgr registration API; the enum remains the source domain.
cf28c374fb6e2871	reviewed	src/Gruntz/GruntzMgr.cpp	3004	IDX	GruntzCommandId	CMD_NEW_GAME_REPLAY	PostMessageA(m_gameWnd->m_hwnd, WM_COMMAND, IDX(CMD_NEW_GAME_REPLAY), 0);	All occurrences were inspected: exits feed raw Win32/menu command IDs, ReportError, or the historically int CheatMgr registration API; the enum remains the source domain.
2722a68b1e492d52	reviewed	src/Gruntz/GruntzMgr.cpp	3085	IDX	ErrorStringId	IDS_SET_VIDEO_MODE	ReportError(IDX(IDS_SET_VIDEO_MODE), 0x439);	Each occurrence uses a retail RT_STRING-backed ErrorStringId at the raw Win32 LoadString/ReportError boundary; former CMD_* aliases were replaced from decoded resource evidence.
2f29cb8e15281087	reviewed	src/Gruntz/GruntzMgr.cpp	3085	IDX	GruntzCommandId	CMD_QUIT	ReportError(IDX(CMD_QUIT), 0x439);	All occurrences were inspected: exits feed raw Win32/menu command IDs, ReportError, or the historically int CheatMgr registration API; the enum remains the source domain.
2d0b3214802d5114	reviewed	src/Gruntz/GruntzMgr.cpp	3107	IDX	GruntzCommandId	CMD_QUIT	ReportError(IDX(CMD_QUIT), 0x43a);	All occurrences were inspected: exits feed raw Win32/menu command IDs, ReportError, or the historically int CheatMgr registration API; the enum remains the source domain.
4f88ba28aa3bd04c	reviewed	src/Gruntz/GruntzMgr.cpp	3107	IDX	ErrorStringId	IDS_SET_VIDEO_MODE	ReportError(IDX(IDS_SET_VIDEO_MODE), 0x43a);	Each occurrence uses a retail RT_STRING-backed ErrorStringId at the raw Win32 LoadString/ReportError boundary; former CMD_* aliases were replaced from decoded resource evidence.
c40be0b460c848da	reviewed	src/Gruntz/GruntzMgrCmd.cpp	64	IDX	GruntzCommandId	CMD_NEW_GAME	ReportError(IDX(CMD_NEW_GAME), (ERR)); \	All occurrences were inspected: exits feed raw Win32/menu command IDs, ReportError, or the historically int CheatMgr registration API; the enum remains the source domain.
0ba9006a4140dd73	reviewed	src/Gruntz/GruntzMgrCmd.cpp	65	IDX	ErrorStringId	IDS_SET_GAME_STATE	ReportError(IDX(IDS_SET_GAME_STATE), (ERR)); \	Each occurrence uses a retail RT_STRING-backed ErrorStringId at the raw Win32 LoadString/ReportError boundary; former CMD_* aliases were replaced from decoded resource evidence.
82cbe4614790c232	reviewed	src/Gruntz/GruntzMgrCmd.cpp	148	IDX	GruntzCommandId	CMD_NEW_GAME	ReportError(IDX(CMD_NEW_GAME), 0x41e);	All occurrences were inspected: exits feed raw Win32/menu command IDs, ReportError, or the historically int CheatMgr registration API; the enum remains the source domain.
4b7fcffbd5300fee	reviewed	src/Gruntz/GruntzMgrCmd.cpp	149	IDX	ErrorStringId	IDS_SET_GAME_STATE	ReportError(IDX(IDS_SET_GAME_STATE), 0x41e);	Each occurrence uses a retail RT_STRING-backed ErrorStringId at the raw Win32 LoadString/ReportError boundary; former CMD_* aliases were replaced from decoded resource evidence.
0eea85f2b389583c	reviewed	src/Gruntz/GruntzMgrCmd.cpp	155	IDX	GruntzCommandId	CMD_NEW_GAME	ReportError(IDX(CMD_NEW_GAME), 0x41f);	All occurrences were inspected: exits feed raw Win32/menu command IDs, ReportError, or the historically int CheatMgr registration API; the enum remains the source domain.
15299af4a02c0c14	reviewed	src/Gruntz/GruntzMgrCmd.cpp	156	IDX	ErrorStringId	IDS_SET_GAME_STATE	ReportError(IDX(IDS_SET_GAME_STATE), 0x41f);	Each occurrence uses a retail RT_STRING-backed ErrorStringId at the raw Win32 LoadString/ReportError boundary; former CMD_* aliases were replaced from decoded resource evidence.
30a435afa2043d28	reviewed	src/Gruntz/GruntzMgrCmd.cpp	163	IDX	GruntzCommandId	CMD_NEW_GAME	ReportError(IDX(CMD_NEW_GAME), 0x41f);	All occurrences were inspected: exits feed raw Win32/menu command IDs, ReportError, or the historically int CheatMgr registration API; the enum remains the source domain.
fa6f9ce77eaaede6	reviewed	src/Gruntz/GruntzMgrCmd.cpp	163	IDX		m_saveSink->m_maxLevel	if (!PassClickToPlayState(IDX(m_saveSink->m_maxLevel), 0, 1)) {	Audited individually: exits format LevelArea names, serialize command-kind bytes, pass QuestLevel through a retail int API, mask a Win32 command word, index animation frames, store a custom-map flag, map low SBI tab commands, or select a finish-reason frame.
a05a95ba2b8b610a	reviewed	src/Gruntz/GruntzMgrCmd.cpp	164	IDX	ErrorStringId	IDS_SET_GAME_STATE	ReportError(IDX(IDS_SET_GAME_STATE), 0x41f);	Each occurrence uses a retail RT_STRING-backed ErrorStringId at the raw Win32 LoadString/ReportError boundary; former CMD_* aliases were replaced from decoded resource evidence.
e103e9733004e599	reviewed	src/Gruntz/GruntzMgrCmd.cpp	169	IDX	GruntzCommandId	CMD_NEW_GAME	ReportError(IDX(CMD_NEW_GAME), 0x420);	All occurrences were inspected: exits feed raw Win32/menu command IDs, ReportError, or the historically int CheatMgr registration API; the enum remains the source domain.
f760aa43a840d38d	reviewed	src/Gruntz/GruntzMgrCmd.cpp	170	IDX	ErrorStringId	IDS_SET_GAME_STATE	ReportError(IDX(IDS_SET_GAME_STATE), 0x420);	Each occurrence uses a retail RT_STRING-backed ErrorStringId at the raw Win32 LoadString/ReportError boundary; former CMD_* aliases were replaced from decoded resource evidence.
07e82b5e214be6d4	reviewed	src/Gruntz/GruntzMgrCmd.cpp	178	IDX		nID	switch (static_cast<GruntzCommandId>(IDX(nID) & 0xffff)) {	Audited individually: exits format LevelArea names, serialize command-kind bytes, pass QuestLevel through a retail int API, mask a Win32 command word, index animation frames, store a custom-map flag, map low SBI tab commands, or select a finish-reason frame.
a2a8927f04ff3c6e	reviewed	src/Gruntz/GruntzMgrCmd.cpp	178	static_cast-enum	GruntzCommandId	IDX(nID) & 0xffff	switch (static_cast<GruntzCommandId>(IDX(nID) & 0xffff)) {	Reviewed individually: the producer retains a retail integer ABI or generic API contract, and the conversion occurs once where the receiving domain is proven.
b08cd26fc08d4798	reviewed	src/Gruntz/GruntzMgrCmd.cpp	599	IDX	GruntzCommandId	CMD_NEW_GAME	ReportError(IDX(CMD_NEW_GAME), 0x421);	All occurrences were inspected: exits feed raw Win32/menu command IDs, ReportError, or the historically int CheatMgr registration API; the enum remains the source domain.
7ade95b487b79393	reviewed	src/Gruntz/GruntzMgrCmd.cpp	600	IDX	ErrorStringId	IDS_SET_GAME_STATE	ReportError(IDX(IDS_SET_GAME_STATE), 0x421);	Each occurrence uses a retail RT_STRING-backed ErrorStringId at the raw Win32 LoadString/ReportError boundary; former CMD_* aliases were replaced from decoded resource evidence.
4c04bfd566c36706	reviewed	src/Gruntz/GruntzMgrCmd.cpp	602	IDX	GruntzCommandId	CMD_NEW_GAME	ReportError(IDX(CMD_NEW_GAME), 0x465);	All occurrences were inspected: exits feed raw Win32/menu command IDs, ReportError, or the historically int CheatMgr registration API; the enum remains the source domain.
c3b0fc89e9aef174	reviewed	src/Gruntz/GruntzMgrCmd.cpp	603	IDX	ErrorStringId	IDS_SET_GAME_STATE	ReportError(IDX(IDS_SET_GAME_STATE), 0x465);	Each occurrence uses a retail RT_STRING-backed ErrorStringId at the raw Win32 LoadString/ReportError boundary; former CMD_* aliases were replaced from decoded resource evidence.
ce3e6e167129ec41	reviewed	src/Gruntz/GruntzMgrCmd.cpp	808	IDX	GruntzCommandId	CMD_NEW_GAME	ReportError(IDX(CMD_NEW_GAME), 0x424);	All occurrences were inspected: exits feed raw Win32/menu command IDs, ReportError, or the historically int CheatMgr registration API; the enum remains the source domain.
21a82800b6030e50	reviewed	src/Gruntz/GruntzMgrCmd.cpp	809	IDX	ErrorStringId	IDS_SET_GAME_STATE	ReportError(IDX(IDS_SET_GAME_STATE), 0x424);	Each occurrence uses a retail RT_STRING-backed ErrorStringId at the raw Win32 LoadString/ReportError boundary; former CMD_* aliases were replaced from decoded resource evidence.
68684044f8007885	reviewed	src/Gruntz/GruntzMgrCmd.cpp	819	IDX	GruntzCommandId	CMD_NEW_GAME	ReportError(IDX(CMD_NEW_GAME), 0x425);	All occurrences were inspected: exits feed raw Win32/menu command IDs, ReportError, or the historically int CheatMgr registration API; the enum remains the source domain.
a97892ff210d09eb	reviewed	src/Gruntz/GruntzMgrCmd.cpp	820	IDX	ErrorStringId	IDS_SET_GAME_STATE	ReportError(IDX(IDS_SET_GAME_STATE), 0x425);	Each occurrence uses a retail RT_STRING-backed ErrorStringId at the raw Win32 LoadString/ReportError boundary; former CMD_* aliases were replaced from decoded resource evidence.
a3dabc3be8c58a00	reviewed	src/Gruntz/GruntzMgrCmd.cpp	825	IDX	GruntzCommandId	CMD_NEW_GAME	ReportError(IDX(CMD_NEW_GAME), 0x426);	All occurrences were inspected: exits feed raw Win32/menu command IDs, ReportError, or the historically int CheatMgr registration API; the enum remains the source domain.
793df97d6ed154a6	reviewed	src/Gruntz/GruntzMgrCmd.cpp	826	IDX	ErrorStringId	IDS_SET_GAME_STATE	ReportError(IDX(IDS_SET_GAME_STATE), 0x426);	Each occurrence uses a retail RT_STRING-backed ErrorStringId at the raw Win32 LoadString/ReportError boundary; former CMD_* aliases were replaced from decoded resource evidence.
cdc1070c2653aa6d	reviewed	src/Gruntz/GruntzMgrCmd.cpp	831	IDX	GruntzCommandId	CMD_NEW_GAME	ReportError(IDX(CMD_NEW_GAME), 0x427);	All occurrences were inspected: exits feed raw Win32/menu command IDs, ReportError, or the historically int CheatMgr registration API; the enum remains the source domain.
79e45f8ed84d6004	reviewed	src/Gruntz/GruntzMgrCmd.cpp	832	IDX	ErrorStringId	IDS_SET_GAME_STATE	ReportError(IDX(IDS_SET_GAME_STATE), 0x427);	Each occurrence uses a retail RT_STRING-backed ErrorStringId at the raw Win32 LoadString/ReportError boundary; former CMD_* aliases were replaced from decoded resource evidence.
871aa299f31ebfc6	reviewed	src/Gruntz/GruntzMgrCmd.cpp	837	IDX	GruntzCommandId	CMD_NEW_GAME	ReportError(IDX(CMD_NEW_GAME), 0x428);	All occurrences were inspected: exits feed raw Win32/menu command IDs, ReportError, or the historically int CheatMgr registration API; the enum remains the source domain.
667874c2d99a85e1	reviewed	src/Gruntz/GruntzMgrCmd.cpp	838	IDX	ErrorStringId	IDS_SET_GAME_STATE	ReportError(IDX(IDS_SET_GAME_STATE), 0x428);	Each occurrence uses a retail RT_STRING-backed ErrorStringId at the raw Win32 LoadString/ReportError boundary; former CMD_* aliases were replaced from decoded resource evidence.
c77f1610a5ad9cfc	reviewed	src/Gruntz/GruntzMgrCmd.cpp	843	IDX	GruntzCommandId	CMD_NEW_GAME	ReportError(IDX(CMD_NEW_GAME), 0x429);	All occurrences were inspected: exits feed raw Win32/menu command IDs, ReportError, or the historically int CheatMgr registration API; the enum remains the source domain.
9fbb66bf63ee5daf	reviewed	src/Gruntz/GruntzMgrCmd.cpp	844	IDX	ErrorStringId	IDS_SET_GAME_STATE	ReportError(IDX(IDS_SET_GAME_STATE), 0x429);	Each occurrence uses a retail RT_STRING-backed ErrorStringId at the raw Win32 LoadString/ReportError boundary; former CMD_* aliases were replaced from decoded resource evidence.
3bff003933b70ee4	reviewed	src/Gruntz/GruntzMgrCmd.cpp	852	IDX	GruntzCommandId	CMD_NEW_GAME	ReportError(IDX(CMD_NEW_GAME), 0x42a);	All occurrences were inspected: exits feed raw Win32/menu command IDs, ReportError, or the historically int CheatMgr registration API; the enum remains the source domain.
ba45527b93e4b7b6	reviewed	src/Gruntz/GruntzMgrCmd.cpp	853	IDX	ErrorStringId	IDS_SET_GAME_STATE	ReportError(IDX(IDS_SET_GAME_STATE), 0x42a);	Each occurrence uses a retail RT_STRING-backed ErrorStringId at the raw Win32 LoadString/ReportError boundary; former CMD_* aliases were replaced from decoded resource evidence.
2236ff860d3c38be	reviewed	src/Gruntz/GruntzMgrCmd.cpp	858	IDX	GruntzCommandId	CMD_NEW_GAME	ReportError(IDX(CMD_NEW_GAME), 0x42b);	All occurrences were inspected: exits feed raw Win32/menu command IDs, ReportError, or the historically int CheatMgr registration API; the enum remains the source domain.
51ac815075c970f9	reviewed	src/Gruntz/GruntzMgrCmd.cpp	859	IDX	ErrorStringId	IDS_SET_GAME_STATE	ReportError(IDX(IDS_SET_GAME_STATE), 0x42b);	Each occurrence uses a retail RT_STRING-backed ErrorStringId at the raw Win32 LoadString/ReportError boundary; former CMD_* aliases were replaced from decoded resource evidence.
6d7abeb473da494e	reviewed	src/Gruntz/GruntzMgrCmd.cpp	862	IDX	GruntzCommandId	CMD_NEW_GAME	ReportError(IDX(CMD_NEW_GAME), 0x42c);	All occurrences were inspected: exits feed raw Win32/menu command IDs, ReportError, or the historically int CheatMgr registration API; the enum remains the source domain.
34ef9e6f9fa5a3db	reviewed	src/Gruntz/GruntzMgrCmd.cpp	863	IDX	ErrorStringId	IDS_SET_GAME_STATE	ReportError(IDX(IDS_SET_GAME_STATE), 0x42c);	Each occurrence uses a retail RT_STRING-backed ErrorStringId at the raw Win32 LoadString/ReportError boundary; former CMD_* aliases were replaced from decoded resource evidence.
0f684444a60398ae	reviewed	src/Gruntz/GruntzMgrCmd.cpp	866	IDX	GruntzCommandId	CMD_MAIN_MENU	PostMessageA(m_gameWnd->m_hwnd, WM_COMMAND, IDX(CMD_MAIN_MENU), 0);	All occurrences were inspected: exits feed raw Win32/menu command IDs, ReportError, or the historically int CheatMgr registration API; the enum remains the source domain.
30c2ee107d387d2b	reviewed	src/Gruntz/GruntzMgrCmd.cpp	871	IDX	GruntzCommandId	CMD_NEW_GAME	ReportError(IDX(CMD_NEW_GAME), 0x42d);	All occurrences were inspected: exits feed raw Win32/menu command IDs, ReportError, or the historically int CheatMgr registration API; the enum remains the source domain.
25eac3f6444dd108	reviewed	src/Gruntz/GruntzMgrCmd.cpp	872	IDX	ErrorStringId	IDS_SET_GAME_STATE	ReportError(IDX(IDS_SET_GAME_STATE), 0x42d);	Each occurrence uses a retail RT_STRING-backed ErrorStringId at the raw Win32 LoadString/ReportError boundary; former CMD_* aliases were replaced from decoded resource evidence.
dd1b5d5ea9f7b0b7	reviewed	src/Gruntz/GruntzMgrCmd.cpp	877	IDX	GruntzCommandId	CMD_NEW_GAME	ReportError(IDX(CMD_NEW_GAME), 0x42e);	All occurrences were inspected: exits feed raw Win32/menu command IDs, ReportError, or the historically int CheatMgr registration API; the enum remains the source domain.
362f60e7d09cf07f	reviewed	src/Gruntz/GruntzMgrCmd.cpp	878	IDX	ErrorStringId	IDS_SET_GAME_STATE	ReportError(IDX(IDS_SET_GAME_STATE), 0x42e);	Each occurrence uses a retail RT_STRING-backed ErrorStringId at the raw Win32 LoadString/ReportError boundary; former CMD_* aliases were replaced from decoded resource evidence.
02dca2fc8cc72043	reviewed	src/Gruntz/GruntzMgrCmd.cpp	919	IDX	GruntzCommandId	CMD_NEW_GAME	ReportError(IDX(CMD_NEW_GAME), 0x42f);	All occurrences were inspected: exits feed raw Win32/menu command IDs, ReportError, or the historically int CheatMgr registration API; the enum remains the source domain.
ee2efa3ef5fc3076	reviewed	src/Gruntz/GruntzMgrCmd.cpp	920	IDX	ErrorStringId	IDS_SET_GAME_STATE	ReportError(IDX(IDS_SET_GAME_STATE), 0x42f);	Each occurrence uses a retail RT_STRING-backed ErrorStringId at the raw Win32 LoadString/ReportError boundary; former CMD_* aliases were replaced from decoded resource evidence.
c47c361be36870c2	reviewed	src/Gruntz/GruntzMgrCmd.cpp	934	IDX	GruntzCommandId	CMD_MAIN_MENU	PostMessageA(m_gameWnd->m_hwnd, WM_COMMAND, IDX(CMD_MAIN_MENU), 0);	All occurrences were inspected: exits feed raw Win32/menu command IDs, ReportError, or the historically int CheatMgr registration API; the enum remains the source domain.
80970833100626ac	reviewed	src/Gruntz/GruntzMgrCmd.cpp	936	IDX	GruntzCommandId	CMD_NEW_GAME	ReportError(IDX(CMD_NEW_GAME), 0x430);	All occurrences were inspected: exits feed raw Win32/menu command IDs, ReportError, or the historically int CheatMgr registration API; the enum remains the source domain.
e18dcaecfe09aab2	reviewed	src/Gruntz/GruntzMgrCmd.cpp	937	IDX	ErrorStringId	IDS_SET_GAME_STATE	ReportError(IDX(IDS_SET_GAME_STATE), 0x430);	Each occurrence uses a retail RT_STRING-backed ErrorStringId at the raw Win32 LoadString/ReportError boundary; former CMD_* aliases were replaced from decoded resource evidence.
23cac7fde42367b3	reviewed	src/Gruntz/GruntzMgrCmd.cpp	948	IDX	GruntzCommandId	CMD_PAUSE_TOGGLE	ReportError(IDX(CMD_PAUSE_TOGGLE), 0x431);	All occurrences were inspected: exits feed raw Win32/menu command IDs, ReportError, or the historically int CheatMgr registration API; the enum remains the source domain.
0827fff4cdbab2f6	reviewed	src/Gruntz/GruntzMgrCmd.cpp	949	IDX	ErrorStringId	IDS_CHANGE_LEVEL	ReportError(IDX(IDS_CHANGE_LEVEL), 0x431);	Each occurrence uses a retail RT_STRING-backed ErrorStringId at the raw Win32 LoadString/ReportError boundary; former CMD_* aliases were replaced from decoded resource evidence.
9438d0e89700fad3	reviewed	src/Gruntz/GruntzMgrCmd.cpp	961	IDX	GruntzCommandId	CMD_NEW_GAME	ReportError(IDX(CMD_NEW_GAME), 0x432);	All occurrences were inspected: exits feed raw Win32/menu command IDs, ReportError, or the historically int CheatMgr registration API; the enum remains the source domain.
318792c20ee9cb63	reviewed	src/Gruntz/GruntzMgrCmd.cpp	962	IDX	ErrorStringId	IDS_SET_GAME_STATE	ReportError(IDX(IDS_SET_GAME_STATE), 0x432);	Each occurrence uses a retail RT_STRING-backed ErrorStringId at the raw Win32 LoadString/ReportError boundary; former CMD_* aliases were replaced from decoded resource evidence.
a9d514e0b81f2f41	reviewed	src/Gruntz/GruntzMgrCmd.cpp	976	IDX	GruntzCommandId	CMD_NEW_GAME	ReportError(IDX(CMD_NEW_GAME), 0x433);	All occurrences were inspected: exits feed raw Win32/menu command IDs, ReportError, or the historically int CheatMgr registration API; the enum remains the source domain.
c960f65ad75c5a36	reviewed	src/Gruntz/GruntzMgrCmd.cpp	977	IDX	ErrorStringId	IDS_SET_GAME_STATE	ReportError(IDX(IDS_SET_GAME_STATE), 0x433);	Each occurrence uses a retail RT_STRING-backed ErrorStringId at the raw Win32 LoadString/ReportError boundary; former CMD_* aliases were replaced from decoded resource evidence.
f09346e87682f333	reviewed	src/Gruntz/GruntzMgrCmd.cpp	1059	IDX	GruntzCommandId	CMD_PAUSE_TOGGLE	ReportError(IDX(CMD_PAUSE_TOGGLE), 0x434);	All occurrences were inspected: exits feed raw Win32/menu command IDs, ReportError, or the historically int CheatMgr registration API; the enum remains the source domain.
c3b25ff82a6f88bc	reviewed	src/Gruntz/GruntzMgrCmd.cpp	1060	IDX	ErrorStringId	IDS_CHANGE_LEVEL	ReportError(IDX(IDS_CHANGE_LEVEL), 0x434);	Each occurrence uses a retail RT_STRING-backed ErrorStringId at the raw Win32 LoadString/ReportError boundary; former CMD_* aliases were replaced from decoded resource evidence.
e244909c5116a3dc	fixed	src/Gruntz/GuardPoint.cpp	28	IDX	SpriteStateFlags	SPRITE_STATE_HIDDEN	m_wwdObject->m_stateFlags |= IDX(SPRITE_STATE_HIDDEN);	Typed CResolveNode::m_stateFlags as SpriteStateFlags and replaced raw bit arithmetic with domain operators/HAS; all former per-call exits disappeared.
05cdbfd3faa62fec	reviewed	src/Gruntz/HelpState.cpp	101	IDX	GruntzCommandId	CMD_RETURN_TO_MENU	m_mgr->ReportError(IDX(CMD_RETURN_TO_MENU), 0x445);	All occurrences were inspected: exits feed raw Win32/menu command IDs, ReportError, or the historically int CheatMgr registration API; the enum remains the source domain.
241205038ee4716f	reviewed	src/Gruntz/HelpState.cpp	102	IDX	ErrorStringId	IDS_RESTORE_GAME	m_mgr->ReportError(IDX(IDS_RESTORE_GAME), 0x445);	Each occurrence uses a retail RT_STRING-backed ErrorStringId at the raw Win32 LoadString/ReportError boundary; former CMD_* aliases were replaced from decoded resource evidence.
2dd552f998a8989f	reviewed	src/Gruntz/HelpState.cpp	121	IDX	GruntzCommandId	CMD_NEXT_STATE	PostMessageA(m_mgr->m_gameWnd->m_hwnd, WM_COMMAND, IDX(CMD_NEXT_STATE), 0);	All occurrences were inspected: exits feed raw Win32/menu command IDs, ReportError, or the historically int CheatMgr registration API; the enum remains the source domain.
86351640e2e89e55	reviewed	src/Gruntz/HelpState.cpp	155	IDX	GruntzCommandId	CMD_NEXT_STATE	PostMessageA(m_mgr->m_gameWnd->m_hwnd, WM_COMMAND, IDX(CMD_NEXT_STATE), 0);	All occurrences were inspected: exits feed raw Win32/menu command IDs, ReportError, or the historically int CheatMgr registration API; the enum remains the source domain.
21e5a59f125ef6a1	reviewed	src/Gruntz/HelpState.cpp	162	IDX	GruntzCommandId	CMD_NEXT_STATE	PostMessageA(m_mgr->m_gameWnd->m_hwnd, WM_COMMAND, IDX(CMD_NEXT_STATE), 0);	All occurrences were inspected: exits feed raw Win32/menu command IDs, ReportError, or the historically int CheatMgr registration API; the enum remains the source domain.
3336a059963d2d30	reviewed	src/Gruntz/IconLoaders.cpp	34	static_cast-enum	PickupType	key	switch (static_cast<PickupType>(key)) {	Reviewed individually: remaining entries are raw retail function parameters, loop/arithmetic results, wire payloads, generic notification storage, or per-logic views of shared WWD integer fields.
3317887e5bbc37c6	reviewed	src/Gruntz/ImageSet1.cpp	18	static_cast-enum	TileCollisionKind	m_collisionValue	return static_cast<TileCollisionKind>(m_collisionValue);	Reviewed individually: these conversions are at raw file, network, UI, serialization, packed-storage, or historically integer-signature boundaries.
a58717f4168d16f9	reviewed	src/Gruntz/ImageSet2.cpp	19	static_cast-enum	TileCollisionKind	m_outsideValue	return static_cast<TileCollisionKind>(m_outsideValue);	Reviewed individually: these conversions are at raw file, network, UI, serialization, packed-storage, or historically integer-signature boundaries.
88bdc9a7988619ac	reviewed	src/Gruntz/ImageSet2.cpp	21	static_cast-enum	TileCollisionKind	m_insideValue	return static_cast<TileCollisionKind>(m_insideValue);	Reviewed individually: these conversions are at raw file, network, UI, serialization, packed-storage, or historically integer-signature boundaries.
187d68ba2ec062c9	reviewed	src/Gruntz/ImageSet3.cpp	22	static_cast-enum	TileCollisionKind	m_pixels[(y << m_heightLog2) + x]	return static_cast<TileCollisionKind>(m_pixels[(y << m_heightLog2) + x]);	Reviewed individually: these conversions are at raw file, network, UI, serialization, packed-storage, or historically integer-signature boundaries.
4c34c6128347a8b2	reviewed	src/Gruntz/InGameIcon.cpp	159	IDX	PickupType	PICKUP_BOMB	m_object->m_smarts = IDX(PICKUP_BOMB);	All occurrences were inspected: exits target generic WWD m_smarts storage, raw pickup counters/APIs, or the documented GruntSpawnConfig integer-switch codegen seam.
0a9680d6a47f973e	reviewed	src/Gruntz/InGameIcon.cpp	162	IDX	PickupType	PICKUP_BOOMERANG	m_object->m_smarts = IDX(PICKUP_BOOMERANG);	All occurrences were inspected: exits target generic WWD m_smarts storage, raw pickup counters/APIs, or the documented GruntSpawnConfig integer-switch codegen seam.
54c7b8310b842aa9	reviewed	src/Gruntz/InGameIcon.cpp	165	IDX	PickupType	PICKUP_BRICK	m_object->m_smarts = IDX(PICKUP_BRICK);	All occurrences were inspected: exits target generic WWD m_smarts storage, raw pickup counters/APIs, or the documented GruntSpawnConfig integer-switch codegen seam.
047ab5009b40df6a	reviewed	src/Gruntz/InGameIcon.cpp	168	IDX	PickupType	PICKUP_CLUB	m_object->m_smarts = IDX(PICKUP_CLUB);	All occurrences were inspected: exits target generic WWD m_smarts storage, raw pickup counters/APIs, or the documented GruntSpawnConfig integer-switch codegen seam.
32e3082ab2e2310c	reviewed	src/Gruntz/InGameIcon.cpp	171	IDX	PickupType	PICKUP_GAUNTLETZ	m_object->m_smarts = IDX(PICKUP_GAUNTLETZ);	All occurrences were inspected: exits target generic WWD m_smarts storage, raw pickup counters/APIs, or the documented GruntSpawnConfig integer-switch codegen seam.
2efdc5baee4dc1f1	reviewed	src/Gruntz/InGameIcon.cpp	174	IDX	PickupType	PICKUP_GLOVEZ	m_object->m_smarts = IDX(PICKUP_GLOVEZ);	All occurrences were inspected: exits target generic WWD m_smarts storage, raw pickup counters/APIs, or the documented GruntSpawnConfig integer-switch codegen seam.
809e9388a7a6dd9a	reviewed	src/Gruntz/InGameIcon.cpp	177	IDX	PickupType	PICKUP_GOOBER	m_object->m_smarts = IDX(PICKUP_GOOBER);	All occurrences were inspected: exits target generic WWD m_smarts storage, raw pickup counters/APIs, or the documented GruntSpawnConfig integer-switch codegen seam.
3f5b56243eabff98	reviewed	src/Gruntz/InGameIcon.cpp	180	IDX	PickupType	PICKUP_GRAVITYBOOTZ	m_object->m_smarts = IDX(PICKUP_GRAVITYBOOTZ);	All occurrences were inspected: exits target generic WWD m_smarts storage, raw pickup counters/APIs, or the documented GruntSpawnConfig integer-switch codegen seam.
9529c678bc146407	reviewed	src/Gruntz/InGameIcon.cpp	183	IDX	PickupType	PICKUP_GUNHAT	m_object->m_smarts = IDX(PICKUP_GUNHAT);	All occurrences were inspected: exits target generic WWD m_smarts storage, raw pickup counters/APIs, or the documented GruntSpawnConfig integer-switch codegen seam.
ca32feae51ec18a0	reviewed	src/Gruntz/InGameIcon.cpp	186	IDX	PickupType	PICKUP_NERFGUN	m_object->m_smarts = IDX(PICKUP_NERFGUN);	All occurrences were inspected: exits target generic WWD m_smarts storage, raw pickup counters/APIs, or the documented GruntSpawnConfig integer-switch codegen seam.
37dc04c8735ba525	reviewed	src/Gruntz/InGameIcon.cpp	189	IDX	PickupType	PICKUP_ROCK	m_object->m_smarts = IDX(PICKUP_ROCK);	All occurrences were inspected: exits target generic WWD m_smarts storage, raw pickup counters/APIs, or the documented GruntSpawnConfig integer-switch codegen seam.
be4e6f9b45e17ca5	reviewed	src/Gruntz/InGameIcon.cpp	192	IDX	PickupType	PICKUP_SHIELD	m_object->m_smarts = IDX(PICKUP_SHIELD);	All occurrences were inspected: exits target generic WWD m_smarts storage, raw pickup counters/APIs, or the documented GruntSpawnConfig integer-switch codegen seam.
536a6c938ea425de	reviewed	src/Gruntz/InGameIcon.cpp	195	IDX	PickupType	PICKUP_SHOVEL	m_object->m_smarts = IDX(PICKUP_SHOVEL);	All occurrences were inspected: exits target generic WWD m_smarts storage, raw pickup counters/APIs, or the documented GruntSpawnConfig integer-switch codegen seam.
9e5e21990252b54f	reviewed	src/Gruntz/InGameIcon.cpp	198	IDX	PickupType	PICKUP_SPRING	m_object->m_smarts = IDX(PICKUP_SPRING);	All occurrences were inspected: exits target generic WWD m_smarts storage, raw pickup counters/APIs, or the documented GruntSpawnConfig integer-switch codegen seam.
130ffaa1c6244279	reviewed	src/Gruntz/InGameIcon.cpp	201	IDX	PickupType	PICKUP_SPY	m_object->m_smarts = IDX(PICKUP_SPY);	All occurrences were inspected: exits target generic WWD m_smarts storage, raw pickup counters/APIs, or the documented GruntSpawnConfig integer-switch codegen seam.
68095d0f40a9c329	reviewed	src/Gruntz/InGameIcon.cpp	204	IDX	PickupType	PICKUP_SWORD	m_object->m_smarts = IDX(PICKUP_SWORD);	All occurrences were inspected: exits target generic WWD m_smarts storage, raw pickup counters/APIs, or the documented GruntSpawnConfig integer-switch codegen seam.
b5aa418430c8bff0	reviewed	src/Gruntz/InGameIcon.cpp	207	IDX	PickupType	PICKUP_TIMEBOMB	m_object->m_smarts = IDX(PICKUP_TIMEBOMB);	All occurrences were inspected: exits target generic WWD m_smarts storage, raw pickup counters/APIs, or the documented GruntSpawnConfig integer-switch codegen seam.
8b8d6630880b3bb5	reviewed	src/Gruntz/InGameIcon.cpp	210	IDX	PickupType	PICKUP_TOOB	m_object->m_smarts = IDX(PICKUP_TOOB);	All occurrences were inspected: exits target generic WWD m_smarts storage, raw pickup counters/APIs, or the documented GruntSpawnConfig integer-switch codegen seam.
6916405430c67242	reviewed	src/Gruntz/InGameIcon.cpp	213	IDX	PickupType	PICKUP_WAND	m_object->m_smarts = IDX(PICKUP_WAND);	All occurrences were inspected: exits target generic WWD m_smarts storage, raw pickup counters/APIs, or the documented GruntSpawnConfig integer-switch codegen seam.
c4de63ebf32c4d52	reviewed	src/Gruntz/InGameIcon.cpp	216	IDX	PickupType	PICKUP_WARPSTONE	m_object->m_smarts = IDX(PICKUP_WARPSTONE);	All occurrences were inspected: exits target generic WWD m_smarts storage, raw pickup counters/APIs, or the documented GruntSpawnConfig integer-switch codegen seam.
bee505860f523be0	reviewed	src/Gruntz/InGameIcon.cpp	217	IDX	WarpStoneFragment	WARPSTONE_FRAGMENT_FIRST	m_object->m_health = IDX(WARPSTONE_FRAGMENT_FIRST);	All occurrences use the generic WWD health field as the retail fragment-number carrier.
fdf72cddc1215716	reviewed	src/Gruntz/InGameIcon.cpp	223	IDX	PickupType	PICKUP_WARPSTONE	m_object->m_smarts = IDX(PICKUP_WARPSTONE);	All occurrences were inspected: exits target generic WWD m_smarts storage, raw pickup counters/APIs, or the documented GruntSpawnConfig integer-switch codegen seam.
64878537e6d4c9c0	reviewed	src/Gruntz/InGameIcon.cpp	224	IDX	WarpStoneFragment	WARPSTONE_FRAGMENT_SECOND	m_object->m_health = IDX(WARPSTONE_FRAGMENT_SECOND);	All occurrences use the generic WWD health field as the retail fragment-number carrier.
18dd19cc5a678dad	reviewed	src/Gruntz/InGameIcon.cpp	230	IDX	PickupType	PICKUP_WARPSTONE	m_object->m_smarts = IDX(PICKUP_WARPSTONE);	All occurrences were inspected: exits target generic WWD m_smarts storage, raw pickup counters/APIs, or the documented GruntSpawnConfig integer-switch codegen seam.
ceb1a3d4fdab9822	reviewed	src/Gruntz/InGameIcon.cpp	231	IDX	WarpStoneFragment	WARPSTONE_FRAGMENT_THIRD	m_object->m_health = IDX(WARPSTONE_FRAGMENT_THIRD);	All occurrences use the generic WWD health field as the retail fragment-number carrier.
85543ccd5c517ea0	reviewed	src/Gruntz/InGameIcon.cpp	237	IDX	PickupType	PICKUP_WARPSTONE	m_object->m_smarts = IDX(PICKUP_WARPSTONE);	All occurrences were inspected: exits target generic WWD m_smarts storage, raw pickup counters/APIs, or the documented GruntSpawnConfig integer-switch codegen seam.
ed9629fe6a3d4fe6	reviewed	src/Gruntz/InGameIcon.cpp	238	IDX	WarpStoneFragment	WARPSTONE_FRAGMENT_FOURTH	m_object->m_health = IDX(WARPSTONE_FRAGMENT_FOURTH);	All occurrences use the generic WWD health field as the retail fragment-number carrier.
b4147698ef314101	reviewed	src/Gruntz/InGameIcon.cpp	244	IDX	PickupType	PICKUP_WELDER	m_object->m_smarts = IDX(PICKUP_WELDER);	All occurrences were inspected: exits target generic WWD m_smarts storage, raw pickup counters/APIs, or the documented GruntSpawnConfig integer-switch codegen seam.
1a45bae0f9cf1a32	reviewed	src/Gruntz/InGameIcon.cpp	247	IDX	PickupType	PICKUP_WINGZ	m_object->m_smarts = IDX(PICKUP_WINGZ);	All occurrences were inspected: exits target generic WWD m_smarts storage, raw pickup counters/APIs, or the documented GruntSpawnConfig integer-switch codegen seam.
af2d6ce8379ae496	reviewed	src/Gruntz/InGameIcon.cpp	250	IDX	PickupType	PICKUP_BABYWALKER	m_object->m_smarts = IDX(PICKUP_BABYWALKER);	All occurrences were inspected: exits target generic WWD m_smarts storage, raw pickup counters/APIs, or the documented GruntSpawnConfig integer-switch codegen seam.
43fbab40e159eebd	reviewed	src/Gruntz/InGameIcon.cpp	253	IDX	PickupType	PICKUP_BEACHBALL	m_object->m_smarts = IDX(PICKUP_BEACHBALL);	All occurrences were inspected: exits target generic WWD m_smarts storage, raw pickup counters/APIs, or the documented GruntSpawnConfig integer-switch codegen seam.
ba5f322179a3f6e4	reviewed	src/Gruntz/InGameIcon.cpp	256	IDX	PickupType	PICKUP_BIGWHEEL	m_object->m_smarts = IDX(PICKUP_BIGWHEEL);	All occurrences were inspected: exits target generic WWD m_smarts storage, raw pickup counters/APIs, or the documented GruntSpawnConfig integer-switch codegen seam.
a80508b89ac0ae7e	reviewed	src/Gruntz/InGameIcon.cpp	259	IDX	PickupType	PICKUP_GOKART	m_object->m_smarts = IDX(PICKUP_GOKART);	All occurrences were inspected: exits target generic WWD m_smarts storage, raw pickup counters/APIs, or the documented GruntSpawnConfig integer-switch codegen seam.
45453089ad3d5d31	reviewed	src/Gruntz/InGameIcon.cpp	262	IDX	PickupType	PICKUP_JACKINTHEBOX	m_object->m_smarts = IDX(PICKUP_JACKINTHEBOX);	All occurrences were inspected: exits target generic WWD m_smarts storage, raw pickup counters/APIs, or the documented GruntSpawnConfig integer-switch codegen seam.
3ef36c4c9cd461f5	reviewed	src/Gruntz/InGameIcon.cpp	265	IDX	PickupType	PICKUP_JUMPROPE	m_object->m_smarts = IDX(PICKUP_JUMPROPE);	All occurrences were inspected: exits target generic WWD m_smarts storage, raw pickup counters/APIs, or the documented GruntSpawnConfig integer-switch codegen seam.
3c66077737378c65	reviewed	src/Gruntz/InGameIcon.cpp	268	IDX	PickupType	PICKUP_POGOSTICK	m_object->m_smarts = IDX(PICKUP_POGOSTICK);	All occurrences were inspected: exits target generic WWD m_smarts storage, raw pickup counters/APIs, or the documented GruntSpawnConfig integer-switch codegen seam.
ece4ac251c76c665	reviewed	src/Gruntz/InGameIcon.cpp	271	IDX	PickupType	PICKUP_SCROLL	m_object->m_smarts = IDX(PICKUP_SCROLL);	All occurrences were inspected: exits target generic WWD m_smarts storage, raw pickup counters/APIs, or the documented GruntSpawnConfig integer-switch codegen seam.
7b19276ede5520ac	reviewed	src/Gruntz/InGameIcon.cpp	274	IDX	PickupType	PICKUP_SQUEAKTOY	m_object->m_smarts = IDX(PICKUP_SQUEAKTOY);	All occurrences were inspected: exits target generic WWD m_smarts storage, raw pickup counters/APIs, or the documented GruntSpawnConfig integer-switch codegen seam.
30f3c65d4e3eeea9	reviewed	src/Gruntz/InGameIcon.cpp	277	IDX	PickupType	PICKUP_YOYO	m_object->m_smarts = IDX(PICKUP_YOYO);	All occurrences were inspected: exits target generic WWD m_smarts storage, raw pickup counters/APIs, or the documented GruntSpawnConfig integer-switch codegen seam.
d2b2130bde47c8d8	reviewed	src/Gruntz/InGameIcon.cpp	280	IDX	PickupType	PICKUP_MEGAPHONE	m_object->m_smarts = IDX(PICKUP_MEGAPHONE);	All occurrences were inspected: exits target generic WWD m_smarts storage, raw pickup counters/APIs, or the documented GruntSpawnConfig integer-switch codegen seam.
c6b747e6ffe16820	reviewed	src/Gruntz/InGameIcon.cpp	283	IDX	PickupType	PICKUP_HEALTH1	m_object->m_smarts = IDX(PICKUP_HEALTH1);	All occurrences were inspected: exits target generic WWD m_smarts storage, raw pickup counters/APIs, or the documented GruntSpawnConfig integer-switch codegen seam.
8f1f085da2646ec6	reviewed	src/Gruntz/InGameIcon.cpp	286	IDX	PickupType	PICKUP_HEALTH2	m_object->m_smarts = IDX(PICKUP_HEALTH2);	All occurrences were inspected: exits target generic WWD m_smarts storage, raw pickup counters/APIs, or the documented GruntSpawnConfig integer-switch codegen seam.
ed451014f666b69d	reviewed	src/Gruntz/InGameIcon.cpp	289	IDX	PickupType	PICKUP_HEALTH3	m_object->m_smarts = IDX(PICKUP_HEALTH3);	All occurrences were inspected: exits target generic WWD m_smarts storage, raw pickup counters/APIs, or the documented GruntSpawnConfig integer-switch codegen seam.
3d9bb64ea3c511d1	reviewed	src/Gruntz/InGameIcon.cpp	292	IDX	PickupType	PICKUP_CONVERSION	m_object->m_smarts = IDX(PICKUP_CONVERSION);	All occurrences were inspected: exits target generic WWD m_smarts storage, raw pickup counters/APIs, or the documented GruntSpawnConfig integer-switch codegen seam.
b2cdb572211e4b1d	reviewed	src/Gruntz/InGameIcon.cpp	296	IDX	PickupType	PICKUP_DEATHTOUCH	m_object->m_smarts = IDX(PICKUP_DEATHTOUCH);	All occurrences were inspected: exits target generic WWD m_smarts storage, raw pickup counters/APIs, or the documented GruntSpawnConfig integer-switch codegen seam.
814d32a24b4c5636	reviewed	src/Gruntz/InGameIcon.cpp	300	IDX	PickupType	PICKUP_GHOST	m_object->m_smarts = IDX(PICKUP_GHOST);	All occurrences were inspected: exits target generic WWD m_smarts storage, raw pickup counters/APIs, or the documented GruntSpawnConfig integer-switch codegen seam.
f447c2d706089428	reviewed	src/Gruntz/InGameIcon.cpp	304	IDX	PickupType	PICKUP_INVULNERABILITY	m_object->m_smarts = IDX(PICKUP_INVULNERABILITY);	All occurrences were inspected: exits target generic WWD m_smarts storage, raw pickup counters/APIs, or the documented GruntSpawnConfig integer-switch codegen seam.
eeb14dae67894e18	reviewed	src/Gruntz/InGameIcon.cpp	308	IDX	PickupType	PICKUP_REACTIVEARMOR	m_object->m_smarts = IDX(PICKUP_REACTIVEARMOR);	All occurrences were inspected: exits target generic WWD m_smarts storage, raw pickup counters/APIs, or the documented GruntSpawnConfig integer-switch codegen seam.
f9a2c40db68cf860	reviewed	src/Gruntz/InGameIcon.cpp	312	IDX	PickupType	PICKUP_ROIDZ	m_object->m_smarts = IDX(PICKUP_ROIDZ);	All occurrences were inspected: exits target generic WWD m_smarts storage, raw pickup counters/APIs, or the documented GruntSpawnConfig integer-switch codegen seam.
b46638174930588a	reviewed	src/Gruntz/InGameIcon.cpp	316	IDX	PickupType	PICKUP_SUPERSPEED	m_object->m_smarts = IDX(PICKUP_SUPERSPEED);	All occurrences were inspected: exits target generic WWD m_smarts storage, raw pickup counters/APIs, or the documented GruntSpawnConfig integer-switch codegen seam.
497100ed1b695bac	reviewed	src/Gruntz/InGameIcon.cpp	324	IDX	PickupType	PICKUP_W	m_object->m_smarts = IDX(PICKUP_W);	All occurrences were inspected: exits target generic WWD m_smarts storage, raw pickup counters/APIs, or the documented GruntSpawnConfig integer-switch codegen seam.
78dca1fa6c5badbc	reviewed	src/Gruntz/InGameIcon.cpp	331	IDX	PickupType	PICKUP_A	m_object->m_smarts = IDX(PICKUP_A);	All occurrences were inspected: exits target generic WWD m_smarts storage, raw pickup counters/APIs, or the documented GruntSpawnConfig integer-switch codegen seam.
27710b27373c2670	reviewed	src/Gruntz/InGameIcon.cpp	338	IDX	PickupType	PICKUP_R	m_object->m_smarts = IDX(PICKUP_R);	All occurrences were inspected: exits target generic WWD m_smarts storage, raw pickup counters/APIs, or the documented GruntSpawnConfig integer-switch codegen seam.
9ac15ce9c54defce	reviewed	src/Gruntz/InGameIcon.cpp	345	IDX	PickupType	PICKUP_P	m_object->m_smarts = IDX(PICKUP_P);	All occurrences were inspected: exits target generic WWD m_smarts storage, raw pickup counters/APIs, or the documented GruntSpawnConfig integer-switch codegen seam.
78b0d7ee3f3d86e6	reviewed	src/Gruntz/InGameIcon.cpp	348	IDX	PickupType	PICKUP_STOPWATCH	m_object->m_smarts = IDX(PICKUP_STOPWATCH);	All occurrences were inspected: exits target generic WWD m_smarts storage, raw pickup counters/APIs, or the documented GruntSpawnConfig integer-switch codegen seam.
7be5b5ab87c795a6	reviewed	src/Gruntz/InGameIcon.cpp	351	IDX	PickupType	PICKUP_COIN	m_object->m_smarts = IDX(PICKUP_COIN);	All occurrences were inspected: exits target generic WWD m_smarts storage, raw pickup counters/APIs, or the documented GruntSpawnConfig integer-switch codegen seam.
901aa483bb282a81	reviewed	src/Gruntz/InGameIcon.cpp	354	IDX	PickupType	PICKUP_TOYBOX	m_object->m_smarts = IDX(PICKUP_TOYBOX);	All occurrences were inspected: exits target generic WWD m_smarts storage, raw pickup counters/APIs, or the documented GruntSpawnConfig integer-switch codegen seam.
634899901dff9ee2	reviewed	src/Gruntz/InGameIcon.cpp	357	IDX	PickupType	PICKUP_MINICAM	m_object->m_smarts = IDX(PICKUP_MINICAM);	All occurrences were inspected: exits target generic WWD m_smarts storage, raw pickup counters/APIs, or the documented GruntSpawnConfig integer-switch codegen seam.
f15f70c8883f0fb6	reviewed	src/Gruntz/InGameIcon.cpp	361	IDX	PickupType	PICKUP_SCREENSHAKE	m_object->m_smarts = IDX(PICKUP_SCREENSHAKE);	All occurrences were inspected: exits target generic WWD m_smarts storage, raw pickup counters/APIs, or the documented GruntSpawnConfig integer-switch codegen seam.
f8a2f6aaf3278f64	reviewed	src/Gruntz/InGameIcon.cpp	365	IDX	PickupType	PICKUP_RANDOMCOLORZ	m_object->m_smarts = IDX(PICKUP_RANDOMCOLORZ);	All occurrences were inspected: exits target generic WWD m_smarts storage, raw pickup counters/APIs, or the documented GruntSpawnConfig integer-switch codegen seam.
e00bc8dae773445d	reviewed	src/Gruntz/InGameIcon.cpp	369	IDX	PickupType	PICKUP_BLACKSCREEN	m_object->m_smarts = IDX(PICKUP_BLACKSCREEN);	All occurrences were inspected: exits target generic WWD m_smarts storage, raw pickup counters/APIs, or the documented GruntSpawnConfig integer-switch codegen seam.
a2ac1dfe6210de86	reviewed	src/Gruntz/InGameIcon.cpp	375	static_cast-enum	PickupType	m_object->m_smarts	PickupType pickup = static_cast<PickupType>(m_object->m_smarts);	Reviewed individually: remaining entries are raw retail function parameters, loop/arithmetic results, wire payloads, generic notification storage, or per-logic views of shared WWD integer fields.
d2ccb79ba39c4294	fixed	src/Gruntz/InGameIcon.cpp	426	IDX	SpriteStateFlags	SPRITE_STATE_HIDDEN	m_object->m_stateFlags &= ~IDX(SPRITE_STATE_HIDDEN);	Typed CResolveNode::m_stateFlags as SpriteStateFlags and replaced raw bit arithmetic with domain operators/HAS; all former per-call exits disappeared.
8555d3690613643c	reviewed	src/Gruntz/InGameIcon.cpp	432	static_cast-enum	PickupType	obj->m_smarts	PickupType cmd = static_cast<PickupType>(obj->m_smarts);	Reviewed individually: remaining entries are raw retail function parameters, loop/arithmetic results, wire payloads, generic notification storage, or per-logic views of shared WWD integer fields.
d133665604f9bff2	reviewed	src/Gruntz/InGameIcon.cpp	436	static_cast-enum	PickupType	obj->m_points	PickupType sub = static_cast<PickupType>(obj->m_points);	Reviewed individually: remaining entries are raw retail function parameters, loop/arithmetic results, wire payloads, generic notification storage, or per-logic views of shared WWD integer fields.
0403948f3c525da5	reviewed	src/Gruntz/InGameIcon.cpp	440	IDX		g_gameReg->m_options[key].m_colorIndex	i32 icon = IDX(g_gameReg->m_options[key].m_colorIndex);	Audited individually: ColorTint exits feed sprite/shade factories, raw lobby slots, WWD fields, or player-indexed rendering APIs; accompanying category, level-area, owner, and custom-map exits are numeric loop/config/index boundaries.
cd07f73750463a76	reviewed	src/Gruntz/InGameIcon.cpp	442	IDX	ColorTint	TINT_ORANGE	icon = IDX(TINT_ORANGE);	All occurrences feed raw sprite/palette integer indices at graphics and WWD boundaries.
630029e2915c53e7	reviewed	src/Gruntz/InGameIcon.cpp	446	IDX	ColorTint	TINT_GREEN	rec = g_gameReg->m_spriteFactory->GetSel(IDX(TINT_GREEN), 0);	All occurrences feed raw sprite/palette integer indices at graphics and WWD boundaries.
41b24c0e49f41649	reviewed	src/Gruntz/InGameIcon.cpp	450	static_cast-enum	SpellId	obj->m_faceDirection	switch (static_cast<SpellId>(obj->m_faceDirection)) {	Reviewed individually: these are per-consumer views of generic WWD/animation/shared integer storage; the owner cannot be globally typed because the same slot carries other domains.
bfd58e8ef1cdcedf	reviewed	src/Gruntz/InGameIcon.cpp	452	IDX	ColorTint	TINT_WHITE	icon = IDX(TINT_WHITE);	All occurrences feed raw sprite/palette integer indices at graphics and WWD boundaries.
d6c81d71dc0f196a	reviewed	src/Gruntz/InGameIcon.cpp	455	IDX	ColorTint	TINT_GREEN	icon = IDX(TINT_GREEN);	All occurrences feed raw sprite/palette integer indices at graphics and WWD boundaries.
1eab9d69d83ab0eb	reviewed	src/Gruntz/InGameIcon.cpp	458	IDX	ColorTint	TINT_ORANGE	icon = IDX(TINT_ORANGE);	All occurrences feed raw sprite/palette integer indices at graphics and WWD boundaries.
f36a9ad237c7600e	reviewed	src/Gruntz/InGameIcon.cpp	461	IDX	ColorTint	TINT_PINK	icon = IDX(TINT_PINK);	All occurrences feed raw sprite/palette integer indices at graphics and WWD boundaries.
cfb1ab6b4813b98d	reviewed	src/Gruntz/InGameIcon.cpp	464	IDX	ColorTint	TINT_BLUE	icon = IDX(TINT_BLUE);	All occurrences feed raw sprite/palette integer indices at graphics and WWD boundaries.
019a6652faadb881	reviewed	src/Gruntz/InGameIcon.cpp	467	IDX	ColorTint	TINT_RED	icon = IDX(TINT_RED);	All occurrences feed raw sprite/palette integer indices at graphics and WWD boundaries.
ae680dc9dda401cd	reviewed	src/Gruntz/InGameIcon.cpp	470	IDX	ColorTint	TINT_BLACK	icon = IDX(TINT_BLACK);	All occurrences feed raw sprite/palette integer indices at graphics and WWD boundaries.
9fee320467f65af4	reviewed	src/Gruntz/InGameIcon.cpp	475	IDX	ColorTint	TINT_GREEN	rec = g_gameReg->m_spriteFactory->GetSel(IDX(TINT_GREEN), 0);	All occurrences feed raw sprite/palette integer indices at graphics and WWD boundaries.
8291b9d190581d6c	reviewed	src/Gruntz/InGameIcon.cpp	618	static_cast-enum	PickupType	obj->m_smarts	PickupType cmd = static_cast<PickupType>(obj->m_smarts);	Reviewed individually: remaining entries are raw retail function parameters, loop/arithmetic results, wire payloads, generic notification storage, or per-logic views of shared WWD integer fields.
e9e991a512441bd9	reviewed	src/Gruntz/InGameIcon.cpp	694	static_cast-enum	PickupType	m_object->m_smarts	PickupType pickup = static_cast<PickupType>(m_object->m_smarts);	Reviewed individually: remaining entries are raw retail function parameters, loop/arithmetic results, wire payloads, generic notification storage, or per-logic views of shared WWD integer fields.
afad3bfd0fd527a6	reviewed	src/Gruntz/InGameIcon.cpp	716	static_cast-enum	PickupType	param	ok = cell->LoadPickupSprites(static_cast<PickupType>(param), flag, 0, sub, 0);	Reviewed individually: remaining entries are raw retail function parameters, loop/arithmetic results, wire payloads, generic notification storage, or per-logic views of shared WWD integer fields.
f6b522f88293b49e	reviewed	src/Gruntz/InGameIcon.cpp	718	static_cast-enum	PickupType	param	ok = cell->LoadGruntTypeTable(static_cast<PickupType>(param), flag, sub, 0);	Reviewed individually: remaining entries are raw retail function parameters, loop/arithmetic results, wire payloads, generic notification storage, or per-logic views of shared WWD integer fields.
79b9a1459b37e350	reviewed	src/Gruntz/InGameIcon.cpp	741	static_cast-enum	PickupType	obj->m_smarts	PickupType cmd = static_cast<PickupType>(obj->m_smarts);	Reviewed individually: remaining entries are raw retail function parameters, loop/arithmetic results, wire payloads, generic notification storage, or per-logic views of shared WWD integer fields.
e199778229da0a5d	fixed	src/Gruntz/InGameIcon.cpp	773	IDX	SpriteStateFlags	SPRITE_STATE_HIDDEN	owner->m_stateFlags |= IDX(SPRITE_STATE_HIDDEN);	Typed CResolveNode::m_stateFlags as SpriteStateFlags and replaced raw bit arithmetic with domain operators/HAS; all former per-call exits disappeared.
69d34a5a82cf359d	fixed	src/Gruntz/InGameIcon.cpp	801	IDX	SpriteStateFlags	SPRITE_STATE_HIDDEN	r->m_stateFlags &= ~IDX(SPRITE_STATE_HIDDEN);	Typed CResolveNode::m_stateFlags as SpriteStateFlags and replaced raw bit arithmetic with domain operators/HAS; all former per-call exits disappeared.
a21518732e3367de	reviewed	src/Gruntz/InGameIcon.cpp	993	static_cast-enum	InGameTextVisibility	m_object->m_health	InGameTextVisibility vis = static_cast<InGameTextVisibility>(m_object->m_health);	Reviewed individually: these are per-consumer views of generic WWD/animation/shared integer storage; the owner cannot be globally typed because the same slot carries other domains.
a60defe65a50f7f9	fixed	src/Gruntz/InGameIcon.cpp	1103	IDX	SpriteStateFlags	SPRITE_STATE_HIDDEN	m_wwdObject->m_stateFlags |= IDX(SPRITE_STATE_HIDDEN);	Typed CResolveNode::m_stateFlags as SpriteStateFlags and replaced raw bit arithmetic with domain operators/HAS; all former per-call exits disappeared.
53a7f368538b3f6b	fixed	src/Gruntz/InGameIcon.cpp	1107	IDX	SpriteStateFlags	SPRITE_STATE_HIDDEN	m_wwdObject->m_stateFlags &= ~IDX(SPRITE_STATE_HIDDEN);	Typed CResolveNode::m_stateFlags as SpriteStateFlags and replaced raw bit arithmetic with domain operators/HAS; all former per-call exits disappeared.
33f06bbaa6911fad	fixed	src/Gruntz/InGameWorkerHandlers.cpp	13	static_cast-enum	AnimWorkerAct	rec->ActKey()	AnimWorkerAct act = static_cast<AnimWorkerAct>(rec->ActKey());	Centralized worker-event interpretation in AnimWorkerObj typed accessors.
5bcfe744edb1df92	fixed	src/Gruntz/InGameWorkerHandlers.cpp	16	IDX	AnimWorkerAct	ACT_LIVE	rec->SetActKey(IDX(ACT_LIVE));	Centralized worker-event interpretation in AnimWorkerObj typed accessors.
cbbd0f703ff9003c	fixed	src/Gruntz/InGameWorkerHandlers.cpp	52	static_cast-enum	AnimWorkerAct	rec->ActKey()	AnimWorkerAct act = static_cast<AnimWorkerAct>(rec->ActKey());	Centralized worker-event interpretation in AnimWorkerObj typed accessors.
02ad8111e9e7dfc0	fixed	src/Gruntz/InGameWorkerHandlers.cpp	55	IDX	AnimWorkerAct	ACT_LIVE	rec->SetActKey(IDX(ACT_LIVE));	Centralized worker-event interpretation in AnimWorkerObj typed accessors.
907a50cfb1b34cd4	fixed	src/Gruntz/InGameWorkerHandlers.cpp	91	static_cast-enum	AnimWorkerAct	rec->ActKey()	AnimWorkerAct act = static_cast<AnimWorkerAct>(rec->ActKey());	Centralized worker-event interpretation in AnimWorkerObj typed accessors.
1bbc3f0f4a8e394a	fixed	src/Gruntz/InGameWorkerHandlers.cpp	94	IDX	AnimWorkerAct	ACT_LIVE	rec->SetActKey(IDX(ACT_LIVE));	Centralized worker-event interpretation in AnimWorkerObj typed accessors.
d593966ec7915270	reviewed	src/Gruntz/KitchenSlime.cpp	105	IDX	CardinalDir	CARDINAL_NORTH	m_object->m_smarts = IDX(CARDINAL_NORTH);	All occurrences write or compare generic WWD integer direction/smarts fields whose shared storage cannot be globally specialized.
c20778bafdf69ad8	reviewed	src/Gruntz/KitchenSlime.cpp	107	IDX	CardinalDir	CARDINAL_EAST	m_object->m_smarts = IDX(CARDINAL_EAST);	All occurrences write or compare generic WWD integer direction/smarts fields whose shared storage cannot be globally specialized.
92f9d755fe48f38f	reviewed	src/Gruntz/KitchenSlime.cpp	109	IDX	CardinalDir	CARDINAL_SOUTH	m_object->m_smarts = IDX(CARDINAL_SOUTH);	All occurrences write or compare generic WWD integer direction/smarts fields whose shared storage cannot be globally specialized.
0ecd3028dabb4568	reviewed	src/Gruntz/KitchenSlime.cpp	111	IDX	CardinalDir	CARDINAL_WEST	m_object->m_smarts = IDX(CARDINAL_WEST);	All occurrences write or compare generic WWD integer direction/smarts fields whose shared storage cannot be globally specialized.
488bb2aa4ee2af51	reviewed	src/Gruntz/KitchenSlime.cpp	303	static_cast-enum	CardinalDir	sw	switch (static_cast<CardinalDir>(sw)) {	Reviewed individually: these are per-consumer views of generic WWD/animation/shared integer storage; the owner cannot be globally typed because the same slot carries other domains.
ef7888406f1009fb	reviewed	src/Gruntz/KitchenSlime.cpp	363	static_cast-enum	CardinalDir	Level()->m_smarts	switch (static_cast<CardinalDir>(Level()->m_smarts)) {	Reviewed individually: these are per-consumer views of generic WWD/animation/shared integer storage; the owner cannot be globally typed because the same slot carries other domains.
c6c35c3dfc5376df	reviewed	src/Gruntz/LevelPreview.cpp	84	IDX	GruntzCommandId	CMD_RETURN_TO_MENU	m_mgr->ReportError(IDX(CMD_RETURN_TO_MENU), 0xfa0);	All occurrences were inspected: exits feed raw Win32/menu command IDs, ReportError, or the historically int CheatMgr registration API; the enum remains the source domain.
b14563a1b00bffe6	reviewed	src/Gruntz/LevelPreview.cpp	85	IDX	ErrorStringId	IDS_RESTORE_GAME	m_mgr->ReportError(IDX(IDS_RESTORE_GAME), 0xfa0);	Each occurrence uses a retail RT_STRING-backed ErrorStringId at the raw Win32 LoadString/ReportError boundary; former CMD_* aliases were replaced from decoded resource evidence.
439549191ee35084	reviewed	src/Gruntz/LevelTileValidation.cpp	124	IDX	PlayerCommandKind	PLAYERCMD_PLACE_GRUNT	static_cast<char>(IDX(PLAYERCMD_PLACE_GRUNT)),	All occurrences narrow a typed command kind into the byte-oriented multiplayer command wire format.
5fe44fdd91487056	reviewed	src/Gruntz/LevelTileValidation.cpp	544	static_cast-enum	TileCollisionKind	type	static_cast<TileCollisionKind>(type),	Reviewed individually: these conversions are at raw file, network, UI, serialization, packed-storage, or historically integer-signature boundaries.
11e9e73d31e2287c	reviewed	src/Gruntz/LevelTileValidation.cpp	573	static_cast-enum	TileCollisionKind	type	static_cast<TileCollisionKind>(type),	Reviewed individually: these conversions are at raw file, network, UI, serialization, packed-storage, or historically integer-signature boundaries.
33bd3e31590bb9d8	reviewed	src/Gruntz/LevelTileValidation.cpp	640	IDX	PickupType	PICKUP_MEGAPHONE	if (obj->m_smarts == IDX(PICKUP_MEGAPHONE)) {	All occurrences were inspected: exits target generic WWD m_smarts storage, raw pickup counters/APIs, or the documented GruntSpawnConfig integer-switch codegen seam.
1ce8ba931e1874c0	reviewed	src/Gruntz/LevelTileValidation.cpp	662	static_cast-enum	BrickTileId	tile	static_cast<BrickTileId>(tile),	Reviewed individually: these conversions are at raw file, network, UI, serialization, packed-storage, or historically integer-signature boundaries.
953eb83e29f663cb	reviewed	src/Gruntz/LevelTileValidation.cpp	711	static_cast-enum	PlayerSlot	kind	switch (static_cast<PlayerSlot>(kind)) {	Reviewed individually: PlayerSlot values enter from loop indices, encoded owner bytes, or raw UI/container parameters; owner APIs retain their retail integer signatures.
3f7b82c2196b1b32	fixed	src/Gruntz/LightFx.cpp	40	static_cast-enum	AnimWorkerAct	aux->ActKey()	AnimWorkerAct act = static_cast<AnimWorkerAct>(aux->ActKey());	Centralized worker-event interpretation in AnimWorkerObj typed accessors.
f493944f3dfe7ee0	fixed	src/Gruntz/LightFx.cpp	43	IDX	AnimWorkerAct	ACT_LIVE	aux->SetActKey(IDX(ACT_LIVE));	Centralized worker-event interpretation in AnimWorkerObj typed accessors.
ce4e1709e7d8d322	reviewed	src/Gruntz/LightFxRender.cpp	171	IDX		desc->m_moveIcon	CSpriteRef* node = m_mgr->m_spriteFactory->GetTool(IDX(desc->m_moveIcon));	Audited individually: PickupType and related badge/layer/health enums become sprite frames, shade/tool indices, pickup-counter offsets, raw WWD fields, or retail int parameters; no shared semantic field is incorrectly left untyped.
8ffc5cc62036a8ff	reviewed	src/Gruntz/LightFxRender.cpp	177	static_cast-enum	SpriteTeamColorVariant	alt	switch (static_cast<SpriteTeamColorVariant>(alt)) {	Reviewed individually: each conversion enters a domain from bounded loop, offset, random-choice, or range arithmetic; the arithmetic itself is intentionally integer-valued.
0a97229f633ea7f7	reviewed	src/Gruntz/LightFxRender.cpp	205	IDX		desc->m_moveIcon	CSpriteRef* node = m_mgr->m_spriteFactory->GetTool(IDX(desc->m_moveIcon));	Audited individually: PickupType and related badge/layer/health enums become sprite frames, shade/tool indices, pickup-counter offsets, raw WWD fields, or retail int parameters; no shared semantic field is incorrectly left untyped.
75dc568e8c93c577	reviewed	src/Gruntz/LoadGameMenu.cpp	208	IDX	GruntzCommandId	CMD_LOAD_SAVED_GAME	PostMessageA(g_gameReg->m_gameWnd->m_hwnd, WM_COMMAND, IDX(CMD_LOAD_SAVED_GAME), 0);	All occurrences were inspected: exits feed raw Win32/menu command IDs, ReportError, or the historically int CheatMgr registration API; the enum remains the source domain.
b256dbdc06fdfbaf	fixed	src/Gruntz/MainMenuBuilder.cpp	265	static_cast-enum	QuestLevel	g_gameReg->m_saveSink->m_curLevel	progress = static_cast<QuestLevel>(g_gameReg->m_saveSink->m_curLevel);	Retyped CSaveGame progression API and centralized unsigned QuestLevel storage access.
8764e92627101fe3	fixed	src/Gruntz/MainMenuBuilder.cpp	283	static_cast-enum	QuestLevel	g_gameReg->m_saveSink->m_curLevel	progress = static_cast<QuestLevel>(g_gameReg->m_saveSink->m_curLevel);	Retyped CSaveGame progression API and centralized unsigned QuestLevel storage access.
93e22af567433166	reviewed	src/Gruntz/MainMenuBuilder.cpp	288	IDX	GruntzCommandId	CMD_SET_QUEST_AREA	IDX(CMD_SET_QUEST_AREA),	All occurrences were inspected: exits feed raw Win32/menu command IDs, ReportError, or the historically int CheatMgr registration API; the enum remains the source domain.
eb400ec5d4e3c935	reviewed	src/Gruntz/MainMenuBuilder.cpp	289	IDX	LevelArea	AREA_ROCKY_ROADZ	IDX(AREA_ROCKY_ROADZ),	All occurrences pass typed area values as numeric menu arguments.
4c6911e676c652ca	reviewed	src/Gruntz/MainMenuBuilder.cpp	297	IDX	GruntzCommandId	CMD_SET_QUEST_AREA	IDX(CMD_SET_QUEST_AREA),	All occurrences were inspected: exits feed raw Win32/menu command IDs, ReportError, or the historically int CheatMgr registration API; the enum remains the source domain.
690f356f6d219bb6	reviewed	src/Gruntz/MainMenuBuilder.cpp	298	IDX	LevelArea	AREA_GRUNTZICLEZ	IDX(AREA_GRUNTZICLEZ),	All occurrences pass typed area values as numeric menu arguments.
0e2aba474ec3b727	reviewed	src/Gruntz/MainMenuBuilder.cpp	309	IDX	GruntzCommandId	CMD_SET_QUEST_AREA	IDX(CMD_SET_QUEST_AREA),	All occurrences were inspected: exits feed raw Win32/menu command IDs, ReportError, or the historically int CheatMgr registration API; the enum remains the source domain.
30f47688a1ab77b7	reviewed	src/Gruntz/MainMenuBuilder.cpp	310	IDX	LevelArea	AREA_TROUBLE_IN_THE_TROPICZ	IDX(AREA_TROUBLE_IN_THE_TROPICZ),	All occurrences pass typed area values as numeric menu arguments.
e496ee8c83ea1cea	reviewed	src/Gruntz/MainMenuBuilder.cpp	321	IDX	GruntzCommandId	CMD_SET_QUEST_AREA	IDX(CMD_SET_QUEST_AREA),	All occurrences were inspected: exits feed raw Win32/menu command IDs, ReportError, or the historically int CheatMgr registration API; the enum remains the source domain.
d05a69926a748fbe	reviewed	src/Gruntz/MainMenuBuilder.cpp	322	IDX	LevelArea	AREA_HIGH_ON_SWEETZ	IDX(AREA_HIGH_ON_SWEETZ),	All occurrences pass typed area values as numeric menu arguments.
f3c8af69c91d79c6	reviewed	src/Gruntz/MainMenuBuilder.cpp	333	IDX	GruntzCommandId	CMD_SET_QUEST_AREA	IDX(CMD_SET_QUEST_AREA),	All occurrences were inspected: exits feed raw Win32/menu command IDs, ReportError, or the historically int CheatMgr registration API; the enum remains the source domain.
986ba385f6c7b743	reviewed	src/Gruntz/MainMenuBuilder.cpp	334	IDX	LevelArea	AREA_HIGH_ROLLERZ	IDX(AREA_HIGH_ROLLERZ),	All occurrences pass typed area values as numeric menu arguments.
def136ce8b85d9dc	reviewed	src/Gruntz/MainMenuBuilder.cpp	345	IDX	GruntzCommandId	CMD_SET_QUEST_AREA	IDX(CMD_SET_QUEST_AREA),	All occurrences were inspected: exits feed raw Win32/menu command IDs, ReportError, or the historically int CheatMgr registration API; the enum remains the source domain.
20af4a89dd8487b4	reviewed	src/Gruntz/MainMenuBuilder.cpp	346	IDX	LevelArea	AREA_HONEY_I_SHRUNK_THE_GRUNTZ	IDX(AREA_HONEY_I_SHRUNK_THE_GRUNTZ),	All occurrences pass typed area values as numeric menu arguments.
6c1e84146a0de4bd	reviewed	src/Gruntz/MainMenuBuilder.cpp	357	IDX	GruntzCommandId	CMD_SET_QUEST_AREA	IDX(CMD_SET_QUEST_AREA),	All occurrences were inspected: exits feed raw Win32/menu command IDs, ReportError, or the historically int CheatMgr registration API; the enum remains the source domain.
aa1a2203d9f2cd1c	reviewed	src/Gruntz/MainMenuBuilder.cpp	358	IDX	LevelArea	AREA_MINIATURE_MASTERZ	IDX(AREA_MINIATURE_MASTERZ),	All occurrences pass typed area values as numeric menu arguments.
0ac218f6374e24b2	reviewed	src/Gruntz/MainMenuBuilder.cpp	369	IDX	GruntzCommandId	CMD_SET_QUEST_AREA	IDX(CMD_SET_QUEST_AREA),	All occurrences were inspected: exits feed raw Win32/menu command IDs, ReportError, or the historically int CheatMgr registration API; the enum remains the source domain.
6216cb9891b2dfe5	reviewed	src/Gruntz/MainMenuBuilder.cpp	370	IDX	LevelArea	AREA_GRUNTZ_IN_SPACE	IDX(AREA_GRUNTZ_IN_SPACE),	All occurrences pass typed area values as numeric menu arguments.
8e9c3f3b518b8637	fixed	src/Gruntz/MainMenuBuilder.cpp	388	static_cast-enum	QuestLevel	g_gameReg->m_saveSink->m_curLevel	progress = static_cast<QuestLevel>(g_gameReg->m_saveSink->m_curLevel);	Retyped CSaveGame progression API and centralized unsigned QuestLevel storage access.
dfdbbd91af8dc97c	reviewed	src/Gruntz/MainMenuBuilder.cpp	392	IDX	GruntzCommandId	CMD_LOAD_WORLD	IDX(CMD_LOAD_WORLD),	All occurrences were inspected: exits feed raw Win32/menu command IDs, ReportError, or the historically int CheatMgr registration API; the enum remains the source domain.
57b80a83b60f8cfd	reviewed	src/Gruntz/MainMenuBuilder.cpp	393	IDX	QuestLevel	QUESTLEVEL_TRAINING_STAGE1	IDX(QUESTLEVEL_TRAINING_STAGE1),	All occurrences were inspected: exits are level-number arithmetic, display/save counts, or raw menu API arguments; semantic storage and accessors remain typed.
f87b80dd38f54817	reviewed	src/Gruntz/MainMenuBuilder.cpp	401	IDX	GruntzCommandId	CMD_LOAD_WORLD	IDX(CMD_LOAD_WORLD),	All occurrences were inspected: exits feed raw Win32/menu command IDs, ReportError, or the historically int CheatMgr registration API; the enum remains the source domain.
dc49a4e30ce04f43	reviewed	src/Gruntz/MainMenuBuilder.cpp	402	IDX	QuestLevel	QUESTLEVEL_TRAINING_STAGE2	IDX(QUESTLEVEL_TRAINING_STAGE2),	All occurrences were inspected: exits are level-number arithmetic, display/save counts, or raw menu API arguments; semantic storage and accessors remain typed.
bd8e297633da357d	reviewed	src/Gruntz/MainMenuBuilder.cpp	410	IDX	GruntzCommandId	CMD_LOAD_WORLD	IDX(CMD_LOAD_WORLD),	All occurrences were inspected: exits feed raw Win32/menu command IDs, ReportError, or the historically int CheatMgr registration API; the enum remains the source domain.
02831cebac6f5918	reviewed	src/Gruntz/MainMenuBuilder.cpp	411	IDX	QuestLevel	QUESTLEVEL_TRAINING_STAGE3	IDX(QUESTLEVEL_TRAINING_STAGE3),	All occurrences were inspected: exits are level-number arithmetic, display/save counts, or raw menu API arguments; semantic storage and accessors remain typed.
bd1d2d89a08dd7a6	reviewed	src/Gruntz/MainMenuBuilder.cpp	419	IDX	GruntzCommandId	CMD_LOAD_WORLD	IDX(CMD_LOAD_WORLD),	All occurrences were inspected: exits feed raw Win32/menu command IDs, ReportError, or the historically int CheatMgr registration API; the enum remains the source domain.
1679dc5cc101b9a8	reviewed	src/Gruntz/MainMenuBuilder.cpp	420	IDX	QuestLevel	QUESTLEVEL_TRAINING_STAGE4	IDX(QUESTLEVEL_TRAINING_STAGE4),	All occurrences were inspected: exits are level-number arithmetic, display/save counts, or raw menu API arguments; semantic storage and accessors remain typed.
cb43247b2756e751	fixed	src/Gruntz/MainMenuBuilder.cpp	435	static_cast-enum	QuestLevel	g_gameReg->m_saveSink->m_curLevel	progress = static_cast<QuestLevel>(g_gameReg->m_saveSink->m_curLevel);	Retyped CSaveGame progression API and centralized unsigned QuestLevel storage access.
4b8de27ba0900706	reviewed	src/Gruntz/MainMenuBuilder.cpp	439	IDX	GruntzCommandId	CMD_LOAD_WORLD	IDX(CMD_LOAD_WORLD),	All occurrences were inspected: exits feed raw Win32/menu command IDs, ReportError, or the historically int CheatMgr registration API; the enum remains the source domain.
584ab8fb8d548446	reviewed	src/Gruntz/MainMenuBuilder.cpp	440	IDX	QuestLevel	QUESTLEVEL_AREA1_STAGE1	IDX(QUESTLEVEL_AREA1_STAGE1),	All occurrences were inspected: exits are level-number arithmetic, display/save counts, or raw menu API arguments; semantic storage and accessors remain typed.
dac580a4192f4eac	reviewed	src/Gruntz/MainMenuBuilder.cpp	448	IDX	GruntzCommandId	CMD_LOAD_WORLD	IDX(CMD_LOAD_WORLD),	All occurrences were inspected: exits feed raw Win32/menu command IDs, ReportError, or the historically int CheatMgr registration API; the enum remains the source domain.
83f24a3fb8760b62	reviewed	src/Gruntz/MainMenuBuilder.cpp	449	IDX	QuestLevel	QUESTLEVEL_AREA1_STAGE2	IDX(QUESTLEVEL_AREA1_STAGE2),	All occurrences were inspected: exits are level-number arithmetic, display/save counts, or raw menu API arguments; semantic storage and accessors remain typed.
831bd8a3ba377b53	reviewed	src/Gruntz/MainMenuBuilder.cpp	460	IDX	GruntzCommandId	CMD_LOAD_WORLD	IDX(CMD_LOAD_WORLD),	All occurrences were inspected: exits feed raw Win32/menu command IDs, ReportError, or the historically int CheatMgr registration API; the enum remains the source domain.
77dbea4212e45bd7	reviewed	src/Gruntz/MainMenuBuilder.cpp	461	IDX	QuestLevel	QUESTLEVEL_AREA1_STAGE3	IDX(QUESTLEVEL_AREA1_STAGE3),	All occurrences were inspected: exits are level-number arithmetic, display/save counts, or raw menu API arguments; semantic storage and accessors remain typed.
66177219cfe11058	reviewed	src/Gruntz/MainMenuBuilder.cpp	472	IDX	GruntzCommandId	CMD_LOAD_WORLD	IDX(CMD_LOAD_WORLD),	All occurrences were inspected: exits feed raw Win32/menu command IDs, ReportError, or the historically int CheatMgr registration API; the enum remains the source domain.
fe1c6ee8cda7d598	reviewed	src/Gruntz/MainMenuBuilder.cpp	473	IDX	QuestLevel	QUESTLEVEL_AREA1_STAGE4	IDX(QUESTLEVEL_AREA1_STAGE4),	All occurrences were inspected: exits are level-number arithmetic, display/save counts, or raw menu API arguments; semantic storage and accessors remain typed.
c0c127a60d4bed32	reviewed	src/Gruntz/MainMenuBuilder.cpp	481	IDX	GruntzCommandId	CMD_SET_QUEST_AREA	page->AddSubItem(s_BACK, s_MENU_AREAS_BACK, IDX(CMD_SET_QUEST_AREA), 0, 0, s_QUESTZ, 0);	All occurrences were inspected: exits feed raw Win32/menu command IDs, ReportError, or the historically int CheatMgr registration API; the enum remains the source domain.
0a911653994fe730	fixed	src/Gruntz/MainMenuBuilder.cpp	491	static_cast-enum	QuestLevel	g_gameReg->m_saveSink->m_curLevel	progress = static_cast<QuestLevel>(g_gameReg->m_saveSink->m_curLevel);	Retyped CSaveGame progression API and centralized unsigned QuestLevel storage access.
035f6afa667799f4	reviewed	src/Gruntz/MainMenuBuilder.cpp	495	IDX	GruntzCommandId	CMD_LOAD_WORLD	IDX(CMD_LOAD_WORLD),	All occurrences were inspected: exits feed raw Win32/menu command IDs, ReportError, or the historically int CheatMgr registration API; the enum remains the source domain.
3d68f5b5be6ff37a	reviewed	src/Gruntz/MainMenuBuilder.cpp	496	IDX	QuestLevel	QUESTLEVEL_AREA2_STAGE1	IDX(QUESTLEVEL_AREA2_STAGE1),	All occurrences were inspected: exits are level-number arithmetic, display/save counts, or raw menu API arguments; semantic storage and accessors remain typed.
0e7d6111a2942d77	reviewed	src/Gruntz/MainMenuBuilder.cpp	507	IDX	GruntzCommandId	CMD_LOAD_WORLD	IDX(CMD_LOAD_WORLD),	All occurrences were inspected: exits feed raw Win32/menu command IDs, ReportError, or the historically int CheatMgr registration API; the enum remains the source domain.
b55a6b987db1d765	reviewed	src/Gruntz/MainMenuBuilder.cpp	508	IDX	QuestLevel	QUESTLEVEL_AREA2_STAGE2	IDX(QUESTLEVEL_AREA2_STAGE2),	All occurrences were inspected: exits are level-number arithmetic, display/save counts, or raw menu API arguments; semantic storage and accessors remain typed.
de903f2957ce52fe	reviewed	src/Gruntz/MainMenuBuilder.cpp	519	IDX	GruntzCommandId	CMD_LOAD_WORLD	IDX(CMD_LOAD_WORLD),	All occurrences were inspected: exits feed raw Win32/menu command IDs, ReportError, or the historically int CheatMgr registration API; the enum remains the source domain.
d0a32ab3d2d4dfb2	reviewed	src/Gruntz/MainMenuBuilder.cpp	520	IDX	QuestLevel	QUESTLEVEL_AREA2_STAGE3	IDX(QUESTLEVEL_AREA2_STAGE3),	All occurrences were inspected: exits are level-number arithmetic, display/save counts, or raw menu API arguments; semantic storage and accessors remain typed.
117924ad6640387a	reviewed	src/Gruntz/MainMenuBuilder.cpp	531	IDX	GruntzCommandId	CMD_LOAD_WORLD	IDX(CMD_LOAD_WORLD),	All occurrences were inspected: exits feed raw Win32/menu command IDs, ReportError, or the historically int CheatMgr registration API; the enum remains the source domain.
61929aa608ced4f0	reviewed	src/Gruntz/MainMenuBuilder.cpp	532	IDX	QuestLevel	QUESTLEVEL_AREA2_STAGE4	IDX(QUESTLEVEL_AREA2_STAGE4),	All occurrences were inspected: exits are level-number arithmetic, display/save counts, or raw menu API arguments; semantic storage and accessors remain typed.
8f98333b6d4a2766	reviewed	src/Gruntz/MainMenuBuilder.cpp	540	IDX	GruntzCommandId	CMD_SET_QUEST_AREA	page->AddSubItem(s_BACK, s_MENU_AREAS_BACK, IDX(CMD_SET_QUEST_AREA), 0, 0, s_QUESTZ, 0);	All occurrences were inspected: exits feed raw Win32/menu command IDs, ReportError, or the historically int CheatMgr registration API; the enum remains the source domain.
0a80cae5f3471cdc	fixed	src/Gruntz/MainMenuBuilder.cpp	550	static_cast-enum	QuestLevel	g_gameReg->m_saveSink->m_curLevel	progress = static_cast<QuestLevel>(g_gameReg->m_saveSink->m_curLevel);	Retyped CSaveGame progression API and centralized unsigned QuestLevel storage access.
c94f285941434e7c	reviewed	src/Gruntz/MainMenuBuilder.cpp	554	IDX	GruntzCommandId	CMD_LOAD_WORLD	IDX(CMD_LOAD_WORLD),	All occurrences were inspected: exits feed raw Win32/menu command IDs, ReportError, or the historically int CheatMgr registration API; the enum remains the source domain.
5c12ac6b16a860eb	reviewed	src/Gruntz/MainMenuBuilder.cpp	555	IDX	QuestLevel	QUESTLEVEL_AREA3_STAGE1	IDX(QUESTLEVEL_AREA3_STAGE1),	All occurrences were inspected: exits are level-number arithmetic, display/save counts, or raw menu API arguments; semantic storage and accessors remain typed.
55865e6e589a94c3	reviewed	src/Gruntz/MainMenuBuilder.cpp	566	IDX	GruntzCommandId	CMD_LOAD_WORLD	IDX(CMD_LOAD_WORLD),	All occurrences were inspected: exits feed raw Win32/menu command IDs, ReportError, or the historically int CheatMgr registration API; the enum remains the source domain.
ec33719e9e801fc5	reviewed	src/Gruntz/MainMenuBuilder.cpp	567	IDX	QuestLevel	QUESTLEVEL_AREA3_STAGE2	IDX(QUESTLEVEL_AREA3_STAGE2),	All occurrences were inspected: exits are level-number arithmetic, display/save counts, or raw menu API arguments; semantic storage and accessors remain typed.
cee99c4f6ce8cd8a	reviewed	src/Gruntz/MainMenuBuilder.cpp	578	IDX	GruntzCommandId	CMD_LOAD_WORLD	IDX(CMD_LOAD_WORLD),	All occurrences were inspected: exits feed raw Win32/menu command IDs, ReportError, or the historically int CheatMgr registration API; the enum remains the source domain.
2804abb595823f08	reviewed	src/Gruntz/MainMenuBuilder.cpp	579	IDX	QuestLevel	QUESTLEVEL_AREA3_STAGE3	IDX(QUESTLEVEL_AREA3_STAGE3),	All occurrences were inspected: exits are level-number arithmetic, display/save counts, or raw menu API arguments; semantic storage and accessors remain typed.
da8b0e9658b6c1d4	reviewed	src/Gruntz/MainMenuBuilder.cpp	590	IDX	GruntzCommandId	CMD_LOAD_WORLD	IDX(CMD_LOAD_WORLD),	All occurrences were inspected: exits feed raw Win32/menu command IDs, ReportError, or the historically int CheatMgr registration API; the enum remains the source domain.
2b9d728a6e663cbe	reviewed	src/Gruntz/MainMenuBuilder.cpp	591	IDX	QuestLevel	QUESTLEVEL_AREA3_STAGE4	IDX(QUESTLEVEL_AREA3_STAGE4),	All occurrences were inspected: exits are level-number arithmetic, display/save counts, or raw menu API arguments; semantic storage and accessors remain typed.
f34ea53c3e8229ac	reviewed	src/Gruntz/MainMenuBuilder.cpp	599	IDX	GruntzCommandId	CMD_SET_QUEST_AREA	page->AddSubItem(s_BACK, s_MENU_AREAS_BACK, IDX(CMD_SET_QUEST_AREA), 0, 0, s_QUESTZ, 0);	All occurrences were inspected: exits feed raw Win32/menu command IDs, ReportError, or the historically int CheatMgr registration API; the enum remains the source domain.
cc098a68b2eaaf6b	fixed	src/Gruntz/MainMenuBuilder.cpp	609	static_cast-enum	QuestLevel	g_gameReg->m_saveSink->m_curLevel	progress = static_cast<QuestLevel>(g_gameReg->m_saveSink->m_curLevel);	Retyped CSaveGame progression API and centralized unsigned QuestLevel storage access.
3ddf573ddbc0318e	reviewed	src/Gruntz/MainMenuBuilder.cpp	613	IDX	GruntzCommandId	CMD_LOAD_WORLD	IDX(CMD_LOAD_WORLD),	All occurrences were inspected: exits feed raw Win32/menu command IDs, ReportError, or the historically int CheatMgr registration API; the enum remains the source domain.
aadd37b6ca7b5f96	reviewed	src/Gruntz/MainMenuBuilder.cpp	614	IDX	QuestLevel	QUESTLEVEL_AREA4_STAGE1	IDX(QUESTLEVEL_AREA4_STAGE1),	All occurrences were inspected: exits are level-number arithmetic, display/save counts, or raw menu API arguments; semantic storage and accessors remain typed.
b50335f3bab97fa3	reviewed	src/Gruntz/MainMenuBuilder.cpp	625	IDX	GruntzCommandId	CMD_LOAD_WORLD	IDX(CMD_LOAD_WORLD),	All occurrences were inspected: exits feed raw Win32/menu command IDs, ReportError, or the historically int CheatMgr registration API; the enum remains the source domain.
c42558dd19ddb5ab	reviewed	src/Gruntz/MainMenuBuilder.cpp	626	IDX	QuestLevel	QUESTLEVEL_AREA4_STAGE2	IDX(QUESTLEVEL_AREA4_STAGE2),	All occurrences were inspected: exits are level-number arithmetic, display/save counts, or raw menu API arguments; semantic storage and accessors remain typed.
962e08dd07385bcb	reviewed	src/Gruntz/MainMenuBuilder.cpp	637	IDX	GruntzCommandId	CMD_LOAD_WORLD	IDX(CMD_LOAD_WORLD),	All occurrences were inspected: exits feed raw Win32/menu command IDs, ReportError, or the historically int CheatMgr registration API; the enum remains the source domain.
91d3a04ca275d6ea	reviewed	src/Gruntz/MainMenuBuilder.cpp	638	IDX	QuestLevel	QUESTLEVEL_AREA4_STAGE3	IDX(QUESTLEVEL_AREA4_STAGE3),	All occurrences were inspected: exits are level-number arithmetic, display/save counts, or raw menu API arguments; semantic storage and accessors remain typed.
4fd32a00c7c9371f	reviewed	src/Gruntz/MainMenuBuilder.cpp	649	IDX	GruntzCommandId	CMD_LOAD_WORLD	IDX(CMD_LOAD_WORLD),	All occurrences were inspected: exits feed raw Win32/menu command IDs, ReportError, or the historically int CheatMgr registration API; the enum remains the source domain.
aea12d4a08ac01cb	reviewed	src/Gruntz/MainMenuBuilder.cpp	650	IDX	QuestLevel	QUESTLEVEL_AREA4_STAGE4	IDX(QUESTLEVEL_AREA4_STAGE4),	All occurrences were inspected: exits are level-number arithmetic, display/save counts, or raw menu API arguments; semantic storage and accessors remain typed.
0d02a19d75917f31	reviewed	src/Gruntz/MainMenuBuilder.cpp	658	IDX	GruntzCommandId	CMD_SET_QUEST_AREA	page->AddSubItem(s_BACK, s_MENU_AREAS_BACK, IDX(CMD_SET_QUEST_AREA), 0, 0, s_QUESTZ, 0);	All occurrences were inspected: exits feed raw Win32/menu command IDs, ReportError, or the historically int CheatMgr registration API; the enum remains the source domain.
d1436753516446fc	fixed	src/Gruntz/MainMenuBuilder.cpp	668	static_cast-enum	QuestLevel	g_gameReg->m_saveSink->m_curLevel	progress = static_cast<QuestLevel>(g_gameReg->m_saveSink->m_curLevel);	Retyped CSaveGame progression API and centralized unsigned QuestLevel storage access.
2fe4843107a3fa48	reviewed	src/Gruntz/MainMenuBuilder.cpp	672	IDX	GruntzCommandId	CMD_LOAD_WORLD	IDX(CMD_LOAD_WORLD),	All occurrences were inspected: exits feed raw Win32/menu command IDs, ReportError, or the historically int CheatMgr registration API; the enum remains the source domain.
a2d5312aebda4eba	reviewed	src/Gruntz/MainMenuBuilder.cpp	673	IDX	QuestLevel	QUESTLEVEL_AREA5_STAGE1	IDX(QUESTLEVEL_AREA5_STAGE1),	All occurrences were inspected: exits are level-number arithmetic, display/save counts, or raw menu API arguments; semantic storage and accessors remain typed.
153062c611e3ac75	reviewed	src/Gruntz/MainMenuBuilder.cpp	684	IDX	GruntzCommandId	CMD_LOAD_WORLD	IDX(CMD_LOAD_WORLD),	All occurrences were inspected: exits feed raw Win32/menu command IDs, ReportError, or the historically int CheatMgr registration API; the enum remains the source domain.
952a5c989c12c85b	reviewed	src/Gruntz/MainMenuBuilder.cpp	685	IDX	QuestLevel	QUESTLEVEL_AREA5_STAGE2	IDX(QUESTLEVEL_AREA5_STAGE2),	All occurrences were inspected: exits are level-number arithmetic, display/save counts, or raw menu API arguments; semantic storage and accessors remain typed.
d5b54defe9ad0b06	reviewed	src/Gruntz/MainMenuBuilder.cpp	696	IDX	GruntzCommandId	CMD_LOAD_WORLD	IDX(CMD_LOAD_WORLD),	All occurrences were inspected: exits feed raw Win32/menu command IDs, ReportError, or the historically int CheatMgr registration API; the enum remains the source domain.
b5429d64c54e702e	reviewed	src/Gruntz/MainMenuBuilder.cpp	697	IDX	QuestLevel	QUESTLEVEL_AREA5_STAGE3	IDX(QUESTLEVEL_AREA5_STAGE3),	All occurrences were inspected: exits are level-number arithmetic, display/save counts, or raw menu API arguments; semantic storage and accessors remain typed.
3a6a19df00952dda	reviewed	src/Gruntz/MainMenuBuilder.cpp	708	IDX	GruntzCommandId	CMD_LOAD_WORLD	IDX(CMD_LOAD_WORLD),	All occurrences were inspected: exits feed raw Win32/menu command IDs, ReportError, or the historically int CheatMgr registration API; the enum remains the source domain.
fd6b38d4ed51c5c8	reviewed	src/Gruntz/MainMenuBuilder.cpp	709	IDX	QuestLevel	QUESTLEVEL_AREA5_STAGE4	IDX(QUESTLEVEL_AREA5_STAGE4),	All occurrences were inspected: exits are level-number arithmetic, display/save counts, or raw menu API arguments; semantic storage and accessors remain typed.
caa51bf95079663a	reviewed	src/Gruntz/MainMenuBuilder.cpp	717	IDX	GruntzCommandId	CMD_SET_QUEST_AREA	page->AddSubItem(s_BACK, s_MENU_AREAS_BACK, IDX(CMD_SET_QUEST_AREA), 0, 0, s_QUESTZ, 0);	All occurrences were inspected: exits feed raw Win32/menu command IDs, ReportError, or the historically int CheatMgr registration API; the enum remains the source domain.
c915ab352120e3b8	fixed	src/Gruntz/MainMenuBuilder.cpp	727	static_cast-enum	QuestLevel	g_gameReg->m_saveSink->m_curLevel	progress = static_cast<QuestLevel>(g_gameReg->m_saveSink->m_curLevel);	Retyped CSaveGame progression API and centralized unsigned QuestLevel storage access.
1555ea726db6c97c	reviewed	src/Gruntz/MainMenuBuilder.cpp	731	IDX	GruntzCommandId	CMD_LOAD_WORLD	IDX(CMD_LOAD_WORLD),	All occurrences were inspected: exits feed raw Win32/menu command IDs, ReportError, or the historically int CheatMgr registration API; the enum remains the source domain.
4b708a90fbd8c646	reviewed	src/Gruntz/MainMenuBuilder.cpp	732	IDX	QuestLevel	QUESTLEVEL_AREA6_STAGE1	IDX(QUESTLEVEL_AREA6_STAGE1),	All occurrences were inspected: exits are level-number arithmetic, display/save counts, or raw menu API arguments; semantic storage and accessors remain typed.
d2191b2dd0779b93	reviewed	src/Gruntz/MainMenuBuilder.cpp	743	IDX	GruntzCommandId	CMD_LOAD_WORLD	IDX(CMD_LOAD_WORLD),	All occurrences were inspected: exits feed raw Win32/menu command IDs, ReportError, or the historically int CheatMgr registration API; the enum remains the source domain.
6aa558f3bb7fc87d	reviewed	src/Gruntz/MainMenuBuilder.cpp	744	IDX	QuestLevel	QUESTLEVEL_AREA6_STAGE2	IDX(QUESTLEVEL_AREA6_STAGE2),	All occurrences were inspected: exits are level-number arithmetic, display/save counts, or raw menu API arguments; semantic storage and accessors remain typed.
eeb3326637565ba7	reviewed	src/Gruntz/MainMenuBuilder.cpp	755	IDX	GruntzCommandId	CMD_LOAD_WORLD	IDX(CMD_LOAD_WORLD),	All occurrences were inspected: exits feed raw Win32/menu command IDs, ReportError, or the historically int CheatMgr registration API; the enum remains the source domain.
9c6fa762310e2e24	reviewed	src/Gruntz/MainMenuBuilder.cpp	756	IDX	QuestLevel	QUESTLEVEL_AREA6_STAGE3	IDX(QUESTLEVEL_AREA6_STAGE3),	All occurrences were inspected: exits are level-number arithmetic, display/save counts, or raw menu API arguments; semantic storage and accessors remain typed.
3993e1a286d5f7ba	reviewed	src/Gruntz/MainMenuBuilder.cpp	767	IDX	GruntzCommandId	CMD_LOAD_WORLD	IDX(CMD_LOAD_WORLD),	All occurrences were inspected: exits feed raw Win32/menu command IDs, ReportError, or the historically int CheatMgr registration API; the enum remains the source domain.
b297e627ab9d10a4	reviewed	src/Gruntz/MainMenuBuilder.cpp	768	IDX	QuestLevel	QUESTLEVEL_AREA6_STAGE4	IDX(QUESTLEVEL_AREA6_STAGE4),	All occurrences were inspected: exits are level-number arithmetic, display/save counts, or raw menu API arguments; semantic storage and accessors remain typed.
dd22b178462adbac	reviewed	src/Gruntz/MainMenuBuilder.cpp	776	IDX	GruntzCommandId	CMD_SET_QUEST_AREA	page->AddSubItem(s_BACK, s_MENU_AREAS_BACK, IDX(CMD_SET_QUEST_AREA), 0, 0, s_QUESTZ, 0);	All occurrences were inspected: exits feed raw Win32/menu command IDs, ReportError, or the historically int CheatMgr registration API; the enum remains the source domain.
323b34075cfd3685	fixed	src/Gruntz/MainMenuBuilder.cpp	786	static_cast-enum	QuestLevel	g_gameReg->m_saveSink->m_curLevel	progress = static_cast<QuestLevel>(g_gameReg->m_saveSink->m_curLevel);	Retyped CSaveGame progression API and centralized unsigned QuestLevel storage access.
8333990e742d0cec	reviewed	src/Gruntz/MainMenuBuilder.cpp	790	IDX	GruntzCommandId	CMD_LOAD_WORLD	IDX(CMD_LOAD_WORLD),	All occurrences were inspected: exits feed raw Win32/menu command IDs, ReportError, or the historically int CheatMgr registration API; the enum remains the source domain.
d5bdf662ec5f76e2	reviewed	src/Gruntz/MainMenuBuilder.cpp	791	IDX	QuestLevel	QUESTLEVEL_AREA7_STAGE1	IDX(QUESTLEVEL_AREA7_STAGE1),	All occurrences were inspected: exits are level-number arithmetic, display/save counts, or raw menu API arguments; semantic storage and accessors remain typed.
02373b4b9c886c70	reviewed	src/Gruntz/MainMenuBuilder.cpp	802	IDX	GruntzCommandId	CMD_LOAD_WORLD	IDX(CMD_LOAD_WORLD),	All occurrences were inspected: exits feed raw Win32/menu command IDs, ReportError, or the historically int CheatMgr registration API; the enum remains the source domain.
2bd6b3b91915889b	reviewed	src/Gruntz/MainMenuBuilder.cpp	803	IDX	QuestLevel	QUESTLEVEL_AREA7_STAGE2	IDX(QUESTLEVEL_AREA7_STAGE2),	All occurrences were inspected: exits are level-number arithmetic, display/save counts, or raw menu API arguments; semantic storage and accessors remain typed.
6b6f507b98df0823	reviewed	src/Gruntz/MainMenuBuilder.cpp	814	IDX	GruntzCommandId	CMD_LOAD_WORLD	IDX(CMD_LOAD_WORLD),	All occurrences were inspected: exits feed raw Win32/menu command IDs, ReportError, or the historically int CheatMgr registration API; the enum remains the source domain.
b1b269654fe684ed	reviewed	src/Gruntz/MainMenuBuilder.cpp	815	IDX	QuestLevel	QUESTLEVEL_AREA7_STAGE3	IDX(QUESTLEVEL_AREA7_STAGE3),	All occurrences were inspected: exits are level-number arithmetic, display/save counts, or raw menu API arguments; semantic storage and accessors remain typed.
ae689fea70012d75	reviewed	src/Gruntz/MainMenuBuilder.cpp	826	IDX	GruntzCommandId	CMD_LOAD_WORLD	IDX(CMD_LOAD_WORLD),	All occurrences were inspected: exits feed raw Win32/menu command IDs, ReportError, or the historically int CheatMgr registration API; the enum remains the source domain.
3ea937f3c43a79e8	reviewed	src/Gruntz/MainMenuBuilder.cpp	827	IDX	QuestLevel	QUESTLEVEL_AREA7_STAGE4	IDX(QUESTLEVEL_AREA7_STAGE4),	All occurrences were inspected: exits are level-number arithmetic, display/save counts, or raw menu API arguments; semantic storage and accessors remain typed.
4c9965d7322e0e5b	reviewed	src/Gruntz/MainMenuBuilder.cpp	835	IDX	GruntzCommandId	CMD_SET_QUEST_AREA	page->AddSubItem(s_BACK, s_MENU_AREAS_BACK, IDX(CMD_SET_QUEST_AREA), 0, 0, s_QUESTZ, 0);	All occurrences were inspected: exits feed raw Win32/menu command IDs, ReportError, or the historically int CheatMgr registration API; the enum remains the source domain.
30e7df48d29dc329	fixed	src/Gruntz/MainMenuBuilder.cpp	845	static_cast-enum	QuestLevel	g_gameReg->m_saveSink->m_curLevel	progress = static_cast<QuestLevel>(g_gameReg->m_saveSink->m_curLevel);	Retyped CSaveGame progression API and centralized unsigned QuestLevel storage access.
10d29902f93dd446	reviewed	src/Gruntz/MainMenuBuilder.cpp	849	IDX	GruntzCommandId	CMD_LOAD_WORLD	IDX(CMD_LOAD_WORLD),	All occurrences were inspected: exits feed raw Win32/menu command IDs, ReportError, or the historically int CheatMgr registration API; the enum remains the source domain.
090fc045b5c56c10	reviewed	src/Gruntz/MainMenuBuilder.cpp	850	IDX	QuestLevel	QUESTLEVEL_AREA8_STAGE1	IDX(QUESTLEVEL_AREA8_STAGE1),	All occurrences were inspected: exits are level-number arithmetic, display/save counts, or raw menu API arguments; semantic storage and accessors remain typed.
da2da3b70f2106f8	reviewed	src/Gruntz/MainMenuBuilder.cpp	861	IDX	GruntzCommandId	CMD_LOAD_WORLD	IDX(CMD_LOAD_WORLD),	All occurrences were inspected: exits feed raw Win32/menu command IDs, ReportError, or the historically int CheatMgr registration API; the enum remains the source domain.
aa7969592a7055c1	reviewed	src/Gruntz/MainMenuBuilder.cpp	862	IDX	QuestLevel	QUESTLEVEL_AREA8_STAGE2	IDX(QUESTLEVEL_AREA8_STAGE2),	All occurrences were inspected: exits are level-number arithmetic, display/save counts, or raw menu API arguments; semantic storage and accessors remain typed.
9659b280596bf3fc	reviewed	src/Gruntz/MainMenuBuilder.cpp	873	IDX	GruntzCommandId	CMD_LOAD_WORLD	IDX(CMD_LOAD_WORLD),	All occurrences were inspected: exits feed raw Win32/menu command IDs, ReportError, or the historically int CheatMgr registration API; the enum remains the source domain.
7d618495fe88c4f7	reviewed	src/Gruntz/MainMenuBuilder.cpp	874	IDX	QuestLevel	QUESTLEVEL_AREA8_STAGE3	IDX(QUESTLEVEL_AREA8_STAGE3),	All occurrences were inspected: exits are level-number arithmetic, display/save counts, or raw menu API arguments; semantic storage and accessors remain typed.
92434d64554854fd	reviewed	src/Gruntz/MainMenuBuilder.cpp	885	IDX	GruntzCommandId	CMD_LOAD_WORLD	IDX(CMD_LOAD_WORLD),	All occurrences were inspected: exits feed raw Win32/menu command IDs, ReportError, or the historically int CheatMgr registration API; the enum remains the source domain.
27013a0ea2c254ed	reviewed	src/Gruntz/MainMenuBuilder.cpp	886	IDX	QuestLevel	QUESTLEVEL_AREA8_STAGE4	IDX(QUESTLEVEL_AREA8_STAGE4),	All occurrences were inspected: exits are level-number arithmetic, display/save counts, or raw menu API arguments; semantic storage and accessors remain typed.
0081b0157a11fbf5	reviewed	src/Gruntz/MainMenuBuilder.cpp	894	IDX	GruntzCommandId	CMD_SET_QUEST_AREA	page->AddSubItem(s_BACK, s_MENU_AREAS_BACK, IDX(CMD_SET_QUEST_AREA), 0, 0, s_QUESTZ, 0);	All occurrences were inspected: exits feed raw Win32/menu command IDs, ReportError, or the historically int CheatMgr registration API; the enum remains the source domain.
5d8e39304a7ec4c8	reviewed	src/Gruntz/MenuItem.cpp	196	IDX		idx	i32 frameIndex = IDX(idx);	Audited individually: exits format LevelArea names, serialize command-kind bytes, pass QuestLevel through a retail int API, mask a Win32 command word, index animation frames, store a custom-map flag, map low SBI tab commands, or select a finish-reason frame.
aa4fc4ad11ae8b53	reviewed	src/Gruntz/MenuState.cpp	347	IDX	GruntzCommandId	CMD_NEXT_STATE	PostMessageA(Owner(this)->m_gameWnd->m_hwnd, WM_COMMAND, IDX(CMD_NEXT_STATE), 0);	All occurrences were inspected: exits feed raw Win32/menu command IDs, ReportError, or the historically int CheatMgr registration API; the enum remains the source domain.
d0766f769681e7b0	reviewed	src/Gruntz/MenuState.cpp	447	IDX	GruntzCommandId	CMD_ATTRACT	PostMessageA(Owner(this)->m_gameWnd->m_hwnd, WM_COMMAND, IDX(CMD_ATTRACT), 0);	All occurrences were inspected: exits feed raw Win32/menu command IDs, ReportError, or the historically int CheatMgr registration API; the enum remains the source domain.
a461ce9d4097983b	reviewed	src/Gruntz/Multi.cpp	353	IDX	NetLobbyCtrlId	IDC_NET_RESUME	SendNetStat(NETMSG_WAIT_DIALOG_REPLY, IDX(IDC_NET_RESUME), 1);	All occurrences are Win32 dialog/control identifiers passed to GetDlgItem, message APIs, or EndDialog.
c139a1096d888fe1	reviewed	src/Gruntz/Multi.cpp	409	IDX	NetLobbyCtrlId	IDC_NET_RESUME	SendNetStat(NETMSG_WAIT_DIALOG_REPLY, IDX(IDC_NET_RESUME), 1);	All occurrences are Win32 dialog/control identifiers passed to GetDlgItem, message APIs, or EndDialog.
d04fdbc03b537bde	reviewed	src/Gruntz/Multi.cpp	514	IDX	GruntzCommandId	CMD_NEW_GAME	Mgr()->ReportError(IDX(CMD_NEW_GAME), 0x446);	All occurrences were inspected: exits feed raw Win32/menu command IDs, ReportError, or the historically int CheatMgr registration API; the enum remains the source domain.
9842d152ecdeadf9	reviewed	src/Gruntz/Multi.cpp	515	IDX	ErrorStringId	IDS_SET_GAME_STATE	Mgr()->ReportError(IDX(IDS_SET_GAME_STATE), 0x446);	Each occurrence uses a retail RT_STRING-backed ErrorStringId at the raw Win32 LoadString/ReportError boundary; former CMD_* aliases were replaced from decoded resource evidence.
a6c04e2c70e699c2	reviewed	src/Gruntz/Multi.cpp	1236	IDX		rec->m_colorIndex	ChannelSlots_Set(IDX(rec->m_colorIndex), 1);	Audited individually: ColorTint values cross raw lobby slot, menu-item, byte-wire, and rendering-index interfaces.
f68c24edc1d7d185	reviewed	src/Gruntz/Multi.cpp	1345	static_cast-enum	ColorTint	ch0->m_colorIndex	ColorTint chField = static_cast<ColorTint>(ch0->m_colorIndex);	Reviewed individually: ColorTint enters from registry/UI integers or packed u8 network fields; the explicit cast preserves the external or serialized width boundary.
a42680540c4ef4ce	fixed	src/Gruntz/Multi.cpp	1471	IDX		id	pkt.m_statId = IDX(id);	Typed all network packet message-id fields as NetMsgId; assignments now remain in-domain.
ae2079aa23d2577c	fixed	src/Gruntz/Multi.cpp	1480	IDX		id	pkt.m_statId = IDX(id);	Typed all network packet message-id fields as NetMsgId; assignments now remain in-domain.
de98a7fc2c30f900	fixed	src/Gruntz/Multi.cpp	1511	IDX		id	pkt.m_statId = IDX(id);	Typed all network packet message-id fields as NetMsgId; assignments now remain in-domain.
11374b7d24d5a3a5	fixed	src/Gruntz/Multi.cpp	1520	IDX		statId	pkt.m_statId = IDX(statId);	Typed all network packet message-id fields as NetMsgId; assignments now remain in-domain.
3e49945a61a91614	reviewed	src/Gruntz/Multi.cpp	1534	static_cast-enum	NetMsgId	id	pkt.m_statId = static_cast<NetMsgId>(id);	SendNetStatTo retains its retail int signature; this is the single explicit raw-ABI entry into the typed packet message-id field.
460346062837e376	fixed	src/Gruntz/Multi.cpp	1554	IDX		statId	pkt.m_statId = IDX(statId);	Typed all network packet message-id fields as NetMsgId; assignments now remain in-domain.
763bce552114b07d	reviewed	src/Gruntz/Multi.cpp	1710	IDX		player->m_colorIndex	->AddItem(text, 0x30, IDX(player->m_colorIndex));	Audited individually: ColorTint values cross raw lobby slot, menu-item, byte-wire, and rendering-index interfaces.
121a72acd0b01558	reviewed	src/Gruntz/Multi.cpp	1730	IDX	GruntzCommandId	CMD_MAIN_MENU	PostMessageA(NetGameMgr()->m_gameWnd->m_hwnd, WM_COMMAND, IDX(CMD_MAIN_MENU), 0);	All occurrences were inspected: exits feed raw Win32/menu command IDs, ReportError, or the historically int CheatMgr registration API; the enum remains the source domain.
1e69389e349c0147	reviewed	src/Gruntz/Multi.cpp	1795	static_cast-enum	ColorTint	chan->m_colorIndex	if (player->SwapChannel(static_cast<ColorTint>(chan->m_colorIndex)) == 0) {	Reviewed individually: ColorTint enters from registry/UI integers or packed u8 network fields; the explicit cast preserves the external or serialized width boundary.
075fe174d5cefe98	reviewed	src/Gruntz/Multi.cpp	1796	static_cast-enum	ColorTint	player->m_colorIndex	ColorTint colour = static_cast<ColorTint>(player->m_colorIndex);	Reviewed individually: ColorTint enters from registry/UI integers or packed u8 network fields; the explicit cast preserves the external or serialized width boundary.
1acbc6566cbdb257	reviewed	src/Gruntz/Multi.cpp	1797	IDX		colour	chan->m_colorIndex = static_cast<u8>(IDX(colour));	Audited individually: ColorTint values cross raw lobby slot, menu-item, byte-wire, and rendering-index interfaces.
a2c66c0d83e182fc	reviewed	src/Gruntz/Multi.cpp	2023	IDX		slot->m_colorIndex	ChannelSlots_Set(IDX(slot->m_colorIndex), 1);	Audited individually: ColorTint values cross raw lobby slot, menu-item, byte-wire, and rendering-index interfaces.
d537e685a6c5cd6f	fixed	src/Gruntz/Multi.cpp	2120	IDX	NetMsgId	STAT_CHANNEL_TABLE	packet.m_statId = IDX(STAT_CHANNEL_TABLE);	Typed all network packet message-id fields as NetMsgId; assignments now remain in-domain.
ea8f1c14d3ee8b63	reviewed	src/Gruntz/Multi.cpp	2168	static_cast-enum	ColorTint	p->m_rows[i].m_colorIndex	ch->m_colorIndex = static_cast<ColorTint>(p->m_rows[i].m_colorIndex);	Reviewed individually: ColorTint enters from registry/UI integers or packed u8 network fields; the explicit cast preserves the external or serialized width boundary.
3fdd5d1d962451c3	reviewed	src/Gruntz/Multi.cpp	2180	IDX		ch->m_colorIndex	ChannelSlots_Set(IDX(ch->m_colorIndex), 0);	Audited individually: ColorTint values cross raw lobby slot, menu-item, byte-wire, and rendering-index interfaces.
7d6ef82a9052e270	reviewed	src/Gruntz/Multi.cpp	2221	IDX		color	ChannelSlots_Set(IDX(color), 0);	Audited individually: ColorTint values cross raw lobby slot, menu-item, byte-wire, and rendering-index interfaces.
246e85d6673a3619	reviewed	src/Gruntz/Multi.cpp	2241	static_cast-enum	ColorTint	r->m_kind	static_cast<ColorTint>(r->m_kind),	Reviewed individually: ColorTint enters from registry/UI integers or packed u8 network fields; the explicit cast preserves the external or serialized width boundary.
72acba3cbad58f65	reviewed	src/Gruntz/Multi.cpp	2261	IDX		ch->m_colorIndex	ChannelSlots_Set(IDX(ch->m_colorIndex), 1);	Audited individually: ColorTint values cross raw lobby slot, menu-item, byte-wire, and rendering-index interfaces.
712d7ed80767f9c4	reviewed	src/Gruntz/Multi.cpp	2284	static_cast-enum	NetLobbyCtrlId	"RunErrorDialog(""MULTI_PAUSE"", NetLobby::HostWaitDlgProc, 0)"	"static_cast<NetLobbyCtrlId>(RunErrorDialog(""MULTI_PAUSE"", NetLobby::HostWaitDlgProc, 0));"	Reviewed individually: the producer retains a retail integer ABI or generic API contract, and the conversion occurs once where the receiving domain is proven.
4cbe0da362d53cae	reviewed	src/Gruntz/Multi.cpp	2290	IDX	GruntzCommandId	CMD_MULTI_CONNECT	PostMessageA(hwnd, WM_COMMAND, IDX(CMD_MULTI_CONNECT), ResyncLParam());	All occurrences were inspected: exits feed raw Win32/menu command IDs, ReportError, or the historically int CheatMgr registration API; the enum remains the source domain.
ce388eb6c771f61b	reviewed	src/Gruntz/Multi.cpp	2315	static_cast-enum	NetLobbyCtrlId	"RunErrorDialog(""MULTI_OUTOFSYNC"", NetLobby::SessionWaitDlgProc, 0)"	NetLobbyCtrlId result = static_cast<NetLobbyCtrlId>(	Reviewed individually: the producer retains a retail integer ABI or generic API contract, and the conversion occurs once where the receiving domain is proven.
c7e395bdeae4e796	reviewed	src/Gruntz/Multi.cpp	2323	IDX	GruntzCommandId	CMD_MULTI_CONNECT	PostMessageA(hwnd, WM_COMMAND, IDX(CMD_MULTI_CONNECT), ResyncLParam());	All occurrences were inspected: exits feed raw Win32/menu command IDs, ReportError, or the historically int CheatMgr registration API; the enum remains the source domain.
6c4a1f112f47dca6	reviewed	src/Gruntz/Multi.cpp	2330	IDX	GruntzCommandId	CMD_MAIN_MENU	PostMessageA(hwnd, WM_COMMAND, IDX(CMD_MAIN_MENU), 0);	All occurrences were inspected: exits feed raw Win32/menu command IDs, ReportError, or the historically int CheatMgr registration API; the enum remains the source domain.
4519748609c2d7b1	fixed	src/Gruntz/Multi.cpp	2340	IDX	NetMsgId	STAT_CHANNEL_ONE	packet.m_statId = IDX(STAT_CHANNEL_ONE);	Typed all network packet message-id fields as NetMsgId; assignments now remain in-domain.
18af96fae0d4c3aa	reviewed	src/Gruntz/Multi.cpp	2377	static_cast-enum	ColorTint	r->m_colorIndex	ch->m_colorIndex = static_cast<ColorTint>(r->m_colorIndex);	Reviewed individually: ColorTint enters from registry/UI integers or packed u8 network fields; the explicit cast preserves the external or serialized width boundary.
44ca4e5ac22587ef	reviewed	src/Gruntz/Multi.cpp	2457	IDX		player->m_colorIndex	->AddItem(line, 0x30, IDX(player->m_colorIndex));	Audited individually: ColorTint values cross raw lobby slot, menu-item, byte-wire, and rendering-index interfaces.
edd7d6a9f89c8118	fixed	src/Gruntz/Multi.cpp	2459	IDX	NetMsgId	STAT_CHAT	g_chatPacket.m_id = IDX(STAT_CHAT);	Typed all network packet message-id fields as NetMsgId; assignments now remain in-domain.
9881ff0cf72dd1ee	reviewed	src/Gruntz/Multi.cpp	2898	static_cast-enum	NetLobbyCtrlId	"RunErrorDialog(""MULTI_DROPPLAYER"", NetLobby::NetGameDlgProc, 0)"	NetLobbyCtrlId result = static_cast<NetLobbyCtrlId>(	Reviewed individually: the producer retains a retail integer ABI or generic API contract, and the conversion occurs once where the receiving domain is proven.
52cc5f0934b78eb9	reviewed	src/Gruntz/Multi.cpp	2911	IDX	GruntzCommandId	CMD_MAIN_MENU	PostMessageA(hwnd, WM_COMMAND, IDX(CMD_MAIN_MENU), 0);	All occurrences were inspected: exits feed raw Win32/menu command IDs, ReportError, or the historically int CheatMgr registration API; the enum remains the source domain.
75aafa141276fd8f	reviewed	src/Gruntz/Multi.cpp	3005	static_cast-enum	ColorTint	ch0->m_colorIndex	ColorTint chField = static_cast<ColorTint>(ch0->m_colorIndex);	Reviewed individually: ColorTint enters from registry/UI integers or packed u8 network fields; the explicit cast preserves the external or serialized width boundary.
91e4600a54405738	fixed	src/Gruntz/Multi.cpp	3036	IDX	NetMsgId	STAT_PLAYER_JOINED	pkt.m_statId = IDX(STAT_PLAYER_JOINED);	Typed all network packet message-id fields as NetMsgId; assignments now remain in-domain.
cd137f9bbc90d05e	reviewed	src/Gruntz/Multi.cpp	3082	static_cast-enum	ColorTint	channelId	return RegisterChannelFrom(name, static_cast<ColorTint>(channelId), -1, m_hostIndex) != 0;	Reviewed individually: ColorTint enters from registry/UI integers or packed u8 network fields; the explicit cast preserves the external or serialized width boundary.
ec91a3236937ecd6	fixed	src/Gruntz/Multi.cpp	3165	IDX	NetMsgId	STAT_CONFIG	blob.m_statId = IDX(STAT_CONFIG);	Typed all network packet message-id fields as NetMsgId; assignments now remain in-domain.
a5ae56bb9aed1bbe	reviewed	src/Gruntz/Multi.cpp	3285	IDX	GruntzCommandId	CMD_MAIN_MENU	PostMessageA(hwnd, WM_COMMAND, IDX(CMD_MAIN_MENU), 0);	All occurrences were inspected: exits feed raw Win32/menu command IDs, ReportError, or the historically int CheatMgr registration API; the enum remains the source domain.
1fe41783f610b911	fixed	src/Gruntz/Multi.cpp	3304	IDX	NetMsgId	STAT_VERSIONPACKET	packet.m_statId = IDX(STAT_VERSIONPACKET);	Typed all network packet message-id fields as NetMsgId; assignments now remain in-domain.
4b07e111635d1500	reviewed	src/Gruntz/MultiStartDlg.cpp	266	static_cast-enum	CustomMapSelection	"reg->GetValueDword(""CustomMultiMap"", IDX(CUSTOM_MAP_UNINITIALIZED))"	CustomMapSelection customFlag = static_cast<CustomMapSelection>(	Reviewed individually: these conversions are at raw file, network, UI, serialization, packed-storage, or historically integer-signature boundaries.
422f3674e8156ff4	reviewed	src/Gruntz/MultiStartDlg.cpp	267	IDX	CustomMapSelection	CUSTOM_MAP_UNINITIALIZED	"reg->GetValueDword(""CustomMultiMap"", IDX(CUSTOM_MAP_UNINITIALIZED))"	CUSTOM_MAP_UNINITIALIZED is serialized as the default value through the registry's DWORD API.
9a6a2bfa8b4bdfa5	reviewed	src/Gruntz/MultiStartDlg.cpp	273	IDX		customFlag	m_customWorldFlag = IDX(customFlag);	Audited individually: exits format LevelArea names, serialize command-kind bytes, pass QuestLevel through a retail int API, mask a Win32 command word, index animation frames, store a custom-map flag, map low SBI tab commands, or select a finish-reason frame.
cde9739014c7b949	reviewed	src/Gruntz/MultiStartDlg.cpp	351	static_cast-enum	PlayerSlot	index	switch (static_cast<PlayerSlot>(index)) {	Reviewed individually: PlayerSlot values enter from loop indices, encoded owner bytes, or raw UI/container parameters; owner APIs retain their retail integer signatures.
1fe405ebbf185115	reviewed	src/Gruntz/MultiStartDlg.cpp	371	static_cast-enum	PlayerSlot	index	switch (static_cast<PlayerSlot>(index)) {	Reviewed individually: PlayerSlot values enter from loop indices, encoded owner bytes, or raw UI/container parameters; owner APIs retain their retail integer signatures.
aedb51fcd009780d	reviewed	src/Gruntz/MultiStartDlg.cpp	391	static_cast-enum	PlayerSlot	index	switch (static_cast<PlayerSlot>(index)) {	Reviewed individually: PlayerSlot values enter from loop indices, encoded owner bytes, or raw UI/container parameters; owner APIs retain their retail integer signatures.
e701a0fcb6325688	reviewed	src/Gruntz/MultiStartDlg.cpp	411	static_cast-enum	PlayerSlot	index	switch (static_cast<PlayerSlot>(index)) {	Reviewed individually: PlayerSlot values enter from loop indices, encoded owner bytes, or raw UI/container parameters; owner APIs retain their retail integer signatures.
4c0fdd7d37e2a4e4	reviewed	src/Gruntz/MultiStartDlg.cpp	431	static_cast-enum	PlayerSlot	index	switch (static_cast<PlayerSlot>(index)) {	Reviewed individually: PlayerSlot values enter from loop indices, encoded owner bytes, or raw UI/container parameters; owner APIs retain their retail integer signatures.
2cef7b794e2fe613	reviewed	src/Gruntz/MultiStartDlgRoster.cpp	113	IDX		s->m_colorIndex	ChannelSlots_Set(IDX(s->m_colorIndex), 1);	Audited individually: ColorTint exits feed sprite/shade factories, raw lobby slots, WWD fields, or player-indexed rendering APIs; accompanying category, level-area, owner, and custom-map exits are numeric loop/config/index boundaries.
f3bd6dea49d3f1e4	reviewed	src/Gruntz/MultiStartDlgRoster.cpp	120	static_cast-enum	MultiplayerPlayerKind	pSend(owner->m_hWnd, CB_GETCURSEL, 0, 0)	if (static_cast<MultiplayerPlayerKind>(pSend(owner->m_hWnd, CB_GETCURSEL, 0, 0))	Reviewed individually: these conversions are at raw file, network, UI, serialization, packed-storage, or historically integer-signature boundaries.
48542cb6547b5459	reviewed	src/Gruntz/MultiStartDlgRoster.cpp	127	static_cast-enum	ColorTint	free	s->m_colorIndex = static_cast<ColorTint>(free);	Reviewed individually: ColorTint enters from registry/UI integers or packed u8 network fields; the explicit cast preserves the external or serialized width boundary.
f0985bc5bade116b	reviewed	src/Gruntz/MultiStartDlgRoster.cpp	131	static_cast-enum	ColorTint	free	s->m_colorIndex = static_cast<ColorTint>(free);	Reviewed individually: ColorTint enters from registry/UI integers or packed u8 network fields; the explicit cast preserves the external or serialized width boundary.
08ca05e78e47f5df	reviewed	src/Gruntz/MultiStartDlgRoster.cpp	486	static_cast-enum	ColorTint	dlg.m_pickedColor	if (SelectColor(0, static_cast<ColorTint>(dlg.m_pickedColor))) {	Reviewed individually: ColorTint enters from registry/UI integers or packed u8 network fields; the explicit cast preserves the external or serialized width boundary.
200df94d9b4c18f7	reviewed	src/Gruntz/MultiStartDlgRoster.cpp	503	static_cast-enum	ColorTint	dlg.m_pickedColor	if (SelectColor(1, static_cast<ColorTint>(dlg.m_pickedColor))) {	Reviewed individually: ColorTint enters from registry/UI integers or packed u8 network fields; the explicit cast preserves the external or serialized width boundary.
ab0e47e5360f9c62	reviewed	src/Gruntz/MultiStartDlgRoster.cpp	520	static_cast-enum	ColorTint	dlg.m_pickedColor	if (SelectColor(2, static_cast<ColorTint>(dlg.m_pickedColor))) {	Reviewed individually: ColorTint enters from registry/UI integers or packed u8 network fields; the explicit cast preserves the external or serialized width boundary.
cbcbe59c714a31b7	reviewed	src/Gruntz/MultiStartDlgRoster.cpp	537	static_cast-enum	ColorTint	dlg.m_pickedColor	if (SelectColor(3, static_cast<ColorTint>(dlg.m_pickedColor))) {	Reviewed individually: ColorTint enters from registry/UI integers or packed u8 network fields; the explicit cast preserves the external or serialized width boundary.
d17059e93044ca5f	reviewed	src/Gruntz/MultiStartDlgRoster.cpp	622	IDX	NetLobbyCtrlId	IDC_NETCHAT_SEND	GetDlgItem(IDX(IDC_NETCHAT_SEND))->EnableWindow(1);	All occurrences are Win32 dialog/control identifiers passed to GetDlgItem, message APIs, or EndDialog.
3e5767c64e9f4fdb	reviewed	src/Gruntz/MultiStartDlgRoster.cpp	767	static_cast-enum	PlayerSlot	i	switch (static_cast<PlayerSlot>(i)) {	Reviewed individually: PlayerSlot values enter from loop indices, encoded owner bytes, or raw UI/container parameters; owner APIs retain their retail integer signatures.
2ce3ee782fc02826	reviewed	src/Gruntz/MultiStartDlgRoster.cpp	862	IDX		playerColor	i32 r = ChannelSlots_Get(IDX(playerColor));	Audited individually: ColorTint exits feed sprite/shade factories, raw lobby slots, WWD fields, or player-indexed rendering APIs; accompanying category, level-area, owner, and custom-map exits are numeric loop/config/index boundaries.
f52fb39669bf10ba	reviewed	src/Gruntz/MultiStartDlgRoster.cpp	867	IDX		colorSlot->m_colorIndex	ChannelSlots_Set(IDX(colorSlot->m_colorIndex), 1);	Audited individually: ColorTint exits feed sprite/shade factories, raw lobby slots, WWD fields, or player-indexed rendering APIs; accompanying category, level-area, owner, and custom-map exits are numeric loop/config/index boundaries.
c526811dc2e171a6	reviewed	src/Gruntz/MultiStartDlgRoster.cpp	868	IDX		playerColor	ChannelSlots_Set(IDX(playerColor), 0);	Audited individually: ColorTint exits feed sprite/shade factories, raw lobby slots, WWD fields, or player-indexed rendering APIs; accompanying category, level-area, owner, and custom-map exits are numeric loop/config/index boundaries.
b7d05605b49eb464	fixed	src/Gruntz/Play.cpp	305	IDX	SpriteStateFlags	SPRITE_STATE_HIDDEN	peer->m_stateFlags |= IDX(SPRITE_STATE_HIDDEN);	Typed CResolveNode::m_stateFlags as SpriteStateFlags and replaced raw bit arithmetic with domain operators/HAS; all former per-call exits disappeared.
8c4e07e63dab299a	reviewed	src/Gruntz/Play.cpp	413	IDX	ToolCursorId	CURSOR_FLAILINGGRUNT	if (m_levelId == IDX(CURSOR_FLAILINGGRUNT)) {	All occurrences cross CPlay's historically generic level/cursor state integer and its arithmetic boundary.
48d50d25c70a6c21	reviewed	src/Gruntz/Play.cpp	780	static_cast-enum	LevelArea	r / 4 + 1	self->m_levelType = static_cast<LevelArea>(r / 4 + 1);	Reviewed individually: each conversion enters a domain from bounded loop, offset, random-choice, or range arithmetic; the arithmetic itself is intentionally integer-valued.
3c97b2d2f84a3688	reviewed	src/Gruntz/Play.cpp	870	static_cast-enum	LevelArea	r / 4 + 1	self->m_levelType = static_cast<LevelArea>(r / 4 + 1);	Reviewed individually: each conversion enters a domain from bounded loop, offset, random-choice, or range arithmetic; the arithmetic itself is intentionally integer-valued.
3cbeb834911768a2	reviewed	src/Gruntz/Play.cpp	873	IDX		self->m_levelType	"sprintf(nameBuf, ""AREA%i"", IDX(self->m_levelType));"	Audited individually: ColorTint exits feed sprite/shade factories, raw lobby slots, WWD fields, or player-indexed rendering APIs; accompanying category, level-area, owner, and custom-map exits are numeric loop/config/index boundaries.
34127f3833859b29	reviewed	src/Gruntz/Play.cpp	1405	IDX	GruntzCommandId	CMD_TOGGLE_MUSIC	m_mgr->ReportError(IDX(CMD_TOGGLE_MUSIC), 0x456);	All occurrences were inspected: exits feed raw Win32/menu command IDs, ReportError, or the historically int CheatMgr registration API; the enum remains the source domain.
0cf22d2b5034860b	reviewed	src/Gruntz/Play.cpp	1406	IDX	ErrorStringId	IDS_INITIALIZE_GAME	m_mgr->ReportError(IDX(IDS_INITIALIZE_GAME), 0x456);	Each occurrence uses a retail RT_STRING-backed ErrorStringId at the raw Win32 LoadString/ReportError boundary; former CMD_* aliases were replaced from decoded resource evidence.
28a1966a358d573d	reviewed	src/Gruntz/Play.cpp	1412	IDX	GruntzCommandId	CMD_FINISH_LEVEL	PostMessageA(m_mgr->m_gameWnd->m_hwnd, WM_COMMAND, IDX(CMD_FINISH_LEVEL), 0);	All occurrences were inspected: exits feed raw Win32/menu command IDs, ReportError, or the historically int CheatMgr registration API; the enum remains the source domain.
032a8e9109d57c50	reviewed	src/Gruntz/Play.cpp	1481	IDX	GruntzCommandId	CMD_MAIN_MENU	PostMessageA(host->m_gameWnd->m_hwnd, WM_COMMAND, IDX(CMD_MAIN_MENU), 0);	All occurrences were inspected: exits feed raw Win32/menu command IDs, ReportError, or the historically int CheatMgr registration API; the enum remains the source domain.
7675bfb8dde5cde6	reviewed	src/Gruntz/Play.cpp	1502	IDX	GruntzCommandId	CMD_MAIN_MENU	PostMessageA(host->m_gameWnd->m_hwnd, WM_COMMAND, IDX(CMD_MAIN_MENU), 0);	All occurrences were inspected: exits feed raw Win32/menu command IDs, ReportError, or the historically int CheatMgr registration API; the enum remains the source domain.
75de452d8087d9fe	reviewed	src/Gruntz/Play.cpp	1516	IDX	GruntzCommandId	CMD_RELOAD_LEVEL	PostMessageA(r->m_hwnd, WM_COMMAND, IDX(CMD_RELOAD_LEVEL), 0);	All occurrences were inspected: exits feed raw Win32/menu command IDs, ReportError, or the historically int CheatMgr registration API; the enum remains the source domain.
ac9a0503628297ff	reviewed	src/Gruntz/Play.cpp	2364	IDX		w->m_options[id].m_colorIndex	w->m_spriteFactory->GetSel(IDX(w->m_options[id].m_colorIndex), 0);	Audited individually: ColorTint exits feed sprite/shade factories, raw lobby slots, WWD fields, or player-indexed rendering APIs; accompanying category, level-area, owner, and custom-map exits are numeric loop/config/index boundaries.
e5fc60b966fec031	fixed	src/Gruntz/Play.cpp	2778	IDX	PlayViewMode	VIEW_MODE_IDLE	m_viewMode = IDX(VIEW_MODE_IDLE);	Typed CPlay view-mode storage and used the enum's stepped operators for DestructButtonFrame; one shifted duplicate was retired during the context-key migration.
fa641503eb633333	fixed	src/Gruntz/Play.cpp	2786	static_cast-enum	PlayViewMode	m_viewMode	PlayViewMode mode = static_cast<PlayViewMode>(m_viewMode);	Typed CPlay view-mode storage and used the enum's stepped operators for DestructButtonFrame; one shifted duplicate was retired during the context-key migration.
c5956ccf76b23597	fixed	src/Gruntz/Play.cpp	2906	IDX	PlayViewMode	VIEW_MODE_A	m_viewMode = IDX(VIEW_MODE_A);	Typed CPlay view-mode storage and used the enum's stepped operators for DestructButtonFrame; one shifted duplicate was retired during the context-key migration.
ddb757e74861ed65	fixed	src/Gruntz/Play.cpp	2910	IDX	PlayViewMode	VIEW_MODE_B	m_viewMode = IDX(VIEW_MODE_B);	Typed CPlay view-mode storage and used the enum's stepped operators for DestructButtonFrame; one shifted duplicate was retired during the context-key migration.
acf5d862c2a49dc4	reviewed	src/Gruntz/Play.cpp	3488	IDX	QuestLevel	QUESTLEVEL_LAST	if (stage > IDX(QUESTLEVEL_LAST)) {	All occurrences were inspected: exits are level-number arithmetic, display/save counts, or raw menu API arguments; semantic storage and accessors remain typed.
5935f889b8567e49	fixed	src/Gruntz/Play.cpp	3494	static_cast-enum	QuestLevel	stage	switch (static_cast<QuestLevel>(stage)) {	Removed an unnecessary conversion by typing the owner, using an existing named value, or introducing an evidence-backed domain constant.
d5ac1a3bf6095d80	fixed	src/Gruntz/Play.cpp	3513	static_cast-enum	QuestLevel	m_levelIndex	switch (static_cast<QuestLevel>(m_levelIndex)) {	Removed an unnecessary conversion by typing the owner, using an existing named value, or introducing an evidence-backed domain constant.
be6e51838906199f	reviewed	src/Gruntz/Play.cpp	3720	IDX	PickupType	PICKUP_WARPSTONE	stillPlaced = (result->m_smarts == IDX(PICKUP_WARPSTONE));	All occurrences were inspected: exits target generic WWD m_smarts storage, raw pickup counters/APIs, or the documented GruntSpawnConfig integer-switch codegen seam.
6a400f361895575b	reviewed	src/Gruntz/Play.cpp	3845	static_cast-enum	ColorTint	index	m_colorIndex = static_cast<ColorTint>(index);	Reviewed individually: ColorTint enters from registry/UI integers or packed u8 network fields; the explicit cast preserves the external or serialized width boundary.
c276812d7e41a34c	fixed	src/Gruntz/Play.cpp	3916	IDX	GruntEntranceMode	GRUNT_ENTRANCE_NONE	IDX(GRUNT_ENTRANCE_NONE),	Removed an unrelated GruntEntranceMode zero used as CB_ADDSTRING's reserved WPARAM; the Win32 argument is simply 0.
40310fcf2e47b585	reviewed	src/Gruntz/Play.cpp	4055	IDX		channel	if (ChannelSlots_Get(IDX(channel))) {	Audited individually: ColorTint exits feed sprite/shade factories, raw lobby slots, WWD fields, or player-indexed rendering APIs; accompanying category, level-area, owner, and custom-map exits are numeric loop/config/index boundaries.
6ede23672b62deb8	reviewed	src/Gruntz/Play.cpp	4056	IDX		m_colorIndex	ChannelSlots_Set(IDX(m_colorIndex), 1);	Audited individually: ColorTint exits feed sprite/shade factories, raw lobby slots, WWD fields, or player-indexed rendering APIs; accompanying category, level-area, owner, and custom-map exits are numeric loop/config/index boundaries.
8f4abb66d95a0e92	reviewed	src/Gruntz/Play.cpp	4057	IDX		channel	ChannelSlots_Set(IDX(channel), 0);	Audited individually: ColorTint exits feed sprite/shade factories, raw lobby slots, WWD fields, or player-indexed rendering APIs; accompanying category, level-area, owner, and custom-map exits are numeric loop/config/index boundaries.
73e27441f0f79849	reviewed	src/Gruntz/Play.cpp	4237	IDX	PlayerCommandKind	PLAYERCMD_PLACE_GRUNT	static_cast<char>(IDX(PLAYERCMD_PLACE_GRUNT)),	All occurrences narrow a typed command kind into the byte-oriented multiplayer command wire format.
fccdb9dfc9fb3a1a	reviewed	src/Gruntz/Play.cpp	4268	IDX		w->m_options[id].m_colorIndex	CShadeTable* spr = w->m_spriteFactory->GetSel(IDX(w->m_options[id].m_colorIndex), 0);	Audited individually: ColorTint exits feed sprite/shade factories, raw lobby slots, WWD fields, or player-indexed rendering APIs; accompanying category, level-area, owner, and custom-map exits are numeric loop/config/index boundaries.
4fa38dab02a58f6e	fixed	src/Gruntz/Play.cpp	4348	IDX	SpriteStateFlags	SPRITE_STATE_HIDDEN	s2->m_stateFlags |= IDX(SPRITE_STATE_HIDDEN);	Typed CResolveNode::m_stateFlags as SpriteStateFlags and replaced raw bit arithmetic with domain operators/HAS; all former per-call exits disappeared.
3521aa0230014511	fixed	src/Gruntz/Play.cpp	4353	IDX	SpriteStateFlags	SPRITE_STATE_HIDDEN	m_scrollSink->m_stateFlags |= IDX(SPRITE_STATE_HIDDEN);	Typed CResolveNode::m_stateFlags as SpriteStateFlags and replaced raw bit arithmetic with domain operators/HAS; all former per-call exits disappeared.
8c3e9168a586bc85	fixed	src/Gruntz/Play.cpp	4357	IDX	SpriteStateFlags	SPRITE_STATE_HIDDEN	m_scrollSink->m_stateFlags &= ~IDX(SPRITE_STATE_HIDDEN);	Typed CResolveNode::m_stateFlags as SpriteStateFlags and replaced raw bit arithmetic with domain operators/HAS; all former per-call exits disappeared.
d2aba870a17d9a68	fixed	src/Gruntz/Play.cpp	4368	IDX	SpriteStateFlags	SPRITE_STATE_HIDDEN	m_scrollSink->m_stateFlags |= IDX(SPRITE_STATE_HIDDEN);	Typed CResolveNode::m_stateFlags as SpriteStateFlags and replaced raw bit arithmetic with domain operators/HAS; all former per-call exits disappeared.
27c3d590f2a84302	fixed	src/Gruntz/Play.cpp	4405	IDX	SpriteStateFlags	SPRITE_STATE_HIDDEN	s->m_stateFlags |= IDX(SPRITE_STATE_HIDDEN);	Typed CResolveNode::m_stateFlags as SpriteStateFlags and replaced raw bit arithmetic with domain operators/HAS; all former per-call exits disappeared.
dd25755ba33f47ac	reviewed	src/Gruntz/Play.cpp	4422	IDX	GruntzCommandId	CMD_FINISH_LEVEL	PostMessageA(g_gameReg->m_gameWnd->m_hwnd, WM_COMMAND, IDX(CMD_FINISH_LEVEL), 0);	All occurrences were inspected: exits feed raw Win32/menu command IDs, ReportError, or the historically int CheatMgr registration API; the enum remains the source domain.
4f3b086d730337d3	fixed	src/Gruntz/Play.cpp	4423	IDX	SpriteStateFlags	SPRITE_STATE_HIDDEN	m_scrollSink->m_stateFlags |= IDX(SPRITE_STATE_HIDDEN);	Typed CResolveNode::m_stateFlags as SpriteStateFlags and replaced raw bit arithmetic with domain operators/HAS; all former per-call exits disappeared.
63a999ccbf8cacbf	reviewed	src/Gruntz/Play.cpp	4529	IDX	GruntzCommandId	CMD_TOGGLE_MUSIC	m_mgr->ReportError(IDX(CMD_TOGGLE_MUSIC), 0x457);	All occurrences were inspected: exits feed raw Win32/menu command IDs, ReportError, or the historically int CheatMgr registration API; the enum remains the source domain.
739d83604f72102d	reviewed	src/Gruntz/Play.cpp	4530	IDX	ErrorStringId	IDS_INITIALIZE_GAME	m_mgr->ReportError(IDX(IDS_INITIALIZE_GAME), 0x457);	Each occurrence uses a retail RT_STRING-backed ErrorStringId at the raw Win32 LoadString/ReportError boundary; former CMD_* aliases were replaced from decoded resource evidence.
dfb91bc22b3f39d0	reviewed	src/Gruntz/Play.cpp	4535	IDX	GruntzCommandId	CMD_FINISH_LEVEL	PostMessageA(m_mgr->m_gameWnd->m_hwnd, WM_COMMAND, IDX(CMD_FINISH_LEVEL), 0);	All occurrences were inspected: exits feed raw Win32/menu command IDs, ReportError, or the historically int CheatMgr registration API; the enum remains the source domain.
7301b56f8a0deedd	reviewed	src/Gruntz/Play.cpp	4574	IDX	PlayerCommandKind	PLAYERCMD_PLACE_GRUNT	static_cast<char>(IDX(PLAYERCMD_PLACE_GRUNT)),	All occurrences narrow a typed command kind into the byte-oriented multiplayer command wire format.
4d88f189d4cf06e5	reviewed	src/Gruntz/Play.cpp	4629	IDX	PlayerCommandKind	PLAYERCMD_GIVE_TOOL	static_cast<char>(IDX(PLAYERCMD_GIVE_TOOL)),	All occurrences narrow a typed command kind into the byte-oriented multiplayer command wire format.
2aa02e20f69dc7e4	reviewed	src/Gruntz/Play.cpp	4655	IDX	PlayerCommandKind	PLAYERCMD_GIVE_TOOL	static_cast<char>(IDX(PLAYERCMD_GIVE_TOOL)),	All occurrences narrow a typed command kind into the byte-oriented multiplayer command wire format.
e6a42fdd4596833f	reviewed	src/Gruntz/Play.cpp	4723	IDX	ToolCursorId	CURSOR_TOOL_HANDZ	i32 lv = m_levelId - IDX(CURSOR_TOOL_HANDZ);	All occurrences cross CPlay's historically generic level/cursor state integer and its arithmetic boundary.
84b1014d44557072	reviewed	src/Gruntz/Play.cpp	4724	static_cast-enum	PickupType	lv	PickupType item = static_cast<PickupType>(lv);	Reviewed individually: remaining entries are raw retail function parameters, loop/arithmetic results, wire payloads, generic notification storage, or per-logic views of shared WWD integer fields.
5ed9e6c9d889e604	reviewed	src/Gruntz/Play.cpp	4749	IDX	ToolCursorId	CURSOR_TOOL_HANDZ	if (m_levelId >= IDX(CURSOR_TOOL_HANDZ)) {	All occurrences cross CPlay's historically generic level/cursor state integer and its arithmetic boundary.
ab030d1938f261c4	reviewed	src/Gruntz/Play.cpp	4821	IDX	GruntzCommandId	CMD_TOGGLE_MUSIC	m_mgr->ReportError(IDX(CMD_TOGGLE_MUSIC), 0x458);	All occurrences were inspected: exits feed raw Win32/menu command IDs, ReportError, or the historically int CheatMgr registration API; the enum remains the source domain.
c2b5f6cdb6041c0d	reviewed	src/Gruntz/Play.cpp	4822	IDX	ErrorStringId	IDS_INITIALIZE_GAME	m_mgr->ReportError(IDX(IDS_INITIALIZE_GAME), 0x458);	Each occurrence uses a retail RT_STRING-backed ErrorStringId at the raw Win32 LoadString/ReportError boundary; former CMD_* aliases were replaced from decoded resource evidence.
8cacab66e96e45c7	reviewed	src/Gruntz/Play.cpp	4827	IDX	GruntzCommandId	CMD_FINISH_LEVEL	PostMessageA(m_mgr->m_gameWnd->m_hwnd, WM_COMMAND, IDX(CMD_FINISH_LEVEL), 0);	All occurrences were inspected: exits feed raw Win32/menu command IDs, ReportError, or the historically int CheatMgr registration API; the enum remains the source domain.
29245751e756d885	fixed	src/Gruntz/Play.cpp	5232	static_cast-enum	QuestLevel	m_levelIndex	QuestLevel level = static_cast<QuestLevel>(m_levelIndex);	Removed an unnecessary conversion by typing the owner, using an existing named value, or introducing an evidence-backed domain constant.
288609ba117b1024	reviewed	src/Gruntz/Play.cpp	5239	IDX	GruntzCommandId	CMD_MAIN_MENU	PostMessageA(m_mgr->m_gameWnd->m_hwnd, WM_COMMAND, IDX(CMD_MAIN_MENU), 0);	All occurrences were inspected: exits feed raw Win32/menu command IDs, ReportError, or the historically int CheatMgr registration API; the enum remains the source domain.
6a220170ea2fe7bf	reviewed	src/Gruntz/Play.cpp	5243	IDX	GruntzCommandId	CMD_MAIN_MENU	PostMessageA(m_mgr->m_gameWnd->m_hwnd, WM_COMMAND, IDX(CMD_MAIN_MENU), 0);	All occurrences were inspected: exits feed raw Win32/menu command IDs, ReportError, or the historically int CheatMgr registration API; the enum remains the source domain.
17f5b264c06c302f	reviewed	src/Gruntz/Play.cpp	5255	static_cast-enum	ToolCursorId	frame	ToolCursorId cursor = static_cast<ToolCursorId>(frame);	Reviewed individually: each conversion enters a domain from bounded loop, offset, random-choice, or range arithmetic; the arithmetic itself is intentionally integer-valued.
2633b7cd8fb42f58	fixed	src/Gruntz/Play.cpp	5263	IDX	SpriteStateFlags	SPRITE_STATE_HIDDEN	this->m_scrollSink->m_stateFlags |= IDX(SPRITE_STATE_HIDDEN);	Typed CResolveNode::m_stateFlags as SpriteStateFlags and replaced raw bit arithmetic with domain operators/HAS; all former per-call exits disappeared.
24192ba79bf23338	fixed	src/Gruntz/Play.cpp	5277	IDX	SpriteStateFlags	SPRITE_STATE_HIDDEN	this->m_scrollSink->m_stateFlags &= ~IDX(SPRITE_STATE_HIDDEN);	Typed CResolveNode::m_stateFlags as SpriteStateFlags and replaced raw bit arithmetic with domain operators/HAS; all former per-call exits disappeared.
bb46fefd68e30246	fixed	src/Gruntz/Play.cpp	5290	IDX	SpriteStateFlags	SPRITE_STATE_HIDDEN	this->m_scrollSink->m_stateFlags |= IDX(SPRITE_STATE_HIDDEN);	Typed CResolveNode::m_stateFlags as SpriteStateFlags and replaced raw bit arithmetic with domain operators/HAS; all former per-call exits disappeared.
abab9dc74a9972fe	fixed	src/Gruntz/Play.cpp	5477	IDX	SpriteStateFlags	SPRITE_STATE_HIDDEN	this->m_scrollSink->m_stateFlags |= IDX(SPRITE_STATE_HIDDEN);	Typed CResolveNode::m_stateFlags as SpriteStateFlags and replaced raw bit arithmetic with domain operators/HAS; all former per-call exits disappeared.
9e72031a13066881	reviewed	src/Gruntz/Play.cpp	6488	static_cast-enum	QuestLevel	id	->SetMaxLevel(static_cast<QuestLevel>(id));	CState level indices and arithmetic results are mixed numeric storage; convert only at the QuestLevel API boundary.
f36402372d26ece2	fixed	src/Gruntz/Play.cpp	6505	IDX	SpriteStateFlags	SPRITE_STATE_HIDDEN	m_scrollSink->m_stateFlags &= ~IDX(SPRITE_STATE_HIDDEN);	Typed CResolveNode::m_stateFlags as SpriteStateFlags and replaced raw bit arithmetic with domain operators/HAS; all former per-call exits disappeared.
2d3dece80246b5a9	reviewed	src/Gruntz/Play.cpp	6872	IDX	PickupType	GRUNT_BOOMERANG	for (i32 id = IDX(GRUNT_BOOMERANG); id <= IDX(GRUNT_YOYO); id++) {	All occurrences were inspected: exits target generic WWD m_smarts storage, raw pickup counters/APIs, or the documented GruntSpawnConfig integer-switch codegen seam.
695b2337d1a318f3	reviewed	src/Gruntz/Play.cpp	6872	IDX	PickupType	GRUNT_YOYO	for (i32 id = IDX(GRUNT_BOOMERANG); id <= IDX(GRUNT_YOYO); id++) {	All occurrences were inspected: exits target generic WWD m_smarts storage, raw pickup counters/APIs, or the documented GruntSpawnConfig integer-switch codegen seam.
2c566d89b7e789f8	reviewed	src/Gruntz/Play.cpp	6873	static_cast-enum	PickupType	id	if (!BuildGruntTypeNameTable(static_cast<PickupType>(id), 0, 0, 0)) {	Reviewed individually: remaining entries are raw retail function parameters, loop/arithmetic results, wire payloads, generic notification storage, or per-logic views of shared WWD integer fields.
6aa8cb5a2e3a337c	reviewed	src/Gruntz/Play.cpp	6903	IDX	PickupType	GRUNT_YOYO	for (i32 id = IDX(GRUNT_BOOMERANG); id <= IDX(GRUNT_YOYO); id++) {	All occurrences were inspected: exits target generic WWD m_smarts storage, raw pickup counters/APIs, or the documented GruntSpawnConfig integer-switch codegen seam.
fc4de5fe7134be83	reviewed	src/Gruntz/Play.cpp	6903	IDX	PickupType	GRUNT_BOOMERANG	for (i32 id = IDX(GRUNT_BOOMERANG); id <= IDX(GRUNT_YOYO); id++) {	All occurrences were inspected: exits target generic WWD m_smarts storage, raw pickup counters/APIs, or the documented GruntSpawnConfig integer-switch codegen seam.
f95cb3db0530e4d2	reviewed	src/Gruntz/Play.cpp	6908	static_cast-enum	PickupType	id	if (!BuildGruntTypeNameTable(static_cast<PickupType>(id), 1, 0, ctx)) {	Reviewed individually: remaining entries are raw retail function parameters, loop/arithmetic results, wire payloads, generic notification storage, or per-logic views of shared WWD integer fields.
b03a19d783f968bc	reviewed	src/Gruntz/Play.cpp	6962	static_cast-enum	PickupType	v	if (!BuildGruntTypeNameTable(static_cast<PickupType>(v), 1, 0, ctx)) {	Reviewed individually: remaining entries are raw retail function parameters, loop/arithmetic results, wire payloads, generic notification storage, or per-logic views of shared WWD integer fields.
6279361b03c587cb	reviewed	src/Gruntz/Play.cpp	6972	static_cast-enum	PickupType	v	if (!BuildGruntTypeNameTable(static_cast<PickupType>(v), 1, 0, ctx)) {	Reviewed individually: remaining entries are raw retail function parameters, loop/arithmetic results, wire payloads, generic notification storage, or per-logic views of shared WWD integer fields.
3665c282bb3c14c1	reviewed	src/Gruntz/Play.cpp	6980	static_cast-enum	EnemyAiType	obj->m_points	EnemyAiType aiType = static_cast<EnemyAiType>(obj->m_points);	Reviewed individually: these are per-consumer views of generic WWD/animation/shared integer storage; the owner cannot be globally typed because the same slot carries other domains.
915bbaec74c5bdde	reviewed	src/Gruntz/Play.cpp	7056	static_cast-enum	PickupType	obj->m_smarts	PickupType smarts = static_cast<PickupType>(obj->m_smarts);	Reviewed individually: remaining entries are raw retail function parameters, loop/arithmetic results, wire payloads, generic notification storage, or per-logic views of shared WWD integer fields.
f24ba13125ddb48f	reviewed	src/Gruntz/Play.cpp	7058	static_cast-enum	PickupType	obj->m_points	smarts == PICKUP_MEGAPHONE ? static_cast<PickupType>(obj->m_points) : smarts;	Reviewed individually: remaining entries are raw retail function parameters, loop/arithmetic results, wire payloads, generic notification storage, or per-logic views of shared WWD integer fields.
6338cff81c09122d	reviewed	src/Gruntz/Play.cpp	7070	static_cast-enum	PickupType	d	PickupType item = static_cast<PickupType>(d);	Reviewed individually: remaining entries are raw retail function parameters, loop/arithmetic results, wire payloads, generic notification storage, or per-logic views of shared WWD integer fields.
9ea80d0c296de749	reviewed	src/Gruntz/Play.cpp	7079	IDX	PickupType	GRUNT_HAREKRISHNA	} else if (d == IDX(GRUNT_HAREKRISHNA)) {	All occurrences were inspected: exits target generic WWD m_smarts storage, raw pickup counters/APIs, or the documented GruntSpawnConfig integer-switch codegen seam.
c5bd0ce179956d93	reviewed	src/Gruntz/Play.cpp	7087	IDX	PickupType	GRUNT_REAPER	} else if (d == IDX(GRUNT_REAPER)) {	All occurrences were inspected: exits target generic WWD m_smarts storage, raw pickup counters/APIs, or the documented GruntSpawnConfig integer-switch codegen seam.
472169c922c32ece	reviewed	src/Gruntz/Play.cpp	7097	static_cast-enum	PickupType	obj->m_points	static_cast<PickupType>(obj->m_points),	Reviewed individually: remaining entries are raw retail function parameters, loop/arithmetic results, wire payloads, generic notification storage, or per-logic views of shared WWD integer fields.
893c160128506f2e	reviewed	src/Gruntz/Play.cpp	7110	static_cast-enum	PickupType	obj->m_points	static_cast<PickupType>(obj->m_points),	Reviewed individually: remaining entries are raw retail function parameters, loop/arithmetic results, wire payloads, generic notification storage, or per-logic views of shared WWD integer fields.
1b8f79782833a321	reviewed	src/Gruntz/Play.cpp	7124	static_cast-enum	PickupType	obj->m_powerup	PickupType powerup = static_cast<PickupType>(obj->m_powerup);	Reviewed individually: remaining entries are raw retail function parameters, loop/arithmetic results, wire payloads, generic notification storage, or per-logic views of shared WWD integer fields.
eeddf63db159b0e0	reviewed	src/Gruntz/Play.cpp	7126	static_cast-enum	PickupType	obj->m_points	powerup == PICKUP_MEGAPHONE ? static_cast<PickupType>(obj->m_points) : powerup;	Reviewed individually: remaining entries are raw retail function parameters, loop/arithmetic results, wire payloads, generic notification storage, or per-logic views of shared WWD integer fields.
48730c15a69e9100	reviewed	src/Gruntz/Play.cpp	7138	static_cast-enum	PickupType	e	PickupType item = static_cast<PickupType>(e);	Reviewed individually: remaining entries are raw retail function parameters, loop/arithmetic results, wire payloads, generic notification storage, or per-logic views of shared WWD integer fields.
4ef76a2ad8e22dc7	reviewed	src/Gruntz/Play.cpp	7147	IDX	PickupType	GRUNT_HAREKRISHNA	} else if (obj->m_smarts == IDX(GRUNT_HAREKRISHNA)) {	All occurrences were inspected: exits target generic WWD m_smarts storage, raw pickup counters/APIs, or the documented GruntSpawnConfig integer-switch codegen seam.
30e3b5a44ccad8b8	reviewed	src/Gruntz/Play.cpp	7155	IDX	PickupType	GRUNT_REAPER	} else if (obj->m_smarts == IDX(GRUNT_REAPER)) {	All occurrences were inspected: exits target generic WWD m_smarts storage, raw pickup counters/APIs, or the documented GruntSpawnConfig integer-switch codegen seam.
33f305d151a554ed	reviewed	src/Gruntz/Play.cpp	7165	static_cast-enum	PickupType	obj->m_points	static_cast<PickupType>(obj->m_points),	Reviewed individually: remaining entries are raw retail function parameters, loop/arithmetic results, wire payloads, generic notification storage, or per-logic views of shared WWD integer fields.
38b8b05ba3c2d01b	reviewed	src/Gruntz/Play.cpp	7178	static_cast-enum	PickupType	obj->m_points	static_cast<PickupType>(obj->m_points),	Reviewed individually: remaining entries are raw retail function parameters, loop/arithmetic results, wire payloads, generic notification storage, or per-logic views of shared WWD integer fields.
c44ecc74a0cdf1e3	reviewed	src/Gruntz/PlayPlaneScan.cpp	78	IDX	PickupType	PICKUP_MEGAPHONE	if (p->m_powerup == IDX(PICKUP_MEGAPHONE)) {	All occurrences were inspected: exits target generic WWD m_smarts storage, raw pickup counters/APIs, or the documented GruntSpawnConfig integer-switch codegen seam.
6147ccc1b3be3df8	reviewed	src/Gruntz/PlayPlaneScan.cpp	142	IDX	PickupType	PICKUP_MEGAPHONE	if (p->m_powerup == IDX(PICKUP_MEGAPHONE)) {	All occurrences were inspected: exits target generic WWD m_smarts storage, raw pickup counters/APIs, or the documented GruntSpawnConfig integer-switch codegen seam.
deee1b64779b08b4	reviewed	src/Gruntz/PlayerCommandStep.cpp	446	static_cast-enum	PickupType	static_cast<u8>(extraByte)	static_cast<PickupType>(static_cast<u8>(extraByte)),	Reviewed individually: remaining entries are raw retail function parameters, loop/arithmetic results, wire payloads, generic notification storage, or per-logic views of shared WWD integer fields.
c0f01c182dfc6f77	fixed	src/Gruntz/Projectile.cpp	102	IDX	SpriteStateFlags	SPRITE_STATE_HIDDEN	m_wwdObject->m_stateFlags |= IDX(SPRITE_STATE_HIDDEN);	Typed CResolveNode::m_stateFlags as SpriteStateFlags and replaced raw bit arithmetic with domain operators/HAS; all former per-call exits disappeared.
e3dfc64a8f1c6cea	reviewed	src/Gruntz/RollingBall.cpp	44	IDX		static_cast<CTileImageSet*>(ent)->GetCollisionAt(0, 0)	return IDX(static_cast<CTileImageSet*>(ent)->GetCollisionAt(0, 0));	Audited individually: BrickTileId, TileCollisionKind, PlayerSlot, trigger kind, pickup, and tint values cross raw tile-grid cells, collision-return ABIs, cell-flag APIs, or packed WWD ownership fields.
ca95103550e0033a	reviewed	src/Gruntz/RollingBall.cpp	80	IDX	CardinalDir	CARDINAL_NORTH	o->m_direction = IDX(CARDINAL_NORTH);	All occurrences write or compare generic WWD integer direction/smarts fields whose shared storage cannot be globally specialized.
d88f1064f753ab31	reviewed	src/Gruntz/RollingBall.cpp	84	IDX	CardinalDir	CARDINAL_EAST	o->m_direction = IDX(CARDINAL_EAST);	All occurrences write or compare generic WWD integer direction/smarts fields whose shared storage cannot be globally specialized.
38ca8d5045ca025f	reviewed	src/Gruntz/RollingBall.cpp	88	IDX	CardinalDir	CARDINAL_SOUTH	o->m_direction = IDX(CARDINAL_SOUTH);	All occurrences write or compare generic WWD integer direction/smarts fields whose shared storage cannot be globally specialized.
1cedb854a740f743	reviewed	src/Gruntz/RollingBall.cpp	92	IDX	CardinalDir	CARDINAL_WEST	o->m_direction = IDX(CARDINAL_WEST);	All occurrences write or compare generic WWD integer direction/smarts fields whose shared storage cannot be globally specialized.
4eca42da039725e7	reviewed	src/Gruntz/RollingBall.cpp	253	static_cast-enum	TileCollisionKind	act	switch (static_cast<TileCollisionKind>(act)) {	Reviewed individually: these conversions are at raw file, network, UI, serialization, packed-storage, or historically integer-signature boundaries.
2777078d6d3b151d	reviewed	src/Gruntz/RollingBall.cpp	300	IDX	TileCollisionKind	TILEKIND_SPECIAL	if (act != IDX(TILEKIND_SPECIAL)) {	All occurrences cross raw grid/image cell or generic animation-act storage boundaries.
3f75e3b88f1742b8	reviewed	src/Gruntz/RollingBall.cpp	325	static_cast-enum	MovingDeathTileSetAId	sink	switch (static_cast<MovingDeathTileSetAId>(sink)) {	Reviewed individually: these are per-consumer views of generic WWD/animation/shared integer storage; the owner cannot be globally typed because the same slot carries other domains.
7b7700ea1ad64cbc	reviewed	src/Gruntz/RollingBall.cpp	416	static_cast-enum	LevelArea	g_gameReg->m_curState->m_levelType	LevelArea kind = static_cast<LevelArea>(g_gameReg->m_curState->m_levelType);	Reviewed individually: each conversion enters a domain from bounded loop, offset, random-choice, or range arithmetic; the arithmetic itself is intentionally integer-valued.
a2f5d7583cafe064	reviewed	src/Gruntz/RollingBall.cpp	469	static_cast-enum	TileCollisionKind	act2	switch (static_cast<TileCollisionKind>(act2)) {	Reviewed individually: these conversions are at raw file, network, UI, serialization, packed-storage, or historically integer-signature boundaries.
2b8b7d37a23b5351	reviewed	src/Gruntz/RollingBall.cpp	472	IDX	CardinalDir	CARDINAL_NORTH	m_object->m_direction = IDX(CARDINAL_NORTH);	All occurrences write or compare generic WWD integer direction/smarts fields whose shared storage cannot be globally specialized.
c4c0dfc29b4e9dbe	reviewed	src/Gruntz/RollingBall.cpp	476	IDX	CardinalDir	CARDINAL_EAST	m_object->m_direction = IDX(CARDINAL_EAST);	All occurrences write or compare generic WWD integer direction/smarts fields whose shared storage cannot be globally specialized.
b2d68dd92907e8e5	reviewed	src/Gruntz/RollingBall.cpp	480	IDX	CardinalDir	CARDINAL_SOUTH	m_object->m_direction = IDX(CARDINAL_SOUTH);	All occurrences write or compare generic WWD integer direction/smarts fields whose shared storage cannot be globally specialized.
ea9e4b1a161a26f0	reviewed	src/Gruntz/RollingBall.cpp	484	IDX	CardinalDir	CARDINAL_WEST	m_object->m_direction = IDX(CARDINAL_WEST);	All occurrences write or compare generic WWD integer direction/smarts fields whose shared storage cannot be globally specialized.
b09b680247befcd7	reviewed	src/Gruntz/RollingBall.cpp	492	static_cast-enum	CardinalDir	dirObj2->m_direction	switch (static_cast<CardinalDir>(dirObj2->m_direction)) {	Reviewed individually: these are per-consumer views of generic WWD/animation/shared integer storage; the owner cannot be globally typed because the same slot carries other domains.
aebd3e98891b4737	reviewed	src/Gruntz/SBI_MenuItem.cpp	131	IDX		m_cmd	m_owner->m_activeTab = static_cast<StatusBarTab>(IDX(m_cmd));	Audited individually: exits format LevelArea names, serialize command-kind bytes, pass QuestLevel through a retail int API, mask a Win32 command word, index animation frames, store a custom-map flag, map low SBI tab commands, or select a finish-reason frame.
3663dd71b12af2b0	reviewed	src/Gruntz/SBI_MenuItem.cpp	131	static_cast-enum	StatusBarTab	IDX(m_cmd)	m_owner->m_activeTab = static_cast<StatusBarTab>(IDX(m_cmd));	Reviewed individually: these are per-consumer views of generic WWD/animation/shared integer storage; the owner cannot be globally typed because the same slot carries other domains.
4d1db83a322fffa6	reviewed	src/Gruntz/SBI_MenuItem.cpp	159	IDX		state	i32 frameIndex = IDX(state);	Audited individually: exits format LevelArea names, serialize command-kind bytes, pass QuestLevel through a retail int API, mask a Win32 command word, index animation frames, store a custom-map flag, map low SBI tab commands, or select a finish-reason frame.
29af041d43cb3430	reviewed	src/Gruntz/SBI_RectOnly.cpp	169	IDX		m_position	"->SetValueDword(""StatusBar Position"", IDX(m_position));"	Audited individually: remaining exits are typed tab/highlight/frame indices, SbiCommandId band arithmetic, generic SBI mixed-state storage, registry DWORDs, ReportError, or raw Notify arguments.
0c0de04f9efaa735	fixed	src/Gruntz/SBI_RectOnly.cpp	214	IDX		kActivateErrId	g_gameReg->ReportError(IDX(kActivateErrId), 0x448);	Removed the false GruntzCommandId domain from the unproven 0x80e4 error-resource number; it is now a named raw resource ID.
a3357262dc1c068a	fixed	src/Gruntz/SBI_RectOnly.cpp	214	IDX		static_cast<GruntzCommandId>(kActivateErrId)	g_gameReg->ReportError(IDX(static_cast<GruntzCommandId>(kActivateErrId)), 0x448);	Removed an unnecessary conversion by typing the owner, using an existing named value, or introducing an evidence-backed domain constant.
48401d354fb73395	fixed	src/Gruntz/SBI_RectOnly.cpp	214	static_cast-enum	GruntzCommandId	kActivateErrId	g_gameReg->ReportError(IDX(static_cast<GruntzCommandId>(kActivateErrId)), 0x448);	Removed an unnecessary conversion by typing the owner, using an existing named value, or introducing an evidence-backed domain constant.
988aefa9e7e8ea9e	reviewed	src/Gruntz/SBI_RectOnly.cpp	217	IDX		m_activeTab	SetTabState(static_cast<SbiCommandId>(IDX(m_activeTab)), MENUITEM_SELECTED);	Audited individually: remaining exits are typed tab/highlight/frame indices, SbiCommandId band arithmetic, generic SBI mixed-state storage, registry DWORDs, ReportError, or raw Notify arguments.
ee605c67852243f3	reviewed	src/Gruntz/SBI_RectOnly.cpp	217	static_cast-enum	SbiCommandId	IDX(m_activeTab)	SetTabState(static_cast<SbiCommandId>(IDX(m_activeTab)), MENUITEM_SELECTED);	Reviewed individually: each conversion enters a domain from bounded loop, offset, random-choice, or range arithmetic; the arithmetic itself is intentionally integer-valued.
00f9dbabb533f88a	fixed	src/Gruntz/SBI_RectOnly.cpp	239	IDX		static_cast<GruntzCommandId>(kActivateErrId)	g_gameReg->ReportError(IDX(static_cast<GruntzCommandId>(kActivateErrId)), 0x449);	Removed an unnecessary conversion by typing the owner, using an existing named value, or introducing an evidence-backed domain constant.
58cf0840e5d6a196	fixed	src/Gruntz/SBI_RectOnly.cpp	239	IDX		kActivateErrId	g_gameReg->ReportError(IDX(kActivateErrId), 0x449);	Removed the false GruntzCommandId domain from the unproven 0x80e4 error-resource number; it is now a named raw resource ID.
d02350ff224f143d	fixed	src/Gruntz/SBI_RectOnly.cpp	239	static_cast-enum	GruntzCommandId	kActivateErrId	g_gameReg->ReportError(IDX(static_cast<GruntzCommandId>(kActivateErrId)), 0x449);	Removed an unnecessary conversion by typing the owner, using an existing named value, or introducing an evidence-backed domain constant.
0bfc496ff13642cc	reviewed	src/Gruntz/SBI_RectOnly.cpp	242	IDX		m_activeTab	SetTabState(static_cast<SbiCommandId>(IDX(m_activeTab)), MENUITEM_SELECTED);	Audited individually: remaining exits are typed tab/highlight/frame indices, SbiCommandId band arithmetic, generic SBI mixed-state storage, registry DWORDs, ReportError, or raw Notify arguments.
682537d4f0649a99	reviewed	src/Gruntz/SBI_RectOnly.cpp	242	static_cast-enum	SbiCommandId	IDX(m_activeTab)	SetTabState(static_cast<SbiCommandId>(IDX(m_activeTab)), MENUITEM_SELECTED);	Reviewed individually: each conversion enters a domain from bounded loop, offset, random-choice, or range arithmetic; the arithmetic itself is intentionally integer-valued.
f5c198823c09f31d	reviewed	src/Gruntz/SBI_RectOnly.cpp	315	IDX		m_activeTab	CPtrList& tab = m_tabLists[IDX(m_activeTab)];	Audited individually: remaining exits are typed tab/highlight/frame indices, SbiCommandId band arithmetic, generic SBI mixed-state storage, registry DWORDs, ReportError, or raw Notify arguments.
504322a1f5d8bd2f	reviewed	src/Gruntz/SBI_RectOnly.cpp	461	IDX		cmd	ToggleStat(IDX(cmd) - IDX(SBICMD_STAT_TOGGLE_FIRST));	Audited individually: remaining exits are typed tab/highlight/frame indices, SbiCommandId band arithmetic, generic SBI mixed-state storage, registry DWORDs, ReportError, or raw Notify arguments.
d973d8da381253ef	reviewed	src/Gruntz/SBI_RectOnly.cpp	461	IDX	SbiCommandId	SBICMD_STAT_TOGGLE_FIRST	ToggleStat(IDX(cmd) - IDX(SBICMD_STAT_TOGGLE_FIRST));	All occurrences convert status-bar command bands to array indices or perform deliberate command-id arithmetic before typed re-entry.
27fba317074b683c	reviewed	src/Gruntz/SBI_RectOnly.cpp	464	IDX	SbiCommandId	SBICMD_CURSOR_TARGET_FIRST	PlaceCursorTarget(IDX(cmd) - IDX(SBICMD_CURSOR_TARGET_FIRST), 0);	All occurrences convert status-bar command bands to array indices or perform deliberate command-id arithmetic before typed re-entry.
7720716b17505363	reviewed	src/Gruntz/SBI_RectOnly.cpp	464	IDX		cmd	PlaceCursorTarget(IDX(cmd) - IDX(SBICMD_CURSOR_TARGET_FIRST), 0);	Audited individually: remaining exits are typed tab/highlight/frame indices, SbiCommandId band arithmetic, generic SBI mixed-state storage, registry DWORDs, ReportError, or raw Notify arguments.
020dc6e43c2564dc	reviewed	src/Gruntz/SBI_RectOnly.cpp	478	IDX	SbiCommandId	SBICMD_GRUNT_SLOT_FIRST	ActivateSlot(IDX(cmd) - IDX(SBICMD_GRUNT_SLOT_FIRST));	All occurrences convert status-bar command bands to array indices or perform deliberate command-id arithmetic before typed re-entry.
32d40097cb847a36	reviewed	src/Gruntz/SBI_RectOnly.cpp	478	IDX		cmd	ActivateSlot(IDX(cmd) - IDX(SBICMD_GRUNT_SLOT_FIRST));	Audited individually: remaining exits are typed tab/highlight/frame indices, SbiCommandId band arithmetic, generic SBI mixed-state storage, registry DWORDs, ReportError, or raw Notify arguments.
0d2f6b3a70d02d22	reviewed	src/Gruntz/SBI_RectOnly.cpp	493	IDX	SbiCommandId	SBICMD_HL_GROUP0_FIRST	static_cast<StatusBarHighlightRow>(IDX(cmd) - IDX(SBICMD_HL_GROUP0_FIRST))	All occurrences convert status-bar command bands to array indices or perform deliberate command-id arithmetic before typed re-entry.
f730f96f7abdda74	reviewed	src/Gruntz/SBI_RectOnly.cpp	493	IDX		cmd	static_cast<StatusBarHighlightRow>(IDX(cmd) - IDX(SBICMD_HL_GROUP0_FIRST))	Audited individually: remaining exits are typed tab/highlight/frame indices, SbiCommandId band arithmetic, generic SBI mixed-state storage, registry DWORDs, ReportError, or raw Notify arguments.
b8a637d700a8ed5a	reviewed	src/Gruntz/SBI_RectOnly.cpp	493	static_cast-enum	StatusBarHighlightRow	IDX(cmd) - IDX(SBICMD_HL_GROUP0_FIRST)	static_cast<StatusBarHighlightRow>(IDX(cmd) - IDX(SBICMD_HL_GROUP0_FIRST))	Reviewed individually: each conversion enters a domain from bounded loop, offset, random-choice, or range arithmetic; the arithmetic itself is intentionally integer-valued.
a3144512769c18e1	reviewed	src/Gruntz/SBI_RectOnly.cpp	497	IDX	SbiCommandId	SBICMD_HL_GROUP1_FIRST	static_cast<StatusBarHighlightRow>(IDX(cmd) - IDX(SBICMD_HL_GROUP1_FIRST))	All occurrences convert status-bar command bands to array indices or perform deliberate command-id arithmetic before typed re-entry.
ec2081816c9f77a3	reviewed	src/Gruntz/SBI_RectOnly.cpp	497	IDX		cmd	static_cast<StatusBarHighlightRow>(IDX(cmd) - IDX(SBICMD_HL_GROUP1_FIRST))	Audited individually: remaining exits are typed tab/highlight/frame indices, SbiCommandId band arithmetic, generic SBI mixed-state storage, registry DWORDs, ReportError, or raw Notify arguments.
c0cad4ca87f2c560	reviewed	src/Gruntz/SBI_RectOnly.cpp	497	static_cast-enum	StatusBarHighlightRow	IDX(cmd) - IDX(SBICMD_HL_GROUP1_FIRST)	static_cast<StatusBarHighlightRow>(IDX(cmd) - IDX(SBICMD_HL_GROUP1_FIRST))	Reviewed individually: each conversion enters a domain from bounded loop, offset, random-choice, or range arithmetic; the arithmetic itself is intentionally integer-valued.
614ddd9ae544a675	reviewed	src/Gruntz/SBI_RectOnly.cpp	501	IDX	SbiCommandId	SBICMD_HL_GROUP2_FIRST	static_cast<StatusBarHighlightRow>(IDX(cmd) - IDX(SBICMD_HL_GROUP2_FIRST))	All occurrences convert status-bar command bands to array indices or perform deliberate command-id arithmetic before typed re-entry.
cca6762b3765eccd	reviewed	src/Gruntz/SBI_RectOnly.cpp	501	IDX		cmd	static_cast<StatusBarHighlightRow>(IDX(cmd) - IDX(SBICMD_HL_GROUP2_FIRST))	Audited individually: remaining exits are typed tab/highlight/frame indices, SbiCommandId band arithmetic, generic SBI mixed-state storage, registry DWORDs, ReportError, or raw Notify arguments.
1b6907fea6e1d26c	reviewed	src/Gruntz/SBI_RectOnly.cpp	501	static_cast-enum	StatusBarHighlightRow	IDX(cmd) - IDX(SBICMD_HL_GROUP2_FIRST)	static_cast<StatusBarHighlightRow>(IDX(cmd) - IDX(SBICMD_HL_GROUP2_FIRST))	Reviewed individually: each conversion enters a domain from bounded loop, offset, random-choice, or range arithmetic; the arithmetic itself is intentionally integer-valued.
20a467a87fdceed1	reviewed	src/Gruntz/SBI_RectOnly.cpp	517	IDX	SbiCommandId	SBICMD_MULTIPLAYER_HEAD_FIRST	m_tabCycle = IDX(cmd) - IDX(SBICMD_MULTIPLAYER_HEAD_FIRST);	All occurrences convert status-bar command bands to array indices or perform deliberate command-id arithmetic before typed re-entry.
da7092fe1e9b5abe	reviewed	src/Gruntz/SBI_RectOnly.cpp	517	IDX		cmd	m_tabCycle = IDX(cmd) - IDX(SBICMD_MULTIPLAYER_HEAD_FIRST);	Audited individually: remaining exits are typed tab/highlight/frame indices, SbiCommandId band arithmetic, generic SBI mixed-state storage, registry DWORDs, ReportError, or raw Notify arguments.
5ce029c5af676dbb	reviewed	src/Gruntz/SBI_RectOnly.cpp	676	IDX	SbiCommandId	SBICMD_CURSOR_TARGET_FIRST	PlaceCursorTarget(IDX(cmd) - IDX(SBICMD_CURSOR_TARGET_FIRST), 1);	All occurrences convert status-bar command bands to array indices or perform deliberate command-id arithmetic before typed re-entry.
ae4dd01f9d7f9d7b	reviewed	src/Gruntz/SBI_RectOnly.cpp	676	IDX		cmd	PlaceCursorTarget(IDX(cmd) - IDX(SBICMD_CURSOR_TARGET_FIRST), 1);	Audited individually: remaining exits are typed tab/highlight/frame indices, SbiCommandId band arithmetic, generic SBI mixed-state storage, registry DWORDs, ReportError, or raw Notify arguments.
ea9b43ac4ddd3ba5	reviewed	src/Gruntz/SBI_RectOnly.cpp	764	IDX		m_activeTab	CPtrList& tab = m_tabLists[IDX(m_activeTab)];	Audited individually: remaining exits are typed tab/highlight/frame indices, SbiCommandId band arithmetic, generic SBI mixed-state storage, registry DWORDs, ReportError, or raw Notify arguments.
2f5181cd0792ccc2	reviewed	src/Gruntz/SBI_RectOnly.cpp	799	IDX		m_activeTab	CPtrList& tab = m_tabLists[IDX(m_activeTab)];	Audited individually: remaining exits are typed tab/highlight/frame indices, SbiCommandId band arithmetic, generic SBI mixed-state storage, registry DWORDs, ReportError, or raw Notify arguments.
be55ffa6bb8d8e69	fixed	src/Gruntz/SBI_RectOnly.cpp	1085	IDX	SpriteStateFlags	SPRITE_STATE_HIDDEN	m_barSprite->m_stateFlags |= IDX(SPRITE_STATE_HIDDEN);	Typed CResolveNode::m_stateFlags as SpriteStateFlags and replaced raw bit arithmetic with domain operators/HAS; all former per-call exits disappeared.
52a866c19cbec773	reviewed	src/Gruntz/SBI_RectOnly.cpp	1147	IDX		m_activeTab	CPtrList& tab = m_tabLists[IDX(m_activeTab)];	Audited individually: remaining exits are typed tab/highlight/frame indices, SbiCommandId band arithmetic, generic SBI mixed-state storage, registry DWORDs, ReportError, or raw Notify arguments.
36fc439691e8b501	reviewed	src/Gruntz/SBI_RectOnly.cpp	1155	IDX		m_activeTab	m_tabLists[IDX(m_activeTab)].RemoveAll();	Audited individually: remaining exits are typed tab/highlight/frame indices, SbiCommandId band arithmetic, generic SBI mixed-state storage, registry DWORDs, ReportError, or raw Notify arguments.
f43002d06cc79fc6	reviewed	src/Gruntz/SBI_RectOnly.cpp	1230	IDX		m_activeTab	CPtrList& tab = m_tabLists[IDX(m_activeTab)];	Audited individually: remaining exits are typed tab/highlight/frame indices, SbiCommandId band arithmetic, generic SBI mixed-state storage, registry DWORDs, ReportError, or raw Notify arguments.
7a0cfa3ec67aa269	reviewed	src/Gruntz/SBI_RectOnly.cpp	1648	IDX		m_modeState	IDX(m_modeState),	Audited individually: remaining exits are typed tab/highlight/frame indices, SbiCommandId band arithmetic, generic SBI mixed-state storage, registry DWORDs, ReportError, or raw Notify arguments.
ac1e4b1167d5b431	reviewed	src/Gruntz/SBI_RectOnly.cpp	1662	IDX	DestructButtonFrame	DESTRUCT_FRAME_DISABLED	m_modeNotify->Notify(IDX(DESTRUCT_FRAME_DISABLED));	CSBI_ImageSet::Notify retains its retail int animation-frame interface.
2a22e8151a414cc6	fixed	src/Gruntz/SBI_RectOnly.cpp	1747	IDX		kActivateErrId	g_gameReg->ReportError(IDX(kActivateErrId), kSetTabErrTag);	Removed the false GruntzCommandId domain from the unproven 0x80e4 error-resource number; it is now a named raw resource ID.
76ec1196d49b31de	fixed	src/Gruntz/SBI_RectOnly.cpp	1747	IDX		static_cast<GruntzCommandId>(kActivateErrId)	g_gameReg->ReportError(IDX(static_cast<GruntzCommandId>(kActivateErrId)), kSetTabErrTag);	Removed an unnecessary conversion by typing the owner, using an existing named value, or introducing an evidence-backed domain constant.
647f821099476b57	fixed	src/Gruntz/SBI_RectOnly.cpp	1747	static_cast-enum	GruntzCommandId	kActivateErrId	g_gameReg->ReportError(IDX(static_cast<GruntzCommandId>(kActivateErrId)), kSetTabErrTag);	Removed an unnecessary conversion by typing the owner, using an existing named value, or introducing an evidence-backed domain constant.
36351787f6bea7f0	fixed	src/Gruntz/SBI_RectOnly.cpp	1788	IDX		kActivateErrId	g_gameReg->ReportError(IDX(kActivateErrId), kActivateErrTag);	Removed the false GruntzCommandId domain from the unproven 0x80e4 error-resource number; it is now a named raw resource ID.
d4e59c659b78fcfd	fixed	src/Gruntz/SBI_RectOnly.cpp	1788	IDX		static_cast<GruntzCommandId>(kActivateErrId)	g_gameReg->ReportError(IDX(static_cast<GruntzCommandId>(kActivateErrId)), kActivateErrTag);	Removed an unnecessary conversion by typing the owner, using an existing named value, or introducing an evidence-backed domain constant.
bc1810c985f8ac10	fixed	src/Gruntz/SBI_RectOnly.cpp	1788	static_cast-enum	GruntzCommandId	kActivateErrId	g_gameReg->ReportError(IDX(static_cast<GruntzCommandId>(kActivateErrId)), kActivateErrTag);	Removed an unnecessary conversion by typing the owner, using an existing named value, or introducing an evidence-backed domain constant.
38f84cc3f539a656	reviewed	src/Gruntz/SBI_RectOnly.cpp	1791	IDX		m_activeTab	SetTabState(static_cast<SbiCommandId>(IDX(m_activeTab)), MENUITEM_SELECTED);	Audited individually: remaining exits are typed tab/highlight/frame indices, SbiCommandId band arithmetic, generic SBI mixed-state storage, registry DWORDs, ReportError, or raw Notify arguments.
9353ddf8755af9f1	reviewed	src/Gruntz/SBI_RectOnly.cpp	1791	static_cast-enum	SbiCommandId	IDX(m_activeTab)	SetTabState(static_cast<SbiCommandId>(IDX(m_activeTab)), MENUITEM_SELECTED);	Reviewed individually: each conversion enters a domain from bounded loop, offset, random-choice, or range arithmetic; the arithmetic itself is intentionally integer-valued.
673c92e37ba4953b	reviewed	src/Gruntz/SBI_RectOnly.cpp	1817	static_cast-enum	StatusSampleMode	value	StatusSampleMode mode = static_cast<StatusSampleMode>(value);	The retail function remains int,int for mangling; StatusSampleMode is entered once on receipt and exited explicitly at the call.
566ef7ddde586d88	fixed	src/Gruntz/SBI_RectOnly.cpp	1829	static_cast-enum	StatusSampleMode	value	item->m_sampleMode = static_cast<StatusSampleMode>(value);	Corrected LoadStatzTabToggleSprite argument roles and typed m_statFlags as StatusSampleMode storage.
584f3105396d7349	reviewed	src/Gruntz/SBI_RectOnly.cpp	2139	static_cast-enum	SbiHlRowState	ph->m_state	SbiHlRowState state = static_cast<SbiHlRowState>(ph->m_state);	Reviewed individually: these are per-consumer views of generic WWD/animation/shared integer storage; the owner cannot be globally typed because the same slot carries other domains.
172f9437e3f9af92	reviewed	src/Gruntz/SBI_RectOnly.cpp	2151	IDX	SbiHlRowState	HLROW_HOLD_LOW	ph->m_state = IDX(HLROW_HOLD_LOW);	CSbiHlRow::m_state is deliberately mixed storage shared with SbiMachineState; every occurrence is an explicit exit into that documented raw field/API seam.
2bd5211381109861	reviewed	src/Gruntz/SBI_RectOnly.cpp	2167	IDX	SbiHlRowState	HLROW_OFF	ph->m_state = IDX(HLROW_OFF);	CSbiHlRow::m_state is deliberately mixed storage shared with SbiMachineState; every occurrence is an explicit exit into that documented raw field/API seam.
a30f5d2bb48545f5	reviewed	src/Gruntz/SBI_RectOnly.cpp	2177	IDX	SbiHlRowState	HLROW_HOLD_HIGH	ph->m_state = IDX(HLROW_HOLD_HIGH);	CSbiHlRow::m_state is deliberately mixed storage shared with SbiMachineState; every occurrence is an explicit exit into that documented raw field/API seam.
b2d7753f6031fb02	reviewed	src/Gruntz/SBI_RectOnly.cpp	2192	IDX	SbiHlRowState	HLROW_OFF	ph->m_state = IDX(HLROW_OFF);	CSbiHlRow::m_state is deliberately mixed storage shared with SbiMachineState; every occurrence is an explicit exit into that documented raw field/API seam.
91b90abb36b930f3	reviewed	src/Gruntz/SBI_RectOnly.cpp	2216	IDX	SbiHlRowState	HLROW_RAMP_DOWN_HIGH	ph->m_state = IDX(HLROW_RAMP_DOWN_HIGH);	CSbiHlRow::m_state is deliberately mixed storage shared with SbiMachineState; every occurrence is an explicit exit into that documented raw field/API seam.
c58de64f3b2d863b	reviewed	src/Gruntz/SBI_RectOnly.cpp	2238	IDX	SbiHlRowState	HLROW_RAMP_DOWN_LOW	ph->m_state = IDX(HLROW_RAMP_DOWN_LOW);	CSbiHlRow::m_state is deliberately mixed storage shared with SbiMachineState; every occurrence is an explicit exit into that documented raw field/API seam.
c6175b09f9d1bf0c	reviewed	src/Gruntz/SBI_RectOnly.cpp	2256	static_cast-enum	SbiMachineState	pA->m_state	SbiMachineState rightState = static_cast<SbiMachineState>(pA->m_state);	Reviewed individually: these are per-consumer views of generic WWD/animation/shared integer storage; the owner cannot be globally typed because the same slot carries other domains.
7fcaedd8e7f4cf61	reviewed	src/Gruntz/SBI_RectOnly.cpp	2283	static_cast-enum	SbiMachineState	pB->m_state	switch (static_cast<SbiMachineState>(pB->m_state)) {	Reviewed individually: these are per-consumer views of generic WWD/animation/shared integer storage; the owner cannot be globally typed because the same slot carries other domains.
d59e2cdfd59c3aa8	reviewed	src/Gruntz/SBI_RectOnly.cpp	2314	IDX	SbiHlRowState	HLROW_IDLE_CYCLE	s->m_state = IDX(HLROW_IDLE_CYCLE);	CSbiHlRow::m_state is deliberately mixed storage shared with SbiMachineState; every occurrence is an explicit exit into that documented raw field/API seam.
a2225f0d96b2c2c5	reviewed	src/Gruntz/SBI_RectOnly.cpp	2363	static_cast-enum	PickupType	m_extraNotifyArg0	PickupType which = static_cast<PickupType>(m_extraNotifyArg0);	Reviewed individually: remaining entries are raw retail function parameters, loop/arithmetic results, wire payloads, generic notification storage, or per-logic views of shared WWD integer fields.
c95c5ba0abd866e4	reviewed	src/Gruntz/SBI_RectOnly.cpp	2371	IDX	SbiHlRowState	HLROW_OFF	if (m_hlGrid[col * 4 + r].m_state == IDX(HLROW_OFF)) {	CSbiHlRow::m_state is deliberately mixed storage shared with SbiMachineState; every occurrence is an explicit exit into that documented raw field/API seam.
7d1d179d1e414b50	reviewed	src/Gruntz/SBI_RectOnly.cpp	2377	IDX	SbiHlRowState	HLROW_RAMP_UP_HIGH	g[col].m_state = IDX(HLROW_RAMP_UP_HIGH);	CSbiHlRow::m_state is deliberately mixed storage shared with SbiMachineState; every occurrence is an explicit exit into that documented raw field/API seam.
7475c2549861cc2a	reviewed	src/Gruntz/SBI_RectOnly.cpp	2396	IDX	SbiHlRowState	HLROW_RAMP_UP_LOW	g[col].m_state = IDX(HLROW_RAMP_UP_LOW);	CSbiHlRow::m_state is deliberately mixed storage shared with SbiMachineState; every occurrence is an explicit exit into that documented raw field/API seam.
4f7a7fa400fd46af	reviewed	src/Gruntz/SBI_RectOnly.cpp	2441	IDX	SbiHlRowState	HLROW_OFF	m_groupSlots[i].m_state = IDX(HLROW_OFF);	CSbiHlRow::m_state is deliberately mixed storage shared with SbiMachineState; every occurrence is an explicit exit into that documented raw field/API seam.
b5378bbec52ebbbb	reviewed	src/Gruntz/SBI_RectOnly.cpp	2469	IDX		x0	m_machineA.m_state = IDX(x0);	Audited individually: remaining exits are typed tab/highlight/frame indices, SbiCommandId band arithmetic, generic SBI mixed-state storage, registry DWORDs, ReportError, or raw Notify arguments.
1daec60c9c1c66b2	reviewed	src/Gruntz/SBI_RectOnly.cpp	2478	IDX		x0	m_machineB.m_state = IDX(x0);	Audited individually: remaining exits are typed tab/highlight/frame indices, SbiCommandId band arithmetic, generic SBI mixed-state storage, registry DWORDs, ReportError, or raw Notify arguments.
7d16d6c15eb52845	reviewed	src/Gruntz/SBI_RectOnly.cpp	2502	static_cast-enum	PickupType	key	PickupType item = static_cast<PickupType>(key);	Reviewed individually: remaining entries are raw retail function parameters, loop/arithmetic results, wire payloads, generic notification storage, or per-logic views of shared WWD integer fields.
f9f1f7995b093444	reviewed	src/Gruntz/SBI_RectOnly.cpp	2511	IDX		m_pendingHlRow	for (i32 row = IDX(m_pendingHlRow) - 1; row >= 0; row--) {	Audited individually: remaining exits are typed tab/highlight/frame indices, SbiCommandId band arithmetic, generic SBI mixed-state storage, registry DWORDs, ReportError, or raw Notify arguments.
34276f5618ddfa13	reviewed	src/Gruntz/SBI_RectOnly.cpp	2513	IDX	SbiHlRowState	HLROW_IDLE_CYCLE	if (cell->m_state == IDX(HLROW_IDLE_CYCLE)) {	CSbiHlRow::m_state is deliberately mixed storage shared with SbiMachineState; every occurrence is an explicit exit into that documented raw field/API seam.
4782ea4554a1d7f3	reviewed	src/Gruntz/SBI_RectOnly.cpp	2514	IDX	SbiHlRowState	HLROW_IDLE_CYCLE	m_hlGrid[row + group * 4 + 1].m_state = IDX(HLROW_IDLE_CYCLE);	CSbiHlRow::m_state is deliberately mixed storage shared with SbiMachineState; every occurrence is an explicit exit into that documented raw field/API seam.
976f71c786657686	reviewed	src/Gruntz/SBI_RectOnly.cpp	2516	IDX	SbiHlRowState	HLROW_OFF	cell->m_state = IDX(HLROW_OFF);	CSbiHlRow::m_state is deliberately mixed storage shared with SbiMachineState; every occurrence is an explicit exit into that documented raw field/API seam.
c4740504e6a07c81	reviewed	src/Gruntz/SBI_RectOnly.cpp	2521	IDX		m_pendingHlRow	m_hlGrid[IDX(m_pendingHlRow) + group * 4].m_value = key;	Audited individually: remaining exits are typed tab/highlight/frame indices, SbiCommandId band arithmetic, generic SBI mixed-state storage, registry DWORDs, ReportError, or raw Notify arguments.
1d6f1bbdd09021cb	reviewed	src/Gruntz/SBI_RectOnly.cpp	2531	static_cast-enum	StatusBarHighlightRow	i	StatusBarHighlightRow row = static_cast<StatusBarHighlightRow>(i);	Reviewed individually: each conversion enters a domain from bounded loop, offset, random-choice, or range arithmetic; the arithmetic itself is intentionally integer-valued.
911de4e3a0c69b2e	reviewed	src/Gruntz/SBI_RectOnly.cpp	2547	IDX		row	i32 idx = IDX(row) + group * 4;	Audited individually: remaining exits are typed tab/highlight/frame indices, SbiCommandId band arithmetic, generic SBI mixed-state storage, registry DWORDs, ReportError, or raw Notify arguments.
04809bacf3001481	reviewed	src/Gruntz/SBI_RectOnly.cpp	2548	IDX	SbiHlRowState	HLROW_OFF	m_hlGrid[idx].m_state = IDX(HLROW_OFF);	CSbiHlRow::m_state is deliberately mixed storage shared with SbiMachineState; every occurrence is an explicit exit into that documented raw field/API seam.
6211b4b7bd84cd59	reviewed	src/Gruntz/SBI_RectOnly.cpp	2596	static_cast-enum	PickupType	handle	PickupType item = static_cast<PickupType>(handle);	Reviewed individually: remaining entries are raw retail function parameters, loop/arithmetic results, wire payloads, generic notification storage, or per-logic views of shared WWD integer fields.
9f184acda117fc06	reviewed	src/Gruntz/SBI_RectOnly.cpp	2609	IDX	SbiHlRowState	HLROW_OFF	if (m_hlGrid[idx].m_state != IDX(HLROW_OFF)) {	CSbiHlRow::m_state is deliberately mixed storage shared with SbiMachineState; every occurrence is an explicit exit into that documented raw field/API seam.
9ea3e218df0846b2	reviewed	src/Gruntz/SBI_RectOnly.cpp	2613	IDX	SbiHlRowState	HLROW_IDLE_CYCLE	m_hlGrid[idx].m_state = IDX(HLROW_IDLE_CYCLE);	CSbiHlRow::m_state is deliberately mixed storage shared with SbiMachineState; every occurrence is an explicit exit into that documented raw field/API seam.
ef261ef4400a1c80	reviewed	src/Gruntz/SBI_RectOnly.cpp	2623	static_cast-enum	PickupType	m_extraNotifyArg0	PickupType activeItem = static_cast<PickupType>(m_extraNotifyArg0);	Reviewed individually: remaining entries are raw retail function parameters, loop/arithmetic results, wire payloads, generic notification storage, or per-logic views of shared WWD integer fields.
6d9176213b7ee596	reviewed	src/Gruntz/SBI_RectOnly.cpp	2754	IDX	SbiHlRowState	HLROW_IDLE_CYCLE	while (m_hlGrid[col * 4 + row].m_state == IDX(HLROW_IDLE_CYCLE)) {	CSbiHlRow::m_state is deliberately mixed storage shared with SbiMachineState; every occurrence is an explicit exit into that documented raw field/API seam.
1609d467c9f5fc79	reviewed	src/Gruntz/SBI_RectOnly.cpp	2952	IDX	StatusSampleMode	STATUS_SAMPLE_HEALTH	LoadStatzTabToggleSprite(idx, IDX(STATUS_SAMPLE_HEALTH));	The retail function remains int,int for mangling; StatusSampleMode is entered once on receipt and exited explicitly at the call.
7c190d3bc6d97940	reviewed	src/Gruntz/SBI_RectOnly.cpp	3012	static_cast-enum	PickupType	*static_cast<i32*>(p)	result = static_cast<PickupType>(*static_cast<i32*>(p));	Reviewed individually: remaining entries are raw retail function parameters, loop/arithmetic results, wire payloads, generic notification storage, or per-logic views of shared WWD integer fields.
285f80b46aed3601	reviewed	src/Gruntz/SBI_RectOnly.cpp	3103	IDX		result	m_extraNotifyArg1 = IDX(result);	Audited individually: remaining exits are typed tab/highlight/frame indices, SbiCommandId band arithmetic, generic SBI mixed-state storage, registry DWORDs, ReportError, or raw Notify arguments.
5305581ca378df4a	reviewed	src/Gruntz/SBI_RectOnly.cpp	3596	IDX		fragment	i32 n = IDX(fragment) + 1;	Audited individually: remaining exits are typed tab/highlight/frame indices, SbiCommandId band arithmetic, generic SBI mixed-state storage, registry DWORDs, ReportError, or raw Notify arguments.
131c852de262615a	fixed	src/Gruntz/SBI_RectOnly.cpp	3710	static_cast-enum	DestructButtonFrame	IDX(m_modeState) + 1	m_modeState = static_cast<DestructButtonFrame>(IDX(m_modeState) + 1);	Typed CPlay view-mode storage and used the enum's stepped operators for DestructButtonFrame; one shifted duplicate was retired during the context-key migration.
a24bd7481c2af279	reviewed	src/Gruntz/SBI_RectOnly.cpp	3711	static_cast-enum	DestructButtonFrame	m_modeState + 1	m_modeState = static_cast<DestructButtonFrame>(m_modeState + 1);	DestructButtonFrame is a sequenced animation-frame domain; MSVC 5 requires explicit re-entry after integer frame arithmetic.
1e0bc6f31d18e1cd	reviewed	src/Gruntz/SBI_RectOnly.cpp	3722	IDX		m_modeState	w->Notify(IDX(m_modeState));	Audited individually: remaining exits are typed tab/highlight/frame indices, SbiCommandId band arithmetic, generic SBI mixed-state storage, registry DWORDs, ReportError, or raw Notify arguments.
c8458afe3bf88481	fixed	src/Gruntz/SBI_RectOnly.cpp	3729	IDX		m_modeState	m_modeState = static_cast<DestructButtonFrame>(IDX(m_modeState) - 1);	Typed CPlay view-mode storage and used the enum's stepped operators for DestructButtonFrame; one shifted duplicate was retired during the context-key migration.
d9a78792514a1544	fixed	src/Gruntz/SBI_RectOnly.cpp	3729	static_cast-enum	DestructButtonFrame	IDX(m_modeState) - 1	m_modeState = static_cast<DestructButtonFrame>(IDX(m_modeState) - 1);	Typed CPlay view-mode storage and used the enum's stepped operators for DestructButtonFrame; one shifted duplicate was retired during the context-key migration.
224091b95e76a110	reviewed	src/Gruntz/SBI_RectOnly.cpp	3730	static_cast-enum	DestructButtonFrame	m_modeState - 1	m_modeState = static_cast<DestructButtonFrame>(m_modeState - 1);	DestructButtonFrame is a sequenced animation-frame domain; MSVC 5 requires explicit re-entry after integer frame arithmetic.
94bb7dd51dc70083	fixed	src/Gruntz/SBI_RectOnly.cpp	3740	IDX		m_modeState	w->Notify(IDX(m_modeState));	Typed CPlay view-mode storage and used the enum's stepped operators for DestructButtonFrame; one shifted duplicate was retired during the context-key migration.
b4c0e25fd33c8dff	reviewed	src/Gruntz/SBI_RectOnly.cpp	3741	IDX		m_modeState	w->Notify(IDX(m_modeState));	Audited individually: remaining exits are typed tab/highlight/frame indices, SbiCommandId band arithmetic, generic SBI mixed-state storage, registry DWORDs, ReportError, or raw Notify arguments.
e5bfcd14d2340bea	reviewed	src/Gruntz/SBI_RectOnly.cpp	3781	IDX		row	i32 rowIndex = IDX(row);	Audited individually: remaining exits are typed tab/highlight/frame indices, SbiCommandId band arithmetic, generic SBI mixed-state storage, registry DWORDs, ReportError, or raw Notify arguments.
e721dbf550fa61c4	reviewed	src/Gruntz/SBI_RectOnly.cpp	3783	IDX	SbiHlRowState	HLROW_IDLE_CYCLE	&& m_hlGrid[rowIndex].m_state == IDX(HLROW_IDLE_CYCLE)) {	CSbiHlRow::m_state is deliberately mixed storage shared with SbiMachineState; every occurrence is an explicit exit into that documented raw field/API seam.
82261912cb80befe	reviewed	src/Gruntz/SBI_RectOnly.cpp	3816	IDX		row	i32 rowIndex = IDX(row);	Audited individually: remaining exits are typed tab/highlight/frame indices, SbiCommandId band arithmetic, generic SBI mixed-state storage, registry DWORDs, ReportError, or raw Notify arguments.
a79ff7981d8658b3	reviewed	src/Gruntz/SBI_RectOnly.cpp	3818	IDX	SbiHlRowState	HLROW_IDLE_CYCLE	&& m_hlGrid[rowIndex + 4].m_state == IDX(HLROW_IDLE_CYCLE)) {	CSbiHlRow::m_state is deliberately mixed storage shared with SbiMachineState; every occurrence is an explicit exit into that documented raw field/API seam.
0072ee672aa27857	reviewed	src/Gruntz/SBI_RectOnly.cpp	3851	IDX		row	i32 rowIndex = IDX(row);	Audited individually: remaining exits are typed tab/highlight/frame indices, SbiCommandId band arithmetic, generic SBI mixed-state storage, registry DWORDs, ReportError, or raw Notify arguments.
c15abb94562e81f3	reviewed	src/Gruntz/SBI_RectOnly.cpp	3853	IDX	SbiHlRowState	HLROW_IDLE_CYCLE	&& m_hlGrid[rowIndex + 8].m_state == IDX(HLROW_IDLE_CYCLE)) {	CSbiHlRow::m_state is deliberately mixed storage shared with SbiMachineState; every occurrence is an explicit exit into that documented raw field/API seam.
03a880655d76d6ca	reviewed	src/Gruntz/SBI_SideTabBuild.cpp	32	IDX	SbiCommandId	SBICMD_SIDE_TAB_FIRST	static_cast<SbiCommandId>(IDX(SBICMD_SIDE_TAB_FIRST) + i),	All occurrences convert status-bar command bands to array indices or perform deliberate command-id arithmetic before typed re-entry.
a797bded853ec364	reviewed	src/Gruntz/SBI_SideTabBuild.cpp	32	static_cast-enum	SbiCommandId	IDX(SBICMD_SIDE_TAB_FIRST) + i	static_cast<SbiCommandId>(IDX(SBICMD_SIDE_TAB_FIRST) + i),	Reviewed individually: each conversion enters a domain from bounded loop, offset, random-choice, or range arithmetic; the arithmetic itself is intentionally integer-valued.
f0e4048cba6ff8a2	fixed	src/Gruntz/SBI_SideTabBuild.cpp	41	static_cast-enum	StatusSampleMode	m_statFlags[i]	static_cast<StatusSampleMode>(m_statFlags[i]),	Corrected LoadStatzTabToggleSprite argument roles and typed m_statFlags as StatusSampleMode storage.
520f265b46d692fe	reviewed	src/Gruntz/SBI_StatzTabGruntBar.cpp	162	IDX		level	abilityVal = IDX(level);	Audited individually: PickupType and related badge/layer/health enums become sprite frames, shade/tool indices, pickup-counter offsets, raw WWD fields, or retail int parameters; no shared semantic field is incorrectly left untyped.
00ed2b1e667519e1	reviewed	src/Gruntz/SBI_StatzTabGruntBar.cpp	164	IDX		unit->m_toolId	abilityVal = IDX(unit->m_toolId);	Audited individually: PickupType and related badge/layer/health enums become sprite frames, shade/tool indices, pickup-counter offsets, raw WWD fields, or retail int parameters; no shared semantic field is incorrectly left untyped.
46cbff756e75943d	reviewed	src/Gruntz/SBI_StatzTabGruntBar.cpp	167	IDX		unit->m_brickPickupType	abilityVal = IDX(unit->m_brickPickupType) + 0x11;	Audited individually: PickupType and related badge/layer/health enums become sprite frames, shade/tool indices, pickup-counter offsets, raw WWD fields, or retail int parameters; no shared semantic field is incorrectly left untyped.
a41d83a4743d8d1e	reviewed	src/Gruntz/SBI_StatzTabGruntBar.cpp	172	IDX		badge	overrideVal = IDX(badge);	Audited individually: PickupType and related badge/layer/health enums become sprite frames, shade/tool indices, pickup-counter offsets, raw WWD fields, or retail int parameters; no shared semantic field is incorrectly left untyped.
f0673c3c04e3f154	reviewed	src/Gruntz/SBI_TabzDialogEh.cpp	107	IDX		g_gameReg->m_cmdGrid->m_finishReasonFrame	i32 reason = IDX(g_gameReg->m_cmdGrid->m_finishReasonFrame);	Audited individually: exits format LevelArea names, serialize command-kind bytes, pass QuestLevel through a retail int API, mask a Win32 command word, index animation frames, store a custom-map flag, map low SBI tab commands, or select a finish-reason frame.
79dddee60ecfff83	reviewed	src/Gruntz/SBI_WellGoo.cpp	69	IDX		g_gameReg->m_options[g_curPlayer].m_colorIndex	sel = IDX(g_gameReg->m_options[g_curPlayer].m_colorIndex);	Audited individually: ColorTint exits feed sprite/shade factories, raw lobby slots, WWD fields, or player-indexed rendering APIs; accompanying category, level-area, owner, and custom-map exits are numeric loop/config/index boundaries.
923b3e5e19c7a8f4	reviewed	src/Gruntz/SBI_WellGoo.cpp	261	IDX		g_gameReg->m_options[g_curPlayer].m_colorIndex	i32 sel = IDX(g_gameReg->m_options[g_curPlayer].m_colorIndex);	Audited individually: ColorTint exits feed sprite/shade factories, raw lobby slots, WWD fields, or player-indexed rendering APIs; accompanying category, level-area, owner, and custom-map exits are numeric loop/config/index boundaries.
d33dd0c829a7b9dc	fixed	src/Gruntz/SecretTeleporterTrigger.cpp	87	IDX	SpriteStateFlags	SPRITE_STATE_HIDDEN	m_wwdObject->m_stateFlags |= IDX(SPRITE_STATE_HIDDEN);	Typed CResolveNode::m_stateFlags as SpriteStateFlags and replaced raw bit arithmetic with domain operators/HAS; all former per-call exits disappeared.
1f9ca05b2e2e5955	fixed	src/Gruntz/SecretTeleporterTrigger.cpp	139	IDX	SpriteStateFlags	SPRITE_STATE_HIDDEN	m_wwdObject->m_stateFlags |= IDX(SPRITE_STATE_HIDDEN);	Typed CResolveNode::m_stateFlags as SpriteStateFlags and replaced raw bit arithmetic with domain operators/HAS; all former per-call exits disappeared.
9ddaf7cb6544c280	reviewed	src/Gruntz/SecretTeleporterTrigger.cpp	196	IDX		hit->m_entranceReason	if (lvl != IDX(PICKUP_NONE) && IDX(hit->m_entranceReason) != lvl) {	Audited individually: PickupType and related badge/layer/health enums become sprite frames, shade/tool indices, pickup-counter offsets, raw WWD fields, or retail int parameters; no shared semantic field is incorrectly left untyped.
bbdfe64a442f63ef	reviewed	src/Gruntz/SecretTeleporterTrigger.cpp	196	IDX	PickupType	PICKUP_NONE	if (lvl != IDX(PICKUP_NONE) && IDX(hit->m_entranceReason) != lvl) {	All occurrences were inspected: exits target generic WWD m_smarts storage, raw pickup counters/APIs, or the documented GruntSpawnConfig integer-switch codegen seam.
3c46c0b9393c27e4	reviewed	src/Gruntz/SecretTeleporterTrigger.cpp	199	IDX		hit->m_vehiclePickupType	if (lyr != IDX(PICKUP_NONE) && IDX(hit->m_vehiclePickupType) != lyr) {	Audited individually: PickupType and related badge/layer/health enums become sprite frames, shade/tool indices, pickup-counter offsets, raw WWD fields, or retail int parameters; no shared semantic field is incorrectly left untyped.
b9ccecfe68a9ddcc	reviewed	src/Gruntz/SecretTeleporterTrigger.cpp	199	IDX	PickupType	PICKUP_NONE	if (lyr != IDX(PICKUP_NONE) && IDX(hit->m_vehiclePickupType) != lyr) {	All occurrences were inspected: exits target generic WWD m_smarts storage, raw pickup counters/APIs, or the documented GruntSpawnConfig integer-switch codegen seam.
5d9fab92a8f05aa3	reviewed	src/Gruntz/SerializeSyncMarker.cpp	26	static_cast-enum	SerialMode	mode	SerialMode serialMode = static_cast<SerialMode>(mode);	Reviewed individually: these conversions are at raw file, network, UI, serialization, packed-storage, or historically integer-signature boundaries.
81b1c57b28e06b73	reviewed	src/Gruntz/SplashState.cpp	69	IDX	GruntzCommandId	CMD_RETURN_TO_MENU	m_mgr->ReportError(IDX(CMD_RETURN_TO_MENU), 0x447);	All occurrences were inspected: exits feed raw Win32/menu command IDs, ReportError, or the historically int CheatMgr registration API; the enum remains the source domain.
3a38c623c6171247	reviewed	src/Gruntz/SplashState.cpp	70	IDX	ErrorStringId	IDS_RESTORE_GAME	m_mgr->ReportError(IDX(IDS_RESTORE_GAME), 0x447);	Each occurrence uses a retail RT_STRING-backed ErrorStringId at the raw Win32 LoadString/ReportError boundary; former CMD_* aliases were replaced from decoded resource evidence.
f9510f4abbbe8143	reviewed	src/Gruntz/SplashState.cpp	107	IDX	GruntzCommandId	CMD_MAIN_MENU	PostMessageA(m_mgr->m_gameWnd->m_hwnd, WM_COMMAND, IDX(CMD_MAIN_MENU), 0);	All occurrences were inspected: exits feed raw Win32/menu command IDs, ReportError, or the historically int CheatMgr registration API; the enum remains the source domain.
5c66dc65837cbb84	reviewed	src/Gruntz/SplashState.cpp	135	IDX	GruntzCommandId	CMD_MAIN_MENU	PostMessageA(m_mgr->m_gameWnd->m_hwnd, WM_COMMAND, IDX(CMD_MAIN_MENU), 0);	All occurrences were inspected: exits feed raw Win32/menu command IDs, ReportError, or the historically int CheatMgr registration API; the enum remains the source domain.
69ff2c5a098b2c4e	reviewed	src/Gruntz/SplashState.cpp	142	IDX	GruntzCommandId	CMD_MAIN_MENU	PostMessageA(m_mgr->m_gameWnd->m_hwnd, WM_COMMAND, IDX(CMD_MAIN_MENU), 0);	All occurrences were inspected: exits feed raw Win32/menu command IDs, ReportError, or the historically int CheatMgr registration API; the enum remains the source domain.
c97e0bbcf6fadddf	fixed	src/Gruntz/SpriteRefTable.cpp	353	static_cast-enum	RezTypeTag	0x50414c	CParseSource* pal = (src)->ResolveQualified(buf, static_cast<RezTypeTag>(0x50414c));	Removed an unnecessary conversion by typing the owner, using an existing named value, or introducing an evidence-backed domain constant.
00917a74639d90f0	fixed	src/Gruntz/StateDispatch.cpp	28	static_cast-enum	AnimWorkerAct	aux->ActKey()	AnimWorkerAct act = static_cast<AnimWorkerAct>(aux->ActKey());	Centralized worker-event interpretation in AnimWorkerObj typed accessors.
7476d1314ee3dc5f	fixed	src/Gruntz/StateDispatch.cpp	31	IDX	AnimWorkerAct	ACT_LIVE	aux->SetActKey(IDX(ACT_LIVE));	Centralized worker-event interpretation in AnimWorkerObj typed accessors.
b86fd0e35402bc20	reviewed	src/Gruntz/StaticHazard.cpp	118	IDX		g_areaHazardDeath	m_object->m_smarts = IDX(g_areaHazardDeath);	Audited individually: PickupType and related badge/layer/health enums become sprite frames, shade/tool indices, pickup-counter offsets, raw WWD fields, or retail int parameters; no shared semantic field is incorrectly left untyped.
1d99be9dc3c8f2ac	reviewed	src/Gruntz/StaticHazard.cpp	128	IDX	GruntzCommandId	CMD_TOGGLE_SOUND	g_gameReg->ReportError(IDX(CMD_TOGGLE_SOUND), 0x461);	All occurrences were inspected: exits feed raw Win32/menu command IDs, ReportError, or the historically int CheatMgr registration API; the enum remains the source domain.
55c51ae2f2d67276	reviewed	src/Gruntz/StaticHazard.cpp	129	IDX	ErrorStringId	IDS_DEFAULT_ERROR	g_gameReg->ReportError(IDX(IDS_DEFAULT_ERROR), 0x461);	Each occurrence uses a retail RT_STRING-backed ErrorStringId at the raw Win32 LoadString/ReportError boundary; former CMD_* aliases were replaced from decoded resource evidence.
80ffa8f83428f54d	reviewed	src/Gruntz/StaticHazard.cpp	300	static_cast-enum	GruntDeathType	m_object->m_smarts	->CellDispatch(a, b, static_cast<GruntDeathType>(m_object->m_smarts), -1);	Reviewed individually: these are per-consumer views of generic WWD/animation/shared integer storage; the owner cannot be globally typed because the same slot carries other domains.
5c4a980e9e0f24f3	reviewed	src/Gruntz/StatusBarMgr.cpp	75	IDX	SbiCommandId	SBICMD_GRUNT_SLOT_FIRST	static_cast<SbiCommandId>(IDX(SBICMD_GRUNT_SLOT_FIRST) + i),	All occurrences convert status-bar command bands to array indices or perform deliberate command-id arithmetic before typed re-entry.
b38288b2c106917a	reviewed	src/Gruntz/StatusBarMgr.cpp	75	static_cast-enum	SbiCommandId	IDX(SBICMD_GRUNT_SLOT_FIRST) + i	static_cast<SbiCommandId>(IDX(SBICMD_GRUNT_SLOT_FIRST) + i),	Reviewed individually: each conversion enters a domain from bounded loop, offset, random-choice, or range arithmetic; the arithmetic itself is intentionally integer-valued.
c355c14d38ef3083	reviewed	src/Gruntz/StatusBarMgr.cpp	90	IDX		g_gameReg->m_options[g_curPlayer].m_colorIndex	IDX(g_gameReg->m_options[g_curPlayer].m_colorIndex),	Audited individually: ColorTint exits feed sprite/shade factories, raw lobby slots, WWD fields, or player-indexed rendering APIs; accompanying category, level-area, owner, and custom-map exits are numeric loop/config/index boundaries.
6b2958c049b0f30b	reviewed	src/Gruntz/StatusBarMgr.cpp	384	IDX	SbiCommandId	SBICMD_HL_GROUP0_FIRST	static_cast<SbiCommandId>(IDX(SBICMD_HL_GROUP0_FIRST) + i),	All occurrences convert status-bar command bands to array indices or perform deliberate command-id arithmetic before typed re-entry.
35f45aab853ac02d	reviewed	src/Gruntz/StatusBarMgr.cpp	384	static_cast-enum	SbiCommandId	IDX(SBICMD_HL_GROUP0_FIRST) + i	static_cast<SbiCommandId>(IDX(SBICMD_HL_GROUP0_FIRST) + i),	Reviewed individually: each conversion enters a domain from bounded loop, offset, random-choice, or range arithmetic; the arithmetic itself is intentionally integer-valued.
d5c980b58355cefb	reviewed	src/Gruntz/StatusBarMgr.cpp	406	IDX	SbiCommandId	SBICMD_HL_GROUP1_FIRST	static_cast<SbiCommandId>(IDX(SBICMD_HL_GROUP1_FIRST) + i),	All occurrences convert status-bar command bands to array indices or perform deliberate command-id arithmetic before typed re-entry.
ef41b462c93f55bc	reviewed	src/Gruntz/StatusBarMgr.cpp	406	static_cast-enum	SbiCommandId	IDX(SBICMD_HL_GROUP1_FIRST) + i	static_cast<SbiCommandId>(IDX(SBICMD_HL_GROUP1_FIRST) + i),	Reviewed individually: each conversion enters a domain from bounded loop, offset, random-choice, or range arithmetic; the arithmetic itself is intentionally integer-valued.
17010f69b87f3f1a	reviewed	src/Gruntz/StatusBarMgr.cpp	428	IDX	SbiCommandId	SBICMD_HL_GROUP2_FIRST	static_cast<SbiCommandId>(IDX(SBICMD_HL_GROUP2_FIRST) + i),	All occurrences convert status-bar command bands to array indices or perform deliberate command-id arithmetic before typed re-entry.
8ce9b8d40d76ed0d	reviewed	src/Gruntz/StatusBarMgr.cpp	428	static_cast-enum	SbiCommandId	IDX(SBICMD_HL_GROUP2_FIRST) + i	static_cast<SbiCommandId>(IDX(SBICMD_HL_GROUP2_FIRST) + i),	Reviewed individually: each conversion enters a domain from bounded loop, offset, random-choice, or range arithmetic; the arithmetic itself is intentionally integer-valued.
d0458988af3d5725	reviewed	src/Gruntz/StatusBarMgr.cpp	688	IDX		p->m_colorIndex	sel = g_gameReg->m_spriteFactory->GetSel(IDX(p->m_colorIndex), 0);	Audited individually: ColorTint exits feed sprite/shade factories, raw lobby slots, WWD fields, or player-indexed rendering APIs; accompanying category, level-area, owner, and custom-map exits are numeric loop/config/index boundaries.
64f86ea688696c26	reviewed	src/Gruntz/StatusBarMgr.cpp	717	IDX	SbiCommandId	SBICMD_CURSOR_TARGET_FIRST	static_cast<SbiCommandId>(IDX(SBICMD_CURSOR_TARGET_FIRST) + i),	All occurrences convert status-bar command bands to array indices or perform deliberate command-id arithmetic before typed re-entry.
049f8deca31362e3	reviewed	src/Gruntz/StatusBarMgr.cpp	717	static_cast-enum	SbiCommandId	IDX(SBICMD_CURSOR_TARGET_FIRST) + i	static_cast<SbiCommandId>(IDX(SBICMD_CURSOR_TARGET_FIRST) + i),	Reviewed individually: each conversion enters a domain from bounded loop, offset, random-choice, or range arithmetic; the arithmetic itself is intentionally integer-valued.
42a7f6cf4a350ed1	reviewed	src/Gruntz/StatusBarMgr.cpp	773	IDX	SbiCommandId	SBICMD_CURSOR_TARGET_FIRST	static_cast<SbiCommandId>(IDX(SBICMD_CURSOR_TARGET_FIRST) + i);	All occurrences convert status-bar command bands to array indices or perform deliberate command-id arithmetic before typed re-entry.
7a67a581b59281ad	reviewed	src/Gruntz/StatusBarMgr.cpp	773	static_cast-enum	SbiCommandId	IDX(SBICMD_CURSOR_TARGET_FIRST) + i	static_cast<SbiCommandId>(IDX(SBICMD_CURSOR_TARGET_FIRST) + i);	Reviewed individually: each conversion enters a domain from bounded loop, offset, random-choice, or range arithmetic; the arithmetic itself is intentionally integer-valued.
fc0c200c30ecaebf	reviewed	src/Gruntz/StatusBarMgr.cpp	782	IDX	SbiCommandId	SBICMD_STAT_TOGGLE_FIRST	static_cast<SbiCommandId>(IDX(SBICMD_STAT_TOGGLE_FIRST) + i),	All occurrences convert status-bar command bands to array indices or perform deliberate command-id arithmetic before typed re-entry.
f9896edd892f761d	reviewed	src/Gruntz/StatusBarMgr.cpp	782	static_cast-enum	SbiCommandId	IDX(SBICMD_STAT_TOGGLE_FIRST) + i	static_cast<SbiCommandId>(IDX(SBICMD_STAT_TOGGLE_FIRST) + i),	Reviewed individually: each conversion enters a domain from bounded loop, offset, random-choice, or range arithmetic; the arithmetic itself is intentionally integer-valued.
742bfbe5a38783d5	fixed	src/Gruntz/StatusBarSpriteActs.cpp	52	static_cast-enum	AnimWorkerAct	ctl->ActKey()	AnimWorkerAct act = static_cast<AnimWorkerAct>(ctl->ActKey());	Centralized worker-event interpretation in AnimWorkerObj typed accessors.
c550b43c7831ef01	fixed	src/Gruntz/StatusBarSpriteActs.cpp	55	IDX	AnimWorkerAct	ACT_LIVE	ctl->SetActKey(IDX(ACT_LIVE));	Centralized worker-event interpretation in AnimWorkerObj typed accessors.
5e5e83eae09909ed	reviewed	src/Gruntz/StatusBarTabBuilders.cpp	94	IDX		g_gameReg->m_options[g_curPlayer].m_colorIndex	g_gameReg->m_spriteFactory->GetSel(IDX(g_gameReg->m_options[g_curPlayer].m_colorIndex), 0);	Audited individually: PickupType and related badge/layer/health enums become sprite frames, shade/tool indices, pickup-counter offsets, raw WWD fields, or retail int parameters; no shared semantic field is incorrectly left untyped.
1f3cd44a7d73f863	reviewed	src/Gruntz/StatusBarTabBuilders.cpp	430	IDX		unit->m_toolId	val = IDX(unit->m_toolId);	Audited individually: PickupType and related badge/layer/health enums become sprite frames, shade/tool indices, pickup-counter offsets, raw WWD fields, or retail int parameters; no shared semantic field is incorrectly left untyped.
343be000a83ad39e	reviewed	src/Gruntz/StatusBarTabBuilders.cpp	435	IDX		level	val = IDX(level);	Audited individually: PickupType and related badge/layer/health enums become sprite frames, shade/tool indices, pickup-counter offsets, raw WWD fields, or retail int parameters; no shared semantic field is incorrectly left untyped.
fc1b8d9aa02144d1	reviewed	src/Gruntz/StatusBarTabBuilders.cpp	441	IDX		unit->m_vehiclePickupType	val = IDX(unit->m_vehiclePickupType);	Audited individually: PickupType and related badge/layer/health enums become sprite frames, shade/tool indices, pickup-counter offsets, raw WWD fields, or retail int parameters; no shared semantic field is incorrectly left untyped.
57b69491543f8439	reviewed	src/Gruntz/TerrainTileLoader.cpp	117	static_cast-enum	PlayerSlot	ownerHi	&& event->MorphByTool(unit->m_brickPickupType, static_cast<PlayerSlot>(ownerHi))	Reviewed individually: PlayerSlot values enter from loop indices, encoded owner bytes, or raw UI/container parameters; owner APIs retain their retail integer signatures.
43379ab76ade2bff	reviewed	src/Gruntz/TerrainTileLoader.cpp	171	IDX	TrigErrClass	TRIGERR_LOOKUP_MISS	IDX(TRIGERR_LOOKUP_MISS),	Every occurrence passes a trigger diagnostic class through CGruntzMgr::ReportError's intentionally mixed int slot; the same slot also carries unrelated WARP ids.
d946341f1ee96774	reviewed	src/Gruntz/TerrainTileLoader.cpp	172	IDX	TrigErrSite	TRIGSITE_ARRIVAL_GIANT_ROCK	IDX(TRIGSITE_ARRIVAL_GIANT_ROCK)	Every occurrence passes a trigger diagnostic site through CGruntzMgr::ReportError's raw int context parameter.
89332efe7ddcb785	fixed	src/Gruntz/TerrainTileLoader.cpp	217	IDX	SpriteStateFlags	SPRITE_STATE_HIDDEN	puddle->m_object->m_stateFlags &= ~IDX(SPRITE_STATE_HIDDEN);	Typed CResolveNode::m_stateFlags as SpriteStateFlags and replaced raw bit arithmetic with domain operators/HAS; all former per-call exits disappeared.
2fe53778416f57fa	reviewed	src/Gruntz/TerrainTileLoader.cpp	312	IDX	PickupType	PICKUP_TOYBOX	if (icon->m_object->m_smarts == IDX(PICKUP_TOYBOX)) {	All occurrences were inspected: exits target generic WWD m_smarts storage, raw pickup counters/APIs, or the documented GruntSpawnConfig integer-switch codegen seam.
da12d073b5d5fb9a	reviewed	src/Gruntz/TerrainTileLoader.cpp	377	IDX	PickupType	PICKUP_TOYBOX	if (icon->m_object->m_smarts == IDX(PICKUP_TOYBOX)) {	All occurrences were inspected: exits target generic WWD m_smarts storage, raw pickup counters/APIs, or the documented GruntSpawnConfig integer-switch codegen seam.
7f87aa62bb035e43	reviewed	src/Gruntz/TerrainTileLoader.cpp	447	IDX	PickupType	PICKUP_TOYBOX	if (icon->m_object->m_smarts == IDX(PICKUP_TOYBOX)) {	All occurrences were inspected: exits target generic WWD m_smarts storage, raw pickup counters/APIs, or the documented GruntSpawnConfig integer-switch codegen seam.
07e0c5e35cfdfe7e	reviewed	src/Gruntz/TerrainTileLoader.cpp	512	IDX	PickupType	PICKUP_TOYBOX	if (icon->m_object->m_smarts == IDX(PICKUP_TOYBOX)) {	All occurrences were inspected: exits target generic WWD m_smarts storage, raw pickup counters/APIs, or the documented GruntSpawnConfig integer-switch codegen seam.
e85f7a31c88602b1	fixed	src/Gruntz/TileLogicPump.cpp	77	static_cast-enum	AnimWorkerAct	ctl->ActKey()	AnimWorkerAct act = static_cast<AnimWorkerAct>(ctl->ActKey()); \	Centralized worker-event interpretation in AnimWorkerObj typed accessors.
fc05accbab6533ea	fixed	src/Gruntz/TileLogicPump.cpp	80	IDX	AnimWorkerAct	ACT_LIVE	ctl->SetActKey(IDX(ACT_LIVE)); \	Centralized worker-event interpretation in AnimWorkerObj typed accessors.
848eba76b6de4187	fixed	src/Gruntz/TileLogicPump.cpp	282	static_cast-enum	AnimWorkerAct	ctl->ActKey()	AnimWorkerAct act = static_cast<AnimWorkerAct>(ctl->ActKey());	Centralized worker-event interpretation in AnimWorkerObj typed accessors.
70ed7f5e1e626153	fixed	src/Gruntz/TileLogicPump.cpp	285	IDX	AnimWorkerAct	ACT_LIVE	ctl->SetActKey(IDX(ACT_LIVE));	Centralized worker-event interpretation in AnimWorkerObj typed accessors.
94f9f2c10af43c80	fixed	src/Gruntz/TileLogicPump.cpp	333	IDX	SpriteStateFlags	SPRITE_STATE_HIDDEN	m_wwdObject->m_stateFlags |= IDX(SPRITE_STATE_HIDDEN);	Typed CResolveNode::m_stateFlags as SpriteStateFlags and replaced raw bit arithmetic with domain operators/HAS; all former per-call exits disappeared.
3257ddcacc5f76ed	fixed	src/Gruntz/TileLogicPump.cpp	383	IDX	SpriteStateFlags	SPRITE_STATE_HIDDEN	m_wwdObject->m_stateFlags |= IDX(SPRITE_STATE_HIDDEN);	Typed CResolveNode::m_stateFlags as SpriteStateFlags and replaced raw bit arithmetic with domain operators/HAS; all former per-call exits disappeared.
4c9f4ecc685c2c5c	fixed	src/Gruntz/TileLogicPump.cpp	428	IDX	SpriteStateFlags	SPRITE_STATE_HIDDEN	m_wwdObject->m_stateFlags |= IDX(SPRITE_STATE_HIDDEN);	Typed CResolveNode::m_stateFlags as SpriteStateFlags and replaced raw bit arithmetic with domain operators/HAS; all former per-call exits disappeared.
1b81943b401ccda0	fixed	src/Gruntz/TileLogicPump.cpp	476	IDX	SpriteStateFlags	SPRITE_STATE_HIDDEN	m_wwdObject->m_stateFlags |= IDX(SPRITE_STATE_HIDDEN);	Typed CResolveNode::m_stateFlags as SpriteStateFlags and replaced raw bit arithmetic with domain operators/HAS; all former per-call exits disappeared.
851249b067a98075	reviewed	src/Gruntz/TileLogicPump.cpp	644	IDX	TrigErrClass	TRIGERR_LOOKUP_MISS	g_gameReg->ReportError(IDX(TRIGERR_LOOKUP_MISS), 0x44c);	Every occurrence passes a trigger diagnostic class through CGruntzMgr::ReportError's intentionally mixed int slot; the same slot also carries unrelated WARP ids.
837c1702ea62857a	reviewed	src/Gruntz/TileLogicPump.cpp	704	IDX	TrigErrClass	TRIGERR_LOOKUP_MISS	g_gameReg->ReportError(IDX(TRIGERR_LOOKUP_MISS), 0x44c);	Every occurrence passes a trigger diagnostic class through CGruntzMgr::ReportError's intentionally mixed int slot; the same slot also carries unrelated WARP ids.
f6dac7f656ac9e00	reviewed	src/Gruntz/TileTriggerContainer.cpp	360	static_cast-enum	PlayerSlot	playerSlot	switch (static_cast<PlayerSlot>(playerSlot)) {	Reviewed individually: PlayerSlot values enter from loop indices, encoded owner bytes, or raw UI/container parameters; owner APIs retain their retail integer signatures.
6de90172f12b8549	reviewed	src/Gruntz/TileTriggerContainer.cpp	424	static_cast-enum	PickupType	powerupType	e->m_powerupType = static_cast<PickupType>(powerupType);	AddToList1 retains its retail int signature; this is the raw construction boundary for CGiantRockLogic's typed PickupType field.
f342b2da7495791a	reviewed	src/Gruntz/TileTriggerContainer.cpp	997	IDX	PlayerSlot	PLAYER_SLOT_ALL	if (playerSlot == IDX(PLAYER_SLOT_ALL)) {	Both occurrences compare raw retail int storage/signature values against the typed all-players sentinel; changing the signatures would alter ABI mangling.
326a1473d6f21082	reviewed	src/Gruntz/TileTriggerSwitchLogic.cpp	547	IDX	BridgeTileId	BRIDGETILE_WATER_UP	reg->m_world->m_level->m_mainPlane->SetCell(tx, ty, IDX(BRIDGETILE_WATER_UP));	All occurrences cross into raw tile-grid cell values or SetCell/ComputeCellFlags APIs.
45b043c4ce2510cf	reviewed	src/Gruntz/TileTriggerSwitchLogic.cpp	548	IDX	BridgeTileId	BRIDGETILE_WATER_UP	reg->m_tileGrid->ComputeCellFlags(tx, ty, IDX(BRIDGETILE_WATER_UP));	All occurrences cross into raw tile-grid cell values or SetCell/ComputeCellFlags APIs.
c5337b9a9c8ecbdd	reviewed	src/Gruntz/TileTriggerSwitchLogic.cpp	550	IDX	BridgeTileId	BRIDGETILE_WATER_DOWN	reg->m_world->m_level->m_mainPlane->SetCell(tx, ty, IDX(BRIDGETILE_WATER_DOWN));	All occurrences cross into raw tile-grid cell values or SetCell/ComputeCellFlags APIs.
f424c7cd3b66f949	reviewed	src/Gruntz/TileTriggerSwitchLogic.cpp	551	IDX	BridgeTileId	BRIDGETILE_WATER_DOWN	reg->m_tileGrid->ComputeCellFlags(tx, ty, IDX(BRIDGETILE_WATER_DOWN));	All occurrences cross into raw tile-grid cell values or SetCell/ComputeCellFlags APIs.
2d3419b3e1cb53d0	reviewed	src/Gruntz/TileTriggerSwitchLogic.cpp	568	IDX	BridgeTileId	BRIDGETILE_DEATH_UP	reg->m_world->m_level->m_mainPlane->SetCell(tx, ty, IDX(BRIDGETILE_DEATH_UP));	All occurrences cross into raw tile-grid cell values or SetCell/ComputeCellFlags APIs.
e8d7181de55bdb80	reviewed	src/Gruntz/TileTriggerSwitchLogic.cpp	569	IDX	BridgeTileId	BRIDGETILE_DEATH_UP	reg->m_tileGrid->ComputeCellFlags(tx, ty, IDX(BRIDGETILE_DEATH_UP));	All occurrences cross into raw tile-grid cell values or SetCell/ComputeCellFlags APIs.
a1046f8a59eb4fbc	reviewed	src/Gruntz/TileTriggerSwitchLogic.cpp	571	IDX	BridgeTileId	BRIDGETILE_DEATH_DOWN	reg->m_world->m_level->m_mainPlane->SetCell(tx, ty, IDX(BRIDGETILE_DEATH_DOWN));	All occurrences cross into raw tile-grid cell values or SetCell/ComputeCellFlags APIs.
658bc909d1482ece	reviewed	src/Gruntz/TileTriggerSwitchLogic.cpp	572	IDX	BridgeTileId	BRIDGETILE_DEATH_DOWN	reg->m_tileGrid->ComputeCellFlags(tx, ty, IDX(BRIDGETILE_DEATH_DOWN));	All occurrences cross into raw tile-grid cell values or SetCell/ComputeCellFlags APIs.
4c3acb51382ae19a	reviewed	src/Gruntz/TileTriggerSwitchLogic.cpp	586	IDX	BridgeTileId	BRIDGETILE_TOGGLE_WATER_UP	g_gameReg->SetCellHeight(m_tileX, m_tileY, IDX(BRIDGETILE_TOGGLE_WATER_UP));	All occurrences cross into raw tile-grid cell values or SetCell/ComputeCellFlags APIs.
7048e7e829b70eea	reviewed	src/Gruntz/TileTriggerSwitchLogic.cpp	588	IDX	BridgeTileId	BRIDGETILE_TOGGLE_WATER_DOWN	g_gameReg->SetCellHeight(m_tileX, m_tileY, IDX(BRIDGETILE_TOGGLE_WATER_DOWN));	All occurrences cross into raw tile-grid cell values or SetCell/ComputeCellFlags APIs.
43c0aacb8d532eac	reviewed	src/Gruntz/TileTriggerSwitchLogic.cpp	601	IDX	BridgeTileId	BRIDGETILE_TOGGLE_DEATH_UP	g_gameReg->SetCellHeight(m_tileX, m_tileY, IDX(BRIDGETILE_TOGGLE_DEATH_UP));	All occurrences cross into raw tile-grid cell values or SetCell/ComputeCellFlags APIs.
2e36223e0b6da769	reviewed	src/Gruntz/TileTriggerSwitchLogic.cpp	603	IDX	BridgeTileId	BRIDGETILE_TOGGLE_DEATH_DOWN	g_gameReg->SetCellHeight(m_tileX, m_tileY, IDX(BRIDGETILE_TOGGLE_DEATH_DOWN));	All occurrences cross into raw tile-grid cell values or SetCell/ComputeCellFlags APIs.
0157465b20440b7c	reviewed	src/Gruntz/TileTriggerSwitchLogic.cpp	665	IDX	TrigErrSite	TRIGSITE_LINKSB_NO_OWNER	g_gameReg->ReportError(IDX(TRIGERR_LINK_BROKEN), IDX(TRIGSITE_LINKSB_NO_OWNER));	Every occurrence passes a trigger diagnostic site through CGruntzMgr::ReportError's raw int context parameter.
3b5b96b7b8a25e8c	reviewed	src/Gruntz/TileTriggerSwitchLogic.cpp	665	IDX	TrigErrClass	TRIGERR_LINK_BROKEN	g_gameReg->ReportError(IDX(TRIGERR_LINK_BROKEN), IDX(TRIGSITE_LINKSB_NO_OWNER));	Every occurrence passes a trigger diagnostic class through CGruntzMgr::ReportError's intentionally mixed int slot; the same slot also carries unrelated WARP ids.
75b29f7321f67902	reviewed	src/Gruntz/TileTriggerSwitchLogic.cpp	676	IDX	TrigErrSite	TRIGSITE_LINKSB_KEY_MISS	g_gameReg->ReportError(IDX(TRIGERR_LOOKUP_MISS), IDX(TRIGSITE_LINKSB_KEY_MISS));	Every occurrence passes a trigger diagnostic site through CGruntzMgr::ReportError's raw int context parameter.
fec4b1f81bebc642	reviewed	src/Gruntz/TileTriggerSwitchLogic.cpp	676	IDX	TrigErrClass	TRIGERR_LOOKUP_MISS	g_gameReg->ReportError(IDX(TRIGERR_LOOKUP_MISS), IDX(TRIGSITE_LINKSB_KEY_MISS));	Every occurrence passes a trigger diagnostic class through CGruntzMgr::ReportError's intentionally mixed int slot; the same slot also carries unrelated WARP ids.
78d57faae56bb751	reviewed	src/Gruntz/TileTriggerSwitchLogic.cpp	704	IDX	TrigErrSite	TRIGSITE_BCAST_KEY_MISS	g_gameReg->ReportError(IDX(TRIGERR_LOOKUP_MISS), IDX(TRIGSITE_BCAST_KEY_MISS));	Every occurrence passes a trigger diagnostic site through CGruntzMgr::ReportError's raw int context parameter.
e1c009e188466afb	reviewed	src/Gruntz/TileTriggerSwitchLogic.cpp	704	IDX	TrigErrClass	TRIGERR_LOOKUP_MISS	g_gameReg->ReportError(IDX(TRIGERR_LOOKUP_MISS), IDX(TRIGSITE_BCAST_KEY_MISS));	Every occurrence passes a trigger diagnostic class through CGruntzMgr::ReportError's intentionally mixed int slot; the same slot also carries unrelated WARP ids.
0315bc06d9ff535a	reviewed	src/Gruntz/TileTriggerSwitchLogic.cpp	721	IDX	TrigErrClass	TRIGERR_LINK_BROKEN	g_gameReg->ReportError(IDX(TRIGERR_LINK_BROKEN), IDX(TRIGSITE_BCAST_NO_CLAIM));	Every occurrence passes a trigger diagnostic class through CGruntzMgr::ReportError's intentionally mixed int slot; the same slot also carries unrelated WARP ids.
6bebc51c5b255ce1	reviewed	src/Gruntz/TileTriggerSwitchLogic.cpp	721	IDX	TrigErrSite	TRIGSITE_BCAST_NO_CLAIM	g_gameReg->ReportError(IDX(TRIGERR_LINK_BROKEN), IDX(TRIGSITE_BCAST_NO_CLAIM));	Every occurrence passes a trigger diagnostic site through CGruntzMgr::ReportError's raw int context parameter.
262b1ef875481c3f	fixed	src/Gruntz/TileTriggerSwitchLogic.cpp	781	static_cast-enum	PickupType	m_powerupType	static_cast<PickupType>(m_powerupType),	Removed an unnecessary conversion by typing the owner, using an existing named value, or introducing an evidence-backed domain constant.
e7f584a537dab6e1	reviewed	src/Gruntz/TileTriggerSwitchLogic.cpp	871	static_cast-enum	PickupType	m_dutyOnSpan	static_cast<PickupType>(m_dutyOnSpan),	Reviewed individually: remaining entries are raw retail function parameters, loop/arithmetic results, wire payloads, generic notification storage, or per-logic views of shared WWD integer fields.
29cdceb05832902c	reviewed	src/Gruntz/TileTriggerSwitchLogic.cpp	925	IDX	GruntzCommandId	CMD_TOGGLE_SOUND	g_gameReg->ReportError(IDX(CMD_TOGGLE_SOUND), 0x451);	All occurrences were inspected: exits feed raw Win32/menu command IDs, ReportError, or the historically int CheatMgr registration API; the enum remains the source domain.
aacc4ca9bcfbc932	reviewed	src/Gruntz/TileTriggerSwitchLogic.cpp	926	IDX	ErrorStringId	IDS_DEFAULT_ERROR	g_gameReg->ReportError(IDX(IDS_DEFAULT_ERROR), 0x451);	Each occurrence uses a retail RT_STRING-backed ErrorStringId at the raw Win32 LoadString/ReportError boundary; former CMD_* aliases were replaced from decoded resource evidence.
047e50bae8dbffc1	reviewed	src/Gruntz/TileTriggerSwitchLogic.cpp	1095	IDX	TrigErrSite	TRIGSITE_LINKS_NO_OWNER	g_gameReg->ReportError(IDX(TRIGERR_LINK_BROKEN), IDX(TRIGSITE_LINKS_NO_OWNER));	Every occurrence passes a trigger diagnostic site through CGruntzMgr::ReportError's raw int context parameter.
983f16efb332c478	reviewed	src/Gruntz/TileTriggerSwitchLogic.cpp	1095	IDX	TrigErrClass	TRIGERR_LINK_BROKEN	g_gameReg->ReportError(IDX(TRIGERR_LINK_BROKEN), IDX(TRIGSITE_LINKS_NO_OWNER));	Every occurrence passes a trigger diagnostic class through CGruntzMgr::ReportError's intentionally mixed int slot; the same slot also carries unrelated WARP ids.
3d961849e6f8a129	reviewed	src/Gruntz/TileTriggerSwitchLogic.cpp	1106	IDX	TrigErrSite	TRIGSITE_LINKS_KEY_MISS	g_gameReg->ReportError(IDX(TRIGERR_LOOKUP_MISS), IDX(TRIGSITE_LINKS_KEY_MISS));	Every occurrence passes a trigger diagnostic site through CGruntzMgr::ReportError's raw int context parameter.
7fdb2665dade47ac	reviewed	src/Gruntz/TileTriggerSwitchLogic.cpp	1106	IDX	TrigErrClass	TRIGERR_LOOKUP_MISS	g_gameReg->ReportError(IDX(TRIGERR_LOOKUP_MISS), IDX(TRIGSITE_LINKS_KEY_MISS));	Every occurrence passes a trigger diagnostic class through CGruntzMgr::ReportError's intentionally mixed int slot; the same slot also carries unrelated WARP ids.
6b78f10445c22705	reviewed	src/Gruntz/TileTriggerSwitchLogic.cpp	1126	IDX		code	&& static_cast<u32>(IDX(code) - IDX(BRICKTILE_BROWN_1)) <= 0x1a) {	Audited individually: BrickTileId, TileCollisionKind, PlayerSlot, trigger kind, pickup, and tint values cross raw tile-grid cells, collision-return ABIs, cell-flag APIs, or packed WWD ownership fields.
8104f578fc6f0eae	reviewed	src/Gruntz/TileTriggerSwitchLogic.cpp	1126	IDX	BrickTileId	BRICKTILE_BROWN_1	&& static_cast<u32>(IDX(code) - IDX(BRICKTILE_BROWN_1)) <= 0x1a) {	All occurrences cross raw tile-grid APIs or the intentional int effect sentinel where zero means no effect.
8c1c4844cc1c2fef	reviewed	src/Gruntz/TileTriggerSwitchLogic.cpp	1169	IDX		code	== IDX(code)) {	Audited individually: BrickTileId, TileCollisionKind, PlayerSlot, trigger kind, pickup, and tint values cross raw tile-grid cells, collision-return ABIs, cell-flag APIs, or packed WWD ownership fields.
094b321ec09e3d30	reviewed	src/Gruntz/TileTriggerSwitchLogic.cpp	1175	IDX		code	->m_tileGrid[g_gameReg->m_world->m_level->m_mainPlane->m_colOffsets[ty] + tx] = IDX(code);	Audited individually: BrickTileId, TileCollisionKind, PlayerSlot, trigger kind, pickup, and tint values cross raw tile-grid cells, collision-return ABIs, cell-flag APIs, or packed WWD ownership fields.
8847c5280f536111	reviewed	src/Gruntz/TileTriggerSwitchLogic.cpp	1176	IDX		code	reg->m_tileGrid->ComputeCellFlags(tx, ty, IDX(code));	Audited individually: BrickTileId, TileCollisionKind, PlayerSlot, trigger kind, pickup, and tint values cross raw tile-grid cells, collision-return ABIs, cell-flag APIs, or packed WWD ownership fields.
dcab03d54649f539	reviewed	src/Gruntz/TileTriggerSwitchLogic.cpp	1193	IDX	BrickTileId	BRICKTILE_RED_1	effect = IDX(BRICKTILE_RED_1);	All occurrences cross raw tile-grid APIs or the intentional int effect sentinel where zero means no effect.
dd1c89d09f67bca8	reviewed	src/Gruntz/TileTriggerSwitchLogic.cpp	1197	IDX	BrickTileId	BRICKTILE_BLUE_1	effect = IDX(BRICKTILE_BLUE_1);	All occurrences cross raw tile-grid APIs or the intentional int effect sentinel where zero means no effect.
934df23f31b7f63a	reviewed	src/Gruntz/TileTriggerSwitchLogic.cpp	1201	IDX	BrickTileId	BRICKTILE_GOLD_1	effect = IDX(BRICKTILE_GOLD_1);	All occurrences cross raw tile-grid APIs or the intentional int effect sentinel where zero means no effect.
1628605f3a87e2e1	reviewed	src/Gruntz/TileTriggerSwitchLogic.cpp	1208	IDX	BrickTileId	BRICKTILE_BLACK_1	effect = IDX(BRICKTILE_BLACK_1);	All occurrences cross raw tile-grid APIs or the intentional int effect sentinel where zero means no effect.
1b102598d1482e06	reviewed	src/Gruntz/TileTriggerSwitchLogic.cpp	1214	IDX	BrickTileId	BRICKTILE_RED_1	effect = IDX(BRICKTILE_RED_1);	All occurrences cross raw tile-grid APIs or the intentional int effect sentinel where zero means no effect.
70c40e321970bbb8	reviewed	src/Gruntz/TileTriggerSwitchLogic.cpp	1218	IDX	BrickTileId	BRICKTILE_BLUE_1	effect = IDX(BRICKTILE_BLUE_1);	All occurrences cross raw tile-grid APIs or the intentional int effect sentinel where zero means no effect.
82a14dff45d77b15	reviewed	src/Gruntz/TileTriggerSwitchLogic.cpp	1222	IDX	BrickTileId	BRICKTILE_GOLD_1	effect = IDX(BRICKTILE_GOLD_1);	All occurrences cross raw tile-grid APIs or the intentional int effect sentinel where zero means no effect.
29fdf33ce97bb9d8	reviewed	src/Gruntz/TileTriggerSwitchLogic.cpp	1229	IDX	BrickTileId	BRICKTILE_BLACK_1	effect = IDX(BRICKTILE_BLACK_1);	All occurrences cross raw tile-grid APIs or the intentional int effect sentinel where zero means no effect.
e564166e9eaea606	reviewed	src/Gruntz/TileTriggerSwitchLogic.cpp	1247	IDX	BrickTileId	BRICKTILE_RED_1	effect = IDX(BRICKTILE_RED_1);	All occurrences cross raw tile-grid APIs or the intentional int effect sentinel where zero means no effect.
0451b9fba844fecd	reviewed	src/Gruntz/TileTriggerSwitchLogic.cpp	1251	IDX	BrickTileId	BRICKTILE_BLUE_1	effect = IDX(BRICKTILE_BLUE_1);	All occurrences cross raw tile-grid APIs or the intentional int effect sentinel where zero means no effect.
7a2ef3974d1060c3	reviewed	src/Gruntz/TileTriggerSwitchLogic.cpp	1255	IDX	BrickTileId	BRICKTILE_GOLD_1	effect = IDX(BRICKTILE_GOLD_1);	All occurrences cross raw tile-grid APIs or the intentional int effect sentinel where zero means no effect.
8ec2ccbf063d77c1	reviewed	src/Gruntz/TileTriggerSwitchLogic.cpp	1262	IDX	BrickTileId	BRICKTILE_BLACK_1	effect = IDX(BRICKTILE_BLACK_1);	All occurrences cross raw tile-grid APIs or the intentional int effect sentinel where zero means no effect.
2937c64ff0272296	reviewed	src/Gruntz/TileTriggerSwitchLogic.cpp	1293	static_cast-enum	BrickTileId	effect	BrickTileId brickEffect = static_cast<BrickTileId>(effect);	Reviewed individually: these conversions are at raw file, network, UI, serialization, packed-storage, or historically integer-signature boundaries.
e02f67e542b67acb	reviewed	src/Gruntz/TileTriggerSwitchLogic.cpp	1320	IDX	PlayerSlot	PLAYER_SLOT_ALL	if (slot == IDX(PLAYER_SLOT_ALL)) {	Both occurrences compare raw retail int storage/signature values against the typed all-players sentinel; changing the signatures would alter ABI mangling.
3c9716c9af34a1f0	reviewed	src/Gruntz/TileTriggerSwitchLogic.cpp	1402	IDX		playerSlot	m_playerFlags[IDX(playerSlot)] = 1;	Audited individually: BrickTileId, TileCollisionKind, PlayerSlot, trigger kind, pickup, and tint values cross raw tile-grid cells, collision-return ABIs, cell-flag APIs, or packed WWD ownership fields.
6d57a292f9d4b7cf	fixed	src/Gruntz/ToobSpikez.cpp	26	static_cast-enum	AnimWorkerAct	rec->ActKey()	AnimWorkerAct act = static_cast<AnimWorkerAct>(rec->ActKey());	Centralized worker-event interpretation in AnimWorkerObj typed accessors.
765324883c7cc8bb	fixed	src/Gruntz/ToobSpikez.cpp	29	IDX	AnimWorkerAct	ACT_LIVE	rec->SetActKey(IDX(ACT_LIVE));	Centralized worker-event interpretation in AnimWorkerObj typed accessors.
8c6a150839a844bd	reviewed	src/Gruntz/TriggerMgr.cpp	266	IDX	PlayerCommandKind	PLAYERCMD_MOVE	static_cast<char>(IDX(PLAYERCMD_MOVE)),	All occurrences narrow a typed command kind into the byte-oriented multiplayer command wire format.
35870fdeffffa81c	reviewed	src/Gruntz/TriggerMgr.cpp	278	IDX	PlayerCommandKind	PLAYERCMD_MOVE	static_cast<char>(IDX(PLAYERCMD_MOVE)),	All occurrences narrow a typed command kind into the byte-oriented multiplayer command wire format.
d036cd6916ed34c9	reviewed	src/Gruntz/TriggerMgr.cpp	311	IDX	PlayerCommandKind	PLAYERCMD_USE_TOOL_ON_GRUNT	static_cast<char>(IDX(PLAYERCMD_USE_TOOL_ON_GRUNT)),	All occurrences narrow a typed command kind into the byte-oriented multiplayer command wire format.
aa461811924ce09e	reviewed	src/Gruntz/TriggerMgr.cpp	322	IDX	PlayerCommandKind	PLAYERCMD_USE_TOOL_AT_POINT	static_cast<char>(IDX(PLAYERCMD_USE_TOOL_AT_POINT)),	All occurrences narrow a typed command kind into the byte-oriented multiplayer command wire format.
cc0ba4212f918b2a	reviewed	src/Gruntz/TriggerMgr.cpp	336	IDX	PlayerCommandKind	PLAYERCMD_USE_TOOL_ON_GRUNT	static_cast<char>(IDX(PLAYERCMD_USE_TOOL_ON_GRUNT)),	All occurrences narrow a typed command kind into the byte-oriented multiplayer command wire format.
beac78cf58f53e25	reviewed	src/Gruntz/TriggerMgr.cpp	347	IDX	PlayerCommandKind	PLAYERCMD_USE_TOOL_AT_POINT	static_cast<char>(IDX(PLAYERCMD_USE_TOOL_AT_POINT)),	All occurrences narrow a typed command kind into the byte-oriented multiplayer command wire format.
eec1f8c3fcec0fcc	reviewed	src/Gruntz/TriggerMgr.cpp	502	IDX		alt	world->LoadCursorSprites(IDX(alt) + kPendingFxIdBase, 1);	Audited individually: exits form raw cursor-sprite asset IDs from PickupType, serialize/compare WarpStoneFragment bytes, populate generic WWD fields, or preserve an enum move icon in int storage with a -1 sentinel.
cc931192d323d89f	reviewed	src/Gruntz/TriggerMgr.cpp	516	IDX		alt	world->LoadCursorSprites(IDX(alt) + kPendingFxIdBase, 1);	Audited individually: exits form raw cursor-sprite asset IDs from PickupType, serialize/compare WarpStoneFragment bytes, populate generic WWD fields, or preserve an enum move icon in int storage with a -1 sentinel.
01964b86fcfe1cae	reviewed	src/Gruntz/TriggerMgr.cpp	533	IDX		gruntKind	world->LoadCursorSprites(IDX(gruntKind) + kPendingFxIdBase, 1);	Audited individually: exits form raw cursor-sprite asset IDs from PickupType, serialize/compare WarpStoneFragment bytes, populate generic WWD fields, or preserve an enum move icon in int storage with a -1 sentinel.
c353584b66fb5584	reviewed	src/Gruntz/TriggerMgr.cpp	544	IDX		gruntKind	world->LoadCursorSprites(IDX(gruntKind) + kPendingFxIdBase, 1);	Audited individually: exits form raw cursor-sprite asset IDs from PickupType, serialize/compare WarpStoneFragment bytes, populate generic WWD fields, or preserve an enum move icon in int storage with a -1 sentinel.
446044f4764c3aae	reviewed	src/Gruntz/TriggerMgr.cpp	563	IDX		gruntKind	world->LoadCursorSprites(IDX(gruntKind) + kPendingFxIdBase, 1);	Audited individually: exits form raw cursor-sprite asset IDs from PickupType, serialize/compare WarpStoneFragment bytes, populate generic WWD fields, or preserve an enum move icon in int storage with a -1 sentinel.
61af31c0cf2701cf	reviewed	src/Gruntz/TriggerMgr.cpp	571	IDX		gruntKind	world->LoadCursorSprites(IDX(gruntKind) + kPendingFxIdBase, 1);	Audited individually: exits form raw cursor-sprite asset IDs from PickupType, serialize/compare WarpStoneFragment bytes, populate generic WWD fields, or preserve an enum move icon in int storage with a -1 sentinel.
ecce70d4a1462e50	reviewed	src/Gruntz/TriggerMgr.cpp	581	IDX		gruntKind	world->LoadCursorSprites(IDX(gruntKind) + kPendingFxIdBase, 1);	Audited individually: exits form raw cursor-sprite asset IDs from PickupType, serialize/compare WarpStoneFragment bytes, populate generic WWD fields, or preserve an enum move icon in int storage with a -1 sentinel.
06966bf376a48557	reviewed	src/Gruntz/TriggerMgr.cpp	590	IDX		gruntKind	world->LoadCursorSprites(IDX(gruntKind) + kPendingFxIdBase, 1);	Audited individually: exits form raw cursor-sprite asset IDs from PickupType, serialize/compare WarpStoneFragment bytes, populate generic WWD fields, or preserve an enum move icon in int storage with a -1 sentinel.
41012f0f11c74bab	reviewed	src/Gruntz/TriggerMgr.cpp	596	IDX		gruntKind	world->LoadCursorSprites(pfk ? IDX(gruntKind) + kPendingFxIdBase : 0, pfk != 0);	Audited individually: exits form raw cursor-sprite asset IDs from PickupType, serialize/compare WarpStoneFragment bytes, populate generic WWD fields, or preserve an enum move icon in int storage with a -1 sentinel.
1c1c72ebab2fd21b	reviewed	src/Gruntz/TriggerMgr.cpp	601	IDX		gruntKind	world->LoadCursorSprites(pfk ? IDX(gruntKind) + kPendingFxIdBase : 0, pfk != 0);	Audited individually: exits form raw cursor-sprite asset IDs from PickupType, serialize/compare WarpStoneFragment bytes, populate generic WWD fields, or preserve an enum move icon in int storage with a -1 sentinel.
d99aafaa6678ae74	reviewed	src/Gruntz/TriggerMgr.cpp	606	IDX		gruntKind	world->LoadCursorSprites(pfk ? IDX(gruntKind) + kPendingFxIdBase : 0, pfk != 0);	Audited individually: exits form raw cursor-sprite asset IDs from PickupType, serialize/compare WarpStoneFragment bytes, populate generic WWD fields, or preserve an enum move icon in int storage with a -1 sentinel.
bd523438a8652683	reviewed	src/Gruntz/TriggerMgr.cpp	615	IDX		gruntKind	world->LoadCursorSprites(IDX(gruntKind) + kPendingFxIdBase, 1);	Audited individually: exits form raw cursor-sprite asset IDs from PickupType, serialize/compare WarpStoneFragment bytes, populate generic WWD fields, or preserve an enum move icon in int storage with a -1 sentinel.
04cd9ad7c5d79725	reviewed	src/Gruntz/TriggerMgr.cpp	635	IDX	PickupType	PICKUP_TOYBOX	if (logic != NULL && logic->m_object->m_smarts == IDX(PICKUP_TOYBOX)) {	All occurrences were inspected: exits target generic WWD m_smarts storage, raw pickup counters/APIs, or the documented GruntSpawnConfig integer-switch codegen seam.
0c2faa2f9f885a76	reviewed	src/Gruntz/TriggerMgr.cpp	636	IDX		gruntKind	world->LoadCursorSprites(IDX(gruntKind) + kPendingFxIdBase, 1);	Audited individually: exits form raw cursor-sprite asset IDs from PickupType, serialize/compare WarpStoneFragment bytes, populate generic WWD fields, or preserve an enum move icon in int storage with a -1 sentinel.
29727cf1604e517c	reviewed	src/Gruntz/TriggerMgr.cpp	658	IDX		gruntKind	world->LoadCursorSprites(IDX(gruntKind) + kPendingFxIdBase, 1);	Audited individually: exits form raw cursor-sprite asset IDs from PickupType, serialize/compare WarpStoneFragment bytes, populate generic WWD fields, or preserve an enum move icon in int storage with a -1 sentinel.
7e08b85706a3febe	reviewed	src/Gruntz/TriggerMgr.cpp	681	IDX		gruntKind	world->LoadCursorSprites(IDX(gruntKind) + kPendingFxIdBase, 1);	Audited individually: exits form raw cursor-sprite asset IDs from PickupType, serialize/compare WarpStoneFragment bytes, populate generic WWD fields, or preserve an enum move icon in int storage with a -1 sentinel.
e1d88f909057b6e8	reviewed	src/Gruntz/TriggerMgr.cpp	800	IDX	PlayerCommandKind	PLAYERCMD_USE_TOY_ON_GRUNT	static_cast<char>(IDX(PLAYERCMD_USE_TOY_ON_GRUNT)),	All occurrences narrow a typed command kind into the byte-oriented multiplayer command wire format.
94f989fc3aa87040	reviewed	src/Gruntz/TriggerMgr.cpp	813	IDX	PlayerCommandKind	PLAYERCMD_USE_TOY_AT_POINT	static_cast<char>(IDX(PLAYERCMD_USE_TOY_AT_POINT)),	All occurrences narrow a typed command kind into the byte-oriented multiplayer command wire format.
aed8326f87321712	reviewed	src/Gruntz/TriggerMgr.cpp	849	IDX	GruntzCommandId	CMD_TOGGLE_MUSIC	g_gameReg->ReportError(IDX(CMD_TOGGLE_MUSIC), 0x3ff);	All occurrences were inspected: exits feed raw Win32/menu command IDs, ReportError, or the historically int CheatMgr registration API; the enum remains the source domain.
dd4f38890f4743d9	reviewed	src/Gruntz/TriggerMgr.cpp	850	IDX	ErrorStringId	IDS_INITIALIZE_GAME	g_gameReg->ReportError(IDX(IDS_INITIALIZE_GAME), 0x3ff);	Each occurrence uses a retail RT_STRING-backed ErrorStringId at the raw Win32 LoadString/ReportError boundary; former CMD_* aliases were replaced from decoded resource evidence.
ef0f1aa9381cff9f	reviewed	src/Gruntz/TriggerMgr.cpp	901	IDX		fragment	if (IDX(fragment) == m_byteArr[i]) {	Audited individually: exits form raw cursor-sprite asset IDs from PickupType, serialize/compare WarpStoneFragment bytes, populate generic WWD fields, or preserve an enum move icon in int storage with a -1 sentinel.
9f3b8a88bca065a6	reviewed	src/Gruntz/TriggerMgr.cpp	917	static_cast-enum	WarpStoneFragment	"g_buteMgr.GetInt(""WarpStone"", const_cast<char*>(static_cast<const char*>(name)))"	WarpStoneFragment fragment = static_cast<WarpStoneFragment>(	Reviewed individually: the producer retains a retail integer ABI or generic API contract, and the conversion occurs once where the receiving domain is proven.
a785ac1d10b7f29c	reviewed	src/Gruntz/TriggerMgr.cpp	943	IDX		fragment	m_byteArr.SetAtGrow(m_byteArr.GetSize(), static_cast<u8>(IDX(fragment)));	Audited individually: exits form raw cursor-sprite asset IDs from PickupType, serialize/compare WarpStoneFragment bytes, populate generic WWD fields, or preserve an enum move icon in int storage with a -1 sentinel.
a55053238f6108a0	reviewed	src/Gruntz/TriggerMgr.cpp	1081	IDX	GruntzCommandId	CMD_TOGGLE_SOUND	g_gameReg->ReportError(IDX(CMD_TOGGLE_SOUND), 0x400);	All occurrences were inspected: exits feed raw Win32/menu command IDs, ReportError, or the historically int CheatMgr registration API; the enum remains the source domain.
a47605be63de7584	reviewed	src/Gruntz/TriggerMgr.cpp	1082	IDX	ErrorStringId	IDS_DEFAULT_ERROR	g_gameReg->ReportError(IDX(IDS_DEFAULT_ERROR), 0x400);	Each occurrence uses a retail RT_STRING-backed ErrorStringId at the raw Win32 LoadString/ReportError boundary; former CMD_* aliases were replaced from decoded resource evidence.
b509a11c1c3ed1f4	reviewed	src/Gruntz/TriggerMgr.cpp	1101	IDX	GruntzCommandId	CMD_TOGGLE_SOUND	g_gameReg->ReportError(IDX(CMD_TOGGLE_SOUND), 0x401);	All occurrences were inspected: exits feed raw Win32/menu command IDs, ReportError, or the historically int CheatMgr registration API; the enum remains the source domain.
c312f83e7aa318b4	reviewed	src/Gruntz/TriggerMgr.cpp	1102	IDX	ErrorStringId	IDS_DEFAULT_ERROR	g_gameReg->ReportError(IDX(IDS_DEFAULT_ERROR), 0x401);	Each occurrence uses a retail RT_STRING-backed ErrorStringId at the raw Win32 LoadString/ReportError boundary; former CMD_* aliases were replaced from decoded resource evidence.
2285e35b43e9af25	reviewed	src/Gruntz/TriggerMgr.cpp	1156	IDX	GruntzCommandId	CMD_TOGGLE_SOUND	g_gameReg->ReportError(IDX(CMD_TOGGLE_SOUND), 0x402);	All occurrences were inspected: exits feed raw Win32/menu command IDs, ReportError, or the historically int CheatMgr registration API; the enum remains the source domain.
8c7a1b393e328d1d	reviewed	src/Gruntz/TriggerMgr.cpp	1157	IDX	ErrorStringId	IDS_DEFAULT_ERROR	g_gameReg->ReportError(IDX(IDS_DEFAULT_ERROR), 0x402);	Each occurrence uses a retail RT_STRING-backed ErrorStringId at the raw Win32 LoadString/ReportError boundary; former CMD_* aliases were replaced from decoded resource evidence.
3e2f678a0dc2850e	reviewed	src/Gruntz/TriggerMgr.cpp	1161	IDX		kind	spr->m_points = IDX(kind);	Audited individually: exits form raw cursor-sprite asset IDs from PickupType, serialize/compare WarpStoneFragment bytes, populate generic WWD fields, or preserve an enum move icon in int storage with a -1 sentinel.
fcd4a5ea897b7ac1	fixed	src/Gruntz/TriggerMgr.cpp	1163	IDX	SpriteStateFlags	SPRITE_STATE_HIDDEN	spr->m_stateFlags |= IDX(SPRITE_STATE_HIDDEN);	Typed CResolveNode::m_stateFlags as SpriteStateFlags and replaced raw bit arithmetic with domain operators/HAS; all former per-call exits disappeared.
e7ead8efa63b3d16	reviewed	src/Gruntz/TriggerMgr.cpp	1546	IDX		alt	i32 v = IDX(alt) + kPendingFxIdBase;	Audited individually: exits form raw cursor-sprite asset IDs from PickupType, serialize/compare WarpStoneFragment bytes, populate generic WWD fields, or preserve an enum move icon in int storage with a -1 sentinel.
142e4cece26bd799	reviewed	src/Gruntz/TriggerMgr.cpp	1624	IDX	TrigErrClass	TRIGERR_LOOKUP_MISS	IDX(TRIGERR_LOOKUP_MISS),	Every occurrence passes a trigger diagnostic class through CGruntzMgr::ReportError's intentionally mixed int slot; the same slot also carries unrelated WARP ids.
8330be4cd4c805a3	reviewed	src/Gruntz/TriggerMgr.cpp	1625	IDX	TrigErrSite	TRIGSITE_ROCK_SCAN_MISS	IDX(TRIGSITE_ROCK_SCAN_MISS)	Every occurrence passes a trigger diagnostic site through CGruntzMgr::ReportError's raw int context parameter.
82f2da6e04622545	reviewed	src/Gruntz/TriggerMgr.cpp	1794	IDX	PickupType	PICKUP_TOYZ_FIRST	static_cast<PickupType>(rand() % 9 + IDX(PICKUP_TOYZ_FIRST));	All occurrences were inspected: exits target generic WWD m_smarts storage, raw pickup counters/APIs, or the documented GruntSpawnConfig integer-switch codegen seam.
c5b763ce6e1ca937	reviewed	src/Gruntz/TriggerMgr.cpp	1794	static_cast-enum	PickupType	rand() % 9 + IDX(PICKUP_TOYZ_FIRST)	static_cast<PickupType>(rand() % 9 + IDX(PICKUP_TOYZ_FIRST));	Reviewed individually: remaining entries are raw retail function parameters, loop/arithmetic results, wire payloads, generic notification storage, or per-logic views of shared WWD integer fields.
2f00ac9a08f1195a	reviewed	src/Gruntz/TriggerMgr.cpp	2005	IDX		g->m_moveIcon	g->m_savedMoveIcon = IDX(g->m_moveIcon);	Audited individually: exits form raw cursor-sprite asset IDs from PickupType, serialize/compare WarpStoneFragment bytes, populate generic WWD fields, or preserve an enum move icon in int storage with a -1 sentinel.
59235ad8a716360a	reviewed	src/Gruntz/TriggerMgr.cpp	2642	IDX		v	m_pendingFxKind = IDX(v) + kPendingFxIdBase;	Audited individually: exits form raw cursor-sprite asset IDs from PickupType, serialize/compare WarpStoneFragment bytes, populate generic WWD fields, or preserve an enum move icon in int storage with a -1 sentinel.
c0e8e7584956eb7e	reviewed	src/Gruntz/TriggerMgr.cpp	2643	IDX		v	(static_cast<CPlay*>(g_gameReg->m_curState))->LoadCursorSprites(IDX(v) + kPendingFxIdBase, 0);	Audited individually: exits form raw cursor-sprite asset IDs from PickupType, serialize/compare WarpStoneFragment bytes, populate generic WWD fields, or preserve an enum move icon in int storage with a -1 sentinel.
3bc03130213ab173	reviewed	src/Gruntz/TriggerMgr.cpp	2686	IDX		kind	m_pendingFxKind = IDX(kind) + kPendingFxIdBase;	Audited individually: exits form raw cursor-sprite asset IDs from PickupType, serialize/compare WarpStoneFragment bytes, populate generic WWD fields, or preserve an enum move icon in int storage with a -1 sentinel.
d2e6435e4a170eba	reviewed	src/Gruntz/TriggerMgr.cpp	2688	IDX		kind	->LoadCursorSprites(IDX(kind) + kPendingFxIdBase, 0);	Audited individually: exits form raw cursor-sprite asset IDs from PickupType, serialize/compare WarpStoneFragment bytes, populate generic WWD fields, or preserve an enum move icon in int storage with a -1 sentinel.
bf0dd0db63476f1b	reviewed	src/Gruntz/TriggerMgr.cpp	2721	IDX	PlayerCommandKind	PLAYERCMD_STOP	static_cast<char>(IDX(PLAYERCMD_STOP)),	All occurrences narrow a typed command kind into the byte-oriented multiplayer command wire format.
ff790e09199a0e0e	reviewed	src/Gruntz/TriggerMgr.cpp	2729	IDX	PlayerCommandKind	PLAYERCMD_STOP	->EnqueueMulti(1, x, count, buf, static_cast<char>(IDX(PLAYERCMD_STOP)), 0, 0, 0);	All occurrences narrow a typed command kind into the byte-oriented multiplayer command wire format.
53cc3334470b268a	reviewed	src/Gruntz/TriggerMgrGrid.cpp	96	static_cast-enum	PickupType	typeKind	PickupType placedType = static_cast<PickupType>(typeKind);	Reviewed individually: remaining entries are raw retail function parameters, loop/arithmetic results, wire payloads, generic notification storage, or per-logic views of shared WWD integer fields.
0b21fed7c70df637	reviewed	src/Gruntz/TriggerMgrGrid.cpp	160	static_cast-enum	BattlezUnitKind	aiType	BattlezUnitKind battlezKind = static_cast<BattlezUnitKind>(aiType);	Reviewed individually: these are per-consumer views of generic WWD/animation/shared integer storage; the owner cannot be globally typed because the same slot carries other domains.
8fd3c8916ba58e0b	reviewed	src/Gruntz/TriggerMgrGrid.cpp	163	IDX	PickupType	PICKUP_BOMB	kindId = IDX(PICKUP_BOMB);	All occurrences were inspected: exits target generic WWD m_smarts storage, raw pickup counters/APIs, or the documented GruntSpawnConfig integer-switch codegen seam.
8d72eb9741dc1045	reviewed	src/Gruntz/TriggerMgrGrid.cpp	166	IDX	PickupType	PICKUP_GUNHAT	kindId = IDX(PICKUP_GUNHAT);	All occurrences were inspected: exits target generic WWD m_smarts storage, raw pickup counters/APIs, or the documented GruntSpawnConfig integer-switch codegen seam.
c33418ece904eb49	reviewed	src/Gruntz/TriggerMgrGrid.cpp	169	IDX	PickupType	PICKUP_GAUNTLETZ	kindId = IDX(PICKUP_GAUNTLETZ);	All occurrences were inspected: exits target generic WWD m_smarts storage, raw pickup counters/APIs, or the documented GruntSpawnConfig integer-switch codegen seam.
d5750d0b83f7a1af	reviewed	src/Gruntz/TriggerMgrGrid.cpp	172	IDX	PickupType	PICKUP_CLUB	kindId = IDX(PICKUP_CLUB);	All occurrences were inspected: exits target generic WWD m_smarts storage, raw pickup counters/APIs, or the documented GruntSpawnConfig integer-switch codegen seam.
de6f6116fc2928b8	reviewed	src/Gruntz/TriggerMgrGrid.cpp	175	IDX	PickupType	PICKUP_SHIELD	kindId = IDX(PICKUP_SHIELD);	All occurrences were inspected: exits target generic WWD m_smarts storage, raw pickup counters/APIs, or the documented GruntSpawnConfig integer-switch codegen seam.
d022898bcdeed5d6	reviewed	src/Gruntz/TriggerMgrGrid.cpp	178	IDX	PickupType	PICKUP_GLOVEZ	kindId = IDX(PICKUP_GLOVEZ);	All occurrences were inspected: exits target generic WWD m_smarts storage, raw pickup counters/APIs, or the documented GruntSpawnConfig integer-switch codegen seam.
2028b9fe8bbb82a5	reviewed	src/Gruntz/TriggerMgrGrid.cpp	181	IDX	PickupType	PICKUP_BRICK	kindId = IDX(PICKUP_BRICK);	All occurrences were inspected: exits target generic WWD m_smarts storage, raw pickup counters/APIs, or the documented GruntSpawnConfig integer-switch codegen seam.
de11dbfccb3cbd94	reviewed	src/Gruntz/TriggerMgrGrid.cpp	185	IDX	PickupType	PICKUP_GRAVITYBOOTZ	kindId = IDX(PICKUP_GRAVITYBOOTZ);	All occurrences were inspected: exits target generic WWD m_smarts storage, raw pickup counters/APIs, or the documented GruntSpawnConfig integer-switch codegen seam.
5a8084e071ac16ed	reviewed	src/Gruntz/TriggerMgrGrid.cpp	189	IDX	PickupType	PICKUP_SPY	kindId = IDX(PICKUP_SPY);	All occurrences were inspected: exits target generic WWD m_smarts storage, raw pickup counters/APIs, or the documented GruntSpawnConfig integer-switch codegen seam.
69d3b59606f1339f	reviewed	src/Gruntz/TriggerMgrGrid.cpp	193	IDX	PickupType	PICKUP_NERFGUN	kindId = IDX(PICKUP_NERFGUN);	All occurrences were inspected: exits target generic WWD m_smarts storage, raw pickup counters/APIs, or the documented GruntSpawnConfig integer-switch codegen seam.
42a6c88861a48217	reviewed	src/Gruntz/TriggerMgrGrid.cpp	197	IDX	PickupType	PICKUP_BOOMERANG	kindId = IDX(PICKUP_BOOMERANG);	All occurrences were inspected: exits target generic WWD m_smarts storage, raw pickup counters/APIs, or the documented GruntSpawnConfig integer-switch codegen seam.
402f6ed296179d6c	reviewed	src/Gruntz/TriggerMgrGrid.cpp	201	IDX	PickupType	PICKUP_GOOBER	kindId = IDX(PICKUP_GOOBER);	All occurrences were inspected: exits target generic WWD m_smarts storage, raw pickup counters/APIs, or the documented GruntSpawnConfig integer-switch codegen seam.
eb90542ca7c72003	reviewed	src/Gruntz/TriggerMgrGrid.cpp	204	IDX	PickupType	PICKUP_SWORD	kindId = IDX(PICKUP_SWORD);	All occurrences were inspected: exits target generic WWD m_smarts storage, raw pickup counters/APIs, or the documented GruntSpawnConfig integer-switch codegen seam.
a744349f3464bb26	reviewed	src/Gruntz/TriggerMgrGrid.cpp	207	IDX	PickupType	PICKUP_ROCK	kindId = IDX(PICKUP_ROCK);	All occurrences were inspected: exits target generic WWD m_smarts storage, raw pickup counters/APIs, or the documented GruntSpawnConfig integer-switch codegen seam.
68acb02821df087e	reviewed	src/Gruntz/TriggerMgrGrid.cpp	211	IDX	PickupType	PICKUP_SHOVEL	kindId = IDX(PICKUP_SHOVEL);	All occurrences were inspected: exits target generic WWD m_smarts storage, raw pickup counters/APIs, or the documented GruntSpawnConfig integer-switch codegen seam.
e3256ac7bd7468b6	reviewed	src/Gruntz/TriggerMgrGrid.cpp	215	IDX	PickupType	PICKUP_SHOVEL	kindId = IDX(PICKUP_SHOVEL);	All occurrences were inspected: exits target generic WWD m_smarts storage, raw pickup counters/APIs, or the documented GruntSpawnConfig integer-switch codegen seam.
3e5c6a94138a255f	reviewed	src/Gruntz/TriggerMgrGrid.cpp	216	IDX	PickupType	PICKUP_SCROLL	vehicleKind = IDX(PICKUP_SCROLL);	All occurrences were inspected: exits target generic WWD m_smarts storage, raw pickup counters/APIs, or the documented GruntSpawnConfig integer-switch codegen seam.
1d1cd83c98eaa522	reviewed	src/Gruntz/TriggerMgrGrid.cpp	232	IDX		g_gameReg->m_options[g_curPlayer].m_colorIndex	&& kindId == IDX(g_gameReg->m_options[g_curPlayer].m_colorIndex))) {	Audited individually: BrickTileId, TileCollisionKind, PlayerSlot, trigger kind, pickup, and tint values cross raw tile-grid cells, collision-return ABIs, cell-flag APIs, or packed WWD ownership fields.
8a9a970cab369d44	reviewed	src/Gruntz/TriggerMgrGrid.cpp	233	IDX		slot->m_colorIndex	kindId = IDX(slot->m_colorIndex);	Audited individually: BrickTileId, TileCollisionKind, PlayerSlot, trigger kind, pickup, and tint values cross raw tile-grid cells, collision-return ABIs, cell-flag APIs, or packed WWD ownership fields.
689b215d0a6d5ed2	reviewed	src/Gruntz/TriggerMgrGrid.cpp	245	static_cast-enum	PickupType	kindId	static_cast<PickupType>(kindId),	Reviewed individually: remaining entries are raw retail function parameters, loop/arithmetic results, wire payloads, generic notification storage, or per-logic views of shared WWD integer fields.
16818b7fb41b0abf	reviewed	src/Gruntz/TriggerMgrGrid.cpp	248	static_cast-enum	EnemyAiType	aiType	static_cast<EnemyAiType>(aiType),	Reviewed individually: these are per-consumer views of generic WWD/animation/shared integer storage; the owner cannot be globally typed because the same slot carries other domains.
5d189cd4873e408d	reviewed	src/Gruntz/TriggerMgrGrid.cpp	498	IDX		tag	if (static_cast<u32>((IDX(tag) - 0xb)) > 0x65) {	Audited individually: BrickTileId, TileCollisionKind, PlayerSlot, trigger kind, pickup, and tint values cross raw tile-grid cells, collision-return ABIs, cell-flag APIs, or packed WWD ownership fields.
ec351161028d9c1e	reviewed	src/Gruntz/TriggerMgrGrid.cpp	517	IDX	TrigErrSite	TRIGSITE_WIRE_TIME_SWITCH	g_gameReg->ReportError(IDX(TRIGERR_LOOKUP_MISS), IDX(TRIGSITE_WIRE_TIME_SWITCH));	Every occurrence passes a trigger diagnostic site through CGruntzMgr::ReportError's raw int context parameter.
f998b39d921d1350	reviewed	src/Gruntz/TriggerMgrGrid.cpp	517	IDX	TrigErrClass	TRIGERR_LOOKUP_MISS	g_gameReg->ReportError(IDX(TRIGERR_LOOKUP_MISS), IDX(TRIGSITE_WIRE_TIME_SWITCH));	Every occurrence passes a trigger diagnostic class through CGruntzMgr::ReportError's intentionally mixed int slot; the same slot also carries unrelated WARP ids.
0f1d9b468bb73ba6	reviewed	src/Gruntz/TriggerMgrGrid.cpp	543	IDX	TrigErrSite	TRIGSITE_WIRE_TIME_TRIGGER	g_gameReg->ReportError(IDX(TRIGERR_LINK_BROKEN), IDX(TRIGSITE_WIRE_TIME_TRIGGER));	Every occurrence passes a trigger diagnostic site through CGruntzMgr::ReportError's raw int context parameter.
bf48fd3cbfce5c48	reviewed	src/Gruntz/TriggerMgrGrid.cpp	543	IDX	TrigErrClass	TRIGERR_LINK_BROKEN	g_gameReg->ReportError(IDX(TRIGERR_LINK_BROKEN), IDX(TRIGSITE_WIRE_TIME_TRIGGER));	Every occurrence passes a trigger diagnostic class through CGruntzMgr::ReportError's intentionally mixed int slot; the same slot also carries unrelated WARP ids.
2a888af07dbd5060	reviewed	src/Gruntz/TriggerMgrGrid.cpp	557	IDX	TrigErrSite	TRIGSITE_WIRE_SECRET_SWITCH	g_gameReg->ReportError(IDX(TRIGERR_LOOKUP_MISS), IDX(TRIGSITE_WIRE_SECRET_SWITCH));	Every occurrence passes a trigger diagnostic site through CGruntzMgr::ReportError's raw int context parameter.
c3275de4c667e19f	reviewed	src/Gruntz/TriggerMgrGrid.cpp	557	IDX	TrigErrClass	TRIGERR_LOOKUP_MISS	g_gameReg->ReportError(IDX(TRIGERR_LOOKUP_MISS), IDX(TRIGSITE_WIRE_SECRET_SWITCH));	Every occurrence passes a trigger diagnostic class through CGruntzMgr::ReportError's intentionally mixed int slot; the same slot also carries unrelated WARP ids.
a2e589c7e710299c	reviewed	src/Gruntz/TriggerMgrGrid.cpp	575	IDX	TrigErrSite	TRIGSITE_WIRE_SECRET_TRIGGER	g_gameReg->ReportError(IDX(TRIGERR_LINK_BROKEN), IDX(TRIGSITE_WIRE_SECRET_TRIGGER));	Every occurrence passes a trigger diagnostic site through CGruntzMgr::ReportError's raw int context parameter.
bbcfba55e087603f	reviewed	src/Gruntz/TriggerMgrGrid.cpp	575	IDX	TrigErrClass	TRIGERR_LINK_BROKEN	g_gameReg->ReportError(IDX(TRIGERR_LINK_BROKEN), IDX(TRIGSITE_WIRE_SECRET_TRIGGER));	Every occurrence passes a trigger diagnostic class through CGruntzMgr::ReportError's intentionally mixed int slot; the same slot also carries unrelated WARP ids.
490fd3cc61b1a4ca	reviewed	src/Gruntz/TriggerMgrGrid.cpp	617	IDX	TrigErrClass	TRIGERR_LOOKUP_MISS	g_gameReg->ReportError(IDX(TRIGERR_LOOKUP_MISS), IDX(TRIGSITE_WIRE_SWITCH));	Every occurrence passes a trigger diagnostic class through CGruntzMgr::ReportError's intentionally mixed int slot; the same slot also carries unrelated WARP ids.
71d343a3e831f426	reviewed	src/Gruntz/TriggerMgrGrid.cpp	617	IDX	TrigErrSite	TRIGSITE_WIRE_SWITCH	g_gameReg->ReportError(IDX(TRIGERR_LOOKUP_MISS), IDX(TRIGSITE_WIRE_SWITCH));	Every occurrence passes a trigger diagnostic site through CGruntzMgr::ReportError's raw int context parameter.
1fe2647ac098f6a2	reviewed	src/Gruntz/TriggerMgrGrid.cpp	638	IDX	TrigErrSite	TRIGSITE_WIRE_TRIGGER	g_gameReg->ReportError(IDX(TRIGERR_LINK_BROKEN), IDX(TRIGSITE_WIRE_TRIGGER));	Every occurrence passes a trigger diagnostic site through CGruntzMgr::ReportError's raw int context parameter.
cfc1cc48e8748df3	reviewed	src/Gruntz/TriggerMgrGrid.cpp	638	IDX	TrigErrClass	TRIGERR_LINK_BROKEN	g_gameReg->ReportError(IDX(TRIGERR_LINK_BROKEN), IDX(TRIGSITE_WIRE_TRIGGER));	Every occurrence passes a trigger diagnostic class through CGruntzMgr::ReportError's intentionally mixed int slot; the same slot also carries unrelated WARP ids.
01e4a46235850548	reviewed	src/Gruntz/TriggerMgrGrid.cpp	652	IDX	TrigErrSite	TRIGSITE_WIRE_MULTI_SWITCH	g_gameReg->ReportError(IDX(TRIGERR_LOOKUP_MISS), IDX(TRIGSITE_WIRE_MULTI_SWITCH));	Every occurrence passes a trigger diagnostic site through CGruntzMgr::ReportError's raw int context parameter.
f53a4b0303e30a9f	reviewed	src/Gruntz/TriggerMgrGrid.cpp	652	IDX	TrigErrClass	TRIGERR_LOOKUP_MISS	g_gameReg->ReportError(IDX(TRIGERR_LOOKUP_MISS), IDX(TRIGSITE_WIRE_MULTI_SWITCH));	Every occurrence passes a trigger diagnostic class through CGruntzMgr::ReportError's intentionally mixed int slot; the same slot also carries unrelated WARP ids.
92765447e1e1c4cc	reviewed	src/Gruntz/TriggerMgrGrid.cpp	676	IDX	TrigErrSite	TRIGSITE_WIRE_MULTI_TRIGGER	g_gameReg->ReportError(IDX(TRIGERR_LINK_BROKEN), IDX(TRIGSITE_WIRE_MULTI_TRIGGER));	Every occurrence passes a trigger diagnostic site through CGruntzMgr::ReportError's raw int context parameter.
f33c49d07524edb6	reviewed	src/Gruntz/TriggerMgrGrid.cpp	676	IDX	TrigErrClass	TRIGERR_LINK_BROKEN	g_gameReg->ReportError(IDX(TRIGERR_LINK_BROKEN), IDX(TRIGSITE_WIRE_MULTI_TRIGGER));	Every occurrence passes a trigger diagnostic class through CGruntzMgr::ReportError's intentionally mixed int slot; the same slot also carries unrelated WARP ids.
2ac1977fe2e493de	reviewed	src/Gruntz/TriggerMgrGrid.cpp	691	IDX	TrigErrClass	TRIGERR_LOOKUP_MISS	IDX(TRIGERR_LOOKUP_MISS),	Every occurrence passes a trigger diagnostic class through CGruntzMgr::ReportError's intentionally mixed int slot; the same slot also carries unrelated WARP ids.
b795fae81a085f9e	reviewed	src/Gruntz/TriggerMgrGrid.cpp	692	IDX	TrigErrSite	TRIGSITE_WIRE_EXCLUSIVE_SWITCH	IDX(TRIGSITE_WIRE_EXCLUSIVE_SWITCH)	Every occurrence passes a trigger diagnostic site through CGruntzMgr::ReportError's raw int context parameter.
ac36021ea49662a7	reviewed	src/Gruntz/TriggerMgrGrid.cpp	717	IDX	TrigErrClass	TRIGERR_LINK_BROKEN	IDX(TRIGERR_LINK_BROKEN),	Every occurrence passes a trigger diagnostic class through CGruntzMgr::ReportError's intentionally mixed int slot; the same slot also carries unrelated WARP ids.
776ef66a95706198	reviewed	src/Gruntz/TriggerMgrGrid.cpp	718	IDX	TrigErrSite	TRIGSITE_WIRE_EXCLUSIVE_TRIGGER	IDX(TRIGSITE_WIRE_EXCLUSIVE_TRIGGER)	Every occurrence passes a trigger diagnostic site through CGruntzMgr::ReportError's raw int context parameter.
8f01f278aca8ef89	reviewed	src/Gruntz/TriggerMgrGrid.cpp	763	static_cast-enum	GruntDirection	g->m_entranceCell.direction	switch (static_cast<GruntDirection>(g->m_entranceCell.direction)) {	Reviewed individually: these are per-consumer views of generic WWD/animation/shared integer storage; the owner cannot be globally typed because the same slot carries other domains.
38f9f191070683e2	reviewed	src/Gruntz/TriggerMgrGrid.cpp	830	IDX	TrigErrSite	TRIGSITE_WIRE_CHECKPOINT	g_gameReg->ReportError(IDX(TRIGERR_LOOKUP_MISS), IDX(TRIGSITE_WIRE_CHECKPOINT));	Every occurrence passes a trigger diagnostic site through CGruntzMgr::ReportError's raw int context parameter.
c9cacf3a65fbc69f	reviewed	src/Gruntz/TriggerMgrGrid.cpp	830	IDX	TrigErrClass	TRIGERR_LOOKUP_MISS	g_gameReg->ReportError(IDX(TRIGERR_LOOKUP_MISS), IDX(TRIGSITE_WIRE_CHECKPOINT));	Every occurrence passes a trigger diagnostic class through CGruntzMgr::ReportError's intentionally mixed int slot; the same slot also carries unrelated WARP ids.
23d649995e84f561	reviewed	src/Gruntz/TriggerMgrGrid.cpp	842	IDX		gruntKind	if (IDX(gruntKind) == sw->m_checkpointType	Audited individually: BrickTileId, TileCollisionKind, PlayerSlot, trigger kind, pickup, and tint values cross raw tile-grid cells, collision-return ABIs, cell-flag APIs, or packed WWD ownership fields.
e3fe73ef365f4ffe	reviewed	src/Gruntz/TriggerMgrGrid.cpp	843	IDX		g->m_vehiclePickupType	|| sw->m_checkpointType == IDX(g->m_vehiclePickupType)) {	Audited individually: BrickTileId, TileCollisionKind, PlayerSlot, trigger kind, pickup, and tint values cross raw tile-grid cells, collision-return ABIs, cell-flag APIs, or packed WWD ownership fields.
5b51c20536310a28	reviewed	src/Gruntz/TriggerMgrGrid.cpp	876	IDX	TrigErrClass	TRIGERR_LINK_BROKEN	IDX(TRIGERR_LINK_BROKEN),	Every occurrence passes a trigger diagnostic class through CGruntzMgr::ReportError's intentionally mixed int slot; the same slot also carries unrelated WARP ids.
5bc222b08493715b	reviewed	src/Gruntz/TriggerMgrGrid.cpp	877	IDX	TrigErrSite	TRIGSITE_WIRE_CHECKPOINT_TRIGGER	IDX(TRIGSITE_WIRE_CHECKPOINT_TRIGGER)	Every occurrence passes a trigger diagnostic site through CGruntzMgr::ReportError's raw int context parameter.
bb3dd330597bba63	reviewed	src/Gruntz/TriggerMgrGrid.cpp	934	IDX	TrigErrSite	TRIGSITE_APPLY_SWITCH_40	g_gameReg->ReportError(IDX(TRIGERR_LOOKUP_MISS), IDX(TRIGSITE_APPLY_SWITCH_40));	Every occurrence passes a trigger diagnostic site through CGruntzMgr::ReportError's raw int context parameter.
cf163345bd75a15c	reviewed	src/Gruntz/TriggerMgrGrid.cpp	934	IDX	TrigErrClass	TRIGERR_LOOKUP_MISS	g_gameReg->ReportError(IDX(TRIGERR_LOOKUP_MISS), IDX(TRIGSITE_APPLY_SWITCH_40));	Every occurrence passes a trigger diagnostic class through CGruntzMgr::ReportError's intentionally mixed int slot; the same slot also carries unrelated WARP ids.
3fbfe261d604d6e1	reviewed	src/Gruntz/TriggerMgrGrid.cpp	949	IDX	TrigErrSite	TRIGSITE_APPLY_SWITCH_34	g_gameReg->ReportError(IDX(TRIGERR_LOOKUP_MISS), IDX(TRIGSITE_APPLY_SWITCH_34));	Every occurrence passes a trigger diagnostic site through CGruntzMgr::ReportError's raw int context parameter.
758b26b04081e45e	reviewed	src/Gruntz/TriggerMgrGrid.cpp	949	IDX	TrigErrClass	TRIGERR_LOOKUP_MISS	g_gameReg->ReportError(IDX(TRIGERR_LOOKUP_MISS), IDX(TRIGSITE_APPLY_SWITCH_34));	Every occurrence passes a trigger diagnostic class through CGruntzMgr::ReportError's intentionally mixed int slot; the same slot also carries unrelated WARP ids.
c7fc0d08b16ecca3	reviewed	src/Gruntz/TriggerMgrGrid.cpp	964	IDX	TrigErrClass	TRIGERR_LOOKUP_MISS	g_gameReg->ReportError(IDX(TRIGERR_LOOKUP_MISS), IDX(TRIGSITE_APPLY_SWITCH_36));	Every occurrence passes a trigger diagnostic class through CGruntzMgr::ReportError's intentionally mixed int slot; the same slot also carries unrelated WARP ids.
df68257122fd913e	reviewed	src/Gruntz/TriggerMgrGrid.cpp	964	IDX	TrigErrSite	TRIGSITE_APPLY_SWITCH_36	g_gameReg->ReportError(IDX(TRIGERR_LOOKUP_MISS), IDX(TRIGSITE_APPLY_SWITCH_36));	Every occurrence passes a trigger diagnostic site through CGruntzMgr::ReportError's raw int context parameter.
1cb6474200f0fd10	reviewed	src/Gruntz/TriggerMgrGrid.cpp	989	IDX	TrigErrClass	TRIGERR_LINK_BROKEN	g_gameReg->ReportError(IDX(TRIGERR_LINK_BROKEN), IDX(TRIGSITE_APPLY_TRIGGER_36));	Every occurrence passes a trigger diagnostic class through CGruntzMgr::ReportError's intentionally mixed int slot; the same slot also carries unrelated WARP ids.
555cf65c03574303	reviewed	src/Gruntz/TriggerMgrGrid.cpp	989	IDX	TrigErrSite	TRIGSITE_APPLY_TRIGGER_36	g_gameReg->ReportError(IDX(TRIGERR_LINK_BROKEN), IDX(TRIGSITE_APPLY_TRIGGER_36));	Every occurrence passes a trigger diagnostic site through CGruntzMgr::ReportError's raw int context parameter.
1786bc75b9bad459	reviewed	src/Gruntz/TriggerMgrGrid.cpp	1003	IDX	TrigErrClass	TRIGERR_LOOKUP_MISS	g_gameReg->ReportError(IDX(TRIGERR_LOOKUP_MISS), IDX(TRIGSITE_APPLY_SWITCH_38));	Every occurrence passes a trigger diagnostic class through CGruntzMgr::ReportError's intentionally mixed int slot; the same slot also carries unrelated WARP ids.
51348109bb49c4a9	reviewed	src/Gruntz/TriggerMgrGrid.cpp	1003	IDX	TrigErrSite	TRIGSITE_APPLY_SWITCH_38	g_gameReg->ReportError(IDX(TRIGERR_LOOKUP_MISS), IDX(TRIGSITE_APPLY_SWITCH_38));	Every occurrence passes a trigger diagnostic site through CGruntzMgr::ReportError's raw int context parameter.
c7a008bf5a85afa5	reviewed	src/Gruntz/TriggerMgrGrid.cpp	1028	IDX	TrigErrClass	TRIGERR_LINK_BROKEN	IDX(TRIGERR_LINK_BROKEN),	Every occurrence passes a trigger diagnostic class through CGruntzMgr::ReportError's intentionally mixed int slot; the same slot also carries unrelated WARP ids.
757c6b4a9ee34f45	reviewed	src/Gruntz/TriggerMgrGrid.cpp	1029	IDX	TrigErrSite	TRIGSITE_APPLY_TRIGGER_38	IDX(TRIGSITE_APPLY_TRIGGER_38)	Every occurrence passes a trigger diagnostic site through CGruntzMgr::ReportError's raw int context parameter.
57aadc1ea68d7b9a	reviewed	src/Gruntz/TriggerMgrGrid.cpp	1056	IDX	TrigErrClass	TRIGERR_LOOKUP_MISS	g_gameReg->ReportError(IDX(TRIGERR_LOOKUP_MISS), IDX(TRIGSITE_APPLY_SWITCH_42));	Every occurrence passes a trigger diagnostic class through CGruntzMgr::ReportError's intentionally mixed int slot; the same slot also carries unrelated WARP ids.
e246eb148399de63	reviewed	src/Gruntz/TriggerMgrGrid.cpp	1056	IDX	TrigErrSite	TRIGSITE_APPLY_SWITCH_42	g_gameReg->ReportError(IDX(TRIGERR_LOOKUP_MISS), IDX(TRIGSITE_APPLY_SWITCH_42));	Every occurrence passes a trigger diagnostic site through CGruntzMgr::ReportError's raw int context parameter.
52520e6c4d478d2c	reviewed	src/Gruntz/TriggerMgrGrid.cpp	1072	IDX	PlayerCommandKind	PLAYERCMD_GUARD_BEGIN	->EnqueueSingle(1, a, b, static_cast<char>(IDX(PLAYERCMD_GUARD_BEGIN)), 0, 0, 0, 0);	All occurrences narrow a typed command kind into the byte-oriented multiplayer command wire format.
06d423b7d01159cc	reviewed	src/Gruntz/TriggerMgrGrid.cpp	1078	IDX	PlayerCommandKind	PLAYERCMD_GUARD_END	->EnqueueSingle(1, a, b, static_cast<char>(IDX(PLAYERCMD_GUARD_END)), 0, 0, 0, 0);	All occurrences narrow a typed command kind into the byte-oriented multiplayer command wire format.
1f0770c87d9acf0b	reviewed	src/Gruntz/Ufo.cpp	69	static_cast-enum	ShadeMode	mode	o->m_drawFillCmd = static_cast<ShadeMode>(mode);	Reviewed individually: each conversion enters a domain from bounded loop, offset, random-choice, or range arithmetic; the arithmetic itself is intentionally integer-valued.
bde2578e8aff3fc8	reviewed	src/Gruntz/VideoConfig.cpp	248	IDX	Resolution	RES_UNSET	if (resIndex >= IDX(RES_UNSET) && resIndex <= 100) {	Occurrences cross registry DWORD storage or compare a raw UI index against the enum sentinel.
65b34cfe1bbfc6ce	reviewed	src/Gruntz/VideoConfig.cpp	249	static_cast-enum	Resolution	resIndex	g_videoResolutionMode = static_cast<Resolution>(resIndex);	Reviewed individually: these conversions are at raw file, network, UI, serialization, packed-storage, or historically integer-signature boundaries.
979d0d4df84e7fe0	reviewed	src/Gruntz/VideoConfig.cpp	380	IDX		nSel	SendMessageA(pCtrl->m_hWnd, TBM_SETPOS, TRUE, IDX(nSel));	Audited individually: enums are deliberately reduced to numeric checksum terms, ordered debug-mode comparisons, Win32 slider positions, or raw WWD loop-mode storage.
4d545d177d252ff9	reviewed	src/Gruntz/VideoConfig.cpp	412	static_cast-enum	Resolution	SendMessageA(pCtrl->m_hWnd, TBM_GETPOS, 0, 0)	g_videoResolutionMode = static_cast<Resolution>(SendMessageA(pCtrl->m_hWnd, TBM_GETPOS, 0, 0));	Reviewed individually: these conversions are at raw file, network, UI, serialization, packed-storage, or historically integer-signature boundaries.
26a0a9cc05251d59	reviewed	src/Gruntz/Warlord.cpp	157	static_cast-enum	WarlordOwner	m_object->m_smarts	WarlordOwner owner = static_cast<WarlordOwner>(m_object->m_smarts);	Reviewed individually: these are per-consumer views of generic WWD/animation/shared integer storage; the owner cannot be globally typed because the same slot carries other domains.
33802333ffaf3bc8	reviewed	src/Gruntz/Warlord.cpp	158	IDX		owner	i32 cfg = IDX(g_gameReg->m_options[IDX(owner)].m_colorIndex);	Audited individually: ColorTint exits feed sprite/shade factories, raw lobby slots, WWD fields, or player-indexed rendering APIs; accompanying category, level-area, owner, and custom-map exits are numeric loop/config/index boundaries.
71eb616caa41d48a	reviewed	src/Gruntz/Warlord.cpp	158	IDX		g_gameReg->m_options[IDX(owner)].m_colorIndex	i32 cfg = IDX(g_gameReg->m_options[IDX(owner)].m_colorIndex);	Audited individually: ColorTint exits feed sprite/shade factories, raw lobby slots, WWD fields, or player-indexed rendering APIs; accompanying category, level-area, owner, and custom-map exits are numeric loop/config/index boundaries.
344ae87ba6ec226f	reviewed	src/Gruntz/Warlord.cpp	189	IDX	GruntzCommandId	CMD_TOGGLE_SOUND	(g_gameReg)->ReportError(IDX(CMD_TOGGLE_SOUND), 0x3e9);	All occurrences were inspected: exits feed raw Win32/menu command IDs, ReportError, or the historically int CheatMgr registration API; the enum remains the source domain.
82fe34cfec30a223	reviewed	src/Gruntz/Warlord.cpp	190	IDX	ErrorStringId	IDS_DEFAULT_ERROR	(g_gameReg)->ReportError(IDX(IDS_DEFAULT_ERROR), 0x3e9);	Each occurrence uses a retail RT_STRING-backed ErrorStringId at the raw Win32 LoadString/ReportError boundary; former CMD_* aliases were replaced from decoded resource evidence.
b407252e2d48cc12	reviewed	src/Gruntz/Warlord.cpp	488	IDX		g_gameReg->m_options[m_object->m_smarts].m_colorIndex	IDX(g_gameReg->m_options[m_object->m_smarts].m_colorIndex),	Audited individually: ColorTint exits feed sprite/shade factories, raw lobby slots, WWD fields, or player-indexed rendering APIs; accompanying category, level-area, owner, and custom-map exits are numeric loop/config/index boundaries.
1bb40b26f4dc00cc	fixed	src/Gruntz/WayPoint.cpp	28	IDX	SpriteStateFlags	SPRITE_STATE_HIDDEN	m_wwdObject->m_stateFlags |= IDX(SPRITE_STATE_HIDDEN);	Typed CResolveNode::m_stateFlags as SpriteStateFlags and replaced raw bit arithmetic with domain operators/HAS; all former per-call exits disappeared.
ee14202352acaf33	reviewed	src/Gruntz/WinMain.cpp	39	IDX	GruntzCommandId	CMD_LOBBY_RESET	PostMessageA(hPrev, WM_COMMAND, IDX(CMD_LOBBY_RESET), 0);	All occurrences were inspected: exits feed raw Win32/menu command IDs, ReportError, or the historically int CheatMgr registration API; the enum remains the source domain.
fe86b78a9227ac60	fixed	src/Gruntz/WorldSoundSet.cpp	689	IDX	SpriteStateFlags	SPRITE_STATE_HIDDEN	obj->m_stateFlags |= IDX(SPRITE_STATE_HIDDEN);	Typed CResolveNode::m_stateFlags as SpriteStateFlags and replaced raw bit arithmetic with domain operators/HAS; all former per-call exits disappeared.
e0e615b15edb8a81	fixed	src/Gruntz/WorldSoundSet.cpp	766	IDX	SpriteStateFlags	SPRITE_STATE_HIDDEN	obj->m_stateFlags |= IDX(SPRITE_STATE_HIDDEN);	Typed CResolveNode::m_stateFlags as SpriteStateFlags and replaced raw bit arithmetic with domain operators/HAS; all former per-call exits disappeared.
9ad89f87acca602b	fixed	src/Gruntz/Wormhole.cpp	212	IDX	SpriteStateFlags	SPRITE_STATE_HIDDEN	m_wwdObject->m_stateFlags |= IDX(SPRITE_STATE_HIDDEN);	Typed CResolveNode::m_stateFlags as SpriteStateFlags and replaced raw bit arithmetic with domain operators/HAS; all former per-call exits disappeared.
6fb0adbe9cd0c91d	fixed	src/Gruntz/Wormhole.cpp	290	IDX	SpriteStateFlags	SPRITE_STATE_HIDDEN	m_wwdObject->m_stateFlags &= ~IDX(SPRITE_STATE_HIDDEN);	Typed CResolveNode::m_stateFlags as SpriteStateFlags and replaced raw bit arithmetic with domain operators/HAS; all former per-call exits disappeared.
9b9d7e4b5e6b708c	fixed	src/Gruntz/Wormhole.cpp	334	IDX	SpriteStateFlags	SPRITE_STATE_HIDDEN	o->m_stateFlags |= IDX(SPRITE_STATE_HIDDEN);	Typed CResolveNode::m_stateFlags as SpriteStateFlags and replaced raw bit arithmetic with domain operators/HAS; all former per-call exits disappeared.
1b7b645916fabeaa	reviewed	src/Gruntz/Wormhole.cpp	406	static_cast-enum	TeleporterKind	m_object->m_smarts	TeleporterKind kind = static_cast<TeleporterKind>(m_object->m_smarts);	Reviewed individually: these are per-consumer views of generic WWD/animation/shared integer storage; the owner cannot be globally typed because the same slot carries other domains.
d6ecd9eeb43688b1	fixed	src/Gruntz/Wormhole.cpp	441	IDX	SpriteStateFlags	SPRITE_STATE_HIDDEN	m_wwdObject->m_stateFlags &= ~IDX(SPRITE_STATE_HIDDEN);	Typed CResolveNode::m_stateFlags as SpriteStateFlags and replaced raw bit arithmetic with domain operators/HAS; all former per-call exits disappeared.
5b67b9692d5ef7b1	reviewed	src/Gruntz/Wormhole.cpp	558	static_cast-enum	TeleporterKind	m_object->m_smarts	TeleporterKind kind = static_cast<TeleporterKind>(m_object->m_smarts);	Reviewed individually: these are per-consumer views of generic WWD/animation/shared integer storage; the owner cannot be globally typed because the same slot carries other domains.
68d893a40ba3f8d3	fixed	src/Gruntz/Wormhole.cpp	564	IDX	SpriteStateFlags	SPRITE_STATE_HIDDEN	a->m_stateFlags |= IDX(SPRITE_STATE_HIDDEN);	Typed CResolveNode::m_stateFlags as SpriteStateFlags and replaced raw bit arithmetic with domain operators/HAS; all former per-call exits disappeared.
8e1e1097925fe459	reviewed	src/Gruntz/Wormhole.cpp	619	IDX	TeleporterKind	TELEPORTER_SINGLE_USE	spawned->m_smarts = IDX(TELEPORTER_SINGLE_USE);	Teleporter kind is stored in the generic WWD m_smarts integer field.
686ffa0836b04f8c	reviewed	src/Image/FileImage.cpp	40	static_cast-enum	ColorDepth	img->info.bmiHeader.biBitCount	ColorDepth srcFmt = static_cast<ColorDepth>(img->info.bmiHeader.biBitCount);	Reviewed individually: these conversions are at raw file, network, UI, serialization, packed-storage, or historically integer-signature boundaries.
cc7ebf8413b157d0	reviewed	src/Image/FileImage.cpp	137	static_cast-enum	ColorDepth	ih->biBitCount	ColorDepth bitcount = static_cast<ColorDepth>(ih->biBitCount);	Reviewed individually: these conversions are at raw file, network, UI, serialization, packed-storage, or historically integer-signature boundaries.
b23217a5a5966b10	reviewed	src/Image/FileImage.cpp	232	static_cast-enum	ColorDepth	bih->biBitCount	if (static_cast<ColorDepth>(bih->biBitCount) != BPP_PALETTED_8) {	Reviewed individually: these conversions are at raw file, network, UI, serialization, packed-storage, or historically integer-signature boundaries.
0246cb6ca43cff69	reviewed	src/Image/FileImage.cpp	475	IDX	ColorDepth	BPP_RGB_24	bi.bmiHeader.biBitCount = IDX(BPP_RGB_24);	The typed color depth is written into Win32 BITMAPINFOHEADER::biBitCount's raw WORD field.
161490f13a5ed5a9	fixed	src/Image/ImagePolyClip.cpp	91	IDX	PolygonWinding	POLYGON_WINDING_COUNTERCLOCKWISE	sign = IDX(POLYGON_WINDING_COUNTERCLOCKWISE);	Typed the cross-product sign as PolygonWinding, eliminating integer exits and re-entry within the convexity algorithm.
bcf60bca0bcb57b0	fixed	src/Image/ImagePolyClip.cpp	93	IDX	PolygonWinding	POLYGON_WINDING_CLOCKWISE	sign = IDX(POLYGON_WINDING_CLOCKWISE);	Typed the cross-product sign as PolygonWinding, eliminating integer exits and re-entry within the convexity algorithm.
b8c450ab6e8d5c17	fixed	src/Image/ImagePolyClip.cpp	97	IDX		dir	if (dir != POLYGON_WINDING_UNSET && IDX(dir) != sign) {	Typed the cross-product sign as PolygonWinding, eliminating integer exits and re-entry within the convexity algorithm.
3f46dd44fdad7613	reviewed	src/Image/ImagePolyClip.cpp	100	static_cast-enum	PolygonWinding	sign	dir = static_cast<PolygonWinding>(sign);	Reviewed individually: these conversions are at raw file, network, UI, serialization, packed-storage, or historically integer-signature boundaries.
4e1c0baf6a1a00ff	reviewed	src/Image/ImagePool.cpp	335	IDX		m_bitCount	m_bih.biBitCount = static_cast<WORD>(IDX(m_bitCount));	Audited individually: ColorDepth and packed PCX plane enums participate in byte/scanline arithmetic or populate Win32 bitmap fields.
e3b70b7c2e2a81d7	reviewed	src/Image/ImagePool.cpp	360	IDX		m_bitCount	m_rowOffsets[i] = (m_height - i - 1) * (IDX(m_bitCount) / 8) * m_stride;	Audited individually: ColorDepth and packed PCX plane enums participate in byte/scanline arithmetic or populate Win32 bitmap fields.
5bade2b93c31b83e	reviewed	src/Image/ImagePool.cpp	372	IDX		bitcount	memcpy(m_pixels, src, static_cast<u32>((m_stride * m_height * IDX(bitcount))) >> 3);	Audited individually: ColorDepth and packed PCX plane enums participate in byte/scanline arithmetic or populate Win32 bitmap fields.
0ee85c09314bef0f	reviewed	src/Image/ImagePool.cpp	500	static_cast-enum	ColorDepth	ih->biBitCount	ColorDepth bitcount = static_cast<ColorDepth>(ih->biBitCount);	Reviewed individually: these conversions are at raw file, network, UI, serialization, packed-storage, or historically integer-signature boundaries.
5a1fc3e142269583	reviewed	src/Image/ImagePool.cpp	527	static_cast-enum	ColorDepth	ih.biBitCount & 0xffff	ColorDepth bitcount = static_cast<ColorDepth>(ih.biBitCount & 0xffff);	Reviewed individually: these conversions are at raw file, network, UI, serialization, packed-storage, or historically integer-signature boundaries.
bf605350b9d04d03	reviewed	src/Image/ImagePool.cpp	533	IDX		bitcount	u32 size = (IDX(bitcount) / 8) * m_stride * height;	Audited individually: ColorDepth and packed PCX plane enums participate in byte/scanline arithmetic or populate Win32 bitmap fields.
55baad1a80c7f5f2	reviewed	src/Image/ImagePool.cpp	552	IDX		hdr->m_bitsPerPixel	static_cast<ColorDepth>(IDX(hdr->m_planes) * IDX(hdr->m_bitsPerPixel)),	Audited individually: ColorDepth and packed PCX plane enums participate in byte/scanline arithmetic or populate Win32 bitmap fields.
78f2a70535d9e493	reviewed	src/Image/ImagePool.cpp	552	IDX		hdr->m_planes	static_cast<ColorDepth>(IDX(hdr->m_planes) * IDX(hdr->m_bitsPerPixel)),	Audited individually: ColorDepth and packed PCX plane enums participate in byte/scanline arithmetic or populate Win32 bitmap fields.
932777cc075392ac	reviewed	src/Image/ImagePool.cpp	552	static_cast-enum	ColorDepth	IDX(hdr->m_planes) * IDX(hdr->m_bitsPerPixel)	static_cast<ColorDepth>(IDX(hdr->m_planes) * IDX(hdr->m_bitsPerPixel)),	Reviewed individually: these conversions are at raw file, network, UI, serialization, packed-storage, or historically integer-signature boundaries.
2b7a2827cae20e87	reviewed	src/Image/ImagePool.cpp	559	IDX		hdr->m_planes	i32 scanBytes = (width * IDX(hdr->m_planes) * IDX(hdr->m_bitsPerPixel) + 7) / 8;	Audited individually: ColorDepth and packed PCX plane enums participate in byte/scanline arithmetic or populate Win32 bitmap fields.
6032394488ee079c	reviewed	src/Image/ImagePool.cpp	559	IDX		hdr->m_bitsPerPixel	i32 scanBytes = (width * IDX(hdr->m_planes) * IDX(hdr->m_bitsPerPixel) + 7) / 8;	Audited individually: ColorDepth and packed PCX plane enums participate in byte/scanline arithmetic or populate Win32 bitmap fields.
c267b4ffd8774347	reviewed	src/Image/ImagePool.cpp	564	IDX		hdr->m_planes	i32 n = width * IDX(hdr->m_planes);	Audited individually: ColorDepth and packed PCX plane enums participate in byte/scanline arithmetic or populate Win32 bitmap fields.
483447a2c6e7d21a	reviewed	src/Io/SaveGame.cpp	584	IDX	QuestLevel	QUESTLEVEL_LAST	(n > IDX(QUESTLEVEL_LAST) && n < IDX(QUESTLEVEL_TRAINING_END))	All occurrences were inspected: exits are level-number arithmetic, display/save counts, or raw menu API arguments; semantic storage and accessors remain typed.
f51a7aaba9596e12	reviewed	src/Io/SaveGame.cpp	584	IDX	QuestLevel	QUESTLEVEL_TRAINING_END	(n > IDX(QUESTLEVEL_LAST) && n < IDX(QUESTLEVEL_TRAINING_END))	All occurrences were inspected: exits are level-number arithmetic, display/save counts, or raw menu API arguments; semantic storage and accessors remain typed.
ef7751505582f421	reviewed	src/Io/SaveGame.cpp	585	IDX	QuestLevel	QUESTLEVEL_LAST	? n - IDX(QUESTLEVEL_LAST)	All occurrences were inspected: exits are level-number arithmetic, display/save counts, or raw menu API arguments; semantic storage and accessors remain typed.
251e95d1a53eda5d	reviewed	src/Io/SaveGame.cpp	587	IDX	QuestLevel	QUESTLEVEL_LAST	(n > IDX(QUESTLEVEL_LAST) && n < IDX(QUESTLEVEL_TRAINING_END))	All occurrences were inspected: exits are level-number arithmetic, display/save counts, or raw menu API arguments; semantic storage and accessors remain typed.
52f411ac9a871acf	reviewed	src/Io/SaveGame.cpp	587	IDX	QuestLevel	QUESTLEVEL_TRAINING_END	(n > IDX(QUESTLEVEL_LAST) && n < IDX(QUESTLEVEL_TRAINING_END))	All occurrences were inspected: exits are level-number arithmetic, display/save counts, or raw menu API arguments; semantic storage and accessors remain typed.
cd7a9da2598fd1a1	reviewed	src/Io/SaveGame.cpp	913	IDX		m_maxLevel	u32 maxLevel = static_cast<u32>(IDX(m_maxLevel));	QuestLevel is stored as unsigned u32; conversion is the typed storage or numeric-comparison boundary.
7410bf5eda021aa1	fixed	src/Io/SaveGame.cpp	914	IDX	QuestLevel	QUESTLEVEL_CAMPAIGN_END	if ((v < IDX(QUESTLEVEL_CAMPAIGN_END)	Retyped CSaveGame progression API and centralized unsigned QuestLevel storage access.
6f0adb4df9ea27b2	reviewed	src/Io/SaveGame.cpp	915	IDX	QuestLevel	QUESTLEVEL_LAST	&& (static_cast<u32>(IDX(v)) > maxLevel || maxLevel > IDX(QUESTLEVEL_LAST)))	QuestLevel is stored as unsigned u32; conversion is the typed storage or numeric-comparison boundary.
6f666458ea4e5c61	reviewed	src/Io/SaveGame.cpp	915	IDX		v	&& (static_cast<u32>(IDX(v)) > maxLevel || maxLevel > IDX(QUESTLEVEL_LAST)))	QuestLevel is stored as unsigned u32; conversion is the typed storage or numeric-comparison boundary.
11ba3fdf14735d28	reviewed	src/Io/SaveGame.cpp	916	IDX	QuestLevel	QUESTLEVEL_LAST	|| (maxLevel > IDX(QUESTLEVEL_LAST) && static_cast<u32>(IDX(v)) > maxLevel)) {	QuestLevel is stored as unsigned u32; conversion is the typed storage or numeric-comparison boundary.
94070aff85187acd	reviewed	src/Io/SaveGame.cpp	916	IDX		v	|| (maxLevel > IDX(QUESTLEVEL_LAST) && static_cast<u32>(IDX(v)) > maxLevel)) {	QuestLevel is stored as unsigned u32; conversion is the typed storage or numeric-comparison boundary.
698756342798598b	fixed	src/Io/SaveGame.cpp	917	static_cast-enum	QuestLevel	v	m_maxLevel = static_cast<QuestLevel>(v);	Retyped CSaveGame progression API and centralized unsigned QuestLevel storage access.
50ad7f9213820870	fixed	src/Io/SaveGame.cpp	923	IDX	QuestLevel	QUESTLEVEL_CAMPAIGN_END	if (v >= IDX(QUESTLEVEL_CAMPAIGN_END)) {	Retyped CSaveGame progression API and centralized unsigned QuestLevel storage access.
8b9db74773e3bfec	fixed	src/Io/SaveGame.cpp	926	IDX		m_curLevel	if (v <= IDX(m_curLevel)) {	Retyped CSaveGame progression API and centralized unsigned QuestLevel storage access.
bc3c655cda39eadd	fixed	src/Io/SaveGame.cpp	929	static_cast-enum	QuestLevel	v	m_curLevel = static_cast<QuestLevel>(v);	Retyped CSaveGame progression API and centralized unsigned QuestLevel storage access.
6f2a9cf14cb4d320	fixed	src/Io/SaveGame.cpp	930	IDX	QuestLevel	QUESTLEVEL_CAMPAIGN_LAST	if (v == IDX(QUESTLEVEL_CAMPAIGN_LAST)) {	Retyped CSaveGame progression API and centralized unsigned QuestLevel storage access.
ca681ea47f3ef268	reviewed	src/Net/LobbyDialogs.cpp	60	IDX	NetLobbyCtrlId	IDC_NET_RESUME	if (wParam == IDX(IDC_NET_RESUME) || wParam == IDCANCEL) {	All occurrences are Win32 dialog/control identifiers passed to GetDlgItem, message APIs, or EndDialog.
ce8de17c9e19e810	reviewed	src/Net/LobbyDialogs.cpp	62	IDX	NetLobbyCtrlId	IDC_NET_RESUME	g_curMulti->SendNetStat(NETMSG_WAIT_DIALOG_REPLY, IDX(IDC_NET_RESUME), 1);	All occurrences are Win32 dialog/control identifiers passed to GetDlgItem, message APIs, or EndDialog.
ca094d565c9ac0de	reviewed	src/Net/LobbyDialogs.cpp	63	IDX	NetLobbyCtrlId	IDC_NET_RESUME	EndDialog(hWnd, IDX(IDC_NET_RESUME));	All occurrences are Win32 dialog/control identifiers passed to GetDlgItem, message APIs, or EndDialog.
e6b2c664993fa0ea	reviewed	src/Net/LobbyDialogs.cpp	66	IDX	NetLobbyCtrlId	IDC_NETCHAT_SEND	if (wParam == IDX(IDC_NETCHAT_SEND)) {	All occurrences are Win32 dialog/control identifiers passed to GetDlgItem, message APIs, or EndDialog.
08e74ce386df7669	reviewed	src/Net/LobbyDialogs.cpp	73	IDX	NetLobbyCtrlId	IDC_NET_RESUME	PostMessageA(hWnd, WM_COMMAND, IDX(IDC_NET_RESUME), 0);	All occurrences are Win32 dialog/control identifiers passed to GetDlgItem, message APIs, or EndDialog.
56aeb1a71af2922b	reviewed	src/Net/LobbyDialogs.cpp	108	IDX	NetLobbyCtrlId	IDC_NETCHAT_SEND	if (wParam == IDX(IDC_NETCHAT_SEND)) {	All occurrences are Win32 dialog/control identifiers passed to GetDlgItem, message APIs, or EndDialog.
31826e59ef264ab1	reviewed	src/Net/LobbyDialogs.cpp	120	IDX	NetLobbyCtrlId	IDC_NET_RESUME	EndDialog(hWnd, IDX(IDC_NET_RESUME));	All occurrences are Win32 dialog/control identifiers passed to GetDlgItem, message APIs, or EndDialog.
ab6dd2a97d54e188	reviewed	src/Net/LobbyDialogs.cpp	151	IDX	NetLobbyCtrlId	IDC_NET_LOBBY_LAUNCH	if (wParam == IDX(IDC_NET_LOBBY_LAUNCH)) {	All occurrences are Win32 dialog/control identifiers passed to GetDlgItem, message APIs, or EndDialog.
f36378af156d9d11	reviewed	src/Net/LobbyDialogs.cpp	156	IDX	NetLobbyCtrlId	IDC_NET_ABORT	if (wParam == IDX(IDC_NET_ABORT)) {	All occurrences are Win32 dialog/control identifiers passed to GetDlgItem, message APIs, or EndDialog.
ade2b26c0586214a	reviewed	src/Net/LobbyDialogs.cpp	161	IDX	NetLobbyCtrlId	IDC_NETCHAT_SEND	if (wParam == IDX(IDC_NETCHAT_SEND)) {	All occurrences are Win32 dialog/control identifiers passed to GetDlgItem, message APIs, or EndDialog.
6be5fd734a4c2235	reviewed	src/Net/LobbyDialogs.cpp	199	IDX	NetLobbyCtrlId	IDC_NET_RESTART	if (wParam == IDX(IDC_NET_RESTART)) {	All occurrences are Win32 dialog/control identifiers passed to GetDlgItem, message APIs, or EndDialog.
2895401b74660f9d	reviewed	src/Net/LobbyDialogs.cpp	204	IDX	NetLobbyCtrlId	IDC_NET_RESTART	EndDialog(hWnd, IDX(IDC_NET_RESTART));	All occurrences are Win32 dialog/control identifiers passed to GetDlgItem, message APIs, or EndDialog.
ea604c31a17c99f5	reviewed	src/Net/LobbyDialogs.cpp	207	IDX	NetLobbyCtrlId	IDC_NET_CONTINUE	if (wParam == IDX(IDC_NET_CONTINUE)) {	All occurrences are Win32 dialog/control identifiers passed to GetDlgItem, message APIs, or EndDialog.
435fa7b6386bccc3	reviewed	src/Net/LobbyDialogs.cpp	212	IDX	NetLobbyCtrlId	IDC_NET_CONTINUE	EndDialog(hWnd, IDX(IDC_NET_CONTINUE));	All occurrences are Win32 dialog/control identifiers passed to GetDlgItem, message APIs, or EndDialog.
a747c673611e791e	reviewed	src/Net/LobbyDialogs.cpp	215	IDX	NetLobbyCtrlId	IDC_NET_ABORT	if (wParam == IDX(IDC_NET_ABORT)) {	All occurrences are Win32 dialog/control identifiers passed to GetDlgItem, message APIs, or EndDialog.
3f9d8110885f4f35	reviewed	src/Net/LobbyDialogs.cpp	220	IDX	NetLobbyCtrlId	IDC_NET_ABORT	EndDialog(hWnd, IDX(IDC_NET_ABORT));	All occurrences are Win32 dialog/control identifiers passed to GetDlgItem, message APIs, or EndDialog.
ede80a657e7f3af0	reviewed	src/Net/LobbyDialogs.cpp	223	IDX	NetLobbyCtrlId	IDC_NETCHAT_SEND	if (wParam == IDX(IDC_NETCHAT_SEND)) {	All occurrences are Win32 dialog/control identifiers passed to GetDlgItem, message APIs, or EndDialog.
10921b6ebbbebaf7	reviewed	src/Net/LobbyDialogs.cpp	249	IDX	NetLobbyCtrlId	IDC_NET_RESTART	GetDlgItem(hWnd, IDX(IDC_NET_RESTART)),	All occurrences are Win32 dialog/control identifiers passed to GetDlgItem, message APIs, or EndDialog.
840c62eca5f795d9	reviewed	src/Net/LobbyDialogs.cpp	253	IDX	NetLobbyCtrlId	IDC_NET_CONTINUE	GetDlgItem(hWnd, IDX(IDC_NET_CONTINUE)),	All occurrences are Win32 dialog/control identifiers passed to GetDlgItem, message APIs, or EndDialog.
ec1accf4cf0476ad	reviewed	src/Net/LobbyDialogs.cpp	272	IDX	NetLobbyCtrlId	IDC_NET_DROP_PLAYER	if (wParam == IDX(IDC_NET_DROP_PLAYER)) {	All occurrences are Win32 dialog/control identifiers passed to GetDlgItem, message APIs, or EndDialog.
eeb09adc21cc2392	reviewed	src/Net/LobbyDialogs.cpp	278	IDX	NetLobbyCtrlId	IDC_NET_CONTINUE	if (wParam == IDX(IDC_NET_CONTINUE)) {	All occurrences are Win32 dialog/control identifiers passed to GetDlgItem, message APIs, or EndDialog.
359b7c6ba6c20972	reviewed	src/Net/LobbyDialogs.cpp	284	IDX	NetLobbyCtrlId	IDC_NET_ABORT	if (wParam == IDX(IDC_NET_ABORT)) {	All occurrences are Win32 dialog/control identifiers passed to GetDlgItem, message APIs, or EndDialog.
5d4a8a476cab3181	reviewed	src/Net/LobbyDialogs.cpp	290	IDX	NetLobbyCtrlId	IDC_NETCHAT_SEND	if (wParam == IDX(IDC_NETCHAT_SEND)) {	All occurrences are Win32 dialog/control identifiers passed to GetDlgItem, message APIs, or EndDialog.
7f75a9fb54e55876	reviewed	src/Net/LobbyDialogs.cpp	298	IDX	NetLobbyCtrlId	IDC_NET_CONTINUE	EndDialog(hWnd, IDX(IDC_NET_CONTINUE));	All occurrences are Win32 dialog/control identifiers passed to GetDlgItem, message APIs, or EndDialog.
f60b9a03da1a394b	reviewed	src/Net/LobbyDialogs.cpp	304	IDX	NetLobbyCtrlId	IDC_NET_CONTINUE	PostMessageA(hWnd, WM_COMMAND, IDX(IDC_NET_CONTINUE), 0);	All occurrences are Win32 dialog/control identifiers passed to GetDlgItem, message APIs, or EndDialog.
b1563f63ad1982e9	reviewed	src/Net/LobbyDialogs.cpp	356	IDX	NetLobbyCtrlId	IDC_NET_ABORT	EndDialog(hWnd, IDX(IDC_NET_ABORT));	All occurrences are Win32 dialog/control identifiers passed to GetDlgItem, message APIs, or EndDialog.
a4d0e7889830e3e2	reviewed	src/Net/LobbyDialogs.cpp	376	IDX	NetLobbyCtrlId	IDC_NET_DROPIN_ACCEPT	if (wParam == IDX(IDC_NET_DROPIN_ACCEPT)) {	All occurrences are Win32 dialog/control identifiers passed to GetDlgItem, message APIs, or EndDialog.
65e57642729d3e2a	reviewed	src/Net/LobbyDialogs.cpp	381	IDX	NetLobbyCtrlId	IDC_NET_DROPIN_ACCEPT	EndDialog(hWnd, IDX(IDC_NET_DROPIN_ACCEPT));	All occurrences are Win32 dialog/control identifiers passed to GetDlgItem, message APIs, or EndDialog.
dfae137071657838	reviewed	src/Net/LobbyDialogs.cpp	384	IDX	NetLobbyCtrlId	IDC_NET_DROPIN_REJECT	if (wParam == IDX(IDC_NET_DROPIN_REJECT)) {	All occurrences are Win32 dialog/control identifiers passed to GetDlgItem, message APIs, or EndDialog.
6c49e789dea1af03	reviewed	src/Net/LobbyDialogs.cpp	389	IDX	NetLobbyCtrlId	IDC_NET_DROPIN_REJECT	EndDialog(hWnd, IDX(IDC_NET_DROPIN_REJECT));	All occurrences are Win32 dialog/control identifiers passed to GetDlgItem, message APIs, or EndDialog.
ae5206afa0261807	reviewed	src/Net/LobbyDialogs.cpp	392	IDX	NetLobbyCtrlId	IDC_NET_ABORT	if (wParam == IDX(IDC_NET_ABORT)) {	All occurrences are Win32 dialog/control identifiers passed to GetDlgItem, message APIs, or EndDialog.
4a5d3981bd75c3e3	reviewed	src/Net/LobbyDialogs.cpp	397	IDX	NetLobbyCtrlId	IDC_NET_ABORT	EndDialog(hWnd, IDX(IDC_NET_ABORT));	All occurrences are Win32 dialog/control identifiers passed to GetDlgItem, message APIs, or EndDialog.
d9e3022683dea4ec	reviewed	src/Net/LobbyDialogs.cpp	400	IDX	NetLobbyCtrlId	IDC_NETCHAT_SEND	if (wParam == IDX(IDC_NETCHAT_SEND)) {	All occurrences are Win32 dialog/control identifiers passed to GetDlgItem, message APIs, or EndDialog.
090d58c0cfa01b75	reviewed	src/Net/LobbyDialogs.cpp	433	IDX	NetLobbyCtrlId	IDC_NET_DROPIN_ACCEPT	GetDlgItem(hWnd, IDX(IDC_NET_DROPIN_ACCEPT)),	All occurrences are Win32 dialog/control identifiers passed to GetDlgItem, message APIs, or EndDialog.
7ac1aa4bf4ea59c3	reviewed	src/Net/LobbyDialogs.cpp	437	IDX	NetLobbyCtrlId	IDC_NET_DROPIN_REJECT	GetDlgItem(hWnd, IDX(IDC_NET_DROPIN_REJECT)),	All occurrences are Win32 dialog/control identifiers passed to GetDlgItem, message APIs, or EndDialog.
e5bbbf0c3943a9d9	reviewed	src/Net/NetCmdSlot.cpp	641	IDX		grunt->m_entranceCell.direction	sum += IDX(grunt->m_entranceCell.direction) + grunt->m_stamina + grunt->m_toyTime	Audited individually: enums are deliberately reduced to numeric checksum terms, ordered debug-mode comparisons, Win32 slider positions, or raw WWD loop-mode storage.
805129b096b1539e	reviewed	src/Net/NetCmdSlot.cpp	650	IDX		grunt->m_vehiclePickupType	sum += IDX(grunt->m_vehiclePickupType) + grunt->m_entranceCommitted	Audited individually: enums are deliberately reduced to numeric checksum terms, ordered debug-mode comparisons, Win32 slider positions, or raw WWD loop-mode storage.
59eecdb3a5de75b8	reviewed	src/Net/NetCmdSlot.cpp	651	IDX		effective	+ grunt->m_entranceActive + grunt->m_daFlag + IDX(effective);	Audited individually: enums are deliberately reduced to numeric checksum terms, ordered debug-mode comparisons, Win32 slider positions, or raw WWD loop-mode storage.
25a01497afb4fe85	reviewed	src/Net/NetCmdSlot.cpp	727	IDX		next	+ grunt->m_neighborValid + grunt->m_poweredUp + g_frameTime + IDX(next);	Audited individually: enums are deliberately reduced to numeric checksum terms, ordered debug-mode comparisons, Win32 slider positions, or raw WWD loop-mode storage.
33e62bb11c7c000a	reviewed	src/Rez/DebugPrintf.cpp	249	IDX		g_debugPrintMode	|| (IDX(g_debugPrintMode) > IDX(DEBUG_PRINT_STDOUT)	Audited individually: enums are deliberately reduced to numeric checksum terms, ordered debug-mode comparisons, Win32 slider positions, or raw WWD loop-mode storage.
9937b4202cf2a63c	reviewed	src/Rez/DebugPrintf.cpp	249	IDX	DebugPrintMode	DEBUG_PRINT_STDOUT	|| (IDX(g_debugPrintMode) > IDX(DEBUG_PRINT_STDOUT)	Occurrences perform numeric range checks over the ordered debug-output mode domain.
5079a06b62a67036	reviewed	src/Rez/DebugPrintf.cpp	250	IDX		g_debugPrintMode	&& IDX(g_debugPrintMode) <= IDX(DEBUG_PRINT_PRN))) {	Audited individually: enums are deliberately reduced to numeric checksum terms, ordered debug-mode comparisons, Win32 slider positions, or raw WWD loop-mode storage.
b1f2a165950cebc4	reviewed	src/Rez/DebugPrintf.cpp	250	IDX	DebugPrintMode	DEBUG_PRINT_PRN	&& IDX(g_debugPrintMode) <= IDX(DEBUG_PRINT_PRN))) {	Occurrences perform numeric range checks over the ordered debug-output mode domain.
62e6af34c67eb494	reviewed	src/Rez/RezSync.cpp	96	IDX	GruntzCommandId	CMD_TOGGLE_MUSIC	ReportError(IDX(CMD_TOGGLE_MUSIC), 0x404);	All occurrences were inspected: exits feed raw Win32/menu command IDs, ReportError, or the historically int CheatMgr registration API; the enum remains the source domain.
5742e9f3c7cbea3a	reviewed	src/Rez/RezSync.cpp	97	IDX	ErrorStringId	IDS_INITIALIZE_GAME	ReportError(IDX(IDS_INITIALIZE_GAME), 0x404);	Each occurrence uses a retail RT_STRING-backed ErrorStringId at the raw Win32 LoadString/ReportError boundary; former CMD_* aliases were replaced from decoded resource evidence.
e14057fe63f0fd66	reviewed	src/Rez/RezSync.cpp	112	IDX	GruntzCommandId	CMD_TOGGLE_MUSIC	ReportError(IDX(CMD_TOGGLE_MUSIC), 0x462);	All occurrences were inspected: exits feed raw Win32/menu command IDs, ReportError, or the historically int CheatMgr registration API; the enum remains the source domain.
d34651c742877294	reviewed	src/Rez/RezSync.cpp	113	IDX	ErrorStringId	IDS_INITIALIZE_GAME	ReportError(IDX(IDS_INITIALIZE_GAME), 0x462);	Each occurrence uses a retail RT_STRING-backed ErrorStringId at the raw Win32 LoadString/ReportError boundary; former CMD_* aliases were replaced from decoded resource evidence.
7e737d1bd99b2508	reviewed	src/Rez/RezSync.cpp	116	IDX	GruntzCommandId	CMD_TOGGLE_MUSIC	ReportError(IDX(CMD_TOGGLE_MUSIC), 0x463);	All occurrences were inspected: exits feed raw Win32/menu command IDs, ReportError, or the historically int CheatMgr registration API; the enum remains the source domain.
60be34b1ce134408	reviewed	src/Rez/RezSync.cpp	117	IDX	ErrorStringId	IDS_INITIALIZE_GAME	ReportError(IDX(IDS_INITIALIZE_GAME), 0x463);	Each occurrence uses a retail RT_STRING-backed ErrorStringId at the raw Win32 LoadString/ReportError boundary; former CMD_* aliases were replaced from decoded resource evidence.
e55b7f658c456e63	reviewed	src/Rez/RezSync.cpp	130	IDX	GruntzCommandId	CMD_TOGGLE_MUSIC	ReportError(IDX(CMD_TOGGLE_MUSIC), 0x406);	All occurrences were inspected: exits feed raw Win32/menu command IDs, ReportError, or the historically int CheatMgr registration API; the enum remains the source domain.
b3b72d3050e49cfd	reviewed	src/Rez/RezSync.cpp	131	IDX	ErrorStringId	IDS_INITIALIZE_GAME	ReportError(IDX(IDS_INITIALIZE_GAME), 0x406);	Each occurrence uses a retail RT_STRING-backed ErrorStringId at the raw Win32 LoadString/ReportError boundary; former CMD_* aliases were replaced from decoded resource evidence.
5a5b3e4d1d91ce7f	reviewed	src/Rez/RezSync.cpp	173	IDX	Resolution	RES_640X480	"i32 resolutionRaw = m_settings->GetValueDword(""Resolution"", IDX(RES_640X480));"	Occurrences cross registry DWORD storage or compare a raw UI index against the enum sentinel.
6567640a21b6d75d	reviewed	src/Rez/RezSync.cpp	175	static_cast-enum	Resolution	resolutionRaw	Resolution resolution = static_cast<Resolution>(resolutionRaw);	Reviewed individually: these conversions are at raw file, network, UI, serialization, packed-storage, or historically integer-signature boundaries.
0260f7fa08aba71c	fixed	src/Rez/RezSync.cpp	309	IDX		static_cast<GruntzCommandId>(0x800b)	ReportError(IDX(static_cast<GruntzCommandId>(0x800b)), 0x409);	Replaced false GruntzCommandId casts with retail RT_STRING-backed ErrorStringId members.
fd83f256cde47918	reviewed	src/Rez/RezSync.cpp	309	static_cast-enum	GruntzCommandId	0x800b	ReportError(IDX(static_cast<GruntzCommandId>(0x800b)), 0x409);	Reviewed individually: the producer retains a retail integer ABI or generic API contract, and the conversion occurs once where the receiving domain is proven.
532abb608262d0b5	reviewed	src/Rez/RezSync.cpp	310	IDX	ErrorStringId	IDS_LOAD_RESOURCE_FILE	ReportError(IDX(IDS_LOAD_RESOURCE_FILE), 0x409);	Each occurrence uses a retail RT_STRING-backed ErrorStringId at the raw Win32 LoadString/ReportError boundary; former CMD_* aliases were replaced from decoded resource evidence.
5a1f52b1343c3803	reviewed	src/Rez/RezSync.cpp	314	IDX	GruntzCommandId	CMD_SET_QUEST_AREA	ReportError(IDX(CMD_SET_QUEST_AREA), 0x460);	All occurrences were inspected: exits feed raw Win32/menu command IDs, ReportError, or the historically int CheatMgr registration API; the enum remains the source domain.
8528c8d0f33cd901	fixed	src/Rez/RezSync.cpp	314	IDX		static_cast<GruntzCommandId>(0x8149)	ReportError(IDX(static_cast<GruntzCommandId>(0x8149)), 0x460);	Removed an unnecessary conversion by typing the owner, using an existing named value, or introducing an evidence-backed domain constant.
aacd6e0f40df8f34	fixed	src/Rez/RezSync.cpp	314	static_cast-enum	GruntzCommandId	0x8149	ReportError(IDX(static_cast<GruntzCommandId>(0x8149)), 0x460);	Removed an unnecessary conversion by typing the owner, using an existing named value, or introducing an evidence-backed domain constant.
2a601fe813897644	reviewed	src/Rez/RezSync.cpp	315	IDX	ErrorStringId	IDS_LOAD_VOICE_RESOURCE_FILE	ReportError(IDX(IDS_LOAD_VOICE_RESOURCE_FILE), 0x460);	Each occurrence uses a retail RT_STRING-backed ErrorStringId at the raw Win32 LoadString/ReportError boundary; former CMD_* aliases were replaced from decoded resource evidence.
b405a2496170ecde	reviewed	src/Rez/RezSync.cpp	323	IDX	GruntzCommandId	CMD_TOGGLE_MUSIC	ReportError(IDX(CMD_TOGGLE_MUSIC), 0x40a);	All occurrences were inspected: exits feed raw Win32/menu command IDs, ReportError, or the historically int CheatMgr registration API; the enum remains the source domain.
95958676b431501b	reviewed	src/Rez/RezSync.cpp	324	IDX	ErrorStringId	IDS_INITIALIZE_GAME	ReportError(IDX(IDS_INITIALIZE_GAME), 0x40a);	Each occurrence uses a retail RT_STRING-backed ErrorStringId at the raw Win32 LoadString/ReportError boundary; former CMD_* aliases were replaced from decoded resource evidence.
e37481e95a44ca0d	reviewed	src/Rez/RezSync.cpp	328	IDX	GruntzCommandId	CMD_TOGGLE_MUSIC	ReportError(IDX(CMD_TOGGLE_MUSIC), 0x40b);	All occurrences were inspected: exits feed raw Win32/menu command IDs, ReportError, or the historically int CheatMgr registration API; the enum remains the source domain.
3e0f0a5b7ed4960c	reviewed	src/Rez/RezSync.cpp	329	IDX	ErrorStringId	IDS_INITIALIZE_GAME	ReportError(IDX(IDS_INITIALIZE_GAME), 0x40b);	Each occurrence uses a retail RT_STRING-backed ErrorStringId at the raw Win32 LoadString/ReportError boundary; former CMD_* aliases were replaced from decoded resource evidence.
61bc6d2d49ab6665	reviewed	src/Rez/RezSync.cpp	342	IDX	GruntzCommandId	CMD_TOGGLE_MUSIC	ReportError(IDX(CMD_TOGGLE_MUSIC), 0x40c);	All occurrences were inspected: exits feed raw Win32/menu command IDs, ReportError, or the historically int CheatMgr registration API; the enum remains the source domain.
e77cd1db6df5c3fd	reviewed	src/Rez/RezSync.cpp	343	IDX	ErrorStringId	IDS_INITIALIZE_GAME	ReportError(IDX(IDS_INITIALIZE_GAME), 0x40c);	Each occurrence uses a retail RT_STRING-backed ErrorStringId at the raw Win32 LoadString/ReportError boundary; former CMD_* aliases were replaced from decoded resource evidence.
2be0061055754ba8	reviewed	src/Rez/RezSync.cpp	360	IDX	GruntzCommandId	CMD_TOGGLE_MUSIC	ReportError(IDX(CMD_TOGGLE_MUSIC), 0x40d);	All occurrences were inspected: exits feed raw Win32/menu command IDs, ReportError, or the historically int CheatMgr registration API; the enum remains the source domain.
bbf1d55f6559ab41	reviewed	src/Rez/RezSync.cpp	361	IDX	ErrorStringId	IDS_INITIALIZE_GAME	ReportError(IDX(IDS_INITIALIZE_GAME), 0x40d);	Each occurrence uses a retail RT_STRING-backed ErrorStringId at the raw Win32 LoadString/ReportError boundary; former CMD_* aliases were replaced from decoded resource evidence.
20870c7e235964e3	reviewed	src/Rez/RezSync.cpp	396	IDX	GruntzCommandId	CMD_TOGGLE_MUSIC	ReportError(IDX(CMD_TOGGLE_MUSIC), 0x411);	All occurrences were inspected: exits feed raw Win32/menu command IDs, ReportError, or the historically int CheatMgr registration API; the enum remains the source domain.
8a281554aac4bf39	reviewed	src/Rez/RezSync.cpp	397	IDX	ErrorStringId	IDS_INITIALIZE_GAME	ReportError(IDX(IDS_INITIALIZE_GAME), 0x411);	Each occurrence uses a retail RT_STRING-backed ErrorStringId at the raw Win32 LoadString/ReportError boundary; former CMD_* aliases were replaced from decoded resource evidence.
5d494c33e94cb207	reviewed	src/Rez/RezSync.cpp	401	IDX	GruntzCommandId	CMD_TOGGLE_MUSIC	ReportError(IDX(CMD_TOGGLE_MUSIC), 0x412);	All occurrences were inspected: exits feed raw Win32/menu command IDs, ReportError, or the historically int CheatMgr registration API; the enum remains the source domain.
c2481d8617e8ee94	reviewed	src/Rez/RezSync.cpp	402	IDX	ErrorStringId	IDS_INITIALIZE_GAME	ReportError(IDX(IDS_INITIALIZE_GAME), 0x412);	Each occurrence uses a retail RT_STRING-backed ErrorStringId at the raw Win32 LoadString/ReportError boundary; former CMD_* aliases were replaced from decoded resource evidence.
d51d56297fc99ec0	reviewed	src/Rez/RezSync.cpp	427	IDX	GruntzCommandId	CMD_TOGGLE_MUSIC	ReportError(IDX(CMD_TOGGLE_MUSIC), 0x413);	All occurrences were inspected: exits feed raw Win32/menu command IDs, ReportError, or the historically int CheatMgr registration API; the enum remains the source domain.
0499b0a54a99990b	reviewed	src/Rez/RezSync.cpp	428	IDX	ErrorStringId	IDS_INITIALIZE_GAME	ReportError(IDX(IDS_INITIALIZE_GAME), 0x413);	Each occurrence uses a retail RT_STRING-backed ErrorStringId at the raw Win32 LoadString/ReportError boundary; former CMD_* aliases were replaced from decoded resource evidence.
81f1d9fc09bbe0aa	reviewed	src/Rez/RezSync.cpp	434	IDX	GruntzCommandId	CMD_TOGGLE_MUSIC	ReportError(IDX(CMD_TOGGLE_MUSIC), 0x414);	All occurrences were inspected: exits feed raw Win32/menu command IDs, ReportError, or the historically int CheatMgr registration API; the enum remains the source domain.
a24a7f914df60cda	reviewed	src/Rez/RezSync.cpp	435	IDX	ErrorStringId	IDS_INITIALIZE_GAME	ReportError(IDX(IDS_INITIALIZE_GAME), 0x414);	Each occurrence uses a retail RT_STRING-backed ErrorStringId at the raw Win32 LoadString/ReportError boundary; former CMD_* aliases were replaced from decoded resource evidence.
99da7c759544cd6e	reviewed	src/Rez/RezSync.cpp	439	IDX	GruntzCommandId	CMD_TOGGLE_MUSIC	ReportError(IDX(CMD_TOGGLE_MUSIC), 0x415);	All occurrences were inspected: exits feed raw Win32/menu command IDs, ReportError, or the historically int CheatMgr registration API; the enum remains the source domain.
f472dcbd44c97410	reviewed	src/Rez/RezSync.cpp	440	IDX	ErrorStringId	IDS_INITIALIZE_GAME	ReportError(IDX(IDS_INITIALIZE_GAME), 0x415);	Each occurrence uses a retail RT_STRING-backed ErrorStringId at the raw Win32 LoadString/ReportError boundary; former CMD_* aliases were replaced from decoded resource evidence.
10d60e43a93d120e	reviewed	src/Rez/RezSync.cpp	460	IDX	GruntzCommandId	CMD_TOGGLE_MUSIC	ReportError(IDX(CMD_TOGGLE_MUSIC), 0x416);	All occurrences were inspected: exits feed raw Win32/menu command IDs, ReportError, or the historically int CheatMgr registration API; the enum remains the source domain.
706318eeb1736696	reviewed	src/Rez/RezSync.cpp	461	IDX	ErrorStringId	IDS_INITIALIZE_GAME	ReportError(IDX(IDS_INITIALIZE_GAME), 0x416);	Each occurrence uses a retail RT_STRING-backed ErrorStringId at the raw Win32 LoadString/ReportError boundary; former CMD_* aliases were replaced from decoded resource evidence.
a89cd12fc109eb6d	reviewed	src/Rez/RezSync.cpp	469	IDX	GruntzCommandId	CMD_TOGGLE_MUSIC	ReportError(IDX(CMD_TOGGLE_MUSIC), 0x417);	All occurrences were inspected: exits feed raw Win32/menu command IDs, ReportError, or the historically int CheatMgr registration API; the enum remains the source domain.
f14f158e5a79dbe8	reviewed	src/Rez/RezSync.cpp	470	IDX	ErrorStringId	IDS_INITIALIZE_GAME	ReportError(IDX(IDS_INITIALIZE_GAME), 0x417);	Each occurrence uses a retail RT_STRING-backed ErrorStringId at the raw Win32 LoadString/ReportError boundary; former CMD_* aliases were replaced from decoded resource evidence.
7c369fbf011958af	fixed	src/Rez/RezSync.cpp	477	static_cast-enum	RezTypeTag	'TXT'	"mgr->ResolveQualified(""GAME_ATTRIBUTEZ"", static_cast<RezTypeTag>('TXT'));"	Removed an unnecessary conversion by typing the owner, using an existing named value, or introducing an evidence-backed domain constant.
f9ad12390fd1f2c3	reviewed	src/Rez/RezSync.cpp	518	IDX	GruntzCommandId	CMD_TOGGLE_MUSIC	ReportError(IDX(CMD_TOGGLE_MUSIC), 0x418);	All occurrences were inspected: exits feed raw Win32/menu command IDs, ReportError, or the historically int CheatMgr registration API; the enum remains the source domain.
07b42bbb9dfb0679	reviewed	src/Rez/RezSync.cpp	519	IDX	ErrorStringId	IDS_INITIALIZE_GAME	ReportError(IDX(IDS_INITIALIZE_GAME), 0x418);	Each occurrence uses a retail RT_STRING-backed ErrorStringId at the raw Win32 LoadString/ReportError boundary; former CMD_* aliases were replaced from decoded resource evidence.
29683e982ce3d1e9	reviewed	src/Rez/RezSync.cpp	528	IDX	GruntzCommandId	CMD_TOGGLE_MUSIC	ReportError(IDX(CMD_TOGGLE_MUSIC), 0x41b);	All occurrences were inspected: exits feed raw Win32/menu command IDs, ReportError, or the historically int CheatMgr registration API; the enum remains the source domain.
3fdcb2a204b669f2	reviewed	src/Rez/RezSync.cpp	529	IDX	ErrorStringId	IDS_INITIALIZE_GAME	ReportError(IDX(IDS_INITIALIZE_GAME), 0x41b);	Each occurrence uses a retail RT_STRING-backed ErrorStringId at the raw Win32 LoadString/ReportError boundary; former CMD_* aliases were replaced from decoded resource evidence.
1e0eec0b338b5158	reviewed	src/Rez/RezSync.cpp	536	IDX	GruntzCommandId	CMD_TOGGLE_MUSIC	ReportError(IDX(CMD_TOGGLE_MUSIC), 0x45f);	All occurrences were inspected: exits feed raw Win32/menu command IDs, ReportError, or the historically int CheatMgr registration API; the enum remains the source domain.
85f05cf798eb497c	reviewed	src/Rez/RezSync.cpp	537	IDX	ErrorStringId	IDS_INITIALIZE_GAME	ReportError(IDX(IDS_INITIALIZE_GAME), 0x45f);	Each occurrence uses a retail RT_STRING-backed ErrorStringId at the raw Win32 LoadString/ReportError boundary; former CMD_* aliases were replaced from decoded resource evidence.
41005edbff7211ce	reviewed	src/Rez/RezSync.cpp	589	IDX	GruntzCommandId	CMD_NEW_GAME	ReportError(IDX(CMD_NEW_GAME), mode == GAMESTATE_MULTI ? 0x41c : 0x41d);	All occurrences were inspected: exits feed raw Win32/menu command IDs, ReportError, or the historically int CheatMgr registration API; the enum remains the source domain.
b80bf3c18919e46d	reviewed	src/Rez/RezSync.cpp	590	IDX	ErrorStringId	IDS_SET_GAME_STATE	ReportError(IDX(IDS_SET_GAME_STATE), mode == GAMESTATE_MULTI ? 0x41c : 0x41d);	Each occurrence uses a retail RT_STRING-backed ErrorStringId at the raw Win32 LoadString/ReportError boundary; former CMD_* aliases were replaced from decoded resource evidence.
4ef064f98e6d264e	reviewed	src/Wap32/EngStrRenderText.cpp	36	static_cast-enum	FontSel	fontSel	FontSel font = static_cast<FontSel>(fontSel);	Reviewed individually: these conversions are at raw file, network, UI, serialization, packed-storage, or historically integer-signature boundaries.
424afc034ef62122	reviewed	src/Wap32/GameWnd.cpp	257	static_cast-enum	GruntzCommandId	cmdId	if (m_owner->HandleCommand(notifyCode, static_cast<GruntzCommandId>(cmdId), lParam)) {	Reviewed individually: the producer retains a retail integer ABI or generic API contract, and the conversion occurs once where the receiving domain is proven.
873f4a95224739a0	reviewed	src/Wap32/GameWnd.cpp	264	static_cast-enum	GruntzCommandId	cmdId	->HandleCommand(notifyCode, static_cast<GruntzCommandId>(cmdId), lParam)	Reviewed individually: the producer retains a retail integer ABI or generic API contract, and the conversion occurs once where the receiving domain is proven.
2e39ef7f0abed304	fixed	src/Wwd/WwdFactoryObject.cpp	125	IDX	AnimWorkerAct	ACT_HEALTH_DEPLETED	m_animWorker->SetActKey(IDX(ACT_HEALTH_DEPLETED));	Centralized worker-event interpretation in AnimWorkerObj typed accessors.
a9080446d42e3160	fixed	src/Wwd/WwdFactoryObject.cpp	489	IDX	SpriteStateFlags	SPRITE_STATE_MIRROR_X	if (c->m_stateFlags & IDX(SPRITE_STATE_MIRROR_X)) {	Typed CResolveNode::m_stateFlags as SpriteStateFlags and replaced raw bit arithmetic with domain operators/HAS; all former per-call exits disappeared.
3b87e5377598ea97	reviewed	src/Wwd/WwdFactoryObject.cpp	557	IDX		rd->m_loopMode	i32 modeWord = IDX(rd->m_loopMode);	Audited individually: enums are deliberately reduced to numeric checksum terms, ordered debug-mode comparisons, Win32 slider positions, or raw WWD loop-mode storage.
750d7bc921b55211	reviewed	src/Wwd/WwdFactoryObject.cpp	561	static_cast-enum	WwdAnimLoopMode	modeWord & 0xffff	switch (static_cast<WwdAnimLoopMode>(modeWord & 0xffff)) {	Reviewed individually: these conversions are at raw file, network, UI, serialization, packed-storage, or historically integer-signature boundaries.
7f9226bfc36930dc	fixed	src/Wwd/WwdGameObject.cpp	494	IDX	AnimWorkerAct	ACT_PREPARE_SAVE	w3->SetActKey(IDX(ACT_PREPARE_SAVE));	Centralized worker-event interpretation in AnimWorkerObj typed accessors.
f737af461fd61ce1	fixed	src/Wwd/WwdGameObject.cpp	498	IDX	AnimWorkerAct	ACT_PREPARE_SAVE	if (w3->ActKey() == IDX(ACT_PREPARE_SAVE)) {	Centralized worker-event interpretation in AnimWorkerObj typed accessors.
53a437570314a0e8	fixed	src/Wwd/WwdGameObject.cpp	512	IDX	AnimWorkerAct	ACT_AFTER_SAVE	w4->SetActKey(IDX(ACT_AFTER_SAVE));	Centralized worker-event interpretation in AnimWorkerObj typed accessors.
1412b6a11d1316d4	fixed	src/Wwd/WwdGameObject.cpp	516	IDX	AnimWorkerAct	ACT_AFTER_SAVE	if (w4->ActKey() == IDX(ACT_AFTER_SAVE)) {	Centralized worker-event interpretation in AnimWorkerObj typed accessors.
942193ba5e426771	fixed	src/Wwd/WwdGameObject.cpp	530	IDX	AnimWorkerAct	ACT_AFTER_LOAD	w7->SetActKey(IDX(ACT_AFTER_LOAD));	Centralized worker-event interpretation in AnimWorkerObj typed accessors.
6e9a7b989bd4f82f	fixed	src/Wwd/WwdGameObject.cpp	534	IDX	AnimWorkerAct	ACT_AFTER_LOAD	if (w7->ActKey() == IDX(ACT_AFTER_LOAD)) {	Centralized worker-event interpretation in AnimWorkerObj typed accessors.
69ff8a2137ad1c0f	fixed	src/Wwd/WwdGameObject.cpp	557	IDX	AnimWorkerAct	ACT_AFTER_LOAD_REFERENCES	w8->SetActKey(IDX(ACT_AFTER_LOAD_REFERENCES));	Centralized worker-event interpretation in AnimWorkerObj typed accessors.
f0d2c9ef5d409526	fixed	src/Wwd/WwdGameObject.cpp	561	IDX	AnimWorkerAct	ACT_AFTER_LOAD_REFERENCES	if (w8->ActKey() == IDX(ACT_AFTER_LOAD_REFERENCES)) {	Centralized worker-event interpretation in AnimWorkerObj typed accessors.
852b1d16351da17f	fixed	src/Wwd/WwdObjMgr.cpp	318	IDX	AnimWorkerAct	ACT_OBJECT_REMOVED	rec->SetActKey(IDX(ACT_OBJECT_REMOVED));	Centralized worker-event interpretation in AnimWorkerObj typed accessors.
d6bc43d5dd48b272	fixed	src/Wwd/WwdObjMgr.cpp	515	IDX	AnimWorkerAct	ACT_HEALTH_DEPLETED	oi->m_animWorker->SetActKey(IDX(ACT_HEALTH_DEPLETED));	Centralized worker-event interpretation in AnimWorkerObj typed accessors.
8cf1bf5741790abe	reviewed	src/Wwd/WwdObjMgr.cpp	1179	static_cast-enum	LogicTypeId	desc.m_serialTypeId	static_cast<LogicTypeId>(desc.m_serialTypeId),	Reviewed individually: these conversions are at raw file, network, UI, serialization, packed-storage, or historically integer-signature boundaries.
efca10b79f1a3630	fixed	src/Wwd/WwdSpatialMgr.cpp	119	IDX	AnimWorkerAct	ACT_OBJECT_REMOVED	w->SetActKey(IDX(ACT_OBJECT_REMOVED));	Centralized worker-event interpretation in AnimWorkerObj typed accessors.
2fe88324b74773c0	fixed	src/Wwd/WwdSpatialMgr.cpp	156	IDX	AnimWorkerAct	ACT_OBJECT_REMOVED	w->SetActKey(IDX(ACT_OBJECT_REMOVED));	Centralized worker-event interpretation in AnimWorkerObj typed accessors.
aff71fe5be75e89c	fixed	src/Wwd/WwdSpatialMgr.cpp	166	IDX	AnimWorkerAct	ACT_LEAVE_ACTIVE_REGION	w->SetActKey(IDX(ACT_LEAVE_ACTIVE_REGION));	Centralized worker-event interpretation in AnimWorkerObj typed accessors.
994a0a9dbf8e7ae2	fixed	src/Wwd/WwdSpatialMgr.cpp	168	IDX	AnimWorkerAct	ACT_LEAVE_ACTIVE_REGION	if (w->ActKey() == IDX(ACT_LEAVE_ACTIVE_REGION)) {	Centralized worker-event interpretation in AnimWorkerObj typed accessors.
2a73b706e69ad9dc	fixed	src/Wwd/WwdSpatialMgr.cpp	183	IDX	AnimWorkerAct	ACT_OBJECT_REMOVED	w->SetActKey(IDX(ACT_OBJECT_REMOVED));	Centralized worker-event interpretation in AnimWorkerObj typed accessors.
af8b196b3b3a2712	fixed	src/Wwd/WwdSpatialMgr.cpp	193	IDX	AnimWorkerAct	ACT_LEAVE_ACTIVE_REGION	w->SetActKey(IDX(ACT_LEAVE_ACTIVE_REGION));	Centralized worker-event interpretation in AnimWorkerObj typed accessors.
8bacfd6930794025	fixed	src/Wwd/WwdSpatialMgr.cpp	195	IDX	AnimWorkerAct	ACT_LEAVE_ACTIVE_REGION	if (w->ActKey() == IDX(ACT_LEAVE_ACTIVE_REGION)) {	Centralized worker-event interpretation in AnimWorkerObj typed accessors.
7b48d874ae89fc87	fixed	src/Wwd/WwdSpatialMgr.cpp	210	IDX	AnimWorkerAct	ACT_OBJECT_REMOVED	w->SetActKey(IDX(ACT_OBJECT_REMOVED));	Centralized worker-event interpretation in AnimWorkerObj typed accessors.
cdae99e07ba547d9	fixed	src/Wwd/WwdSpatialMgr.cpp	220	IDX	AnimWorkerAct	ACT_LEAVE_ACTIVE_REGION	w->SetActKey(IDX(ACT_LEAVE_ACTIVE_REGION));	Centralized worker-event interpretation in AnimWorkerObj typed accessors.
c150aa5e237b2fe8	fixed	src/Wwd/WwdSpatialMgr.cpp	222	IDX	AnimWorkerAct	ACT_LEAVE_ACTIVE_REGION	if (w->ActKey() == IDX(ACT_LEAVE_ACTIVE_REGION)) {	Centralized worker-event interpretation in AnimWorkerObj typed accessors.
