rva	end	size	section	verdict	coverage	attribution	reachability	evidence
0x001e7044	0x001e7058	20	.rdata	padding / alignment (zero)	excluded	padding / alignment (zero)		zero bytes with no inbound game-visible reference
0x001e709c	0x001e70b0	20	.rdata	padding / alignment (zero)	excluded	padding / alignment (zero)		zero bytes with no inbound game-visible reference
0x001e70c0	0x001e70c8	8	.rdata	padding / alignment (zero)	excluded	padding / alignment (zero)		zero bytes with no inbound game-visible reference
0x001e70f0	0x001e70f8	8	.rdata	padding / alignment (zero)	excluded	padding / alignment (zero)		zero bytes with no inbound game-visible reference
0x001e7100	0x001e7108	8	.rdata	padding / alignment (zero)	excluded	padding / alignment (zero)		zero bytes with no inbound game-visible reference
0x001e711c	0x001e7120	4	.rdata	padding / alignment (zero)	excluded	padding / alignment (zero)		zero bytes with no inbound game-visible reference
0x001e7134	0x001e7138	4	.rdata	padding / alignment (zero)	excluded	padding / alignment (zero)		zero bytes with no inbound game-visible reference
0x001e714c	0x001e7150	4	.rdata	padding / alignment (zero)	excluded	padding / alignment (zero)		zero bytes with no inbound game-visible reference
0x001e7194	0x001e71a8	20	.rdata	padding / alignment (zero)	excluded	padding / alignment (zero)		zero bytes with no inbound game-visible reference
0x001e71ec	0x001e7200	20	.rdata	padding / alignment (zero)	excluded	padding / alignment (zero)		zero bytes with no inbound game-visible reference
0x001e7244	0x001e7258	20	.rdata	padding / alignment (zero)	excluded	padding / alignment (zero)		zero bytes with no inbound game-visible reference
0x001e729c	0x001e72b0	20	.rdata	padding / alignment (zero)	excluded	padding / alignment (zero)		zero bytes with no inbound game-visible reference
0x001e7308	0x001e7320	24	.rdata	padding / alignment (zero)	excluded	padding / alignment (zero)		zero bytes with no inbound game-visible reference
0x001e7378	0x001e7390	24	.rdata	padding / alignment (zero)	excluded	padding / alignment (zero)		zero bytes with no inbound game-visible reference
0x001e73e8	0x001e7400	24	.rdata	padding / alignment (zero)	excluded	padding / alignment (zero)		zero bytes with no inbound game-visible reference
0x001e7444	0x001e7458	20	.rdata	padding / alignment (zero)	excluded	padding / alignment (zero)		zero bytes with no inbound game-visible reference
0x001e749c	0x001e74b0	20	.rdata	padding / alignment (zero)	excluded	padding / alignment (zero)		zero bytes with no inbound game-visible reference
0x001e74f4	0x001e7508	20	.rdata	padding / alignment (zero)	excluded	padding / alignment (zero)		zero bytes with no inbound game-visible reference
0x001e754c	0x001e7560	20	.rdata	padding / alignment (zero)	excluded	padding / alignment (zero)		zero bytes with no inbound game-visible reference
0x001e75a4	0x001e75b8	20	.rdata	padding / alignment (zero)	excluded	padding / alignment (zero)		zero bytes with no inbound game-visible reference
0x001e75fc	0x001e7610	20	.rdata	padding / alignment (zero)	excluded	padding / alignment (zero)		zero bytes with no inbound game-visible reference
0x001e7654	0x001e7668	20	.rdata	padding / alignment (zero)	excluded	padding / alignment (zero)		zero bytes with no inbound game-visible reference
0x001e76ac	0x001e76c0	20	.rdata	padding / alignment (zero)	excluded	padding / alignment (zero)		zero bytes with no inbound game-visible reference
0x001e7704	0x001e7718	20	.rdata	padding / alignment (zero)	excluded	padding / alignment (zero)		zero bytes with no inbound game-visible reference
0x001e775c	0x001e7770	20	.rdata	padding / alignment (zero)	excluded	padding / alignment (zero)		zero bytes with no inbound game-visible reference
0x001e77b4	0x001e77c8	20	.rdata	padding / alignment (zero)	excluded	padding / alignment (zero)		zero bytes with no inbound game-visible reference
0x001e7810	0x001e7820	16	.rdata	padding / alignment (zero)	excluded	padding / alignment (zero)		zero bytes with no inbound game-visible reference
0x001e7864	0x001e7878	20	.rdata	padding / alignment (zero)	excluded	padding / alignment (zero)		zero bytes with no inbound game-visible reference
0x001e78bc	0x001e78d0	20	.rdata	padding / alignment (zero)	excluded	padding / alignment (zero)		zero bytes with no inbound game-visible reference
0x001e7914	0x001e7928	20	.rdata	padding / alignment (zero)	excluded	padding / alignment (zero)		zero bytes with no inbound game-visible reference
0x001e7974	0x001e7988	20	.rdata	padding / alignment (zero)	excluded	padding / alignment (zero)		zero bytes with no inbound game-visible reference
0x001e79d4	0x001e79e8	20	.rdata	padding / alignment (zero)	excluded	padding / alignment (zero)		zero bytes with no inbound game-visible reference
0x001e7a30	0x001e7a40	16	.rdata	padding / alignment (zero)	excluded	padding / alignment (zero)		zero bytes with no inbound game-visible reference
0x001e7a88	0x001e7a98	16	.rdata	padding / alignment (zero)	excluded	padding / alignment (zero)		zero bytes with no inbound game-visible reference
0x001e7adc	0x001e7af0	20	.rdata	padding / alignment (zero)	excluded	padding / alignment (zero)		zero bytes with no inbound game-visible reference
0x001e7b34	0x001e7b48	20	.rdata	padding / alignment (zero)	excluded	padding / alignment (zero)		zero bytes with no inbound game-visible reference
0x001e7b8c	0x001e7ba0	20	.rdata	padding / alignment (zero)	excluded	padding / alignment (zero)		zero bytes with no inbound game-visible reference
0x001e7be8	0x001e7bf8	16	.rdata	padding / alignment (zero)	excluded	padding / alignment (zero)		zero bytes with no inbound game-visible reference
0x001e7c3c	0x001e7c50	20	.rdata	padding / alignment (zero)	excluded	padding / alignment (zero)		zero bytes with no inbound game-visible reference
0x001e7c94	0x001e7ca8	20	.rdata	padding / alignment (zero)	excluded	padding / alignment (zero)		zero bytes with no inbound game-visible reference
0x001e7cec	0x001e7d00	20	.rdata	padding / alignment (zero)	excluded	padding / alignment (zero)		zero bytes with no inbound game-visible reference
0x001e7d44	0x001e7d58	20	.rdata	padding / alignment (zero)	excluded	padding / alignment (zero)		zero bytes with no inbound game-visible reference
0x001e7d9c	0x001e7db0	20	.rdata	padding / alignment (zero)	excluded	padding / alignment (zero)		zero bytes with no inbound game-visible reference
0x001e7df4	0x001e7e08	20	.rdata	padding / alignment (zero)	excluded	padding / alignment (zero)		zero bytes with no inbound game-visible reference
0x001e7e4c	0x001e7e60	20	.rdata	padding / alignment (zero)	excluded	padding / alignment (zero)		zero bytes with no inbound game-visible reference
0x001e7ea4	0x001e7eb8	20	.rdata	padding / alignment (zero)	excluded	padding / alignment (zero)		zero bytes with no inbound game-visible reference
0x001e7efc	0x001e7f10	20	.rdata	padding / alignment (zero)	excluded	padding / alignment (zero)		zero bytes with no inbound game-visible reference
0x001e7f54	0x001e7f68	20	.rdata	padding / alignment (zero)	excluded	padding / alignment (zero)		zero bytes with no inbound game-visible reference
0x001e7fac	0x001e7fc0	20	.rdata	padding / alignment (zero)	excluded	padding / alignment (zero)		zero bytes with no inbound game-visible reference
0x001e8004	0x001e8018	20	.rdata	padding / alignment (zero)	excluded	padding / alignment (zero)		zero bytes with no inbound game-visible reference
0x001e805c	0x001e8070	20	.rdata	padding / alignment (zero)	excluded	padding / alignment (zero)		zero bytes with no inbound game-visible reference
0x001e80b4	0x001e80c8	20	.rdata	padding / alignment (zero)	excluded	padding / alignment (zero)		zero bytes with no inbound game-visible reference
0x001e810c	0x001e8120	20	.rdata	padding / alignment (zero)	excluded	padding / alignment (zero)		zero bytes with no inbound game-visible reference
0x001e8164	0x001e8178	20	.rdata	padding / alignment (zero)	excluded	padding / alignment (zero)		zero bytes with no inbound game-visible reference
0x001e81bc	0x001e81d0	20	.rdata	padding / alignment (zero)	excluded	padding / alignment (zero)		zero bytes with no inbound game-visible reference
0x001e8214	0x001e8228	20	.rdata	padding / alignment (zero)	excluded	padding / alignment (zero)		zero bytes with no inbound game-visible reference
0x001e826c	0x001e8280	20	.rdata	padding / alignment (zero)	excluded	padding / alignment (zero)		zero bytes with no inbound game-visible reference
0x001e82c4	0x001e82d8	20	.rdata	padding / alignment (zero)	excluded	padding / alignment (zero)		zero bytes with no inbound game-visible reference
0x001e831c	0x001e8330	20	.rdata	padding / alignment (zero)	excluded	padding / alignment (zero)		zero bytes with no inbound game-visible reference
0x001e8374	0x001e8388	20	.rdata	padding / alignment (zero)	excluded	padding / alignment (zero)		zero bytes with no inbound game-visible reference
0x001e83cc	0x001e83e0	20	.rdata	padding / alignment (zero)	excluded	padding / alignment (zero)		zero bytes with no inbound game-visible reference
0x001e8424	0x001e8438	20	.rdata	padding / alignment (zero)	excluded	padding / alignment (zero)		zero bytes with no inbound game-visible reference
0x001e847c	0x001e8490	20	.rdata	padding / alignment (zero)	excluded	padding / alignment (zero)		zero bytes with no inbound game-visible reference
0x001e84d4	0x001e84e8	20	.rdata	padding / alignment (zero)	excluded	padding / alignment (zero)		zero bytes with no inbound game-visible reference
0x001e852c	0x001e8540	20	.rdata	padding / alignment (zero)	excluded	padding / alignment (zero)		zero bytes with no inbound game-visible reference
0x001e8584	0x001e8598	20	.rdata	padding / alignment (zero)	excluded	padding / alignment (zero)		zero bytes with no inbound game-visible reference
0x001e85dc	0x001e85f0	20	.rdata	padding / alignment (zero)	excluded	padding / alignment (zero)		zero bytes with no inbound game-visible reference
0x001e8634	0x001e8648	20	.rdata	padding / alignment (zero)	excluded	padding / alignment (zero)		zero bytes with no inbound game-visible reference
0x001e868c	0x001e86a0	20	.rdata	padding / alignment (zero)	excluded	padding / alignment (zero)		zero bytes with no inbound game-visible reference
0x001e86e4	0x001e86f8	20	.rdata	padding / alignment (zero)	excluded	padding / alignment (zero)		zero bytes with no inbound game-visible reference
0x001e873c	0x001e8750	20	.rdata	padding / alignment (zero)	excluded	padding / alignment (zero)		zero bytes with no inbound game-visible reference
0x001e8798	0x001e87a8	16	.rdata	padding / alignment (zero)	excluded	padding / alignment (zero)		zero bytes with no inbound game-visible reference
0x001e87f0	0x001e8800	16	.rdata	padding / alignment (zero)	excluded	padding / alignment (zero)		zero bytes with no inbound game-visible reference
0x001e8844	0x001e8858	20	.rdata	padding / alignment (zero)	excluded	padding / alignment (zero)		zero bytes with no inbound game-visible reference
0x001e889c	0x001e88b0	20	.rdata	padding / alignment (zero)	excluded	padding / alignment (zero)		zero bytes with no inbound game-visible reference
0x001e8b28	0x001e8ba8	128	.rdata	padding / alignment (zero)	excluded	padding / alignment (zero)		zero bytes with no inbound game-visible reference
0x001e8c84	0x001e8cb0	44	.rdata	padding / alignment (zero)	excluded	padding / alignment (zero)		zero bytes with no inbound game-visible reference
0x001e8cc8	0x001e8cd0	8	.rdata	padding / alignment (zero)	excluded	padding / alignment (zero)		zero bytes with no inbound game-visible reference
0x001e8ce8	0x001e8cf0	8	.rdata	padding / alignment (zero)	excluded	padding / alignment (zero)		zero bytes with no inbound game-visible reference
0x001e8d08	0x001e8d10	8	.rdata	padding / alignment (zero)	excluded	padding / alignment (zero)		zero bytes with no inbound game-visible reference
0x001e8d78	0x001e8d90	24	.rdata	padding / alignment (zero)	excluded	padding / alignment (zero)		zero bytes with no inbound game-visible reference
0x001e8e6c	0x001e8e98	44	.rdata	padding / alignment (zero)	excluded	padding / alignment (zero)		zero bytes with no inbound game-visible reference
0x001e8ed0	0x001e8ee0	16	.rdata	padding / alignment (zero)	excluded	padding / alignment (zero)		zero bytes with no inbound game-visible reference
0x001e8fbc	0x001e8fe8	44	.rdata	padding / alignment (zero)	excluded	padding / alignment (zero)		zero bytes with no inbound game-visible reference
0x001e93ad	0x001e93b0	3	.rdata	padding / alignment (zero)	excluded	padding / alignment (zero)		zero bytes with no inbound game-visible reference
0x001e93d0	0x001e949c	204	.rdata	compiler: RTTI records	excluded	compiler: RTTI records		RTTI/EH record by content (cell chain -> TypeDescriptor)
0x001e949c	0x001e94ac	16	.rdata	game-visible unenrolled data	eligible	UNCLASSIFIED (non-zero)	direct game/compiler code (9)	nz=6
0x001e94ac	0x001e94b8	12	.rdata	game-visible unenrolled data	eligible	UNCLASSIFIED (non-zero)	direct game/compiler code (9)	nz=3
0x001e94f0	0x001e9500	16	.rdata	padding / alignment (zero)	excluded	padding / alignment (zero)		zero bytes with no inbound game-visible reference
0x001e95dc	0x001e9608	44	.rdata	padding / alignment (zero)	excluded	padding / alignment (zero)		zero bytes with no inbound game-visible reference
0x001e9628	0x001e9630	8	.rdata	game-visible unenrolled data	eligible	padding / alignment (zero)	direct game/compiler code (1)	zero bytes with no inbound game-visible reference
0x001e9660	0x001e9670	16	.rdata	padding / alignment (zero)	excluded	padding / alignment (zero)		zero bytes with no inbound game-visible reference
0x001e96a0	0x001e96b0	16	.rdata	padding / alignment (zero)	excluded	padding / alignment (zero)		zero bytes with no inbound game-visible reference
0x001e96e0	0x001e96ec	12	.rdata	padding / alignment (zero)	excluded	padding / alignment (zero)		zero bytes with no inbound game-visible reference
0x001e9710	0x001e9718	8	.rdata	padding / alignment (zero)	excluded	padding / alignment (zero)		zero bytes with no inbound game-visible reference
0x001e9730	0x001e9738	8	.rdata	padding / alignment (zero)	excluded	padding / alignment (zero)		zero bytes with no inbound game-visible reference
0x001e9778	0x001e9788	16	.rdata	padding / alignment (zero)	excluded	padding / alignment (zero)		zero bytes with no inbound game-visible reference
0x001e9999	0x001e999c	3	.rdata	padding / alignment (zero)	excluded	padding / alignment (zero)		zero bytes with no inbound game-visible reference
0x001e99b8	0x001e9a28	112	.rdata	padding / alignment (zero)	excluded	padding / alignment (zero)		zero bytes with no inbound game-visible reference
0x001e9a80	0x001e9a98	24	.rdata	padding / alignment (zero)	excluded	padding / alignment (zero)		zero bytes with no inbound game-visible reference
0x001e9aa8	0x001e9ab0	8	.rdata	padding / alignment (zero)	excluded	padding / alignment (zero)		zero bytes with no inbound game-visible reference
0x001e9af8	0x001e9b08	16	.rdata	padding / alignment (zero)	excluded	padding / alignment (zero)		zero bytes with no inbound game-visible reference
0x001e9b50	0x001e9b60	16	.rdata	padding / alignment (zero)	excluded	padding / alignment (zero)		zero bytes with no inbound game-visible reference
0x001e9b7c	0x001e9b88	12	.rdata	padding / alignment (zero)	excluded	padding / alignment (zero)		zero bytes with no inbound game-visible reference
0x001e9ba4	0x001e9bb0	12	.rdata	padding / alignment (zero)	excluded	padding / alignment (zero)		zero bytes with no inbound game-visible reference
0x001e9bcc	0x001e9bd8	12	.rdata	padding / alignment (zero)	excluded	padding / alignment (zero)		zero bytes with no inbound game-visible reference
0x001e9c44	0x001e9c60	28	.rdata	padding / alignment (zero)	excluded	padding / alignment (zero)		zero bytes with no inbound game-visible reference
0x001e9ccc	0x001e9ce8	28	.rdata	padding / alignment (zero)	excluded	padding / alignment (zero)		zero bytes with no inbound game-visible reference
0x001e9d54	0x001e9d70	28	.rdata	padding / alignment (zero)	excluded	padding / alignment (zero)		zero bytes with no inbound game-visible reference
0x001e9ddc	0x001e9df8	28	.rdata	padding / alignment (zero)	excluded	padding / alignment (zero)		zero bytes with no inbound game-visible reference
0x001e9e64	0x001e9e80	28	.rdata	padding / alignment (zero)	excluded	padding / alignment (zero)		zero bytes with no inbound game-visible reference
0x001e9eec	0x001e9f08	28	.rdata	padding / alignment (zero)	excluded	padding / alignment (zero)		zero bytes with no inbound game-visible reference
0x001e9fb8	0x001e9fe0	40	.rdata	padding / alignment (zero)	excluded	padding / alignment (zero)		zero bytes with no inbound game-visible reference
0x001ea090	0x001ea0b8	40	.rdata	padding / alignment (zero)	excluded	padding / alignment (zero)		zero bytes with no inbound game-visible reference
0x001ea168	0x001ea190	40	.rdata	padding / alignment (zero)	excluded	padding / alignment (zero)		zero bytes with no inbound game-visible reference
0x001ea1fc	0x001ea218	28	.rdata	padding / alignment (zero)	excluded	padding / alignment (zero)		zero bytes with no inbound game-visible reference
0x001ea284	0x001ea2a0	28	.rdata	padding / alignment (zero)	excluded	padding / alignment (zero)		zero bytes with no inbound game-visible reference
0x001ea2b8	0x001ea2bc	4	.rdata	padding / alignment (zero)	excluded	padding / alignment (zero)		zero bytes with no inbound game-visible reference
0x001ea2c8	0x001ea2d0	8	.rdata	padding / alignment (zero)	excluded	padding / alignment (zero)		zero bytes with no inbound game-visible reference
0x001ea32c	0x001ea340	20	.rdata	padding / alignment (zero)	excluded	padding / alignment (zero)		zero bytes with no inbound game-visible reference
0x001ea39c	0x001ea3b0	20	.rdata	padding / alignment (zero)	excluded	padding / alignment (zero)		zero bytes with no inbound game-visible reference
0x001ea3cc	0x001ea3d4	8	.rdata	padding / alignment (zero)	excluded	padding / alignment (zero)		zero bytes with no inbound game-visible reference
0x001ea3dc	0x001ea3e0	4	.rdata	padding / alignment (zero)	excluded	padding / alignment (zero)		zero bytes with no inbound game-visible reference
0x001ea418	0x001ea428	16	.rdata	padding / alignment (zero)	excluded	padding / alignment (zero)		zero bytes with no inbound game-visible reference
0x001ea440	0x001ea448	8	.rdata	padding / alignment (zero)	excluded	padding / alignment (zero)		zero bytes with no inbound game-visible reference
0x001ea468	0x001ea470	8	.rdata	padding / alignment (zero)	excluded	padding / alignment (zero)		zero bytes with no inbound game-visible reference
0x001ea54c	0x001ea578	44	.rdata	padding / alignment (zero)	excluded	padding / alignment (zero)		zero bytes with no inbound game-visible reference
0x001ea850	0x001ea8e8	152	.rdata	padding / alignment (zero)	excluded	padding / alignment (zero)		zero bytes with no inbound game-visible reference
0x001ea9c4	0x001ea9f0	44	.rdata	padding / alignment (zero)	excluded	padding / alignment (zero)		zero bytes with no inbound game-visible reference
0x001eaa08	0x001eaa10	8	.rdata	padding / alignment (zero)	excluded	padding / alignment (zero)		zero bytes with no inbound game-visible reference
0x001eaa20	0x001eaa28	8	.rdata	padding / alignment (zero)	excluded	padding / alignment (zero)		zero bytes with no inbound game-visible reference
0x001eaa74	0x001eaa88	20	.rdata	padding / alignment (zero)	excluded	padding / alignment (zero)		zero bytes with no inbound game-visible reference
0x001eab08	0x001eab28	32	.rdata	padding / alignment (zero)	excluded	padding / alignment (zero)		zero bytes with no inbound game-visible reference
0x001eab38	0x001eab3c	4	.rdata	padding / alignment (zero)	excluded	padding / alignment (zero)		zero bytes with no inbound game-visible reference
0x001eab44	0x001eab48	4	.rdata	padding / alignment (zero)	excluded	padding / alignment (zero)		zero bytes with no inbound game-visible reference
0x001eab7c	0x001eab88	12	.rdata	padding / alignment (zero)	excluded	padding / alignment (zero)		zero bytes with no inbound game-visible reference
0x001eabb8	0x001eabc8	16	.rdata	padding / alignment (zero)	excluded	padding / alignment (zero)		zero bytes with no inbound game-visible reference
0x001eabf8	0x001eac08	16	.rdata	padding / alignment (zero)	excluded	padding / alignment (zero)		zero bytes with no inbound game-visible reference
0x001eac3c	0x001eac48	12	.rdata	padding / alignment (zero)	excluded	padding / alignment (zero)		zero bytes with no inbound game-visible reference
0x001eac80	0x001eac90	16	.rdata	padding / alignment (zero)	excluded	padding / alignment (zero)		zero bytes with no inbound game-visible reference
0x001eacd0	0x001eace0	16	.rdata	padding / alignment (zero)	excluded	padding / alignment (zero)		zero bytes with no inbound game-visible reference
0x001ead10	0x001ead20	16	.rdata	padding / alignment (zero)	excluded	padding / alignment (zero)		zero bytes with no inbound game-visible reference
0x001ead58	0x001ead68	16	.rdata	padding / alignment (zero)	excluded	padding / alignment (zero)		zero bytes with no inbound game-visible reference
0x001eada8	0x001eadb8	16	.rdata	padding / alignment (zero)	excluded	padding / alignment (zero)		zero bytes with no inbound game-visible reference
0x001eade8	0x001eadf8	16	.rdata	padding / alignment (zero)	excluded	padding / alignment (zero)		zero bytes with no inbound game-visible reference
0x001eae2c	0x001eae38	12	.rdata	padding / alignment (zero)	excluded	padding / alignment (zero)		zero bytes with no inbound game-visible reference
0x001eae68	0x001eae78	16	.rdata	padding / alignment (zero)	excluded	padding / alignment (zero)		zero bytes with no inbound game-visible reference
0x001eae80	0x001eae88	8	.rdata	padding / alignment (zero)	excluded	padding / alignment (zero)		zero bytes with no inbound game-visible reference
0x001eae9c	0x001eaea0	4	.rdata	padding / alignment (zero)	excluded	padding / alignment (zero)		zero bytes with no inbound game-visible reference
0x001eaea8	0x001eaeb0	8	.rdata	padding / alignment (zero)	excluded	padding / alignment (zero)		zero bytes with no inbound game-visible reference
0x001eaec4	0x001eaec8	4	.rdata	padding / alignment (zero)	excluded	padding / alignment (zero)		zero bytes with no inbound game-visible reference
0x001eaedc	0x001eaee0	4	.rdata	padding / alignment (zero)	excluded	padding / alignment (zero)		zero bytes with no inbound game-visible reference
0x001eaee8	0x001eaef0	8	.rdata	padding / alignment (zero)	excluded	padding / alignment (zero)		zero bytes with no inbound game-visible reference
0x001eaef8	0x001eaf00	8	.rdata	padding / alignment (zero)	excluded	padding / alignment (zero)		zero bytes with no inbound game-visible reference
0x001eaf08	0x001eaf10	8	.rdata	padding / alignment (zero)	excluded	padding / alignment (zero)		zero bytes with no inbound game-visible reference
0x001eaf18	0x001eaf20	8	.rdata	padding / alignment (zero)	excluded	padding / alignment (zero)		zero bytes with no inbound game-visible reference
0x001eaf34	0x001eaf38	4	.rdata	padding / alignment (zero)	excluded	padding / alignment (zero)		zero bytes with no inbound game-visible reference
0x001eaf4c	0x001eaf50	4	.rdata	padding / alignment (zero)	excluded	padding / alignment (zero)		zero bytes with no inbound game-visible reference
0x001eaf64	0x001eaf68	4	.rdata	padding / alignment (zero)	excluded	padding / alignment (zero)		zero bytes with no inbound game-visible reference
0x001eafac	0x001eafbc	16	.rdata	padding / alignment (zero)	excluded	padding / alignment (zero)		zero bytes with no inbound game-visible reference
0x001eafbc	0x001eafc0	4	.rdata	library-private data	excluded	library-private data		NAFXCW
0x001eafc0	0x001eafd4	20	.rdata	compiler: RTTI records	excluded	compiler: RTTI records		RTTI/EH record by content (cell chain -> TypeDescriptor)
0x001eafd4	0x001eb000	44	.rdata	library-private data	excluded	library-private data		NAFXCW
0x001eb000	0x001eb014	20	.rdata	compiler: RTTI records	excluded	compiler: RTTI records		RTTI/EH record by content (cell chain -> TypeDescriptor)
0x001eb014	0x001eb040	44	.rdata	library-private data	excluded	library-private data		NAFXCW
0x001eb040	0x001eb054	20	.rdata	compiler: RTTI records	excluded	compiler: RTTI records		RTTI/EH record by content (cell chain -> TypeDescriptor)
0x001eb054	0x001eb068	20	.rdata	library-private data	excluded	library-private data		NAFXCW
0x001eb148	0x001eb168	32	.rdata	library-private data	excluded	library-private data		NAFXCW:MFC message-map/data block
0x001eb168	0x001eb174	12	.rdata	compiler: RTTI records	excluded	compiler: RTTI records		RTTI/EH record by content (cell chain -> TypeDescriptor)
0x001eb174	0x001eb2e0	364	.rdata	library-private data	excluded	library-private data		NAFXCW:MFC message-map/data block
0x001eb588	0x001eb5a8	32	.rdata	library-private data	excluded	library-private data		NAFXCW:MFC message-map/data block
0x001eb5a8	0x001eb5c4	28	.rdata	compiler: RTTI records	excluded	compiler: RTTI records		RTTI/EH record by content (cell chain -> TypeDescriptor)
0x001eb5c4	0x001eb69c	216	.rdata	library-private data	excluded	library-private data		NAFXCW:MFC message-map/data block
0x001eb69c	0x001eb6ac	16	.rdata	compiler: RTTI records	excluded	compiler: RTTI records		RTTI/EH record by content (cell chain -> TypeDescriptor)
0x001eb6ac	0x001eb6c8	28	.rdata	library-private data	excluded	library-private data		NAFXCW:MFC message-map/data block
0x001eb6e8	0x001eb758	112	.rdata	library-private data	excluded	library-private data		NAFXCW:MFC message-map/data block
0x001eb758	0x001eb768	16	.rdata	library-private data (SDK GUID)	excluded	library-private data (SDK GUID)		UUID.LIB:_IID_IDispatch
0x001eb768	0x001eb7c0	88	.rdata	library-private data	excluded	library-private data		NAFXCW:MFC message-map/data block
0x001eb7c0	0x001eb7d4	20	.rdata	compiler: RTTI records	excluded	compiler: RTTI records		RTTI/EH record by content (cell chain -> TypeDescriptor)
0x001eb7d4	0x001eba18	580	.rdata	library-private data	excluded	library-private data		NAFXCW:MFC message-map/data block
0x001eba18	0x001eba34	28	.rdata	compiler: RTTI records	excluded	compiler: RTTI records		RTTI/EH record by content (cell chain -> TypeDescriptor)
0x001eba34	0x001ebd54	800	.rdata	library-private data	excluded	library-private data		NAFXCW:MFC message-map/data block
0x001ebd54	0x001ebd64	16	.rdata	compiler: RTTI records	excluded	compiler: RTTI records		RTTI/EH record by content (cell chain -> TypeDescriptor)
0x001ebd64	0x001ebe24	192	.rdata	library-private data	excluded	library-private data		NAFXCW:MFC message-map/data block
0x001ebe24	0x001ebe34	16	.rdata	compiler: RTTI records	excluded	compiler: RTTI records		RTTI/EH record by content (cell chain -> TypeDescriptor)
0x001ebe34	0x001ebef8	196	.rdata	library-private data	excluded	library-private data		NAFXCW:MFC message-map/data block
0x001ebef8	0x001ebf04	12	.rdata	compiler: RTTI records	excluded	compiler: RTTI records		RTTI/EH record by content (cell chain -> TypeDescriptor)
0x001ebf04	0x001ebfdc	216	.rdata	library-private data	excluded	library-private data		NAFXCW:MFC message-map/data block
0x001ebfdc	0x001ebfec	16	.rdata	compiler: RTTI records	excluded	compiler: RTTI records		RTTI/EH record by content (cell chain -> TypeDescriptor)
0x001ebfec	0x001ec0bc	208	.rdata	library-private data	excluded	library-private data		NAFXCW:MFC message-map/data block
0x001ec0bc	0x001ec0cc	16	.rdata	compiler: RTTI records	excluded	compiler: RTTI records		RTTI/EH record by content (cell chain -> TypeDescriptor)
0x001ec0cc	0x001ec18c	192	.rdata	library-private data	excluded	library-private data		NAFXCW:MFC message-map/data block
0x001ec18c	0x001ec19c	16	.rdata	compiler: RTTI records	excluded	compiler: RTTI records		RTTI/EH record by content (cell chain -> TypeDescriptor)
0x001ec19c	0x001ec288	236	.rdata	library-private data	excluded	library-private data		NAFXCW:MFC message-map/data block
0x001ec288	0x001ec29c	20	.rdata	compiler: RTTI records	excluded	compiler: RTTI records		RTTI/EH record by content (cell chain -> TypeDescriptor)
0x001ec29c	0x001ec2c8	44	.rdata	library-private data	excluded	library-private data		NAFXCW:MFC message-map/data block
0x001ec2c8	0x001ec2dc	20	.rdata	compiler: RTTI records	excluded	compiler: RTTI records		RTTI/EH record by content (cell chain -> TypeDescriptor)
0x001ec2dc	0x001ec5d4	760	.rdata	library-private data	excluded	library-private data		NAFXCW:MFC message-map/data block
0x001ec5d4	0x001ec5ec	24	.rdata	compiler: RTTI records	excluded	compiler: RTTI records		RTTI/EH record by content (cell chain -> TypeDescriptor)
0x001ec5ec	0x001ec6d8	236	.rdata	library-private data	excluded	library-private data		NAFXCW:MFC message-map/data block
0x001ec6d8	0x001ec6ec	20	.rdata	compiler: RTTI records	excluded	compiler: RTTI records		RTTI/EH record by content (cell chain -> TypeDescriptor)
0x001ec6ec	0x001ec7ac	192	.rdata	library-private data	excluded	library-private data		NAFXCW:MFC message-map/data block
0x001ec7ac	0x001ec7c4	24	.rdata	compiler: RTTI records	excluded	compiler: RTTI records		RTTI/EH record by content (cell chain -> TypeDescriptor)
0x001ec7c4	0x001ec888	196	.rdata	library-private data	excluded	library-private data		NAFXCW:MFC message-map/data block
0x001ec888	0x001ec89c	20	.rdata	compiler: RTTI records	excluded	compiler: RTTI records		RTTI/EH record by content (cell chain -> TypeDescriptor)
0x001ec89c	0x001ec960	196	.rdata	library-private data	excluded	library-private data		NAFXCW:MFC message-map/data block
0x001ec960	0x001ec974	20	.rdata	compiler: RTTI records	excluded	compiler: RTTI records		RTTI/EH record by content (cell chain -> TypeDescriptor)
0x001ec974	0x001eca34	192	.rdata	library-private data	excluded	library-private data		NAFXCW:MFC message-map/data block
0x001eca34	0x001eca4c	24	.rdata	compiler: RTTI records	excluded	compiler: RTTI records		RTTI/EH record by content (cell chain -> TypeDescriptor)
0x001eca4c	0x001ecb0c	192	.rdata	library-private data	excluded	library-private data		NAFXCW:MFC message-map/data block
0x001ecb0c	0x001ecb24	24	.rdata	compiler: RTTI records	excluded	compiler: RTTI records		RTTI/EH record by content (cell chain -> TypeDescriptor)
0x001ecb24	0x001ecbe4	192	.rdata	library-private data	excluded	library-private data		NAFXCW:MFC message-map/data block
0x001ecbe4	0x001ecbfc	24	.rdata	compiler: RTTI records	excluded	compiler: RTTI records		RTTI/EH record by content (cell chain -> TypeDescriptor)
0x001ecbfc	0x001eccbc	192	.rdata	library-private data	excluded	library-private data		NAFXCW:MFC message-map/data block
0x001eccbc	0x001ecccc	16	.rdata	compiler: RTTI records	excluded	compiler: RTTI records		RTTI/EH record by content (cell chain -> TypeDescriptor)
0x001ecccc	0x001ecd90	196	.rdata	library-private data	excluded	library-private data		NAFXCW:MFC message-map/data block
0x001ecd90	0x001ecda4	20	.rdata	compiler: RTTI records	excluded	compiler: RTTI records		RTTI/EH record by content (cell chain -> TypeDescriptor)
0x001ecda4	0x001ece64	192	.rdata	library-private data	excluded	library-private data		NAFXCW:MFC message-map/data block
0x001ece64	0x001ece7c	24	.rdata	compiler: RTTI records	excluded	compiler: RTTI records		RTTI/EH record by content (cell chain -> TypeDescriptor)
0x001ece7c	0x001ecf40	196	.rdata	library-private data	excluded	library-private data		NAFXCW:MFC message-map/data block
0x001ecf40	0x001ecf54	20	.rdata	compiler: RTTI records	excluded	compiler: RTTI records		RTTI/EH record by content (cell chain -> TypeDescriptor)
0x001ecf54	0x001ed0f8	420	.rdata	library-private data	excluded	library-private data		NAFXCW:MFC message-map/data block
0x001ed0f8	0x001ed108	16	.rdata	library-private data (SDK GUID)	excluded	library-private data (SDK GUID)		UUID.LIB:_IID_IClassFactory
0x001ed108	0x001ed118	16	.rdata	library-private data (SDK GUID)	excluded	library-private data (SDK GUID)		UUID.LIB:_IID_IPersistFile
0x001ed118	0x001ed138	32	.rdata	library-private data	excluded	library-private data		NAFXCW:MFC message-map/data block
0x001ed138	0x001ed1bc	132	.rdata	compiler: RTTI records	excluded	compiler: RTTI records		RTTI/EH record by content (cell chain -> TypeDescriptor)
0x001ed1bc	0x001ed250	148	.rdata	library-private data	excluded	library-private data		NAFXCW:MFC message-map/data block
0x001ed250	0x001ed264	20	.rdata	compiler: RTTI records	excluded	compiler: RTTI records		RTTI/EH record by content (cell chain -> TypeDescriptor)
0x001ed264	0x001ed278	20	.rdata	library-private data	excluded	library-private data		NAFXCW:MFC message-map/data block
0x001ed278	0x001ed28c	20	.rdata	compiler: RTTI records	excluded	compiler: RTTI records		RTTI/EH record by content (cell chain -> TypeDescriptor)
0x001ed28c	0x001ed348	188	.rdata	library-private data	excluded	library-private data		NAFXCW:MFC message-map/data block
0x001ed348	0x001ed36c	36	.rdata	compiler: RTTI records	excluded	compiler: RTTI records		RTTI/EH record by content (cell chain -> TypeDescriptor)
0x001ed36c	0x001ed374	8	.rdata	library-private data	excluded	library-private data		NAFXCW:MFC message-map/data block
0x001ed374	0x001ed41c	168	.rdata	compiler: RTTI records	excluded	compiler: RTTI records		RTTI/EH record by content (cell chain -> TypeDescriptor)
0x001ed41c	0x001ed480	100	.rdata	library-private data	excluded	library-private data		NAFXCW:MFC message-map/data block
0x001ed480	0x001ed494	20	.rdata	compiler: RTTI records	excluded	compiler: RTTI records		RTTI/EH record by content (cell chain -> TypeDescriptor)
0x001ed494	0x001ed4a8	20	.rdata	library-private data	excluded	library-private data		NAFXCW:MFC message-map/data block
0x001ed4a8	0x001ed4dc	52	.rdata	compiler: RTTI records	excluded	compiler: RTTI records		RTTI/EH record by content (cell chain -> TypeDescriptor)
0x001ed4dc	0x001ed500	36	.rdata	library-private data	excluded	library-private data		NAFXCW:MFC message-map/data block
0x001ed500	0x001ed518	24	.rdata	compiler: RTTI records	excluded	compiler: RTTI records		RTTI/EH record by content (cell chain -> TypeDescriptor)
0x001ed518	0x001ed574	92	.rdata	library-private data	excluded	library-private data		NAFXCW:MFC message-map/data block
0x001ed574	0x001ed5a4	48	.rdata	compiler: RTTI records	excluded	compiler: RTTI records		RTTI/EH record by content (cell chain -> TypeDescriptor)
0x001ed5a4	0x001ed608	100	.rdata	library-private data	excluded	library-private data		NAFXCW:MFC message-map/data block
0x001ed608	0x001ed61c	20	.rdata	compiler: RTTI records	excluded	compiler: RTTI records		RTTI/EH record by content (cell chain -> TypeDescriptor)
0x001ed61c	0x001ed6b0	148	.rdata	library-private data	excluded	library-private data		NAFXCW:MFC message-map/data block
0x001ed6b0	0x001ed6ec	60	.rdata	compiler: RTTI records	excluded	compiler: RTTI records		RTTI/EH record by content (cell chain -> TypeDescriptor)
0x001ed6ec	0x001ed700	20	.rdata	library-private data	excluded	library-private data		NAFXCW:MFC message-map/data block
0x001ed700	0x001ed740	64	.rdata	compiler: RTTI records	excluded	compiler: RTTI records		RTTI/EH record by content (cell chain -> TypeDescriptor)
0x001ed740	0x001ed834	244	.rdata	library-private data	excluded	library-private data		NAFXCW:MFC message-map/data block
0x001ed834	0x001ed854	32	.rdata	compiler: RTTI records	excluded	compiler: RTTI records		RTTI/EH record by content (cell chain -> TypeDescriptor)
0x001ed854	0x001ed968	276	.rdata	library-private data	excluded	library-private data		NAFXCW:MFC message-map/data block
0x001ed968	0x001ed978	16	.rdata	library-private data (SDK GUID)	excluded	library-private data (SDK GUID)		UUID.LIB:_IID_IUnknown
0x001ed978	0x001ed988	16	.rdata	library-private data (SDK GUID)	excluded	library-private data (SDK GUID)		UUID.LIB:_IID_IStream
0x001ed988	0x001ed98c	4	.rdata	compiler: RTTI records	excluded	compiler: RTTI records		RTTI/EH record by content (cell chain -> TypeDescriptor)
0x001ed98c	0x001eda08	124	.rdata	library-private data	excluded	library-private data		NAFXCW:MFC message-map/data block
0x001eda08	0x001eda24	28	.rdata	compiler: RTTI records	excluded	compiler: RTTI records		RTTI/EH record by content (cell chain -> TypeDescriptor)
0x001eda24	0x001eda40	28	.rdata	library-private data	excluded	library-private data		NAFXCW:MFC message-map/data block
0x001eda40	0x001eda54	20	.rdata	compiler: RTTI records	excluded	compiler: RTTI records		RTTI/EH record by content (cell chain -> TypeDescriptor)
0x001eda54	0x001edef8	1188	.rdata	library-private data	excluded	library-private data		NAFXCW:MFC message-map/data block
0x001edef8	0x001edf0c	20	.rdata	compiler: RTTI records	excluded	compiler: RTTI records		RTTI/EH record by content (cell chain -> TypeDescriptor)
0x001edf0c	0x001ee1ac	672	.rdata	library-private data	excluded	library-private data		NAFXCW:MFC message-map/data block
0x001ee1ac	0x001ee1c4	24	.rdata	compiler: RTTI records	excluded	compiler: RTTI records		RTTI/EH record by content (cell chain -> TypeDescriptor)
0x001ee1c4	0x001ee470	684	.rdata	library-private data	excluded	library-private data		NAFXCW:MFC message-map/data block
0x001ee470	0x001ee484	20	.rdata	compiler: RTTI records	excluded	compiler: RTTI records		RTTI/EH record by content (cell chain -> TypeDescriptor)
0x001ee484	0x001ee544	192	.rdata	library-private data	excluded	library-private data		NAFXCW:MFC message-map/data block
0x001ee544	0x001ee5a4	96	.rdata	compiler: RTTI records	excluded	compiler: RTTI records		RTTI/EH record by content (cell chain -> TypeDescriptor)
0x001ee5a4	0x001ee5ac	8	.rdata	library-private data	excluded	library-private data		retail library tail; archive member unresolved
0x001ee5b0	0x001ee624	116	.rdata	library-private data	excluded	library-private data		retail library tail; archive member unresolved
0x001ee624	0x001ee644	32	.rdata	compiler: C++ EH tables	excluded	compiler: C++ EH tables		parsed MSVC /GX table extent
0x001ee644	0x001ee8ec	680	.rdata	library-private data	excluded	library-private data		retail library tail; archive member unresolved
0x001ee8ee	0x001ef3d8	2794	.rdata	library-private data	excluded	library-private data		retail library tail; archive member unresolved
0x001ef3d8	0x001ef3e8	16	.rdata	library-private data (SDK GUID)	excluded	library-private data (SDK GUID)		dxguid.lib:_CLSID_DirectInput
0x001ef3e8	0x001ef3f8	16	.rdata	library-private data (SDK GUID)	excluded	library-private data (SDK GUID)		dxguid.lib:_CLSID_DirectInputDevice
0x001ef3f8	0x001ef408	16	.rdata	library-private data (SDK GUID)	excluded	library-private data (SDK GUID)		dxguid.lib:_IID_IDirectInputA
0x001ef408	0x001ef418	16	.rdata	library-private data (SDK GUID)	excluded	library-private data (SDK GUID)		dxguid.lib:_IID_IDirectInputW
0x001ef418	0x001ef428	16	.rdata	library-private data (SDK GUID)	excluded	library-private data (SDK GUID)		dxguid.lib:_IID_IDirectInput2A
0x001ef428	0x001ef438	16	.rdata	library-private data (SDK GUID)	excluded	library-private data (SDK GUID)		dxguid.lib:_IID_IDirectInput2W
0x001ef438	0x001ef448	16	.rdata	library-private data (SDK GUID)	excluded	library-private data (SDK GUID)		dxguid.lib:_IID_IDirectInputDeviceA
0x001ef448	0x001ef458	16	.rdata	library-private data (SDK GUID)	excluded	library-private data (SDK GUID)		dxguid.lib:_IID_IDirectInputDeviceW
0x001ef468	0x001ef478	16	.rdata	library-private data (SDK GUID)	excluded	library-private data (SDK GUID)		dxguid.lib:_IID_IDirectInputDevice2W
0x001ef478	0x001ef488	16	.rdata	library-private data (SDK GUID)	excluded	library-private data (SDK GUID)		dxguid.lib:_IID_IDirectInputEffect
0x001ef488	0x001ef498	16	.rdata	library-private data (SDK GUID)	excluded	library-private data (SDK GUID)		dxguid.lib:_GUID_XAxis
0x001ef498	0x001ef4a8	16	.rdata	library-private data (SDK GUID)	excluded	library-private data (SDK GUID)		dxguid.lib:_GUID_YAxis
0x001ef4a8	0x001ef4b8	16	.rdata	library-private data (SDK GUID)	excluded	library-private data (SDK GUID)		dxguid.lib:_GUID_ZAxis
0x001ef4b8	0x001ef4c8	16	.rdata	library-private data (SDK GUID)	excluded	library-private data (SDK GUID)		dxguid.lib:_GUID_RxAxis
0x001ef4c8	0x001ef4d8	16	.rdata	library-private data (SDK GUID)	excluded	library-private data (SDK GUID)		dxguid.lib:_GUID_RyAxis
0x001ef4d8	0x001ef4e8	16	.rdata	library-private data (SDK GUID)	excluded	library-private data (SDK GUID)		dxguid.lib:_GUID_RzAxis
0x001ef4e8	0x001ef4f8	16	.rdata	library-private data (SDK GUID)	excluded	library-private data (SDK GUID)		dxguid.lib:_GUID_Slider
0x001ef4f8	0x001ef508	16	.rdata	library-private data (SDK GUID)	excluded	library-private data (SDK GUID)		dxguid.lib:_GUID_Button
0x001ef508	0x001ef518	16	.rdata	library-private data (SDK GUID)	excluded	library-private data (SDK GUID)		dxguid.lib:_GUID_Key
0x001ef518	0x001ef528	16	.rdata	library-private data (SDK GUID)	excluded	library-private data (SDK GUID)		dxguid.lib:_GUID_POV
0x001ef528	0x001ef538	16	.rdata	library-private data (SDK GUID)	excluded	library-private data (SDK GUID)		dxguid.lib:_GUID_Unknown
0x001ef558	0x001ef568	16	.rdata	library-private data (SDK GUID)	excluded	library-private data (SDK GUID)		dxguid.lib:_GUID_Joystick
0x001ef568	0x001ef578	16	.rdata	library-private data (SDK GUID)	excluded	library-private data (SDK GUID)		dxguid.lib:_GUID_ConstantForce
0x001ef578	0x001ef588	16	.rdata	library-private data (SDK GUID)	excluded	library-private data (SDK GUID)		dxguid.lib:_GUID_RampForce
0x001ef588	0x001ef598	16	.rdata	library-private data (SDK GUID)	excluded	library-private data (SDK GUID)		dxguid.lib:_GUID_Square
0x001ef598	0x001ef5a8	16	.rdata	library-private data (SDK GUID)	excluded	library-private data (SDK GUID)		dxguid.lib:_GUID_Sine
0x001ef5a8	0x001ef5b8	16	.rdata	library-private data (SDK GUID)	excluded	library-private data (SDK GUID)		dxguid.lib:_GUID_Triangle
0x001ef5b8	0x001ef5c8	16	.rdata	library-private data (SDK GUID)	excluded	library-private data (SDK GUID)		dxguid.lib:_GUID_SawtoothUp
0x001ef5c8	0x001ef5d8	16	.rdata	library-private data (SDK GUID)	excluded	library-private data (SDK GUID)		dxguid.lib:_GUID_SawtoothDown
0x001ef5d8	0x001ef5e8	16	.rdata	library-private data (SDK GUID)	excluded	library-private data (SDK GUID)		dxguid.lib:_GUID_Spring
0x001ef5e8	0x001ef5f8	16	.rdata	library-private data (SDK GUID)	excluded	library-private data (SDK GUID)		dxguid.lib:_GUID_Damper
0x001ef5f8	0x001ef608	16	.rdata	library-private data (SDK GUID)	excluded	library-private data (SDK GUID)		dxguid.lib:_GUID_Inertia
0x001ef608	0x001ef618	16	.rdata	library-private data (SDK GUID)	excluded	library-private data (SDK GUID)		dxguid.lib:_GUID_Friction
0x001ef618	0x001ef628	16	.rdata	library-private data (SDK GUID)	excluded	library-private data (SDK GUID)		dxguid.lib:_GUID_CustomForce
0x001ef6dc	0x001ef6e0	4	.rdata	library-private data	excluded	library-private data		retail library tail; archive member unresolved
0x001ef6fc	0x001ef700	4	.rdata	library-private data	excluded	library-private data		retail library tail; archive member unresolved
0x001ef74c	0x001ef750	4	.rdata	library-private data	excluded	library-private data		retail library tail; archive member unresolved
0x001ef764	0x001ef768	4	.rdata	library-private data	excluded	library-private data		retail library tail; archive member unresolved
0x001ef7cc	0x001ef7d0	4	.rdata	library-private data	excluded	library-private data		retail library tail; archive member unresolved
0x001ef814	0x001ef818	4	.rdata	library-private data	excluded	library-private data		retail library tail; archive member unresolved
0x001ef818	0x001ef828	16	.rdata	library-private data (SDK GUID)	excluded	library-private data (SDK GUID)		dxguid.lib:_CLSID_DirectDraw
0x001ef828	0x001ef838	16	.rdata	library-private data (SDK GUID)	excluded	library-private data (SDK GUID)		dxguid.lib:_CLSID_DirectDrawClipper
0x001ef838	0x001ef848	16	.rdata	library-private data (SDK GUID)	excluded	library-private data (SDK GUID)		dxguid.lib:_IID_IDirectDraw
0x001ef858	0x001ef868	16	.rdata	library-private data (SDK GUID)	excluded	library-private data (SDK GUID)		dxguid.lib:_IID_IDirectDraw4
0x001ef868	0x001ef878	16	.rdata	library-private data (SDK GUID)	excluded	library-private data (SDK GUID)		dxguid.lib:_IID_IDirectDrawSurface
0x001ef878	0x001ef888	16	.rdata	library-private data (SDK GUID)	excluded	library-private data (SDK GUID)		dxguid.lib:_IID_IDirectDrawSurface2
0x001ef898	0x001ef8a8	16	.rdata	library-private data (SDK GUID)	excluded	library-private data (SDK GUID)		dxguid.lib:_IID_IDirectDrawSurface4
0x001ef8a8	0x001ef8b8	16	.rdata	library-private data (SDK GUID)	excluded	library-private data (SDK GUID)		dxguid.lib:_IID_IDirectDrawPalette
0x001ef8b8	0x001ef8c8	16	.rdata	library-private data (SDK GUID)	excluded	library-private data (SDK GUID)		dxguid.lib:_IID_IDirectDrawClipper
0x001ef8c8	0x001ef8d8	16	.rdata	library-private data (SDK GUID)	excluded	library-private data (SDK GUID)		dxguid.lib:_IID_IDirectDrawColorControl
0x001ef8d8	0x001ef8e8	16	.rdata	library-private data (SDK GUID)	excluded	library-private data (SDK GUID)		dxguid.lib:_IID_IDirectDrawGammaControl
0x001ef8e8	0x001ef8f8	16	.rdata	library-private data (SDK GUID)	excluded	library-private data (SDK GUID)		dxguid.lib:_IID_IDirect3D
0x001ef8f8	0x001ef908	16	.rdata	library-private data (SDK GUID)	excluded	library-private data (SDK GUID)		dxguid.lib:_IID_IDirect3D2
0x001ef908	0x001ef918	16	.rdata	library-private data (SDK GUID)	excluded	library-private data (SDK GUID)		dxguid.lib:_IID_IDirect3D3
0x001ef918	0x001ef928	16	.rdata	library-private data (SDK GUID)	excluded	library-private data (SDK GUID)		dxguid.lib:_IID_IDirect3DRampDevice
0x001ef928	0x001ef938	16	.rdata	library-private data (SDK GUID)	excluded	library-private data (SDK GUID)		dxguid.lib:_IID_IDirect3DRGBDevice
0x001ef938	0x001ef948	16	.rdata	library-private data (SDK GUID)	excluded	library-private data (SDK GUID)		dxguid.lib:_IID_IDirect3DHALDevice
0x001ef948	0x001ef958	16	.rdata	library-private data (SDK GUID)	excluded	library-private data (SDK GUID)		dxguid.lib:_IID_IDirect3DMMXDevice
0x001ef958	0x001ef968	16	.rdata	library-private data (SDK GUID)	excluded	library-private data (SDK GUID)		dxguid.lib:_IID_IDirect3DRefDevice
0x001ef968	0x001ef978	16	.rdata	library-private data (SDK GUID)	excluded	library-private data (SDK GUID)		dxguid.lib:_IID_IDirect3DNullDevice
0x001ef978	0x001ef988	16	.rdata	library-private data (SDK GUID)	excluded	library-private data (SDK GUID)		dxguid.lib:_IID_IDirect3DDevice
0x001ef988	0x001ef998	16	.rdata	library-private data (SDK GUID)	excluded	library-private data (SDK GUID)		dxguid.lib:_IID_IDirect3DDevice2
0x001ef998	0x001ef9a8	16	.rdata	library-private data (SDK GUID)	excluded	library-private data (SDK GUID)		dxguid.lib:_IID_IDirect3DDevice3
0x001ef9a8	0x001ef9b8	16	.rdata	library-private data (SDK GUID)	excluded	library-private data (SDK GUID)		dxguid.lib:_IID_IDirect3DTexture
0x001ef9b8	0x001ef9c8	16	.rdata	library-private data (SDK GUID)	excluded	library-private data (SDK GUID)		dxguid.lib:_IID_IDirect3DTexture2
0x001ef9c8	0x001ef9d8	16	.rdata	library-private data (SDK GUID)	excluded	library-private data (SDK GUID)		dxguid.lib:_IID_IDirect3DLight
0x001ef9d8	0x001ef9e8	16	.rdata	library-private data (SDK GUID)	excluded	library-private data (SDK GUID)		dxguid.lib:_IID_IDirect3DMaterial
0x001ef9e8	0x001ef9f8	16	.rdata	library-private data (SDK GUID)	excluded	library-private data (SDK GUID)		dxguid.lib:_IID_IDirect3DMaterial2
0x001ef9f8	0x001efa08	16	.rdata	library-private data (SDK GUID)	excluded	library-private data (SDK GUID)		dxguid.lib:_IID_IDirect3DMaterial3
0x001efa08	0x001efa18	16	.rdata	library-private data (SDK GUID)	excluded	library-private data (SDK GUID)		dxguid.lib:_IID_IDirect3DExecuteBuffer
0x001efa18	0x001efa28	16	.rdata	library-private data (SDK GUID)	excluded	library-private data (SDK GUID)		dxguid.lib:_IID_IDirect3DViewport
0x001efa28	0x001efa38	16	.rdata	library-private data (SDK GUID)	excluded	library-private data (SDK GUID)		dxguid.lib:_IID_IDirect3DViewport2
0x001efa38	0x001efa48	16	.rdata	library-private data (SDK GUID)	excluded	library-private data (SDK GUID)		dxguid.lib:_IID_IDirect3DViewport3
0x001efa48	0x001efa58	16	.rdata	library-private data (SDK GUID)	excluded	library-private data (SDK GUID)		dxguid.lib:_IID_IDirect3DVertexBuffer
0x001efab4	0x001efab8	4	.rdata	library-private data	excluded	library-private data		retail library tail; archive member unresolved
0x001efae4	0x001efae8	4	.rdata	library-private data	excluded	library-private data		retail library tail; archive member unresolved
0x001efb3c	0x001efb40	4	.rdata	library-private data	excluded	library-private data		retail library tail; archive member unresolved
0x001efb7c	0x001efb80	4	.rdata	library-private data	excluded	library-private data		retail library tail; archive member unresolved
0x001efbbc	0x001efbc0	4	.rdata	library-private data	excluded	library-private data		retail library tail; archive member unresolved
0x001efc2c	0x001efc30	4	.rdata	library-private data	excluded	library-private data		retail library tail; archive member unresolved
0x001efc54	0x001efc58	4	.rdata	library-private data	excluded	library-private data		retail library tail; archive member unresolved
0x001efc9c	0x001efca0	4	.rdata	library-private data	excluded	library-private data		retail library tail; archive member unresolved
0x001efcc4	0x001efcc8	4	.rdata	library-private data	excluded	library-private data		retail library tail; archive member unresolved
0x001efcfc	0x001efd00	4	.rdata	library-private data	excluded	library-private data		retail library tail; archive member unresolved
0x001efd84	0x001efd88	4	.rdata	library-private data	excluded	library-private data		retail library tail; archive member unresolved
0x001efe04	0x001efe08	4	.rdata	library-private data	excluded	library-private data		retail library tail; archive member unresolved
0x001efe64	0x001efe68	4	.rdata	library-private data	excluded	library-private data		retail library tail; archive member unresolved
0x001efe9c	0x001efea0	4	.rdata	library-private data	excluded	library-private data		retail library tail; archive member unresolved
0x001eff6c	0x001eff70	4	.rdata	library-private data	excluded	library-private data		retail library tail; archive member unresolved
0x001eff9c	0x001effa0	4	.rdata	library-private data	excluded	library-private data		retail library tail; archive member unresolved
0x001effcc	0x001effd0	4	.rdata	library-private data	excluded	library-private data		retail library tail; archive member unresolved
0x001f001c	0x001f0020	4	.rdata	library-private data	excluded	library-private data		retail library tail; archive member unresolved
0x001f00a4	0x001f00a8	4	.rdata	library-private data	excluded	library-private data		retail library tail; archive member unresolved
0x001f014c	0x001f0150	4	.rdata	library-private data	excluded	library-private data		retail library tail; archive member unresolved
0x001f02bc	0x001f02c0	4	.rdata	library-private data	excluded	library-private data		retail library tail; archive member unresolved
0x001f02d4	0x001f02d8	4	.rdata	library-private data	excluded	library-private data		retail library tail; archive member unresolved
0x001f0340	0x001f0344	4	.rdata	compiler: RTTI records	excluded	compiler: RTTI records		RTTI/EH record by content (cell chain -> TypeDescriptor)
0x001f0344	0x001f0378	52	.rdata	library-private data	excluded	library-private data		retail library tail; archive member unresolved
0x001f0378	0x001f0384	12	.rdata	compiler: RTTI records	excluded	compiler: RTTI records		RTTI/EH record by content (cell chain -> TypeDescriptor)
0x001f0384	0x001f0388	4	.rdata	library-private data	excluded	library-private data		retail library tail; archive member unresolved
0x001f0388	0x001f0394	12	.rdata	compiler: RTTI records	excluded	compiler: RTTI records		RTTI/EH record by content (cell chain -> TypeDescriptor)
0x001f0394	0x001f03b0	28	.rdata	library-private data	excluded	library-private data		retail library tail; archive member unresolved
0x001f03b0	0x001f03bc	12	.rdata	compiler: RTTI records	excluded	compiler: RTTI records		RTTI/EH record by content (cell chain -> TypeDescriptor)
0x001f03bc	0x001f03c8	12	.rdata	library-private data	excluded	library-private data		retail library tail; archive member unresolved
0x001f03c8	0x001f03d4	12	.rdata	compiler: RTTI records	excluded	compiler: RTTI records		RTTI/EH record by content (cell chain -> TypeDescriptor)
0x001f03d4	0x001f03e0	12	.rdata	library-private data	excluded	library-private data		retail library tail; archive member unresolved
0x001f03e0	0x001f03e4	4	.rdata	game-visible unenrolled data	eligible	library-private data	direct game/compiler code (8)	retail library tail; archive member unresolved
0x001f03e4	0x001f03f4	16	.rdata	library-private data	excluded	library-private data		retail library tail; archive member unresolved
0x001f03f4	0x001f03fc	8	.rdata	compiler: RTTI records	excluded	compiler: RTTI records		RTTI/EH record by content (cell chain -> TypeDescriptor)
0x001f03fc	0x001f0460	100	.rdata	library-private data	excluded	library-private data		retail library tail; archive member unresolved
0x001f0460	0x001f046c	12	.rdata	compiler: RTTI records	excluded	compiler: RTTI records		RTTI/EH record by content (cell chain -> TypeDescriptor)
0x001f046c	0x001f0470	4	.rdata	library-private data	excluded	library-private data		retail library tail; archive member unresolved
0x001f0470	0x001f047c	12	.rdata	compiler: RTTI records	excluded	compiler: RTTI records		RTTI/EH record by content (cell chain -> TypeDescriptor)
0x001f047c	0x001f0480	4	.rdata	library-private data	excluded	library-private data		retail library tail; archive member unresolved
0x001f0480	0x001f048c	12	.rdata	compiler: RTTI records	excluded	compiler: RTTI records		RTTI/EH record by content (cell chain -> TypeDescriptor)
0x001f048c	0x001f0490	4	.rdata	library-private data	excluded	library-private data		retail library tail; archive member unresolved
0x001f0490	0x001f049c	12	.rdata	compiler: RTTI records	excluded	compiler: RTTI records		RTTI/EH record by content (cell chain -> TypeDescriptor)
0x001f049c	0x001f04b0	20	.rdata	library-private data	excluded	library-private data		retail library tail; archive member unresolved
0x001f04c0	0x001f04c8	8	.rdata	library-private data	excluded	library-private data		retail library tail; archive member unresolved
0x001f04dc	0x001f04e4	8	.rdata	game-visible unenrolled data	eligible	library-private data	direct game/compiler code (1)	retail library tail; archive member unresolved
0x001f04ec	0x001f04f0	4	.rdata	library-private data	excluded	library-private data		retail library tail; archive member unresolved
0x001f0510	0x001f0514	4	.rdata	game-visible unenrolled data	eligible	library-private data	direct game/compiler code (3)	retail library tail; archive member unresolved
0x001f0514	0x001f0518	4	.rdata	game-visible unenrolled data	eligible	library-private data	direct game/compiler code (1)	retail library tail; archive member unresolved
0x001f0518	0x001f0520	8	.rdata	game-visible unenrolled data	eligible	library-private data	direct game/compiler code (2)	retail library tail; archive member unresolved
0x001f0524	0x001f0528	4	.rdata	library-private data	excluded	library-private data		retail library tail; archive member unresolved
0x001f0530	0x001f0538	8	.rdata	library-private data	excluded	library-private data		retail library tail; archive member unresolved
0x001f0538	0x001f0548	16	.rdata	library-private data (SDK GUID)	excluded	library-private data (SDK GUID)		dxguid.lib:_IID_IDirectPlay2
0x001f0548	0x001f0558	16	.rdata	library-private data (SDK GUID)	excluded	library-private data (SDK GUID)		dxguid.lib:_IID_IDirectPlay2A
0x001f0558	0x001f0568	16	.rdata	library-private data (SDK GUID)	excluded	library-private data (SDK GUID)		dxguid.lib:_IID_IDirectPlay3
0x001f0568	0x001f0578	16	.rdata	library-private data (SDK GUID)	excluded	library-private data (SDK GUID)		dxguid.lib:_IID_IDirectPlay3A
0x001f0578	0x001f0588	16	.rdata	library-private data (SDK GUID)	excluded	library-private data (SDK GUID)		dxguid.lib:_IID_IDirectPlay4
0x001f0598	0x001f05a8	16	.rdata	library-private data (SDK GUID)	excluded	library-private data (SDK GUID)		dxguid.lib:_CLSID_DirectPlay
0x001f05a8	0x001f05b8	16	.rdata	library-private data (SDK GUID)	excluded	library-private data (SDK GUID)		dxguid.lib:_DPSPGUID_IPX
0x001f05b8	0x001f05c8	16	.rdata	library-private data (SDK GUID)	excluded	library-private data (SDK GUID)		dxguid.lib:_DPSPGUID_TCPIP
0x001f05c8	0x001f05d8	16	.rdata	library-private data (SDK GUID)	excluded	library-private data (SDK GUID)		dxguid.lib:_DPSPGUID_SERIAL
0x001f05d8	0x001f05e8	16	.rdata	library-private data (SDK GUID)	excluded	library-private data (SDK GUID)		dxguid.lib:_DPSPGUID_MODEM
0x001f05e8	0x001f05f8	16	.rdata	library-private data (SDK GUID)	excluded	library-private data (SDK GUID)		dxguid.lib:_IID_IDirectPlayLobby
0x001f05f8	0x001f0608	16	.rdata	library-private data (SDK GUID)	excluded	library-private data (SDK GUID)		dxguid.lib:_IID_IDirectPlayLobbyA
0x001f0608	0x001f0618	16	.rdata	library-private data (SDK GUID)	excluded	library-private data (SDK GUID)		dxguid.lib:_IID_IDirectPlayLobby2
0x001f0618	0x001f0628	16	.rdata	library-private data (SDK GUID)	excluded	library-private data (SDK GUID)		dxguid.lib:_IID_IDirectPlayLobby2A
0x001f0628	0x001f0638	16	.rdata	library-private data (SDK GUID)	excluded	library-private data (SDK GUID)		dxguid.lib:_IID_IDirectPlayLobby3
0x001f0638	0x001f0648	16	.rdata	library-private data (SDK GUID)	excluded	library-private data (SDK GUID)		dxguid.lib:_IID_IDirectPlayLobby3A
0x001f0648	0x001f0658	16	.rdata	library-private data (SDK GUID)	excluded	library-private data (SDK GUID)		dxguid.lib:_CLSID_DirectPlayLobby
0x001f0658	0x001f0668	16	.rdata	library-private data (SDK GUID)	excluded	library-private data (SDK GUID)		dxguid.lib:_DPLPROPERTY_MessagesSupported
0x001f0668	0x001f0678	16	.rdata	library-private data (SDK GUID)	excluded	library-private data (SDK GUID)		dxguid.lib:_DPLPROPERTY_LobbyGuid
0x001f0678	0x001f0688	16	.rdata	library-private data (SDK GUID)	excluded	library-private data (SDK GUID)		dxguid.lib:_DPLPROPERTY_PlayerGuid
0x001f0688	0x001f0698	16	.rdata	library-private data (SDK GUID)	excluded	library-private data (SDK GUID)		dxguid.lib:_DPLPROPERTY_PlayerScore
0x001f0698	0x001f06a8	16	.rdata	library-private data (SDK GUID)	excluded	library-private data (SDK GUID)		dxguid.lib:_DPAID_TotalSize
0x001f06a8	0x001f06b8	16	.rdata	library-private data (SDK GUID)	excluded	library-private data (SDK GUID)		dxguid.lib:_DPAID_ServiceProvider
0x001f06b8	0x001f06c8	16	.rdata	library-private data (SDK GUID)	excluded	library-private data (SDK GUID)		dxguid.lib:_DPAID_LobbyProvider
0x001f06c8	0x001f06d8	16	.rdata	library-private data (SDK GUID)	excluded	library-private data (SDK GUID)		dxguid.lib:_DPAID_Phone
0x001f06d8	0x001f06e8	16	.rdata	library-private data (SDK GUID)	excluded	library-private data (SDK GUID)		dxguid.lib:_DPAID_PhoneW
0x001f06e8	0x001f06f8	16	.rdata	library-private data (SDK GUID)	excluded	library-private data (SDK GUID)		dxguid.lib:_DPAID_Modem
0x001f06f8	0x001f0708	16	.rdata	library-private data (SDK GUID)	excluded	library-private data (SDK GUID)		dxguid.lib:_DPAID_ModemW
0x001f0708	0x001f0718	16	.rdata	library-private data (SDK GUID)	excluded	library-private data (SDK GUID)		dxguid.lib:_DPAID_INet
0x001f0718	0x001f0728	16	.rdata	library-private data (SDK GUID)	excluded	library-private data (SDK GUID)		dxguid.lib:_DPAID_INetW
0x001f0728	0x001f0738	16	.rdata	library-private data (SDK GUID)	excluded	library-private data (SDK GUID)		dxguid.lib:_DPAID_INetPort
0x001f0738	0x001f0748	16	.rdata	library-private data (SDK GUID)	excluded	library-private data (SDK GUID)		dxguid.lib:_DPAID_ComPort
0x001f075c	0x001f0760	4	.rdata	library-private data	excluded	library-private data		retail library tail; archive member unresolved
0x001f0774	0x001f0778	4	.rdata	library-private data	excluded	library-private data		retail library tail; archive member unresolved
0x001f078c	0x001f0790	4	.rdata	library-private data	excluded	library-private data		retail library tail; archive member unresolved
0x001f07a4	0x001f07a8	4	.rdata	library-private data	excluded	library-private data		retail library tail; archive member unresolved
0x001f07d4	0x001f07d8	4	.rdata	library-private data	excluded	library-private data		retail library tail; archive member unresolved
0x001f07f0	0x001f07f4	4	.rdata	library-private data	excluded	library-private data		retail library tail; archive member unresolved
0x001f0824	0x001f0828	4	.rdata	library-private data	excluded	library-private data		retail library tail; archive member unresolved
0x001f082c	0x001f0830	4	.rdata	library-private data	excluded	library-private data		retail library tail; archive member unresolved
0x001f0884	0x001f0888	4	.rdata	library-private data	excluded	library-private data		retail library tail; archive member unresolved
0x001f08a4	0x001f08a8	4	.rdata	library-private data	excluded	library-private data		retail library tail; archive member unresolved
0x001f0934	0x001f0950	28	.rdata	library-private data	excluded	library-private data		retail library tail; archive member unresolved
0x001f0950	0x001f0964	20	.rdata	compiler: RTTI records	excluded	compiler: RTTI records		RTTI/EH record by content (cell chain -> TypeDescriptor)
0x001f0964	0x001f09d4	112	.rdata	library-private data	excluded	library-private data		retail library tail; archive member unresolved
0x001f09d4	0x001f09ec	24	.rdata	compiler: RTTI records	excluded	compiler: RTTI records		RTTI/EH record by content (cell chain -> TypeDescriptor)
0x001f09ec	0x001f0ab0	196	.rdata	library-private data	excluded	library-private data		retail library tail; archive member unresolved
0x001f0ab0	0x001f0ab8	8	.rdata	game-visible unenrolled data	eligible	library-private data	direct game/compiler code (3)	retail library tail; archive member unresolved
0x001f0ab8	0x001f0ac8	16	.rdata	library-private data	excluded	library-private data		retail library tail; archive member unresolved
0x001f0ac8	0x001f0ad4	12	.rdata	compiler: RTTI records	excluded	compiler: RTTI records		RTTI/EH record by content (cell chain -> TypeDescriptor)
0x001f0ad4	0x001f1f20	5196	.rdata	library-private data	excluded	library-private data		retail library tail; archive member unresolved
0x001f1f38	0x001f1f40	8	.rdata	compiler: RTTI records	excluded	compiler: RTTI records		retail .rdata$r contribution group
0x001f1f58	0x001f1f60	8	.rdata	compiler: RTTI records	excluded	compiler: RTTI records		retail .rdata$r contribution group
0x001f1f71	0x001f1f78	7	.rdata	compiler: RTTI records	excluded	compiler: RTTI records		retail .rdata$r contribution group
0x001f1f88	0x001f1f90	8	.rdata	compiler: RTTI records	excluded	compiler: RTTI records		retail .rdata$r contribution group
0x001f1fa4	0x001f1fa8	4	.rdata	compiler: RTTI records	excluded	compiler: RTTI records		retail .rdata$r contribution group
0x001f1fc0	0x001f1fc8	8	.rdata	compiler: RTTI records	excluded	compiler: RTTI records		retail .rdata$r contribution group
0x001f1fd1	0x001f1fd8	7	.rdata	compiler: RTTI records	excluded	compiler: RTTI records		retail .rdata$r contribution group
0x001f1fe8	0x001f1ff0	8	.rdata	compiler: RTTI records	excluded	compiler: RTTI records		retail .rdata$r contribution group
0x001f2004	0x001f2008	4	.rdata	compiler: RTTI records	excluded	compiler: RTTI records		retail .rdata$r contribution group
0x001f2020	0x001f2024	4	.rdata	compiler: RTTI records	excluded	compiler: RTTI records		retail .rdata$r contribution group
0x001f2029	0x001f2030	7	.rdata	compiler: RTTI records	excluded	compiler: RTTI records		retail .rdata$r contribution group
0x001f2040	0x001f2048	8	.rdata	compiler: RTTI records	excluded	compiler: RTTI records		retail .rdata$r contribution group
0x001f205c	0x001f2060	4	.rdata	compiler: RTTI records	excluded	compiler: RTTI records		retail .rdata$r contribution group
0x001f2078	0x001f2080	8	.rdata	compiler: RTTI records	excluded	compiler: RTTI records		retail .rdata$r contribution group
0x001f2098	0x001f20a0	8	.rdata	compiler: RTTI records	excluded	compiler: RTTI records		retail .rdata$r contribution group
0x001f20b8	0x001f20c0	8	.rdata	compiler: RTTI records	excluded	compiler: RTTI records		retail .rdata$r contribution group
0x001f20d8	0x001f20e0	8	.rdata	compiler: RTTI records	excluded	compiler: RTTI records		retail .rdata$r contribution group
0x001f20f1	0x001f20f8	7	.rdata	compiler: RTTI records	excluded	compiler: RTTI records		retail .rdata$r contribution group
0x001f2108	0x001f2110	8	.rdata	compiler: RTTI records	excluded	compiler: RTTI records		retail .rdata$r contribution group
0x001f2124	0x001f2128	4	.rdata	compiler: RTTI records	excluded	compiler: RTTI records		retail .rdata$r contribution group
0x001f2140	0x001f2148	8	.rdata	compiler: RTTI records	excluded	compiler: RTTI records		retail .rdata$r contribution group
0x001f2151	0x001f2158	7	.rdata	compiler: RTTI records	excluded	compiler: RTTI records		retail .rdata$r contribution group
0x001f2168	0x001f2170	8	.rdata	compiler: RTTI records	excluded	compiler: RTTI records		retail .rdata$r contribution group
0x001f2184	0x001f2188	4	.rdata	compiler: RTTI records	excluded	compiler: RTTI records		retail .rdata$r contribution group
0x001f21a0	0x001f21a8	8	.rdata	compiler: RTTI records	excluded	compiler: RTTI records		retail .rdata$r contribution group
0x001f21b5	0x001f21b8	3	.rdata	compiler: RTTI records	excluded	compiler: RTTI records		retail .rdata$r contribution group
0x001f21c8	0x001f21d0	8	.rdata	compiler: RTTI records	excluded	compiler: RTTI records		retail .rdata$r contribution group
0x001f21e4	0x001f21e8	4	.rdata	compiler: RTTI records	excluded	compiler: RTTI records		retail .rdata$r contribution group
0x001f2200	0x001f2208	8	.rdata	compiler: RTTI records	excluded	compiler: RTTI records		retail .rdata$r contribution group
0x001f2215	0x001f2218	3	.rdata	compiler: RTTI records	excluded	compiler: RTTI records		retail .rdata$r contribution group
0x001f2228	0x001f2230	8	.rdata	compiler: RTTI records	excluded	compiler: RTTI records		retail .rdata$r contribution group
0x001f2244	0x001f2248	4	.rdata	compiler: RTTI records	excluded	compiler: RTTI records		retail .rdata$r contribution group
0x001f2260	0x001f2268	8	.rdata	compiler: RTTI records	excluded	compiler: RTTI records		retail .rdata$r contribution group
0x001f2279	0x001f2280	7	.rdata	compiler: RTTI records	excluded	compiler: RTTI records		retail .rdata$r contribution group
0x001f2290	0x001f2298	8	.rdata	compiler: RTTI records	excluded	compiler: RTTI records		retail .rdata$r contribution group
0x001f22ac	0x001f22b0	4	.rdata	compiler: RTTI records	excluded	compiler: RTTI records		retail .rdata$r contribution group
0x001f22c8	0x001f22d0	8	.rdata	compiler: RTTI records	excluded	compiler: RTTI records		retail .rdata$r contribution group
0x001f22e1	0x001f22e8	7	.rdata	compiler: RTTI records	excluded	compiler: RTTI records		retail .rdata$r contribution group
0x001f22f8	0x001f2300	8	.rdata	compiler: RTTI records	excluded	compiler: RTTI records		retail .rdata$r contribution group
0x001f2314	0x001f2318	4	.rdata	compiler: RTTI records	excluded	compiler: RTTI records		retail .rdata$r contribution group
0x001f2330	0x001f2338	8	.rdata	compiler: RTTI records	excluded	compiler: RTTI records		retail .rdata$r contribution group
0x001f2349	0x001f2350	7	.rdata	compiler: RTTI records	excluded	compiler: RTTI records		retail .rdata$r contribution group
0x001f2360	0x001f2368	8	.rdata	compiler: RTTI records	excluded	compiler: RTTI records		retail .rdata$r contribution group
0x001f237c	0x001f2380	4	.rdata	compiler: RTTI records	excluded	compiler: RTTI records		retail .rdata$r contribution group
0x001f2398	0x001f23a0	8	.rdata	compiler: RTTI records	excluded	compiler: RTTI records		retail .rdata$r contribution group
0x001f23b1	0x001f23b8	7	.rdata	compiler: RTTI records	excluded	compiler: RTTI records		retail .rdata$r contribution group
0x001f23c8	0x001f23d0	8	.rdata	compiler: RTTI records	excluded	compiler: RTTI records		retail .rdata$r contribution group
0x001f23e4	0x001f23e8	4	.rdata	compiler: RTTI records	excluded	compiler: RTTI records		retail .rdata$r contribution group
0x001f2400	0x001f2408	8	.rdata	compiler: RTTI records	excluded	compiler: RTTI records		retail .rdata$r contribution group
0x001f241d	0x001f2428	11	.rdata	compiler: RTTI records	excluded	compiler: RTTI records		retail .rdata$r contribution group
0x001f2438	0x001f2440	8	.rdata	compiler: RTTI records	excluded	compiler: RTTI records		retail .rdata$r contribution group
0x001f2454	0x001f2458	4	.rdata	compiler: RTTI records	excluded	compiler: RTTI records		retail .rdata$r contribution group
0x001f2470	0x001f2478	8	.rdata	compiler: RTTI records	excluded	compiler: RTTI records		retail .rdata$r contribution group
0x001f2489	0x001f2490	7	.rdata	compiler: RTTI records	excluded	compiler: RTTI records		retail .rdata$r contribution group
0x001f24a0	0x001f24a8	8	.rdata	compiler: RTTI records	excluded	compiler: RTTI records		retail .rdata$r contribution group
0x001f24bc	0x001f24c0	4	.rdata	compiler: RTTI records	excluded	compiler: RTTI records		retail .rdata$r contribution group
0x001f24d8	0x001f24e0	8	.rdata	compiler: RTTI records	excluded	compiler: RTTI records		retail .rdata$r contribution group
0x001f24f1	0x001f24f8	7	.rdata	compiler: RTTI records	excluded	compiler: RTTI records		retail .rdata$r contribution group
0x001f2508	0x001f2510	8	.rdata	compiler: RTTI records	excluded	compiler: RTTI records		retail .rdata$r contribution group
0x001f2524	0x001f2528	4	.rdata	compiler: RTTI records	excluded	compiler: RTTI records		retail .rdata$r contribution group
0x001f2540	0x001f2548	8	.rdata	compiler: RTTI records	excluded	compiler: RTTI records		retail .rdata$r contribution group
0x001f2559	0x001f2560	7	.rdata	compiler: RTTI records	excluded	compiler: RTTI records		retail .rdata$r contribution group
0x001f2570	0x001f2578	8	.rdata	compiler: RTTI records	excluded	compiler: RTTI records		retail .rdata$r contribution group
0x001f258c	0x001f2590	4	.rdata	compiler: RTTI records	excluded	compiler: RTTI records		retail .rdata$r contribution group
0x001f25a8	0x001f25b0	8	.rdata	compiler: RTTI records	excluded	compiler: RTTI records		retail .rdata$r contribution group
0x001f25c1	0x001f25c8	7	.rdata	compiler: RTTI records	excluded	compiler: RTTI records		retail .rdata$r contribution group
0x001f25d8	0x001f25e0	8	.rdata	compiler: RTTI records	excluded	compiler: RTTI records		retail .rdata$r contribution group
0x001f25f4	0x001f25f8	4	.rdata	compiler: RTTI records	excluded	compiler: RTTI records		retail .rdata$r contribution group
0x001f2610	0x001f2618	8	.rdata	compiler: RTTI records	excluded	compiler: RTTI records		retail .rdata$r contribution group
0x001f2629	0x001f2630	7	.rdata	compiler: RTTI records	excluded	compiler: RTTI records		retail .rdata$r contribution group
0x001f2640	0x001f2648	8	.rdata	compiler: RTTI records	excluded	compiler: RTTI records		retail .rdata$r contribution group
0x001f265c	0x001f2660	4	.rdata	compiler: RTTI records	excluded	compiler: RTTI records		retail .rdata$r contribution group
0x001f2678	0x001f2680	8	.rdata	compiler: RTTI records	excluded	compiler: RTTI records		retail .rdata$r contribution group
0x001f2695	0x001f26a0	11	.rdata	compiler: RTTI records	excluded	compiler: RTTI records		retail .rdata$r contribution group
0x001f26b0	0x001f26b8	8	.rdata	compiler: RTTI records	excluded	compiler: RTTI records		retail .rdata$r contribution group
0x001f26cc	0x001f26d0	4	.rdata	compiler: RTTI records	excluded	compiler: RTTI records		retail .rdata$r contribution group
0x001f26e8	0x001f26f0	8	.rdata	compiler: RTTI records	excluded	compiler: RTTI records		retail .rdata$r contribution group
0x001f2701	0x001f2708	7	.rdata	compiler: RTTI records	excluded	compiler: RTTI records		retail .rdata$r contribution group
0x001f2718	0x001f2720	8	.rdata	compiler: RTTI records	excluded	compiler: RTTI records		retail .rdata$r contribution group
0x001f2734	0x001f2738	4	.rdata	compiler: RTTI records	excluded	compiler: RTTI records		retail .rdata$r contribution group
0x001f2750	0x001f2758	8	.rdata	compiler: RTTI records	excluded	compiler: RTTI records		retail .rdata$r contribution group
0x001f2769	0x001f2770	7	.rdata	compiler: RTTI records	excluded	compiler: RTTI records		retail .rdata$r contribution group
0x001f2780	0x001f2788	8	.rdata	compiler: RTTI records	excluded	compiler: RTTI records		retail .rdata$r contribution group
0x001f279c	0x001f27a0	4	.rdata	compiler: RTTI records	excluded	compiler: RTTI records		retail .rdata$r contribution group
0x001f27b8	0x001f27c0	8	.rdata	compiler: RTTI records	excluded	compiler: RTTI records		retail .rdata$r contribution group
0x001f27d5	0x001f27e0	11	.rdata	compiler: RTTI records	excluded	compiler: RTTI records		retail .rdata$r contribution group
0x001f27f0	0x001f27f8	8	.rdata	compiler: RTTI records	excluded	compiler: RTTI records		retail .rdata$r contribution group
0x001f280c	0x001f2810	4	.rdata	compiler: RTTI records	excluded	compiler: RTTI records		retail .rdata$r contribution group
0x001f2828	0x001f2830	8	.rdata	compiler: RTTI records	excluded	compiler: RTTI records		retail .rdata$r contribution group
0x001f2841	0x001f2848	7	.rdata	compiler: RTTI records	excluded	compiler: RTTI records		retail .rdata$r contribution group
0x001f2858	0x001f2860	8	.rdata	compiler: RTTI records	excluded	compiler: RTTI records		retail .rdata$r contribution group
0x001f2874	0x001f2878	4	.rdata	compiler: RTTI records	excluded	compiler: RTTI records		retail .rdata$r contribution group
0x001f2890	0x001f2898	8	.rdata	compiler: RTTI records	excluded	compiler: RTTI records		retail .rdata$r contribution group
0x001f28a9	0x001f28b0	7	.rdata	compiler: RTTI records	excluded	compiler: RTTI records		retail .rdata$r contribution group
0x001f28c0	0x001f28c8	8	.rdata	compiler: RTTI records	excluded	compiler: RTTI records		retail .rdata$r contribution group
0x001f28dc	0x001f28e0	4	.rdata	compiler: RTTI records	excluded	compiler: RTTI records		retail .rdata$r contribution group
0x001f28f8	0x001f2900	8	.rdata	compiler: RTTI records	excluded	compiler: RTTI records		retail .rdata$r contribution group
0x001f2911	0x001f2918	7	.rdata	compiler: RTTI records	excluded	compiler: RTTI records		retail .rdata$r contribution group
0x001f2928	0x001f2930	8	.rdata	compiler: RTTI records	excluded	compiler: RTTI records		retail .rdata$r contribution group
0x001f2944	0x001f2948	4	.rdata	compiler: RTTI records	excluded	compiler: RTTI records		retail .rdata$r contribution group
0x001f2960	0x001f2968	8	.rdata	compiler: RTTI records	excluded	compiler: RTTI records		retail .rdata$r contribution group
0x001f2979	0x001f2980	7	.rdata	compiler: RTTI records	excluded	compiler: RTTI records		retail .rdata$r contribution group
0x001f2990	0x001f2998	8	.rdata	compiler: RTTI records	excluded	compiler: RTTI records		retail .rdata$r contribution group
0x001f29ac	0x001f29b0	4	.rdata	compiler: RTTI records	excluded	compiler: RTTI records		retail .rdata$r contribution group
0x001f29c8	0x001f29d0	8	.rdata	compiler: RTTI records	excluded	compiler: RTTI records		retail .rdata$r contribution group
0x001f29e1	0x001f29e8	7	.rdata	compiler: RTTI records	excluded	compiler: RTTI records		retail .rdata$r contribution group
0x001f29f8	0x001f2a00	8	.rdata	compiler: RTTI records	excluded	compiler: RTTI records		retail .rdata$r contribution group
0x001f2a14	0x001f2a18	4	.rdata	compiler: RTTI records	excluded	compiler: RTTI records		retail .rdata$r contribution group
0x001f2a30	0x001f2a38	8	.rdata	compiler: RTTI records	excluded	compiler: RTTI records		retail .rdata$r contribution group
0x001f2a49	0x001f2a50	7	.rdata	compiler: RTTI records	excluded	compiler: RTTI records		retail .rdata$r contribution group
0x001f2a60	0x001f2a68	8	.rdata	compiler: RTTI records	excluded	compiler: RTTI records		retail .rdata$r contribution group
0x001f2a7c	0x001f2a80	4	.rdata	compiler: RTTI records	excluded	compiler: RTTI records		retail .rdata$r contribution group
0x001f2a91	0x001f2a98	7	.rdata	compiler: RTTI records	excluded	compiler: RTTI records		retail .rdata$r contribution group
0x001f2aa8	0x001f2ab0	8	.rdata	compiler: RTTI records	excluded	compiler: RTTI records		retail .rdata$r contribution group
0x001f2ac4	0x001f2ac8	4	.rdata	compiler: RTTI records	excluded	compiler: RTTI records		retail .rdata$r contribution group
0x001f2ae0	0x001f2ae8	8	.rdata	compiler: RTTI records	excluded	compiler: RTTI records		retail .rdata$r contribution group
0x001f2af9	0x001f2b00	7	.rdata	compiler: RTTI records	excluded	compiler: RTTI records		retail .rdata$r contribution group
0x001f2b10	0x001f2b18	8	.rdata	compiler: RTTI records	excluded	compiler: RTTI records		retail .rdata$r contribution group
0x001f2b2c	0x001f2b30	4	.rdata	compiler: RTTI records	excluded	compiler: RTTI records		retail .rdata$r contribution group
0x001f2b48	0x001f2b50	8	.rdata	compiler: RTTI records	excluded	compiler: RTTI records		retail .rdata$r contribution group
0x001f2b61	0x001f2b68	7	.rdata	compiler: RTTI records	excluded	compiler: RTTI records		retail .rdata$r contribution group
0x001f2b78	0x001f2b80	8	.rdata	compiler: RTTI records	excluded	compiler: RTTI records		retail .rdata$r contribution group
0x001f2b94	0x001f2b98	4	.rdata	compiler: RTTI records	excluded	compiler: RTTI records		retail .rdata$r contribution group
0x001f2bb0	0x001f2bb8	8	.rdata	compiler: RTTI records	excluded	compiler: RTTI records		retail .rdata$r contribution group
0x001f2bc9	0x001f2bd0	7	.rdata	compiler: RTTI records	excluded	compiler: RTTI records		retail .rdata$r contribution group
0x001f2be0	0x001f2be8	8	.rdata	compiler: RTTI records	excluded	compiler: RTTI records		retail .rdata$r contribution group
0x001f2bfc	0x001f2c00	4	.rdata	compiler: RTTI records	excluded	compiler: RTTI records		retail .rdata$r contribution group
0x001f2c18	0x001f2c20	8	.rdata	compiler: RTTI records	excluded	compiler: RTTI records		retail .rdata$r contribution group
0x001f2c35	0x001f2c40	11	.rdata	compiler: RTTI records	excluded	compiler: RTTI records		retail .rdata$r contribution group
0x001f2c50	0x001f2c58	8	.rdata	compiler: RTTI records	excluded	compiler: RTTI records		retail .rdata$r contribution group
0x001f2c6c	0x001f2c70	4	.rdata	compiler: RTTI records	excluded	compiler: RTTI records		retail .rdata$r contribution group
0x001f2c88	0x001f2c90	8	.rdata	compiler: RTTI records	excluded	compiler: RTTI records		retail .rdata$r contribution group
0x001f2ca1	0x001f2ca8	7	.rdata	compiler: RTTI records	excluded	compiler: RTTI records		retail .rdata$r contribution group
0x001f2cb8	0x001f2cc0	8	.rdata	compiler: RTTI records	excluded	compiler: RTTI records		retail .rdata$r contribution group
0x001f2cd4	0x001f2cd8	4	.rdata	compiler: RTTI records	excluded	compiler: RTTI records		retail .rdata$r contribution group
0x001f2cf0	0x001f2cf8	8	.rdata	compiler: RTTI records	excluded	compiler: RTTI records		retail .rdata$r contribution group
0x001f2d11	0x001f2d18	7	.rdata	compiler: RTTI records	excluded	compiler: RTTI records		retail .rdata$r contribution group
0x001f2d28	0x001f2d30	8	.rdata	compiler: RTTI records	excluded	compiler: RTTI records		retail .rdata$r contribution group
0x001f2d44	0x001f2d48	4	.rdata	compiler: RTTI records	excluded	compiler: RTTI records		retail .rdata$r contribution group
0x001f2d60	0x001f2d68	8	.rdata	compiler: RTTI records	excluded	compiler: RTTI records		retail .rdata$r contribution group
0x001f2d79	0x001f2d80	7	.rdata	compiler: RTTI records	excluded	compiler: RTTI records		retail .rdata$r contribution group
0x001f2d90	0x001f2d98	8	.rdata	compiler: RTTI records	excluded	compiler: RTTI records		retail .rdata$r contribution group
0x001f2dac	0x001f2db0	4	.rdata	compiler: RTTI records	excluded	compiler: RTTI records		retail .rdata$r contribution group
0x001f2dc8	0x001f2dd0	8	.rdata	compiler: RTTI records	excluded	compiler: RTTI records		retail .rdata$r contribution group
0x001f2de1	0x001f2de8	7	.rdata	compiler: RTTI records	excluded	compiler: RTTI records		retail .rdata$r contribution group
0x001f2df8	0x001f2e00	8	.rdata	compiler: RTTI records	excluded	compiler: RTTI records		retail .rdata$r contribution group
0x001f2e14	0x001f2e18	4	.rdata	compiler: RTTI records	excluded	compiler: RTTI records		retail .rdata$r contribution group
0x001f2e30	0x001f2e38	8	.rdata	compiler: RTTI records	excluded	compiler: RTTI records		retail .rdata$r contribution group
0x001f2e49	0x001f2e50	7	.rdata	compiler: RTTI records	excluded	compiler: RTTI records		retail .rdata$r contribution group
0x001f2e60	0x001f2e68	8	.rdata	compiler: RTTI records	excluded	compiler: RTTI records		retail .rdata$r contribution group
0x001f2e7c	0x001f2e80	4	.rdata	compiler: RTTI records	excluded	compiler: RTTI records		retail .rdata$r contribution group
0x001f2e98	0x001f2ea0	8	.rdata	compiler: RTTI records	excluded	compiler: RTTI records		retail .rdata$r contribution group
0x001f2eb1	0x001f2eb8	7	.rdata	compiler: RTTI records	excluded	compiler: RTTI records		retail .rdata$r contribution group
0x001f2ec8	0x001f2ed0	8	.rdata	compiler: RTTI records	excluded	compiler: RTTI records		retail .rdata$r contribution group
0x001f2ee4	0x001f2ee8	4	.rdata	compiler: RTTI records	excluded	compiler: RTTI records		retail .rdata$r contribution group
0x001f2f00	0x001f2f08	8	.rdata	compiler: RTTI records	excluded	compiler: RTTI records		retail .rdata$r contribution group
0x001f2f19	0x001f2f20	7	.rdata	compiler: RTTI records	excluded	compiler: RTTI records		retail .rdata$r contribution group
0x001f2f30	0x001f2f38	8	.rdata	compiler: RTTI records	excluded	compiler: RTTI records		retail .rdata$r contribution group
0x001f2f4c	0x001f2f50	4	.rdata	compiler: RTTI records	excluded	compiler: RTTI records		retail .rdata$r contribution group
0x001f2f68	0x001f2f70	8	.rdata	compiler: RTTI records	excluded	compiler: RTTI records		retail .rdata$r contribution group
0x001f2f81	0x001f2f88	7	.rdata	compiler: RTTI records	excluded	compiler: RTTI records		retail .rdata$r contribution group
0x001f2f98	0x001f2fa0	8	.rdata	compiler: RTTI records	excluded	compiler: RTTI records		retail .rdata$r contribution group
0x001f2fb4	0x001f2fb8	4	.rdata	compiler: RTTI records	excluded	compiler: RTTI records		retail .rdata$r contribution group
0x001f2fd0	0x001f2fd8	8	.rdata	compiler: RTTI records	excluded	compiler: RTTI records		retail .rdata$r contribution group
0x001f2fe9	0x001f2ff0	7	.rdata	compiler: RTTI records	excluded	compiler: RTTI records		retail .rdata$r contribution group
0x001f3000	0x001f3008	8	.rdata	compiler: RTTI records	excluded	compiler: RTTI records		retail .rdata$r contribution group
0x001f301c	0x001f3020	4	.rdata	compiler: RTTI records	excluded	compiler: RTTI records		retail .rdata$r contribution group
0x001f3038	0x001f3040	8	.rdata	compiler: RTTI records	excluded	compiler: RTTI records		retail .rdata$r contribution group
0x001f3051	0x001f3058	7	.rdata	compiler: RTTI records	excluded	compiler: RTTI records		retail .rdata$r contribution group
0x001f3068	0x001f3070	8	.rdata	compiler: RTTI records	excluded	compiler: RTTI records		retail .rdata$r contribution group
0x001f3084	0x001f3088	4	.rdata	compiler: RTTI records	excluded	compiler: RTTI records		retail .rdata$r contribution group
0x001f30a0	0x001f30a8	8	.rdata	compiler: RTTI records	excluded	compiler: RTTI records		retail .rdata$r contribution group
0x001f30b9	0x001f30c0	7	.rdata	compiler: RTTI records	excluded	compiler: RTTI records		retail .rdata$r contribution group
0x001f30d0	0x001f30d8	8	.rdata	compiler: RTTI records	excluded	compiler: RTTI records		retail .rdata$r contribution group
0x001f30ec	0x001f30f0	4	.rdata	compiler: RTTI records	excluded	compiler: RTTI records		retail .rdata$r contribution group
0x001f3108	0x001f3110	8	.rdata	compiler: RTTI records	excluded	compiler: RTTI records		retail .rdata$r contribution group
0x001f3121	0x001f3128	7	.rdata	compiler: RTTI records	excluded	compiler: RTTI records		retail .rdata$r contribution group
0x001f3138	0x001f3140	8	.rdata	compiler: RTTI records	excluded	compiler: RTTI records		retail .rdata$r contribution group
0x001f3154	0x001f3158	4	.rdata	compiler: RTTI records	excluded	compiler: RTTI records		retail .rdata$r contribution group
0x001f3170	0x001f3178	8	.rdata	compiler: RTTI records	excluded	compiler: RTTI records		retail .rdata$r contribution group
0x001f3189	0x001f3190	7	.rdata	compiler: RTTI records	excluded	compiler: RTTI records		retail .rdata$r contribution group
0x001f31a0	0x001f31a8	8	.rdata	compiler: RTTI records	excluded	compiler: RTTI records		retail .rdata$r contribution group
0x001f31bc	0x001f31c0	4	.rdata	compiler: RTTI records	excluded	compiler: RTTI records		retail .rdata$r contribution group
0x001f31d8	0x001f31e0	8	.rdata	compiler: RTTI records	excluded	compiler: RTTI records		retail .rdata$r contribution group
0x001f31f1	0x001f31f8	7	.rdata	compiler: RTTI records	excluded	compiler: RTTI records		retail .rdata$r contribution group
0x001f3208	0x001f3210	8	.rdata	compiler: RTTI records	excluded	compiler: RTTI records		retail .rdata$r contribution group
0x001f3224	0x001f3228	4	.rdata	compiler: RTTI records	excluded	compiler: RTTI records		retail .rdata$r contribution group
0x001f3240	0x001f3248	8	.rdata	compiler: RTTI records	excluded	compiler: RTTI records		retail .rdata$r contribution group
0x001f3259	0x001f3260	7	.rdata	compiler: RTTI records	excluded	compiler: RTTI records		retail .rdata$r contribution group
0x001f3270	0x001f3278	8	.rdata	compiler: RTTI records	excluded	compiler: RTTI records		retail .rdata$r contribution group
0x001f328c	0x001f3290	4	.rdata	compiler: RTTI records	excluded	compiler: RTTI records		retail .rdata$r contribution group
0x001f32a8	0x001f32b0	8	.rdata	compiler: RTTI records	excluded	compiler: RTTI records		retail .rdata$r contribution group
0x001f32c5	0x001f32d0	11	.rdata	compiler: RTTI records	excluded	compiler: RTTI records		retail .rdata$r contribution group
0x001f32e0	0x001f32e8	8	.rdata	compiler: RTTI records	excluded	compiler: RTTI records		retail .rdata$r contribution group
0x001f32fc	0x001f3300	4	.rdata	compiler: RTTI records	excluded	compiler: RTTI records		retail .rdata$r contribution group
0x001f3318	0x001f3320	8	.rdata	compiler: RTTI records	excluded	compiler: RTTI records		retail .rdata$r contribution group
0x001f3331	0x001f3338	7	.rdata	compiler: RTTI records	excluded	compiler: RTTI records		retail .rdata$r contribution group
0x001f3348	0x001f3350	8	.rdata	compiler: RTTI records	excluded	compiler: RTTI records		retail .rdata$r contribution group
0x001f3364	0x001f3368	4	.rdata	compiler: RTTI records	excluded	compiler: RTTI records		retail .rdata$r contribution group
0x001f3380	0x001f3388	8	.rdata	compiler: RTTI records	excluded	compiler: RTTI records		retail .rdata$r contribution group
0x001f339d	0x001f33a8	11	.rdata	compiler: RTTI records	excluded	compiler: RTTI records		retail .rdata$r contribution group
0x001f33b8	0x001f33c0	8	.rdata	compiler: RTTI records	excluded	compiler: RTTI records		retail .rdata$r contribution group
0x001f33d4	0x001f33d8	4	.rdata	compiler: RTTI records	excluded	compiler: RTTI records		retail .rdata$r contribution group
0x001f33f0	0x001f33f8	8	.rdata	compiler: RTTI records	excluded	compiler: RTTI records		retail .rdata$r contribution group
0x001f3410	0x001f3418	8	.rdata	compiler: RTTI records	excluded	compiler: RTTI records		retail .rdata$r contribution group
0x001f342d	0x001f3438	11	.rdata	compiler: RTTI records	excluded	compiler: RTTI records		retail .rdata$r contribution group
0x001f3448	0x001f3450	8	.rdata	compiler: RTTI records	excluded	compiler: RTTI records		retail .rdata$r contribution group
0x001f3464	0x001f3468	4	.rdata	compiler: RTTI records	excluded	compiler: RTTI records		retail .rdata$r contribution group
0x001f3480	0x001f3488	8	.rdata	compiler: RTTI records	excluded	compiler: RTTI records		retail .rdata$r contribution group
0x001f349d	0x001f34a8	11	.rdata	compiler: RTTI records	excluded	compiler: RTTI records		retail .rdata$r contribution group
0x001f34b8	0x001f34c0	8	.rdata	compiler: RTTI records	excluded	compiler: RTTI records		retail .rdata$r contribution group
0x001f34d4	0x001f34d8	4	.rdata	compiler: RTTI records	excluded	compiler: RTTI records		retail .rdata$r contribution group
0x001f34f0	0x001f34f8	8	.rdata	compiler: RTTI records	excluded	compiler: RTTI records		retail .rdata$r contribution group
0x001f3509	0x001f3510	7	.rdata	compiler: RTTI records	excluded	compiler: RTTI records		retail .rdata$r contribution group
0x001f3520	0x001f3528	8	.rdata	compiler: RTTI records	excluded	compiler: RTTI records		retail .rdata$r contribution group
0x001f353c	0x001f3540	4	.rdata	compiler: RTTI records	excluded	compiler: RTTI records		retail .rdata$r contribution group
0x001f3558	0x001f3560	8	.rdata	compiler: RTTI records	excluded	compiler: RTTI records		retail .rdata$r contribution group
0x001f3571	0x001f3578	7	.rdata	compiler: RTTI records	excluded	compiler: RTTI records		retail .rdata$r contribution group
0x001f3588	0x001f3590	8	.rdata	compiler: RTTI records	excluded	compiler: RTTI records		retail .rdata$r contribution group
0x001f35a4	0x001f35a8	4	.rdata	compiler: RTTI records	excluded	compiler: RTTI records		retail .rdata$r contribution group
0x001f35c0	0x001f35c8	8	.rdata	compiler: RTTI records	excluded	compiler: RTTI records		retail .rdata$r contribution group
0x001f35d9	0x001f35e0	7	.rdata	compiler: RTTI records	excluded	compiler: RTTI records		retail .rdata$r contribution group
0x001f35f0	0x001f35f8	8	.rdata	compiler: RTTI records	excluded	compiler: RTTI records		retail .rdata$r contribution group
0x001f360c	0x001f3610	4	.rdata	compiler: RTTI records	excluded	compiler: RTTI records		retail .rdata$r contribution group
0x001f3628	0x001f3630	8	.rdata	compiler: RTTI records	excluded	compiler: RTTI records		retail .rdata$r contribution group
0x001f3641	0x001f3648	7	.rdata	compiler: RTTI records	excluded	compiler: RTTI records		retail .rdata$r contribution group
0x001f3658	0x001f3660	8	.rdata	compiler: RTTI records	excluded	compiler: RTTI records		retail .rdata$r contribution group
0x001f3674	0x001f3678	4	.rdata	compiler: RTTI records	excluded	compiler: RTTI records		retail .rdata$r contribution group
0x001f3690	0x001f3698	8	.rdata	compiler: RTTI records	excluded	compiler: RTTI records		retail .rdata$r contribution group
0x001f36b0	0x001f36b8	8	.rdata	compiler: RTTI records	excluded	compiler: RTTI records		retail .rdata$r contribution group
0x001f36cd	0x001f36d8	11	.rdata	compiler: RTTI records	excluded	compiler: RTTI records		retail .rdata$r contribution group
0x001f36e8	0x001f36f0	8	.rdata	compiler: RTTI records	excluded	compiler: RTTI records		retail .rdata$r contribution group
0x001f3704	0x001f3708	4	.rdata	compiler: RTTI records	excluded	compiler: RTTI records		retail .rdata$r contribution group
0x001f3720	0x001f3728	8	.rdata	compiler: RTTI records	excluded	compiler: RTTI records		retail .rdata$r contribution group
0x001f3739	0x001f3740	7	.rdata	compiler: RTTI records	excluded	compiler: RTTI records		retail .rdata$r contribution group
0x001f3750	0x001f3758	8	.rdata	compiler: RTTI records	excluded	compiler: RTTI records		retail .rdata$r contribution group
0x001f376c	0x001f3770	4	.rdata	compiler: RTTI records	excluded	compiler: RTTI records		retail .rdata$r contribution group
0x001f3788	0x001f3790	8	.rdata	compiler: RTTI records	excluded	compiler: RTTI records		retail .rdata$r contribution group
0x001f37a5	0x001f37b0	11	.rdata	compiler: RTTI records	excluded	compiler: RTTI records		retail .rdata$r contribution group
0x001f37c0	0x001f37c8	8	.rdata	compiler: RTTI records	excluded	compiler: RTTI records		retail .rdata$r contribution group
0x001f37dc	0x001f37e0	4	.rdata	compiler: RTTI records	excluded	compiler: RTTI records		retail .rdata$r contribution group
0x001f37f8	0x001f3800	8	.rdata	compiler: RTTI records	excluded	compiler: RTTI records		retail .rdata$r contribution group
0x001f3811	0x001f3818	7	.rdata	compiler: RTTI records	excluded	compiler: RTTI records		retail .rdata$r contribution group
0x001f3828	0x001f3830	8	.rdata	compiler: RTTI records	excluded	compiler: RTTI records		retail .rdata$r contribution group
0x001f3844	0x001f3848	4	.rdata	compiler: RTTI records	excluded	compiler: RTTI records		retail .rdata$r contribution group
0x001f3860	0x001f3868	8	.rdata	compiler: RTTI records	excluded	compiler: RTTI records		retail .rdata$r contribution group
0x001f3879	0x001f3880	7	.rdata	compiler: RTTI records	excluded	compiler: RTTI records		retail .rdata$r contribution group
0x001f3890	0x001f3898	8	.rdata	compiler: RTTI records	excluded	compiler: RTTI records		retail .rdata$r contribution group
0x001f38ac	0x001f38b0	4	.rdata	compiler: RTTI records	excluded	compiler: RTTI records		retail .rdata$r contribution group
0x001f38c8	0x001f38d0	8	.rdata	compiler: RTTI records	excluded	compiler: RTTI records		retail .rdata$r contribution group
0x001f38e1	0x001f38e8	7	.rdata	compiler: RTTI records	excluded	compiler: RTTI records		retail .rdata$r contribution group
0x001f38f8	0x001f3900	8	.rdata	compiler: RTTI records	excluded	compiler: RTTI records		retail .rdata$r contribution group
0x001f3914	0x001f3918	4	.rdata	compiler: RTTI records	excluded	compiler: RTTI records		retail .rdata$r contribution group
0x001f3930	0x001f3938	8	.rdata	compiler: RTTI records	excluded	compiler: RTTI records		retail .rdata$r contribution group
0x001f3949	0x001f3950	7	.rdata	compiler: RTTI records	excluded	compiler: RTTI records		retail .rdata$r contribution group
0x001f3960	0x001f3968	8	.rdata	compiler: RTTI records	excluded	compiler: RTTI records		retail .rdata$r contribution group
0x001f397c	0x001f3980	4	.rdata	compiler: RTTI records	excluded	compiler: RTTI records		retail .rdata$r contribution group
0x001f3998	0x001f39a0	8	.rdata	compiler: RTTI records	excluded	compiler: RTTI records		retail .rdata$r contribution group
0x001f39b1	0x001f39b8	7	.rdata	compiler: RTTI records	excluded	compiler: RTTI records		retail .rdata$r contribution group
0x001f39c8	0x001f39d0	8	.rdata	compiler: RTTI records	excluded	compiler: RTTI records		retail .rdata$r contribution group
0x001f39e4	0x001f39e8	4	.rdata	compiler: RTTI records	excluded	compiler: RTTI records		retail .rdata$r contribution group
0x001f3a00	0x001f3a08	8	.rdata	compiler: RTTI records	excluded	compiler: RTTI records		retail .rdata$r contribution group
0x001f3a19	0x001f3a20	7	.rdata	compiler: RTTI records	excluded	compiler: RTTI records		retail .rdata$r contribution group
0x001f3a30	0x001f3a38	8	.rdata	compiler: RTTI records	excluded	compiler: RTTI records		retail .rdata$r contribution group
0x001f3a4c	0x001f3a50	4	.rdata	compiler: RTTI records	excluded	compiler: RTTI records		retail .rdata$r contribution group
0x001f3a68	0x001f3a70	8	.rdata	compiler: RTTI records	excluded	compiler: RTTI records		retail .rdata$r contribution group
0x001f3a81	0x001f3a88	7	.rdata	compiler: RTTI records	excluded	compiler: RTTI records		retail .rdata$r contribution group
0x001f3a98	0x001f3aa0	8	.rdata	compiler: RTTI records	excluded	compiler: RTTI records		retail .rdata$r contribution group
0x001f3ab4	0x001f3ab8	4	.rdata	compiler: RTTI records	excluded	compiler: RTTI records		retail .rdata$r contribution group
0x001f3ad0	0x001f3ad8	8	.rdata	compiler: RTTI records	excluded	compiler: RTTI records		retail .rdata$r contribution group
0x001f3ae9	0x001f3af0	7	.rdata	compiler: RTTI records	excluded	compiler: RTTI records		retail .rdata$r contribution group
0x001f3b00	0x001f3b08	8	.rdata	compiler: RTTI records	excluded	compiler: RTTI records		retail .rdata$r contribution group
0x001f3b1c	0x001f3b20	4	.rdata	compiler: RTTI records	excluded	compiler: RTTI records		retail .rdata$r contribution group
0x001f3b38	0x001f3b40	8	.rdata	compiler: RTTI records	excluded	compiler: RTTI records		retail .rdata$r contribution group
0x001f3b51	0x001f3b58	7	.rdata	compiler: RTTI records	excluded	compiler: RTTI records		retail .rdata$r contribution group
0x001f3b68	0x001f3b70	8	.rdata	compiler: RTTI records	excluded	compiler: RTTI records		retail .rdata$r contribution group
0x001f3b84	0x001f3b88	4	.rdata	compiler: RTTI records	excluded	compiler: RTTI records		retail .rdata$r contribution group
0x001f3ba0	0x001f3ba8	8	.rdata	compiler: RTTI records	excluded	compiler: RTTI records		retail .rdata$r contribution group
0x001f3bb9	0x001f3bc0	7	.rdata	compiler: RTTI records	excluded	compiler: RTTI records		retail .rdata$r contribution group
0x001f3bd0	0x001f3bd8	8	.rdata	compiler: RTTI records	excluded	compiler: RTTI records		retail .rdata$r contribution group
0x001f3bec	0x001f3bf0	4	.rdata	compiler: RTTI records	excluded	compiler: RTTI records		retail .rdata$r contribution group
0x001f3c08	0x001f3c10	8	.rdata	compiler: RTTI records	excluded	compiler: RTTI records		retail .rdata$r contribution group
0x001f3c21	0x001f3c28	7	.rdata	compiler: RTTI records	excluded	compiler: RTTI records		retail .rdata$r contribution group
0x001f3c38	0x001f3c40	8	.rdata	compiler: RTTI records	excluded	compiler: RTTI records		retail .rdata$r contribution group
0x001f3c54	0x001f3c58	4	.rdata	compiler: RTTI records	excluded	compiler: RTTI records		retail .rdata$r contribution group
0x001f3c70	0x001f3c78	8	.rdata	compiler: RTTI records	excluded	compiler: RTTI records		retail .rdata$r contribution group
0x001f3c89	0x001f3c90	7	.rdata	compiler: RTTI records	excluded	compiler: RTTI records		retail .rdata$r contribution group
0x001f3ca0	0x001f3ca8	8	.rdata	compiler: RTTI records	excluded	compiler: RTTI records		retail .rdata$r contribution group
0x001f3cbc	0x001f3cc0	4	.rdata	compiler: RTTI records	excluded	compiler: RTTI records		retail .rdata$r contribution group
0x001f3cd8	0x001f3ce0	8	.rdata	compiler: RTTI records	excluded	compiler: RTTI records		retail .rdata$r contribution group
0x001f3ced	0x001f3cf0	3	.rdata	compiler: RTTI records	excluded	compiler: RTTI records		retail .rdata$r contribution group
0x001f3d00	0x001f3d08	8	.rdata	compiler: RTTI records	excluded	compiler: RTTI records		retail .rdata$r contribution group
0x001f3d1c	0x001f3d20	4	.rdata	compiler: RTTI records	excluded	compiler: RTTI records		retail .rdata$r contribution group
0x001f3d38	0x001f3d40	8	.rdata	compiler: RTTI records	excluded	compiler: RTTI records		retail .rdata$r contribution group
0x001f3d51	0x001f3d58	7	.rdata	compiler: RTTI records	excluded	compiler: RTTI records		retail .rdata$r contribution group
0x001f3d68	0x001f3d70	8	.rdata	compiler: RTTI records	excluded	compiler: RTTI records		retail .rdata$r contribution group
0x001f3d84	0x001f3d88	4	.rdata	compiler: RTTI records	excluded	compiler: RTTI records		retail .rdata$r contribution group
0x001f3da0	0x001f3da8	8	.rdata	compiler: RTTI records	excluded	compiler: RTTI records		retail .rdata$r contribution group
0x001f3db9	0x001f3dc0	7	.rdata	compiler: RTTI records	excluded	compiler: RTTI records		retail .rdata$r contribution group
0x001f3dd0	0x001f3dd8	8	.rdata	compiler: RTTI records	excluded	compiler: RTTI records		retail .rdata$r contribution group
0x001f3dec	0x001f3df0	4	.rdata	compiler: RTTI records	excluded	compiler: RTTI records		retail .rdata$r contribution group
0x001f3e08	0x001f3e10	8	.rdata	compiler: RTTI records	excluded	compiler: RTTI records		retail .rdata$r contribution group
0x001f3e28	0x001f3e30	8	.rdata	compiler: RTTI records	excluded	compiler: RTTI records		retail .rdata$r contribution group
0x001f3e48	0x001f3e50	8	.rdata	compiler: RTTI records	excluded	compiler: RTTI records		retail .rdata$r contribution group
0x001f3e68	0x001f3e70	8	.rdata	compiler: RTTI records	excluded	compiler: RTTI records		retail .rdata$r contribution group
0x001f3e88	0x001f3e90	8	.rdata	compiler: RTTI records	excluded	compiler: RTTI records		retail .rdata$r contribution group
0x001f3ea5	0x001f3eb0	11	.rdata	compiler: RTTI records	excluded	compiler: RTTI records		retail .rdata$r contribution group
0x001f3ec0	0x001f3ec8	8	.rdata	compiler: RTTI records	excluded	compiler: RTTI records		retail .rdata$r contribution group
0x001f3edc	0x001f3ee0	4	.rdata	compiler: RTTI records	excluded	compiler: RTTI records		retail .rdata$r contribution group
0x001f3ee5	0x001f3ee8	3	.rdata	compiler: RTTI records	excluded	compiler: RTTI records		retail .rdata$r contribution group
0x001f3ef8	0x001f3f00	8	.rdata	compiler: RTTI records	excluded	compiler: RTTI records		retail .rdata$r contribution group
0x001f3f14	0x001f3f18	4	.rdata	compiler: RTTI records	excluded	compiler: RTTI records		retail .rdata$r contribution group
0x001f3f30	0x001f3f38	8	.rdata	compiler: RTTI records	excluded	compiler: RTTI records		retail .rdata$r contribution group
0x001f3f45	0x001f3f48	3	.rdata	compiler: RTTI records	excluded	compiler: RTTI records		retail .rdata$r contribution group
0x001f3f58	0x001f3f60	8	.rdata	compiler: RTTI records	excluded	compiler: RTTI records		retail .rdata$r contribution group
0x001f3f74	0x001f3f78	4	.rdata	compiler: RTTI records	excluded	compiler: RTTI records		retail .rdata$r contribution group
0x001f3f90	0x001f3f98	8	.rdata	compiler: RTTI records	excluded	compiler: RTTI records		retail .rdata$r contribution group
0x001f3fa1	0x001f3fa8	7	.rdata	compiler: RTTI records	excluded	compiler: RTTI records		retail .rdata$r contribution group
0x001f3fb8	0x001f3fc0	8	.rdata	compiler: RTTI records	excluded	compiler: RTTI records		retail .rdata$r contribution group
0x001f3fd4	0x001f3fd8	4	.rdata	compiler: RTTI records	excluded	compiler: RTTI records		retail .rdata$r contribution group
0x001f3ff0	0x001f3ff8	8	.rdata	compiler: RTTI records	excluded	compiler: RTTI records		retail .rdata$r contribution group
0x001f400d	0x001f4018	11	.rdata	compiler: RTTI records	excluded	compiler: RTTI records		retail .rdata$r contribution group
0x001f4028	0x001f4030	8	.rdata	compiler: RTTI records	excluded	compiler: RTTI records		retail .rdata$r contribution group
0x001f4044	0x001f4048	4	.rdata	compiler: RTTI records	excluded	compiler: RTTI records		retail .rdata$r contribution group
0x001f4060	0x001f4068	8	.rdata	compiler: RTTI records	excluded	compiler: RTTI records		retail .rdata$r contribution group
0x001f407d	0x001f4088	11	.rdata	compiler: RTTI records	excluded	compiler: RTTI records		retail .rdata$r contribution group
0x001f4098	0x001f40a0	8	.rdata	compiler: RTTI records	excluded	compiler: RTTI records		retail .rdata$r contribution group
0x001f40b4	0x001f40d0	28	.rdata	compiler: RTTI records	excluded	compiler: RTTI records		retail .rdata$r contribution group
0x001f40d0	0x001f4150	128	.rdata	game-visible unenrolled data	eligible	compiler: RTTI records	pointer from game-visible data (1)	retail .rdata$r contribution group
0x001f4168	0x001f4170	8	.rdata	compiler: RTTI records	excluded	compiler: RTTI records		retail .rdata$r contribution group
0x001f4185	0x001f4190	11	.rdata	compiler: RTTI records	excluded	compiler: RTTI records		retail .rdata$r contribution group
0x001f41a0	0x001f41a8	8	.rdata	compiler: RTTI records	excluded	compiler: RTTI records		retail .rdata$r contribution group
0x001f41bc	0x001f41c0	4	.rdata	compiler: RTTI records	excluded	compiler: RTTI records		retail .rdata$r contribution group
0x001f41d8	0x001f41e0	8	.rdata	compiler: RTTI records	excluded	compiler: RTTI records		retail .rdata$r contribution group
0x001f41f8	0x001f4200	8	.rdata	compiler: RTTI records	excluded	compiler: RTTI records		retail .rdata$r contribution group
0x001f4209	0x001f4210	7	.rdata	compiler: RTTI records	excluded	compiler: RTTI records		retail .rdata$r contribution group
0x001f4220	0x001f4228	8	.rdata	compiler: RTTI records	excluded	compiler: RTTI records		retail .rdata$r contribution group
0x001f423c	0x001f4240	4	.rdata	compiler: RTTI records	excluded	compiler: RTTI records		retail .rdata$r contribution group
0x001f4245	0x001f4248	3	.rdata	compiler: RTTI records	excluded	compiler: RTTI records		retail .rdata$r contribution group
0x001f4258	0x001f4260	8	.rdata	compiler: RTTI records	excluded	compiler: RTTI records		retail .rdata$r contribution group
0x001f4274	0x001f4278	4	.rdata	compiler: RTTI records	excluded	compiler: RTTI records		retail .rdata$r contribution group
0x001f4290	0x001f4298	8	.rdata	compiler: RTTI records	excluded	compiler: RTTI records		retail .rdata$r contribution group
0x001f42a1	0x001f42a8	7	.rdata	compiler: RTTI records	excluded	compiler: RTTI records		retail .rdata$r contribution group
0x001f42b8	0x001f42c0	8	.rdata	compiler: RTTI records	excluded	compiler: RTTI records		retail .rdata$r contribution group
0x001f42d4	0x001f42d8	4	.rdata	compiler: RTTI records	excluded	compiler: RTTI records		retail .rdata$r contribution group
0x001f42f0	0x001f42f8	8	.rdata	compiler: RTTI records	excluded	compiler: RTTI records		retail .rdata$r contribution group
0x001f4301	0x001f4308	7	.rdata	compiler: RTTI records	excluded	compiler: RTTI records		retail .rdata$r contribution group
0x001f4318	0x001f4320	8	.rdata	compiler: RTTI records	excluded	compiler: RTTI records		retail .rdata$r contribution group
0x001f4334	0x001f4338	4	.rdata	compiler: RTTI records	excluded	compiler: RTTI records		retail .rdata$r contribution group
0x001f4350	0x001f4358	8	.rdata	compiler: RTTI records	excluded	compiler: RTTI records		retail .rdata$r contribution group
0x001f4370	0x001f4378	8	.rdata	compiler: RTTI records	excluded	compiler: RTTI records		retail .rdata$r contribution group
0x001f4381	0x001f4388	7	.rdata	compiler: RTTI records	excluded	compiler: RTTI records		retail .rdata$r contribution group
0x001f4398	0x001f43a0	8	.rdata	compiler: RTTI records	excluded	compiler: RTTI records		retail .rdata$r contribution group
0x001f43b4	0x001f43b8	4	.rdata	compiler: RTTI records	excluded	compiler: RTTI records		retail .rdata$r contribution group
0x001f43bd	0x001f43c0	3	.rdata	compiler: RTTI records	excluded	compiler: RTTI records		retail .rdata$r contribution group
0x001f43d0	0x001f43d8	8	.rdata	compiler: RTTI records	excluded	compiler: RTTI records		retail .rdata$r contribution group
0x001f43ec	0x001f43f0	4	.rdata	compiler: RTTI records	excluded	compiler: RTTI records		retail .rdata$r contribution group
0x001f4408	0x001f4410	8	.rdata	compiler: RTTI records	excluded	compiler: RTTI records		retail .rdata$r contribution group
0x001f4428	0x001f4430	8	.rdata	compiler: RTTI records	excluded	compiler: RTTI records		retail .rdata$r contribution group
0x001f4439	0x001f4440	7	.rdata	compiler: RTTI records	excluded	compiler: RTTI records		retail .rdata$r contribution group
0x001f4450	0x001f4458	8	.rdata	compiler: RTTI records	excluded	compiler: RTTI records		retail .rdata$r contribution group
0x001f446c	0x001f4470	4	.rdata	compiler: RTTI records	excluded	compiler: RTTI records		retail .rdata$r contribution group
0x001f4475	0x001f4478	3	.rdata	compiler: RTTI records	excluded	compiler: RTTI records		retail .rdata$r contribution group
0x001f4488	0x001f4490	8	.rdata	compiler: RTTI records	excluded	compiler: RTTI records		retail .rdata$r contribution group
0x001f44a4	0x001f44a8	4	.rdata	compiler: RTTI records	excluded	compiler: RTTI records		retail .rdata$r contribution group
0x001f44c0	0x001f44c8	8	.rdata	compiler: RTTI records	excluded	compiler: RTTI records		retail .rdata$r contribution group
0x001f44e0	0x001f44e8	8	.rdata	compiler: RTTI records	excluded	compiler: RTTI records		retail .rdata$r contribution group
0x001f44f1	0x001f44f8	7	.rdata	compiler: RTTI records	excluded	compiler: RTTI records		retail .rdata$r contribution group
0x001f4508	0x001f4510	8	.rdata	compiler: RTTI records	excluded	compiler: RTTI records		retail .rdata$r contribution group
0x001f4524	0x001f4528	4	.rdata	compiler: RTTI records	excluded	compiler: RTTI records		retail .rdata$r contribution group
0x001f4531	0x001f4538	7	.rdata	compiler: RTTI records	excluded	compiler: RTTI records		retail .rdata$r contribution group
0x001f4548	0x001f4550	8	.rdata	compiler: RTTI records	excluded	compiler: RTTI records		retail .rdata$r contribution group
0x001f4564	0x001f4568	4	.rdata	compiler: RTTI records	excluded	compiler: RTTI records		retail .rdata$r contribution group
0x001f4580	0x001f4588	8	.rdata	compiler: RTTI records	excluded	compiler: RTTI records		retail .rdata$r contribution group
0x001f4595	0x001f4598	3	.rdata	compiler: RTTI records	excluded	compiler: RTTI records		retail .rdata$r contribution group
0x001f45a8	0x001f45b0	8	.rdata	compiler: RTTI records	excluded	compiler: RTTI records		retail .rdata$r contribution group
0x001f45c4	0x001f45c8	4	.rdata	compiler: RTTI records	excluded	compiler: RTTI records		retail .rdata$r contribution group
0x001f45e0	0x001f45e8	8	.rdata	compiler: RTTI records	excluded	compiler: RTTI records		retail .rdata$r contribution group
0x001f4600	0x001f4608	8	.rdata	compiler: RTTI records	excluded	compiler: RTTI records		retail .rdata$r contribution group
0x001f4615	0x001f4618	3	.rdata	compiler: RTTI records	excluded	compiler: RTTI records		retail .rdata$r contribution group
0x001f4628	0x001f4630	8	.rdata	compiler: RTTI records	excluded	compiler: RTTI records		retail .rdata$r contribution group
0x001f4644	0x001f4648	4	.rdata	compiler: RTTI records	excluded	compiler: RTTI records		retail .rdata$r contribution group
0x001f4660	0x001f4668	8	.rdata	compiler: RTTI records	excluded	compiler: RTTI records		retail .rdata$r contribution group
0x001f4671	0x001f4678	7	.rdata	compiler: RTTI records	excluded	compiler: RTTI records		retail .rdata$r contribution group
0x001f4688	0x001f4690	8	.rdata	compiler: RTTI records	excluded	compiler: RTTI records		retail .rdata$r contribution group
0x001f46a4	0x001f46a8	4	.rdata	compiler: RTTI records	excluded	compiler: RTTI records		retail .rdata$r contribution group
0x001f46c0	0x001f46c8	8	.rdata	compiler: RTTI records	excluded	compiler: RTTI records		retail .rdata$r contribution group
0x001f46d1	0x001f46d8	7	.rdata	compiler: RTTI records	excluded	compiler: RTTI records		retail .rdata$r contribution group
0x001f46e8	0x001f46f0	8	.rdata	compiler: RTTI records	excluded	compiler: RTTI records		retail .rdata$r contribution group
0x001f4704	0x001f4708	4	.rdata	compiler: RTTI records	excluded	compiler: RTTI records		retail .rdata$r contribution group
0x001f4720	0x001f4728	8	.rdata	compiler: RTTI records	excluded	compiler: RTTI records		retail .rdata$r contribution group
0x001f4731	0x001f4738	7	.rdata	compiler: RTTI records	excluded	compiler: RTTI records		retail .rdata$r contribution group
0x001f4748	0x001f4750	8	.rdata	compiler: RTTI records	excluded	compiler: RTTI records		retail .rdata$r contribution group
0x001f4764	0x001f4768	4	.rdata	compiler: RTTI records	excluded	compiler: RTTI records		retail .rdata$r contribution group
0x001f476d	0x001f4770	3	.rdata	compiler: RTTI records	excluded	compiler: RTTI records		retail .rdata$r contribution group
0x001f4780	0x001f4788	8	.rdata	compiler: RTTI records	excluded	compiler: RTTI records		retail .rdata$r contribution group
0x001f479c	0x001f47a0	4	.rdata	compiler: RTTI records	excluded	compiler: RTTI records		retail .rdata$r contribution group
0x001f47b8	0x001f47c0	8	.rdata	compiler: RTTI records	excluded	compiler: RTTI records		retail .rdata$r contribution group
0x001f47c9	0x001f47d0	7	.rdata	compiler: RTTI records	excluded	compiler: RTTI records		retail .rdata$r contribution group
0x001f47e0	0x001f47e8	8	.rdata	compiler: RTTI records	excluded	compiler: RTTI records		retail .rdata$r contribution group
0x001f47fc	0x001f4800	4	.rdata	compiler: RTTI records	excluded	compiler: RTTI records		retail .rdata$r contribution group
0x001f4818	0x001f4820	8	.rdata	compiler: RTTI records	excluded	compiler: RTTI records		retail .rdata$r contribution group
0x001f4829	0x001f4830	7	.rdata	compiler: RTTI records	excluded	compiler: RTTI records		retail .rdata$r contribution group
0x001f4840	0x001f4848	8	.rdata	compiler: RTTI records	excluded	compiler: RTTI records		retail .rdata$r contribution group
0x001f485c	0x001f4860	4	.rdata	compiler: RTTI records	excluded	compiler: RTTI records		retail .rdata$r contribution group
0x001f4878	0x001f4880	8	.rdata	compiler: RTTI records	excluded	compiler: RTTI records		retail .rdata$r contribution group
0x001f4889	0x001f4890	7	.rdata	compiler: RTTI records	excluded	compiler: RTTI records		retail .rdata$r contribution group
0x001f48a0	0x001f48a8	8	.rdata	compiler: RTTI records	excluded	compiler: RTTI records		retail .rdata$r contribution group
0x001f48bc	0x001f48c0	4	.rdata	compiler: RTTI records	excluded	compiler: RTTI records		retail .rdata$r contribution group
0x001f48d8	0x001f48e0	8	.rdata	compiler: RTTI records	excluded	compiler: RTTI records		retail .rdata$r contribution group
0x001f48f8	0x001f4900	8	.rdata	compiler: RTTI records	excluded	compiler: RTTI records		retail .rdata$r contribution group
0x001f4909	0x001f4910	7	.rdata	compiler: RTTI records	excluded	compiler: RTTI records		retail .rdata$r contribution group
0x001f4920	0x001f4928	8	.rdata	compiler: RTTI records	excluded	compiler: RTTI records		retail .rdata$r contribution group
0x001f493c	0x001f4940	4	.rdata	compiler: RTTI records	excluded	compiler: RTTI records		retail .rdata$r contribution group
0x001f4958	0x001f4960	8	.rdata	compiler: RTTI records	excluded	compiler: RTTI records		retail .rdata$r contribution group
0x001f496d	0x001f4970	3	.rdata	compiler: RTTI records	excluded	compiler: RTTI records		retail .rdata$r contribution group
0x001f4980	0x001f4988	8	.rdata	compiler: RTTI records	excluded	compiler: RTTI records		retail .rdata$r contribution group
0x001f499c	0x001f49a0	4	.rdata	compiler: RTTI records	excluded	compiler: RTTI records		retail .rdata$r contribution group
0x001f49b8	0x001f49c0	8	.rdata	compiler: RTTI records	excluded	compiler: RTTI records		retail .rdata$r contribution group
0x001f49d8	0x001f49e0	8	.rdata	compiler: RTTI records	excluded	compiler: RTTI records		retail .rdata$r contribution group
0x001f49e9	0x001f49f0	7	.rdata	compiler: RTTI records	excluded	compiler: RTTI records		retail .rdata$r contribution group
0x001f4a00	0x001f4a08	8	.rdata	compiler: RTTI records	excluded	compiler: RTTI records		retail .rdata$r contribution group
0x001f4a1c	0x001f4a20	4	.rdata	compiler: RTTI records	excluded	compiler: RTTI records		retail .rdata$r contribution group
0x001f4a25	0x001f4a28	3	.rdata	compiler: RTTI records	excluded	compiler: RTTI records		retail .rdata$r contribution group
0x001f4a38	0x001f4a40	8	.rdata	compiler: RTTI records	excluded	compiler: RTTI records		retail .rdata$r contribution group
0x001f4a54	0x001f4a58	4	.rdata	compiler: RTTI records	excluded	compiler: RTTI records		retail .rdata$r contribution group
0x001f4a5d	0x001f4a60	3	.rdata	compiler: RTTI records	excluded	compiler: RTTI records		retail .rdata$r contribution group
0x001f4a70	0x001f4a78	8	.rdata	compiler: RTTI records	excluded	compiler: RTTI records		retail .rdata$r contribution group
0x001f4a8c	0x001f4a90	4	.rdata	compiler: RTTI records	excluded	compiler: RTTI records		retail .rdata$r contribution group
0x001f4aa8	0x001f4ab0	8	.rdata	compiler: RTTI records	excluded	compiler: RTTI records		retail .rdata$r contribution group
0x001f4ab9	0x001f4ac0	7	.rdata	compiler: RTTI records	excluded	compiler: RTTI records		retail .rdata$r contribution group
0x001f4ad0	0x001f4ad8	8	.rdata	compiler: RTTI records	excluded	compiler: RTTI records		retail .rdata$r contribution group
0x001f4aec	0x001f4af0	4	.rdata	compiler: RTTI records	excluded	compiler: RTTI records		retail .rdata$r contribution group
0x001f4b08	0x001f4b10	8	.rdata	compiler: RTTI records	excluded	compiler: RTTI records		retail .rdata$r contribution group
0x001f4b25	0x001f4b30	11	.rdata	compiler: RTTI records	excluded	compiler: RTTI records		retail .rdata$r contribution group
0x001f4b40	0x001f4b48	8	.rdata	compiler: RTTI records	excluded	compiler: RTTI records		retail .rdata$r contribution group
0x001f4b5c	0x001f4b60	4	.rdata	compiler: RTTI records	excluded	compiler: RTTI records		retail .rdata$r contribution group
0x001f4b78	0x001f4b80	8	.rdata	compiler: RTTI records	excluded	compiler: RTTI records		retail .rdata$r contribution group
0x001f4b95	0x001f4ba0	11	.rdata	compiler: RTTI records	excluded	compiler: RTTI records		retail .rdata$r contribution group
0x001f4bb0	0x001f4bb8	8	.rdata	compiler: RTTI records	excluded	compiler: RTTI records		retail .rdata$r contribution group
0x001f4bcc	0x001f4bd0	4	.rdata	compiler: RTTI records	excluded	compiler: RTTI records		retail .rdata$r contribution group
0x001f4be8	0x001f4bf0	8	.rdata	compiler: RTTI records	excluded	compiler: RTTI records		retail .rdata$r contribution group
0x001f4c08	0x001f4c10	8	.rdata	compiler: RTTI records	excluded	compiler: RTTI records		retail .rdata$r contribution group
0x001f4c1d	0x001f4c20	3	.rdata	compiler: RTTI records	excluded	compiler: RTTI records		retail .rdata$r contribution group
0x001f4c30	0x001f4c38	8	.rdata	compiler: RTTI records	excluded	compiler: RTTI records		retail .rdata$r contribution group
0x001f4c4c	0x001f4c50	4	.rdata	compiler: RTTI records	excluded	compiler: RTTI records		retail .rdata$r contribution group
0x001f4c68	0x001f4c70	8	.rdata	compiler: RTTI records	excluded	compiler: RTTI records		retail .rdata$r contribution group
0x001f4c88	0x001f4c90	8	.rdata	compiler: RTTI records	excluded	compiler: RTTI records		retail .rdata$r contribution group
0x001f4ca1	0x001f4ca8	7	.rdata	compiler: RTTI records	excluded	compiler: RTTI records		retail .rdata$r contribution group
0x001f4cb8	0x001f4cc0	8	.rdata	compiler: RTTI records	excluded	compiler: RTTI records		retail .rdata$r contribution group
0x001f4cd4	0x001f4cd8	4	.rdata	compiler: RTTI records	excluded	compiler: RTTI records		retail .rdata$r contribution group
0x001f4cf0	0x001f4cf8	8	.rdata	compiler: RTTI records	excluded	compiler: RTTI records		retail .rdata$r contribution group
0x001f4d10	0x001f4d18	8	.rdata	compiler: RTTI records	excluded	compiler: RTTI records		retail .rdata$r contribution group
0x001f4d21	0x001f4d28	7	.rdata	compiler: RTTI records	excluded	compiler: RTTI records		retail .rdata$r contribution group
0x001f4d38	0x001f4d40	8	.rdata	compiler: RTTI records	excluded	compiler: RTTI records		retail .rdata$r contribution group
0x001f4d54	0x001f4d58	4	.rdata	compiler: RTTI records	excluded	compiler: RTTI records		retail .rdata$r contribution group
0x001f4d5d	0x001f4d60	3	.rdata	compiler: RTTI records	excluded	compiler: RTTI records		retail .rdata$r contribution group
0x001f4d70	0x001f4d78	8	.rdata	compiler: RTTI records	excluded	compiler: RTTI records		retail .rdata$r contribution group
0x001f4d8c	0x001f4d90	4	.rdata	compiler: RTTI records	excluded	compiler: RTTI records		retail .rdata$r contribution group
0x001f4d9d	0x001f4da0	3	.rdata	compiler: RTTI records	excluded	compiler: RTTI records		retail .rdata$r contribution group
0x001f4db0	0x001f4db8	8	.rdata	compiler: RTTI records	excluded	compiler: RTTI records		retail .rdata$r contribution group
0x001f4dcc	0x001f4dd0	4	.rdata	compiler: RTTI records	excluded	compiler: RTTI records		retail .rdata$r contribution group
0x001f4de8	0x001f4df0	8	.rdata	compiler: RTTI records	excluded	compiler: RTTI records		retail .rdata$r contribution group
0x001f4e01	0x001f4e08	7	.rdata	compiler: RTTI records	excluded	compiler: RTTI records		retail .rdata$r contribution group
0x001f4e18	0x001f4e20	8	.rdata	compiler: RTTI records	excluded	compiler: RTTI records		retail .rdata$r contribution group
0x001f4e34	0x001f4e38	4	.rdata	compiler: RTTI records	excluded	compiler: RTTI records		retail .rdata$r contribution group
0x001f4e4d	0x001f4e58	11	.rdata	compiler: RTTI records	excluded	compiler: RTTI records		retail .rdata$r contribution group
0x001f4e68	0x001f4e70	8	.rdata	compiler: RTTI records	excluded	compiler: RTTI records		retail .rdata$r contribution group
0x001f4e84	0x001f4e88	4	.rdata	compiler: RTTI records	excluded	compiler: RTTI records		retail .rdata$r contribution group
0x001f4ea0	0x001f4ea8	8	.rdata	compiler: RTTI records	excluded	compiler: RTTI records		retail .rdata$r contribution group
0x001f4eb1	0x001f4eb8	7	.rdata	compiler: RTTI records	excluded	compiler: RTTI records		retail .rdata$r contribution group
0x001f4ec8	0x001f4ed0	8	.rdata	compiler: RTTI records	excluded	compiler: RTTI records		retail .rdata$r contribution group
0x001f4ee4	0x001f4ee8	4	.rdata	compiler: RTTI records	excluded	compiler: RTTI records		retail .rdata$r contribution group
0x001f4f00	0x001f4f08	8	.rdata	compiler: RTTI records	excluded	compiler: RTTI records		retail .rdata$r contribution group
0x001f4f1d	0x001f4f28	11	.rdata	compiler: RTTI records	excluded	compiler: RTTI records		retail .rdata$r contribution group
0x001f4f38	0x001f4f40	8	.rdata	compiler: RTTI records	excluded	compiler: RTTI records		retail .rdata$r contribution group
0x001f4f54	0x001f4f58	4	.rdata	compiler: RTTI records	excluded	compiler: RTTI records		retail .rdata$r contribution group
0x001f4f70	0x001f4f78	8	.rdata	compiler: RTTI records	excluded	compiler: RTTI records		retail .rdata$r contribution group
0x001f4f81	0x001f4f88	7	.rdata	compiler: RTTI records	excluded	compiler: RTTI records		retail .rdata$r contribution group
0x001f4f98	0x001f4fa0	8	.rdata	compiler: RTTI records	excluded	compiler: RTTI records		retail .rdata$r contribution group
0x001f4fb4	0x001f4fb8	4	.rdata	compiler: RTTI records	excluded	compiler: RTTI records		retail .rdata$r contribution group
0x001f4fd0	0x001f4fd8	8	.rdata	compiler: RTTI records	excluded	compiler: RTTI records		retail .rdata$r contribution group
0x001f4fe9	0x001f4ff0	7	.rdata	compiler: RTTI records	excluded	compiler: RTTI records		retail .rdata$r contribution group
0x001f5000	0x001f5008	8	.rdata	compiler: RTTI records	excluded	compiler: RTTI records		retail .rdata$r contribution group
0x001f501c	0x001f5020	4	.rdata	compiler: RTTI records	excluded	compiler: RTTI records		retail .rdata$r contribution group
0x001f5038	0x001f5040	8	.rdata	compiler: RTTI records	excluded	compiler: RTTI records		retail .rdata$r contribution group
0x001f5058	0x001f5060	8	.rdata	compiler: RTTI records	excluded	compiler: RTTI records		retail .rdata$r contribution group
0x001f5079	0x001f5080	7	.rdata	compiler: RTTI records	excluded	compiler: RTTI records		retail .rdata$r contribution group
0x001f5090	0x001f5098	8	.rdata	compiler: RTTI records	excluded	compiler: RTTI records		retail .rdata$r contribution group
0x001f50ac	0x001f50b0	4	.rdata	compiler: RTTI records	excluded	compiler: RTTI records		retail .rdata$r contribution group
0x001f50c8	0x001f50d0	8	.rdata	compiler: RTTI records	excluded	compiler: RTTI records		retail .rdata$r contribution group
0x001f50d9	0x001f50e0	7	.rdata	compiler: RTTI records	excluded	compiler: RTTI records		retail .rdata$r contribution group
0x001f50f0	0x001f50f8	8	.rdata	compiler: RTTI records	excluded	compiler: RTTI records		retail .rdata$r contribution group
0x001f510c	0x001f5110	4	.rdata	compiler: RTTI records	excluded	compiler: RTTI records		retail .rdata$r contribution group
0x001f5128	0x001f512c	4	.rdata	compiler: RTTI records	excluded	compiler: RTTI records		retail .rdata$r contribution group
0x001f5131	0x001f5138	7	.rdata	compiler: RTTI records	excluded	compiler: RTTI records		retail .rdata$r contribution group
0x001f5148	0x001f5150	8	.rdata	compiler: RTTI records	excluded	compiler: RTTI records		retail .rdata$r contribution group
0x001f5164	0x001f5168	4	.rdata	compiler: RTTI records	excluded	compiler: RTTI records		retail .rdata$r contribution group
0x001f5180	0x001f5184	4	.rdata	compiler: RTTI records	excluded	compiler: RTTI records		retail .rdata$r contribution group
0x001f5189	0x001f5190	7	.rdata	compiler: RTTI records	excluded	compiler: RTTI records		retail .rdata$r contribution group
0x001f51a0	0x001f51a8	8	.rdata	compiler: RTTI records	excluded	compiler: RTTI records		retail .rdata$r contribution group
0x001f51bc	0x001f51c0	4	.rdata	compiler: RTTI records	excluded	compiler: RTTI records		retail .rdata$r contribution group
0x001f51d8	0x001f51e0	8	.rdata	compiler: RTTI records	excluded	compiler: RTTI records		retail .rdata$r contribution group
0x001f51e9	0x001f51f0	7	.rdata	compiler: RTTI records	excluded	compiler: RTTI records		retail .rdata$r contribution group
0x001f5200	0x001f5208	8	.rdata	compiler: RTTI records	excluded	compiler: RTTI records		retail .rdata$r contribution group
0x001f521c	0x001f5220	4	.rdata	compiler: RTTI records	excluded	compiler: RTTI records		retail .rdata$r contribution group
0x001f5238	0x001f5240	8	.rdata	compiler: RTTI records	excluded	compiler: RTTI records		retail .rdata$r contribution group
0x001f5249	0x001f5250	7	.rdata	compiler: RTTI records	excluded	compiler: RTTI records		retail .rdata$r contribution group
0x001f5260	0x001f5268	8	.rdata	compiler: RTTI records	excluded	compiler: RTTI records		retail .rdata$r contribution group
0x001f527c	0x001f5280	4	.rdata	compiler: RTTI records	excluded	compiler: RTTI records		retail .rdata$r contribution group
0x001f5298	0x001f52a0	8	.rdata	compiler: RTTI records	excluded	compiler: RTTI records		retail .rdata$r contribution group
0x001f52a9	0x001f52b0	7	.rdata	compiler: RTTI records	excluded	compiler: RTTI records		retail .rdata$r contribution group
0x001f52c0	0x001f52c8	8	.rdata	compiler: RTTI records	excluded	compiler: RTTI records		retail .rdata$r contribution group
0x001f52dc	0x001f52e0	4	.rdata	compiler: RTTI records	excluded	compiler: RTTI records		retail .rdata$r contribution group
0x001f52f8	0x001f5300	8	.rdata	compiler: RTTI records	excluded	compiler: RTTI records		retail .rdata$r contribution group
0x001f5309	0x001f5310	7	.rdata	compiler: RTTI records	excluded	compiler: RTTI records		retail .rdata$r contribution group
0x001f5320	0x001f5328	8	.rdata	compiler: RTTI records	excluded	compiler: RTTI records		retail .rdata$r contribution group
0x001f533c	0x001f5340	4	.rdata	compiler: RTTI records	excluded	compiler: RTTI records		retail .rdata$r contribution group
0x001f5358	0x001f5360	8	.rdata	compiler: RTTI records	excluded	compiler: RTTI records		retail .rdata$r contribution group
0x001f5369	0x001f5370	7	.rdata	compiler: RTTI records	excluded	compiler: RTTI records		retail .rdata$r contribution group
0x001f5380	0x001f5388	8	.rdata	compiler: RTTI records	excluded	compiler: RTTI records		retail .rdata$r contribution group
0x001f539c	0x001f53a0	4	.rdata	compiler: RTTI records	excluded	compiler: RTTI records		retail .rdata$r contribution group
0x001f53b8	0x001f53c0	8	.rdata	compiler: RTTI records	excluded	compiler: RTTI records		retail .rdata$r contribution group
0x001f53c9	0x001f53d0	7	.rdata	compiler: RTTI records	excluded	compiler: RTTI records		retail .rdata$r contribution group
0x001f53e0	0x001f53e8	8	.rdata	compiler: RTTI records	excluded	compiler: RTTI records		retail .rdata$r contribution group
0x001f53fc	0x001f5400	4	.rdata	compiler: RTTI records	excluded	compiler: RTTI records		retail .rdata$r contribution group
0x001f5418	0x001f5420	8	.rdata	compiler: RTTI records	excluded	compiler: RTTI records		retail .rdata$r contribution group
0x001f5429	0x001f5430	7	.rdata	compiler: RTTI records	excluded	compiler: RTTI records		retail .rdata$r contribution group
0x001f5440	0x001f5448	8	.rdata	compiler: RTTI records	excluded	compiler: RTTI records		retail .rdata$r contribution group
0x001f545c	0x001f5460	4	.rdata	compiler: RTTI records	excluded	compiler: RTTI records		retail .rdata$r contribution group
0x001f5478	0x001f5480	8	.rdata	compiler: RTTI records	excluded	compiler: RTTI records		retail .rdata$r contribution group
0x001f5489	0x001f5490	7	.rdata	compiler: RTTI records	excluded	compiler: RTTI records		retail .rdata$r contribution group
0x001f54a0	0x001f54a8	8	.rdata	compiler: RTTI records	excluded	compiler: RTTI records		retail .rdata$r contribution group
0x001f54bc	0x001f54c0	4	.rdata	compiler: RTTI records	excluded	compiler: RTTI records		retail .rdata$r contribution group
0x001f54d8	0x001f54e0	8	.rdata	compiler: RTTI records	excluded	compiler: RTTI records		retail .rdata$r contribution group
0x001f54e9	0x001f54f0	7	.rdata	compiler: RTTI records	excluded	compiler: RTTI records		retail .rdata$r contribution group
0x001f5500	0x001f5508	8	.rdata	compiler: RTTI records	excluded	compiler: RTTI records		retail .rdata$r contribution group
0x001f551c	0x001f5520	4	.rdata	compiler: RTTI records	excluded	compiler: RTTI records		retail .rdata$r contribution group
0x001f5538	0x001f5540	8	.rdata	compiler: RTTI records	excluded	compiler: RTTI records		retail .rdata$r contribution group
0x001f5551	0x001f5558	7	.rdata	compiler: RTTI records	excluded	compiler: RTTI records		retail .rdata$r contribution group
0x001f5568	0x001f5570	8	.rdata	compiler: RTTI records	excluded	compiler: RTTI records		retail .rdata$r contribution group
0x001f5584	0x001f7ad0	9548	.rdata	compiler: RTTI records	excluded	compiler: RTTI records		retail .rdata$r contribution group
0x001f7af8	0x001f7b00	8	.rdata	compiler: EH-table padding	excluded	compiler: EH-table padding		inside parsed EH-table envelope
0x001f7b48	0x001f7b50	8	.rdata	compiler: EH-table padding	excluded	compiler: EH-table padding		inside parsed EH-table envelope
0x001f7b78	0x001f7b80	8	.rdata	compiler: EH-table padding	excluded	compiler: EH-table padding		inside parsed EH-table envelope
0x001f7ba8	0x001f7bb0	8	.rdata	compiler: EH-table padding	excluded	compiler: EH-table padding		inside parsed EH-table envelope
0x001f7ea0	0x001f7ef0	80	.rdata	compiler: EH-table padding	excluded	compiler: EH-table padding		inside parsed EH-table envelope
0x001f7f58	0x001f7f68	16	.rdata	compiler: EH-table padding	excluded	compiler: EH-table padding		inside parsed EH-table envelope
0x001f7f90	0x001f7f98	8	.rdata	compiler: EH-table padding	excluded	compiler: EH-table padding		inside parsed EH-table envelope
0x001f7fc0	0x001f7fc8	8	.rdata	compiler: EH-table padding	excluded	compiler: EH-table padding		inside parsed EH-table envelope
0x001f7ff0	0x001f7ff8	8	.rdata	compiler: EH-table padding	excluded	compiler: EH-table padding		inside parsed EH-table envelope
0x001f8020	0x001f8028	8	.rdata	compiler: EH-table padding	excluded	compiler: EH-table padding		inside parsed EH-table envelope
0x001f8050	0x001f8058	8	.rdata	compiler: EH-table padding	excluded	compiler: EH-table padding		inside parsed EH-table envelope
0x001f8080	0x001f8088	8	.rdata	compiler: EH-table padding	excluded	compiler: EH-table padding		inside parsed EH-table envelope
0x001f80b0	0x001f80b8	8	.rdata	compiler: EH-table padding	excluded	compiler: EH-table padding		inside parsed EH-table envelope
0x001f80e0	0x001f80e8	8	.rdata	compiler: EH-table padding	excluded	compiler: EH-table padding		inside parsed EH-table envelope
0x001f8110	0x001f8118	8	.rdata	compiler: EH-table padding	excluded	compiler: EH-table padding		inside parsed EH-table envelope
0x001f8140	0x001f8148	8	.rdata	compiler: EH-table padding	excluded	compiler: EH-table padding		inside parsed EH-table envelope
0x001f8170	0x001f8178	8	.rdata	compiler: EH-table padding	excluded	compiler: EH-table padding		inside parsed EH-table envelope
0x001f81a0	0x001f81a8	8	.rdata	compiler: EH-table padding	excluded	compiler: EH-table padding		inside parsed EH-table envelope
0x001f81d0	0x001f81d8	8	.rdata	compiler: EH-table padding	excluded	compiler: EH-table padding		inside parsed EH-table envelope
0x001f8200	0x001f8208	8	.rdata	compiler: EH-table padding	excluded	compiler: EH-table padding		inside parsed EH-table envelope
0x001f8230	0x001f8238	8	.rdata	compiler: EH-table padding	excluded	compiler: EH-table padding		inside parsed EH-table envelope
0x001f8260	0x001f8268	8	.rdata	compiler: EH-table padding	excluded	compiler: EH-table padding		inside parsed EH-table envelope
0x001f8290	0x001f8298	8	.rdata	compiler: EH-table padding	excluded	compiler: EH-table padding		inside parsed EH-table envelope
0x001f82d0	0x001f82d8	8	.rdata	compiler: EH-table padding	excluded	compiler: EH-table padding		inside parsed EH-table envelope
0x001f8300	0x001f8308	8	.rdata	compiler: EH-table padding	excluded	compiler: EH-table padding		inside parsed EH-table envelope
0x001f8330	0x001f8338	8	.rdata	compiler: EH-table padding	excluded	compiler: EH-table padding		inside parsed EH-table envelope
0x001f8360	0x001f8368	8	.rdata	compiler: EH-table padding	excluded	compiler: EH-table padding		inside parsed EH-table envelope
0x001f8390	0x001f8398	8	.rdata	compiler: EH-table padding	excluded	compiler: EH-table padding		inside parsed EH-table envelope
0x001f83c0	0x001f83c8	8	.rdata	compiler: EH-table padding	excluded	compiler: EH-table padding		inside parsed EH-table envelope
0x001f83f0	0x001f83f8	8	.rdata	compiler: EH-table padding	excluded	compiler: EH-table padding		inside parsed EH-table envelope
0x001f8420	0x001f8428	8	.rdata	compiler: EH-table padding	excluded	compiler: EH-table padding		inside parsed EH-table envelope
0x001f8450	0x001f8458	8	.rdata	compiler: EH-table padding	excluded	compiler: EH-table padding		inside parsed EH-table envelope
0x001f8480	0x001f8488	8	.rdata	compiler: EH-table padding	excluded	compiler: EH-table padding		inside parsed EH-table envelope
0x001f84b0	0x001f84b8	8	.rdata	compiler: EH-table padding	excluded	compiler: EH-table padding		inside parsed EH-table envelope
0x001f84e0	0x001f84e8	8	.rdata	compiler: EH-table padding	excluded	compiler: EH-table padding		inside parsed EH-table envelope
0x001f8510	0x001f8518	8	.rdata	compiler: EH-table padding	excluded	compiler: EH-table padding		inside parsed EH-table envelope
0x001f8540	0x001f8548	8	.rdata	compiler: EH-table padding	excluded	compiler: EH-table padding		inside parsed EH-table envelope
0x001f8570	0x001f8578	8	.rdata	compiler: EH-table padding	excluded	compiler: EH-table padding		inside parsed EH-table envelope
0x001f85a0	0x001f85a8	8	.rdata	compiler: EH-table padding	excluded	compiler: EH-table padding		inside parsed EH-table envelope
0x001f85d0	0x001f85d8	8	.rdata	compiler: EH-table padding	excluded	compiler: EH-table padding		inside parsed EH-table envelope
0x001f8600	0x001f8608	8	.rdata	compiler: EH-table padding	excluded	compiler: EH-table padding		inside parsed EH-table envelope
0x001f8630	0x001f8638	8	.rdata	compiler: EH-table padding	excluded	compiler: EH-table padding		inside parsed EH-table envelope
0x001f8660	0x001f8668	8	.rdata	compiler: EH-table padding	excluded	compiler: EH-table padding		inside parsed EH-table envelope
0x001f8690	0x001f8698	8	.rdata	compiler: EH-table padding	excluded	compiler: EH-table padding		inside parsed EH-table envelope
0x001f86c0	0x001f86c8	8	.rdata	compiler: EH-table padding	excluded	compiler: EH-table padding		inside parsed EH-table envelope
0x001f86f0	0x001f86f8	8	.rdata	compiler: EH-table padding	excluded	compiler: EH-table padding		inside parsed EH-table envelope
0x001f8720	0x001f8728	8	.rdata	compiler: EH-table padding	excluded	compiler: EH-table padding		inside parsed EH-table envelope
0x001f8750	0x001f8758	8	.rdata	compiler: EH-table padding	excluded	compiler: EH-table padding		inside parsed EH-table envelope
0x001f8780	0x001f8788	8	.rdata	compiler: EH-table padding	excluded	compiler: EH-table padding		inside parsed EH-table envelope
0x001f87b0	0x001f87b8	8	.rdata	compiler: EH-table padding	excluded	compiler: EH-table padding		inside parsed EH-table envelope
0x001f87e0	0x001f87e8	8	.rdata	compiler: EH-table padding	excluded	compiler: EH-table padding		inside parsed EH-table envelope
0x001f8810	0x001f8818	8	.rdata	compiler: EH-table padding	excluded	compiler: EH-table padding		inside parsed EH-table envelope
0x001f8840	0x001f8848	8	.rdata	compiler: EH-table padding	excluded	compiler: EH-table padding		inside parsed EH-table envelope
0x001f8870	0x001f8878	8	.rdata	compiler: EH-table padding	excluded	compiler: EH-table padding		inside parsed EH-table envelope
0x001f88a0	0x001f88a8	8	.rdata	compiler: EH-table padding	excluded	compiler: EH-table padding		inside parsed EH-table envelope
0x001f88d0	0x001f88d8	8	.rdata	compiler: EH-table padding	excluded	compiler: EH-table padding		inside parsed EH-table envelope
0x001f8900	0x001f8908	8	.rdata	compiler: EH-table padding	excluded	compiler: EH-table padding		inside parsed EH-table envelope
0x001f8930	0x001f8938	8	.rdata	compiler: EH-table padding	excluded	compiler: EH-table padding		inside parsed EH-table envelope
0x001f8960	0x001f8968	8	.rdata	compiler: EH-table padding	excluded	compiler: EH-table padding		inside parsed EH-table envelope
0x001f8990	0x001f8998	8	.rdata	compiler: EH-table padding	excluded	compiler: EH-table padding		inside parsed EH-table envelope
0x001f89d0	0x001f89d8	8	.rdata	compiler: EH-table padding	excluded	compiler: EH-table padding		inside parsed EH-table envelope
0x001f8a00	0x001f8a08	8	.rdata	compiler: EH-table padding	excluded	compiler: EH-table padding		inside parsed EH-table envelope
0x001f8a30	0x001f8a38	8	.rdata	compiler: EH-table padding	excluded	compiler: EH-table padding		inside parsed EH-table envelope
0x001f8a60	0x001f8a68	8	.rdata	compiler: EH-table padding	excluded	compiler: EH-table padding		inside parsed EH-table envelope
0x001f8a90	0x001f8a98	8	.rdata	compiler: EH-table padding	excluded	compiler: EH-table padding		inside parsed EH-table envelope
0x001f8ac0	0x001f8ac8	8	.rdata	compiler: EH-table padding	excluded	compiler: EH-table padding		inside parsed EH-table envelope
0x001f8af0	0x001f8af8	8	.rdata	compiler: EH-table padding	excluded	compiler: EH-table padding		inside parsed EH-table envelope
0x001f8b20	0x001f8b28	8	.rdata	compiler: EH-table padding	excluded	compiler: EH-table padding		inside parsed EH-table envelope
0x001f8b50	0x001f8b58	8	.rdata	compiler: EH-table padding	excluded	compiler: EH-table padding		inside parsed EH-table envelope
0x001f8b80	0x001f8b88	8	.rdata	compiler: EH-table padding	excluded	compiler: EH-table padding		inside parsed EH-table envelope
0x001f8bb0	0x001f8bb8	8	.rdata	compiler: EH-table padding	excluded	compiler: EH-table padding		inside parsed EH-table envelope
0x001f8be0	0x001f8be8	8	.rdata	compiler: EH-table padding	excluded	compiler: EH-table padding		inside parsed EH-table envelope
0x001f8c10	0x001f8c18	8	.rdata	compiler: EH-table padding	excluded	compiler: EH-table padding		inside parsed EH-table envelope
0x001f8c40	0x001f8c48	8	.rdata	compiler: EH-table padding	excluded	compiler: EH-table padding		inside parsed EH-table envelope
0x001f8c70	0x001f8c78	8	.rdata	compiler: EH-table padding	excluded	compiler: EH-table padding		inside parsed EH-table envelope
0x001f8ca0	0x001f8ca8	8	.rdata	compiler: EH-table padding	excluded	compiler: EH-table padding		inside parsed EH-table envelope
0x001f8cd0	0x001f8cd8	8	.rdata	compiler: EH-table padding	excluded	compiler: EH-table padding		inside parsed EH-table envelope
0x001f8d00	0x001f8d08	8	.rdata	compiler: EH-table padding	excluded	compiler: EH-table padding		inside parsed EH-table envelope
0x001f8d30	0x001f8d38	8	.rdata	compiler: EH-table padding	excluded	compiler: EH-table padding		inside parsed EH-table envelope
0x001f8d60	0x001f8d68	8	.rdata	compiler: EH-table padding	excluded	compiler: EH-table padding		inside parsed EH-table envelope
0x001f8d90	0x001f8d98	8	.rdata	compiler: EH-table padding	excluded	compiler: EH-table padding		inside parsed EH-table envelope
0x001f8dc0	0x001f8dc8	8	.rdata	compiler: EH-table padding	excluded	compiler: EH-table padding		inside parsed EH-table envelope
0x001f8df0	0x001f8df8	8	.rdata	compiler: EH-table padding	excluded	compiler: EH-table padding		inside parsed EH-table envelope
0x001f8e38	0x001f8e40	8	.rdata	compiler: EH-table padding	excluded	compiler: EH-table padding		inside parsed EH-table envelope
0x001f8e78	0x001f8e80	8	.rdata	compiler: EH-table padding	excluded	compiler: EH-table padding		inside parsed EH-table envelope
0x001f8ea8	0x001f8eb0	8	.rdata	compiler: EH-table padding	excluded	compiler: EH-table padding		inside parsed EH-table envelope
0x001f8ed8	0x001f8ee0	8	.rdata	compiler: EH-table padding	excluded	compiler: EH-table padding		inside parsed EH-table envelope
0x001f8f18	0x001f8f20	8	.rdata	compiler: EH-table padding	excluded	compiler: EH-table padding		inside parsed EH-table envelope
0x001f8f48	0x001f8f50	8	.rdata	compiler: EH-table padding	excluded	compiler: EH-table padding		inside parsed EH-table envelope
0x001f8f78	0x001f8f80	8	.rdata	compiler: EH-table padding	excluded	compiler: EH-table padding		inside parsed EH-table envelope
0x001f8fa8	0x001f8fb0	8	.rdata	compiler: EH-table padding	excluded	compiler: EH-table padding		inside parsed EH-table envelope
0x001f8fd8	0x001f8fe0	8	.rdata	compiler: EH-table padding	excluded	compiler: EH-table padding		inside parsed EH-table envelope
0x001f9018	0x001f9020	8	.rdata	compiler: EH-table padding	excluded	compiler: EH-table padding		inside parsed EH-table envelope
0x001f9048	0x001f9050	8	.rdata	compiler: EH-table padding	excluded	compiler: EH-table padding		inside parsed EH-table envelope
0x001f9078	0x001f9080	8	.rdata	compiler: EH-table padding	excluded	compiler: EH-table padding		inside parsed EH-table envelope
0x001f90a8	0x001f90b0	8	.rdata	compiler: EH-table padding	excluded	compiler: EH-table padding		inside parsed EH-table envelope
0x001f90b0	0x001f90e8	56	.rdata	compiler: C++ EH tables	excluded	compiler: C++ EH tables		parsed MSVC /GX table extent
0x001f90e8	0x001f90f0	8	.rdata	compiler: EH-table padding	excluded	compiler: EH-table padding		inside parsed EH-table envelope
0x001f9118	0x001f9120	8	.rdata	compiler: EH-table padding	excluded	compiler: EH-table padding		inside parsed EH-table envelope
0x001f9160	0x001f9168	8	.rdata	compiler: EH-table padding	excluded	compiler: EH-table padding		inside parsed EH-table envelope
0x001f91b0	0x001f91b8	8	.rdata	compiler: EH-table padding	excluded	compiler: EH-table padding		inside parsed EH-table envelope
0x001f9208	0x001f9210	8	.rdata	compiler: EH-table padding	excluded	compiler: EH-table padding		inside parsed EH-table envelope
0x001f9248	0x001f9250	8	.rdata	compiler: EH-table padding	excluded	compiler: EH-table padding		inside parsed EH-table envelope
0x001f9288	0x001f9290	8	.rdata	compiler: EH-table padding	excluded	compiler: EH-table padding		inside parsed EH-table envelope
0x001f92d0	0x001f92d8	8	.rdata	compiler: EH-table padding	excluded	compiler: EH-table padding		inside parsed EH-table envelope
0x001f9310	0x001f9318	8	.rdata	compiler: EH-table padding	excluded	compiler: EH-table padding		inside parsed EH-table envelope
0x001f9360	0x001f9368	8	.rdata	compiler: EH-table padding	excluded	compiler: EH-table padding		inside parsed EH-table envelope
0x001f9398	0x001f93a0	8	.rdata	compiler: EH-table padding	excluded	compiler: EH-table padding		inside parsed EH-table envelope
0x001f9400	0x001f9410	16	.rdata	compiler: EH-table padding	excluded	compiler: EH-table padding		inside parsed EH-table envelope
0x001f9440	0x001f9448	8	.rdata	compiler: EH-table padding	excluded	compiler: EH-table padding		inside parsed EH-table envelope
0x001f9470	0x001f9478	8	.rdata	compiler: EH-table padding	excluded	compiler: EH-table padding		inside parsed EH-table envelope
0x001f94b0	0x001f94b8	8	.rdata	compiler: EH-table padding	excluded	compiler: EH-table padding		inside parsed EH-table envelope
0x001f94e0	0x001f94e8	8	.rdata	compiler: EH-table padding	excluded	compiler: EH-table padding		inside parsed EH-table envelope
0x001f9510	0x001f9518	8	.rdata	compiler: EH-table padding	excluded	compiler: EH-table padding		inside parsed EH-table envelope
0x001f9608	0x001f9620	24	.rdata	compiler: EH-table padding	excluded	compiler: EH-table padding		inside parsed EH-table envelope
0x001f9650	0x001f9658	8	.rdata	compiler: EH-table padding	excluded	compiler: EH-table padding		inside parsed EH-table envelope
0x001f96e0	0x001f96f0	16	.rdata	compiler: EH-table padding	excluded	compiler: EH-table padding		inside parsed EH-table envelope
0x001f9720	0x001f9728	8	.rdata	compiler: EH-table padding	excluded	compiler: EH-table padding		inside parsed EH-table envelope
0x001f9750	0x001f9758	8	.rdata	compiler: EH-table padding	excluded	compiler: EH-table padding		inside parsed EH-table envelope
0x001f9780	0x001f9788	8	.rdata	compiler: EH-table padding	excluded	compiler: EH-table padding		inside parsed EH-table envelope
0x001f97c0	0x001f97c8	8	.rdata	compiler: EH-table padding	excluded	compiler: EH-table padding		inside parsed EH-table envelope
0x001f97c8	0x001f97f0	40	.rdata	compiler: C++ EH tables	excluded	compiler: C++ EH tables		parsed MSVC /GX table extent
0x001f97f0	0x001f97f8	8	.rdata	compiler: EH-table padding	excluded	compiler: EH-table padding		inside parsed EH-table envelope
0x001f9820	0x001f9828	8	.rdata	compiler: EH-table padding	excluded	compiler: EH-table padding		inside parsed EH-table envelope
0x001f9850	0x001f9858	8	.rdata	compiler: EH-table padding	excluded	compiler: EH-table padding		inside parsed EH-table envelope
0x001f9880	0x001f9888	8	.rdata	compiler: EH-table padding	excluded	compiler: EH-table padding		inside parsed EH-table envelope
0x001f98b8	0x001f98c0	8	.rdata	compiler: EH-table padding	excluded	compiler: EH-table padding		inside parsed EH-table envelope
0x001f98e8	0x001f98f0	8	.rdata	compiler: EH-table padding	excluded	compiler: EH-table padding		inside parsed EH-table envelope
0x001f9928	0x001f9930	8	.rdata	compiler: EH-table padding	excluded	compiler: EH-table padding		inside parsed EH-table envelope
0x001f9970	0x001f9978	8	.rdata	compiler: EH-table padding	excluded	compiler: EH-table padding		inside parsed EH-table envelope
0x001f99a0	0x001f99a8	8	.rdata	compiler: EH-table padding	excluded	compiler: EH-table padding		inside parsed EH-table envelope
0x001f99d0	0x001f99d8	8	.rdata	compiler: EH-table padding	excluded	compiler: EH-table padding		inside parsed EH-table envelope
0x001f9a10	0x001f9a18	8	.rdata	compiler: EH-table padding	excluded	compiler: EH-table padding		inside parsed EH-table envelope
0x001f9a40	0x001f9a48	8	.rdata	compiler: EH-table padding	excluded	compiler: EH-table padding		inside parsed EH-table envelope
0x001f9a70	0x001f9a78	8	.rdata	compiler: EH-table padding	excluded	compiler: EH-table padding		inside parsed EH-table envelope
0x001f9aa0	0x001f9aa8	8	.rdata	compiler: EH-table padding	excluded	compiler: EH-table padding		inside parsed EH-table envelope
0x001f9ad0	0x001f9ad8	8	.rdata	compiler: EH-table padding	excluded	compiler: EH-table padding		inside parsed EH-table envelope
0x001f9b00	0x001f9b08	8	.rdata	compiler: EH-table padding	excluded	compiler: EH-table padding		inside parsed EH-table envelope
0x001f9b40	0x001f9b48	8	.rdata	compiler: EH-table padding	excluded	compiler: EH-table padding		inside parsed EH-table envelope
0x001f9b70	0x001f9b78	8	.rdata	compiler: EH-table padding	excluded	compiler: EH-table padding		inside parsed EH-table envelope
0x001f9ba8	0x001f9bb0	8	.rdata	compiler: EH-table padding	excluded	compiler: EH-table padding		inside parsed EH-table envelope
0x001f9bd8	0x001f9be0	8	.rdata	compiler: EH-table padding	excluded	compiler: EH-table padding		inside parsed EH-table envelope
0x001f9c28	0x001f9c30	8	.rdata	compiler: EH-table padding	excluded	compiler: EH-table padding		inside parsed EH-table envelope
0x001f9c60	0x001f9c68	8	.rdata	compiler: EH-table padding	excluded	compiler: EH-table padding		inside parsed EH-table envelope
0x001f9c90	0x001f9c98	8	.rdata	compiler: EH-table padding	excluded	compiler: EH-table padding		inside parsed EH-table envelope
0x001f9cc0	0x001f9cc8	8	.rdata	compiler: EH-table padding	excluded	compiler: EH-table padding		inside parsed EH-table envelope
0x001f9cf0	0x001f9cf8	8	.rdata	compiler: EH-table padding	excluded	compiler: EH-table padding		inside parsed EH-table envelope
0x001f9d40	0x001f9d48	8	.rdata	compiler: EH-table padding	excluded	compiler: EH-table padding		inside parsed EH-table envelope
0x001f9d70	0x001f9d78	8	.rdata	compiler: EH-table padding	excluded	compiler: EH-table padding		inside parsed EH-table envelope
0x001f9da0	0x001f9da8	8	.rdata	compiler: EH-table padding	excluded	compiler: EH-table padding		inside parsed EH-table envelope
0x001f9de0	0x001f9de8	8	.rdata	compiler: EH-table padding	excluded	compiler: EH-table padding		inside parsed EH-table envelope
0x001f9e20	0x001f9e28	8	.rdata	compiler: EH-table padding	excluded	compiler: EH-table padding		inside parsed EH-table envelope
0x001f9e50	0x001f9e58	8	.rdata	compiler: EH-table padding	excluded	compiler: EH-table padding		inside parsed EH-table envelope
0x001f9e88	0x001f9e90	8	.rdata	compiler: EH-table padding	excluded	compiler: EH-table padding		inside parsed EH-table envelope
0x001f9ec0	0x001f9ec8	8	.rdata	compiler: EH-table padding	excluded	compiler: EH-table padding		inside parsed EH-table envelope
0x001f9ef8	0x001f9f00	8	.rdata	compiler: EH-table padding	excluded	compiler: EH-table padding		inside parsed EH-table envelope
0x001f9f28	0x001f9f30	8	.rdata	compiler: EH-table padding	excluded	compiler: EH-table padding		inside parsed EH-table envelope
0x001f9f58	0x001f9f60	8	.rdata	compiler: EH-table padding	excluded	compiler: EH-table padding		inside parsed EH-table envelope
0x001f9f88	0x001f9f90	8	.rdata	compiler: EH-table padding	excluded	compiler: EH-table padding		inside parsed EH-table envelope
0x001f9fb8	0x001f9fc0	8	.rdata	compiler: EH-table padding	excluded	compiler: EH-table padding		inside parsed EH-table envelope
0x001f9fe8	0x001f9ff0	8	.rdata	compiler: EH-table padding	excluded	compiler: EH-table padding		inside parsed EH-table envelope
0x001fa018	0x001fa020	8	.rdata	compiler: EH-table padding	excluded	compiler: EH-table padding		inside parsed EH-table envelope
0x001fa048	0x001fa050	8	.rdata	compiler: EH-table padding	excluded	compiler: EH-table padding		inside parsed EH-table envelope
0x001fa078	0x001fa080	8	.rdata	compiler: EH-table padding	excluded	compiler: EH-table padding		inside parsed EH-table envelope
0x001fa0a8	0x001fa0b0	8	.rdata	compiler: EH-table padding	excluded	compiler: EH-table padding		inside parsed EH-table envelope
0x001fa0d8	0x001fa0e0	8	.rdata	compiler: EH-table padding	excluded	compiler: EH-table padding		inside parsed EH-table envelope
0x001fa128	0x001fa130	8	.rdata	compiler: EH-table padding	excluded	compiler: EH-table padding		inside parsed EH-table envelope
0x001fa178	0x001fa180	8	.rdata	compiler: EH-table padding	excluded	compiler: EH-table padding		inside parsed EH-table envelope
0x001fa1c8	0x001fa1d0	8	.rdata	compiler: EH-table padding	excluded	compiler: EH-table padding		inside parsed EH-table envelope
0x001fa218	0x001fa220	8	.rdata	compiler: EH-table padding	excluded	compiler: EH-table padding		inside parsed EH-table envelope
0x001fa268	0x001fa270	8	.rdata	compiler: EH-table padding	excluded	compiler: EH-table padding		inside parsed EH-table envelope
0x001fa2b8	0x001fa2c0	8	.rdata	compiler: EH-table padding	excluded	compiler: EH-table padding		inside parsed EH-table envelope
0x001fa308	0x001fa310	8	.rdata	compiler: EH-table padding	excluded	compiler: EH-table padding		inside parsed EH-table envelope
0x001fa358	0x001fa360	8	.rdata	compiler: EH-table padding	excluded	compiler: EH-table padding		inside parsed EH-table envelope
0x001fa3a8	0x001fa3b0	8	.rdata	compiler: EH-table padding	excluded	compiler: EH-table padding		inside parsed EH-table envelope
0x001fa4b0	0x001fa4d0	32	.rdata	compiler: EH-table padding	excluded	compiler: EH-table padding		inside parsed EH-table envelope
0x001fa500	0x001fa508	8	.rdata	compiler: EH-table padding	excluded	compiler: EH-table padding		inside parsed EH-table envelope
0x001fa538	0x001fa540	8	.rdata	compiler: EH-table padding	excluded	compiler: EH-table padding		inside parsed EH-table envelope
0x001fa570	0x001fa578	8	.rdata	compiler: EH-table padding	excluded	compiler: EH-table padding		inside parsed EH-table envelope
0x001fa5a8	0x001fa5b0	8	.rdata	compiler: EH-table padding	excluded	compiler: EH-table padding		inside parsed EH-table envelope
0x001fa5e0	0x001fa5e8	8	.rdata	compiler: EH-table padding	excluded	compiler: EH-table padding		inside parsed EH-table envelope
0x001fa618	0x001fa620	8	.rdata	compiler: EH-table padding	excluded	compiler: EH-table padding		inside parsed EH-table envelope
0x001fa668	0x001fa670	8	.rdata	compiler: EH-table padding	excluded	compiler: EH-table padding		inside parsed EH-table envelope
0x001fa698	0x001fa6a0	8	.rdata	compiler: EH-table padding	excluded	compiler: EH-table padding		inside parsed EH-table envelope
0x001fa6c8	0x001fa6d0	8	.rdata	compiler: EH-table padding	excluded	compiler: EH-table padding		inside parsed EH-table envelope
0x001fa718	0x001fa720	8	.rdata	compiler: EH-table padding	excluded	compiler: EH-table padding		inside parsed EH-table envelope
0x001fa768	0x001fa770	8	.rdata	compiler: EH-table padding	excluded	compiler: EH-table padding		inside parsed EH-table envelope
0x001fa7e0	0x001fa7f0	16	.rdata	compiler: EH-table padding	excluded	compiler: EH-table padding		inside parsed EH-table envelope
0x001fab98	0x001fabf8	96	.rdata	compiler: EH-table padding	excluded	compiler: EH-table padding		inside parsed EH-table envelope
0x001fad38	0x001fad58	32	.rdata	compiler: EH-table padding	excluded	compiler: EH-table padding		inside parsed EH-table envelope
0x001fad80	0x001fad88	8	.rdata	compiler: EH-table padding	excluded	compiler: EH-table padding		inside parsed EH-table envelope
0x001fadb0	0x001fadb8	8	.rdata	compiler: EH-table padding	excluded	compiler: EH-table padding		inside parsed EH-table envelope
0x001fade8	0x001fadf0	8	.rdata	compiler: EH-table padding	excluded	compiler: EH-table padding		inside parsed EH-table envelope
0x001fae30	0x001fae38	8	.rdata	compiler: EH-table padding	excluded	compiler: EH-table padding		inside parsed EH-table envelope
0x001fae68	0x001fae70	8	.rdata	compiler: EH-table padding	excluded	compiler: EH-table padding		inside parsed EH-table envelope
0x001faea8	0x001faeb0	8	.rdata	compiler: EH-table padding	excluded	compiler: EH-table padding		inside parsed EH-table envelope
0x001faed8	0x001faee0	8	.rdata	compiler: EH-table padding	excluded	compiler: EH-table padding		inside parsed EH-table envelope
0x001faf08	0x001faf10	8	.rdata	compiler: EH-table padding	excluded	compiler: EH-table padding		inside parsed EH-table envelope
0x001faf38	0x001faf40	8	.rdata	compiler: EH-table padding	excluded	compiler: EH-table padding		inside parsed EH-table envelope
0x001faf68	0x001faf70	8	.rdata	compiler: EH-table padding	excluded	compiler: EH-table padding		inside parsed EH-table envelope
0x001faff0	0x001fb000	16	.rdata	compiler: EH-table padding	excluded	compiler: EH-table padding		inside parsed EH-table envelope
0x001fb058	0x001fb060	8	.rdata	compiler: EH-table padding	excluded	compiler: EH-table padding		inside parsed EH-table envelope
0x001fb088	0x001fb090	8	.rdata	compiler: EH-table padding	excluded	compiler: EH-table padding		inside parsed EH-table envelope
0x001fb0b8	0x001fb0c0	8	.rdata	compiler: EH-table padding	excluded	compiler: EH-table padding		inside parsed EH-table envelope
0x001fb0e8	0x001fb0f0	8	.rdata	compiler: EH-table padding	excluded	compiler: EH-table padding		inside parsed EH-table envelope
0x001fb118	0x001fb120	8	.rdata	compiler: EH-table padding	excluded	compiler: EH-table padding		inside parsed EH-table envelope
0x001fb148	0x001fb150	8	.rdata	compiler: EH-table padding	excluded	compiler: EH-table padding		inside parsed EH-table envelope
0x001fb178	0x001fb180	8	.rdata	compiler: EH-table padding	excluded	compiler: EH-table padding		inside parsed EH-table envelope
0x001fb1b0	0x001fb1b8	8	.rdata	compiler: EH-table padding	excluded	compiler: EH-table padding		inside parsed EH-table envelope
0x001fb1e0	0x001fb1e8	8	.rdata	compiler: EH-table padding	excluded	compiler: EH-table padding		inside parsed EH-table envelope
0x001fb210	0x001fb218	8	.rdata	compiler: EH-table padding	excluded	compiler: EH-table padding		inside parsed EH-table envelope
0x001fb240	0x001fb248	8	.rdata	compiler: EH-table padding	excluded	compiler: EH-table padding		inside parsed EH-table envelope
0x001fb270	0x001fb278	8	.rdata	compiler: EH-table padding	excluded	compiler: EH-table padding		inside parsed EH-table envelope
0x001fb2a0	0x001fb2a8	8	.rdata	compiler: EH-table padding	excluded	compiler: EH-table padding		inside parsed EH-table envelope
0x001fb2d0	0x001fb2d8	8	.rdata	compiler: EH-table padding	excluded	compiler: EH-table padding		inside parsed EH-table envelope
0x001fb300	0x001fb308	8	.rdata	compiler: EH-table padding	excluded	compiler: EH-table padding		inside parsed EH-table envelope
0x001fb350	0x001fb358	8	.rdata	compiler: EH-table padding	excluded	compiler: EH-table padding		inside parsed EH-table envelope
0x001fb3a0	0x001fb3a8	8	.rdata	compiler: EH-table padding	excluded	compiler: EH-table padding		inside parsed EH-table envelope
0x001fb3f0	0x001fb3f8	8	.rdata	compiler: EH-table padding	excluded	compiler: EH-table padding		inside parsed EH-table envelope
0x001fb420	0x001fb428	8	.rdata	compiler: EH-table padding	excluded	compiler: EH-table padding		inside parsed EH-table envelope
0x001fb450	0x001fb458	8	.rdata	compiler: EH-table padding	excluded	compiler: EH-table padding		inside parsed EH-table envelope
0x001fb480	0x001fb488	8	.rdata	compiler: EH-table padding	excluded	compiler: EH-table padding		inside parsed EH-table envelope
0x001fb4d0	0x001fb4d8	8	.rdata	compiler: EH-table padding	excluded	compiler: EH-table padding		inside parsed EH-table envelope
0x001fb500	0x001fb508	8	.rdata	compiler: EH-table padding	excluded	compiler: EH-table padding		inside parsed EH-table envelope
0x001fb530	0x001fb538	8	.rdata	compiler: EH-table padding	excluded	compiler: EH-table padding		inside parsed EH-table envelope
0x001fb560	0x001fb568	8	.rdata	compiler: EH-table padding	excluded	compiler: EH-table padding		inside parsed EH-table envelope
0x001fb5b0	0x001fb5b8	8	.rdata	compiler: EH-table padding	excluded	compiler: EH-table padding		inside parsed EH-table envelope
0x001fb5f0	0x001fb5f8	8	.rdata	compiler: EH-table padding	excluded	compiler: EH-table padding		inside parsed EH-table envelope
0x001fb648	0x001fb650	8	.rdata	compiler: EH-table padding	excluded	compiler: EH-table padding		inside parsed EH-table envelope
0x001fb7c0	0x001fb7e8	40	.rdata	compiler: EH-table padding	excluded	compiler: EH-table padding		inside parsed EH-table envelope
0x001fb818	0x001fb820	8	.rdata	compiler: EH-table padding	excluded	compiler: EH-table padding		inside parsed EH-table envelope
0x001fb850	0x001fb858	8	.rdata	compiler: EH-table padding	excluded	compiler: EH-table padding		inside parsed EH-table envelope
0x001fb898	0x001fb8a0	8	.rdata	compiler: EH-table padding	excluded	compiler: EH-table padding		inside parsed EH-table envelope
0x001fb8d0	0x001fb8d8	8	.rdata	compiler: EH-table padding	excluded	compiler: EH-table padding		inside parsed EH-table envelope
0x001fb900	0x001fb908	8	.rdata	compiler: EH-table padding	excluded	compiler: EH-table padding		inside parsed EH-table envelope
0x001fb930	0x001fb938	8	.rdata	compiler: EH-table padding	excluded	compiler: EH-table padding		inside parsed EH-table envelope
0x001fb960	0x001fb968	8	.rdata	compiler: EH-table padding	excluded	compiler: EH-table padding		inside parsed EH-table envelope
0x001fb998	0x001fb9a0	8	.rdata	compiler: EH-table padding	excluded	compiler: EH-table padding		inside parsed EH-table envelope
0x001fb9d0	0x001fb9d8	8	.rdata	compiler: EH-table padding	excluded	compiler: EH-table padding		inside parsed EH-table envelope
0x001fba00	0x001fba08	8	.rdata	compiler: EH-table padding	excluded	compiler: EH-table padding		inside parsed EH-table envelope
0x001fba30	0x001fba38	8	.rdata	compiler: EH-table padding	excluded	compiler: EH-table padding		inside parsed EH-table envelope
0x001fbb18	0x001fbb30	24	.rdata	compiler: EH-table padding	excluded	compiler: EH-table padding		inside parsed EH-table envelope
0x001fbb58	0x001fbb60	8	.rdata	compiler: EH-table padding	excluded	compiler: EH-table padding		inside parsed EH-table envelope
0x001fbbb0	0x001fbbb8	8	.rdata	compiler: EH-table padding	excluded	compiler: EH-table padding		inside parsed EH-table envelope
0x001fbc00	0x001fbc08	8	.rdata	compiler: EH-table padding	excluded	compiler: EH-table padding		inside parsed EH-table envelope
0x001fbc30	0x001fbc38	8	.rdata	compiler: EH-table padding	excluded	compiler: EH-table padding		inside parsed EH-table envelope
0x001fbc60	0x001fbc68	8	.rdata	compiler: EH-table padding	excluded	compiler: EH-table padding		inside parsed EH-table envelope
0x001fbc90	0x001fbc98	8	.rdata	compiler: EH-table padding	excluded	compiler: EH-table padding		inside parsed EH-table envelope
0x001fbcc0	0x001fbcc8	8	.rdata	compiler: EH-table padding	excluded	compiler: EH-table padding		inside parsed EH-table envelope
0x001fbd20	0x001fbd28	8	.rdata	compiler: EH-table padding	excluded	compiler: EH-table padding		inside parsed EH-table envelope
0x001fbdb0	0x001fbdc0	16	.rdata	compiler: EH-table padding	excluded	compiler: EH-table padding		inside parsed EH-table envelope
0x001fbde8	0x001fbdf0	8	.rdata	compiler: EH-table padding	excluded	compiler: EH-table padding		inside parsed EH-table envelope
0x001fbe18	0x001fbe20	8	.rdata	compiler: EH-table padding	excluded	compiler: EH-table padding		inside parsed EH-table envelope
0x001fbe60	0x001fbe68	8	.rdata	compiler: EH-table padding	excluded	compiler: EH-table padding		inside parsed EH-table envelope
0x001fbe90	0x001fbe98	8	.rdata	compiler: EH-table padding	excluded	compiler: EH-table padding		inside parsed EH-table envelope
0x001fbec0	0x001fbec8	8	.rdata	compiler: EH-table padding	excluded	compiler: EH-table padding		inside parsed EH-table envelope
0x001fbf40	0x001fbf50	16	.rdata	compiler: EH-table padding	excluded	compiler: EH-table padding		inside parsed EH-table envelope
0x001fbf78	0x001fbf80	8	.rdata	compiler: EH-table padding	excluded	compiler: EH-table padding		inside parsed EH-table envelope
0x001fbfb8	0x001fbfc0	8	.rdata	compiler: EH-table padding	excluded	compiler: EH-table padding		inside parsed EH-table envelope
0x001fbfe8	0x001fbff0	8	.rdata	compiler: EH-table padding	excluded	compiler: EH-table padding		inside parsed EH-table envelope
0x001fc030	0x001fc038	8	.rdata	compiler: EH-table padding	excluded	compiler: EH-table padding		inside parsed EH-table envelope
0x001fc080	0x001fc088	8	.rdata	compiler: EH-table padding	excluded	compiler: EH-table padding		inside parsed EH-table envelope
0x001fc0b0	0x001fc0b8	8	.rdata	compiler: EH-table padding	excluded	compiler: EH-table padding		inside parsed EH-table envelope
0x001fc0e0	0x001fc0e8	8	.rdata	compiler: EH-table padding	excluded	compiler: EH-table padding		inside parsed EH-table envelope
0x001fc110	0x001fc118	8	.rdata	compiler: EH-table padding	excluded	compiler: EH-table padding		inside parsed EH-table envelope
0x001fc168	0x001fc170	8	.rdata	compiler: EH-table padding	excluded	compiler: EH-table padding		inside parsed EH-table envelope
0x001fc198	0x001fc1a0	8	.rdata	compiler: EH-table padding	excluded	compiler: EH-table padding		inside parsed EH-table envelope
0x001fc1d0	0x001fc1d8	8	.rdata	compiler: EH-table padding	excluded	compiler: EH-table padding		inside parsed EH-table envelope
0x001fc218	0x001fc220	8	.rdata	compiler: EH-table padding	excluded	compiler: EH-table padding		inside parsed EH-table envelope
0x001fc248	0x001fc250	8	.rdata	compiler: EH-table padding	excluded	compiler: EH-table padding		inside parsed EH-table envelope
0x001fc278	0x001fc280	8	.rdata	compiler: EH-table padding	excluded	compiler: EH-table padding		inside parsed EH-table envelope
0x001fc2a8	0x001fc2b0	8	.rdata	compiler: EH-table padding	excluded	compiler: EH-table padding		inside parsed EH-table envelope
0x001fc2d8	0x001fc2e0	8	.rdata	compiler: EH-table padding	excluded	compiler: EH-table padding		inside parsed EH-table envelope
0x001fc340	0x001fc350	16	.rdata	compiler: EH-table padding	excluded	compiler: EH-table padding		inside parsed EH-table envelope
0x001fc398	0x001fc3a0	8	.rdata	compiler: EH-table padding	excluded	compiler: EH-table padding		inside parsed EH-table envelope
0x001fc3e8	0x001fc3f0	8	.rdata	compiler: EH-table padding	excluded	compiler: EH-table padding		inside parsed EH-table envelope
0x001fc420	0x001fc428	8	.rdata	compiler: EH-table padding	excluded	compiler: EH-table padding		inside parsed EH-table envelope
0x001fc450	0x001fc458	8	.rdata	compiler: EH-table padding	excluded	compiler: EH-table padding		inside parsed EH-table envelope
0x001fc488	0x001fc490	8	.rdata	compiler: EH-table padding	excluded	compiler: EH-table padding		inside parsed EH-table envelope
0x001fc4c0	0x001fc4c8	8	.rdata	compiler: EH-table padding	excluded	compiler: EH-table padding		inside parsed EH-table envelope
0x001fc508	0x001fc510	8	.rdata	compiler: EH-table padding	excluded	compiler: EH-table padding		inside parsed EH-table envelope
0x001fc540	0x001fc548	8	.rdata	compiler: EH-table padding	excluded	compiler: EH-table padding		inside parsed EH-table envelope
0x001fc588	0x001fc590	8	.rdata	compiler: EH-table padding	excluded	compiler: EH-table padding		inside parsed EH-table envelope
0x001fc5d0	0x001fc5d8	8	.rdata	compiler: EH-table padding	excluded	compiler: EH-table padding		inside parsed EH-table envelope
0x001fc600	0x001fc608	8	.rdata	compiler: EH-table padding	excluded	compiler: EH-table padding		inside parsed EH-table envelope
0x001fc640	0x001fc648	8	.rdata	compiler: EH-table padding	excluded	compiler: EH-table padding		inside parsed EH-table envelope
0x001fc670	0x001fc678	8	.rdata	compiler: EH-table padding	excluded	compiler: EH-table padding		inside parsed EH-table envelope
0x001fc6b0	0x001fc6b8	8	.rdata	compiler: EH-table padding	excluded	compiler: EH-table padding		inside parsed EH-table envelope
0x001fc6e0	0x001fc6e8	8	.rdata	compiler: EH-table padding	excluded	compiler: EH-table padding		inside parsed EH-table envelope
0x001fc718	0x001fc720	8	.rdata	compiler: EH-table padding	excluded	compiler: EH-table padding		inside parsed EH-table envelope
0x001fc760	0x001fc768	8	.rdata	compiler: EH-table padding	excluded	compiler: EH-table padding		inside parsed EH-table envelope
0x001fc7a0	0x001fc7a8	8	.rdata	compiler: EH-table padding	excluded	compiler: EH-table padding		inside parsed EH-table envelope
0x001fc7d0	0x001fc7d8	8	.rdata	compiler: EH-table padding	excluded	compiler: EH-table padding		inside parsed EH-table envelope
0x001fcb78	0x001fcbd8	96	.rdata	compiler: EH-table padding	excluded	compiler: EH-table padding		inside parsed EH-table envelope
0x001fcc00	0x001fcc08	8	.rdata	compiler: EH-table padding	excluded	compiler: EH-table padding		inside parsed EH-table envelope
0x001fcc30	0x001fcc38	8	.rdata	compiler: EH-table padding	excluded	compiler: EH-table padding		inside parsed EH-table envelope
0x001fcc60	0x001fcc68	8	.rdata	compiler: EH-table padding	excluded	compiler: EH-table padding		inside parsed EH-table envelope
0x001fcc90	0x001fcc98	8	.rdata	compiler: EH-table padding	excluded	compiler: EH-table padding		inside parsed EH-table envelope
0x001fccc0	0x001fccc8	8	.rdata	compiler: EH-table padding	excluded	compiler: EH-table padding		inside parsed EH-table envelope
0x001fccf0	0x001fccf8	8	.rdata	compiler: EH-table padding	excluded	compiler: EH-table padding		inside parsed EH-table envelope
0x001fcd20	0x001fcd28	8	.rdata	compiler: EH-table padding	excluded	compiler: EH-table padding		inside parsed EH-table envelope
0x001fcd50	0x001fcd58	8	.rdata	compiler: EH-table padding	excluded	compiler: EH-table padding		inside parsed EH-table envelope
0x001fcd80	0x001fcd88	8	.rdata	compiler: EH-table padding	excluded	compiler: EH-table padding		inside parsed EH-table envelope
0x001fcdb0	0x001fcdb8	8	.rdata	compiler: EH-table padding	excluded	compiler: EH-table padding		inside parsed EH-table envelope
0x001fcde0	0x001fcde8	8	.rdata	compiler: EH-table padding	excluded	compiler: EH-table padding		inside parsed EH-table envelope
0x001fce10	0x001fce18	8	.rdata	compiler: EH-table padding	excluded	compiler: EH-table padding		inside parsed EH-table envelope
0x001fce40	0x001fce48	8	.rdata	compiler: EH-table padding	excluded	compiler: EH-table padding		inside parsed EH-table envelope
0x001fce70	0x001fce78	8	.rdata	compiler: EH-table padding	excluded	compiler: EH-table padding		inside parsed EH-table envelope
0x001fcea0	0x001fcea8	8	.rdata	compiler: EH-table padding	excluded	compiler: EH-table padding		inside parsed EH-table envelope
0x001fcef0	0x001fcef8	8	.rdata	compiler: EH-table padding	excluded	compiler: EH-table padding		inside parsed EH-table envelope
0x001fcf40	0x001fcf48	8	.rdata	compiler: EH-table padding	excluded	compiler: EH-table padding		inside parsed EH-table envelope
0x001fcf90	0x001fcf98	8	.rdata	compiler: EH-table padding	excluded	compiler: EH-table padding		inside parsed EH-table envelope
0x001fcfe0	0x001fcfe8	8	.rdata	compiler: EH-table padding	excluded	compiler: EH-table padding		inside parsed EH-table envelope
0x001fd030	0x001fd038	8	.rdata	compiler: EH-table padding	excluded	compiler: EH-table padding		inside parsed EH-table envelope
0x001fd080	0x001fd088	8	.rdata	compiler: EH-table padding	excluded	compiler: EH-table padding		inside parsed EH-table envelope
0x001fd0d0	0x001fd0d8	8	.rdata	compiler: EH-table padding	excluded	compiler: EH-table padding		inside parsed EH-table envelope
0x001fd120	0x001fd128	8	.rdata	compiler: EH-table padding	excluded	compiler: EH-table padding		inside parsed EH-table envelope
0x001fd170	0x001fd178	8	.rdata	compiler: EH-table padding	excluded	compiler: EH-table padding		inside parsed EH-table envelope
0x001fd1c0	0x001fd1c8	8	.rdata	compiler: EH-table padding	excluded	compiler: EH-table padding		inside parsed EH-table envelope
0x001fd210	0x001fd218	8	.rdata	compiler: EH-table padding	excluded	compiler: EH-table padding		inside parsed EH-table envelope
0x001fd250	0x001fd258	8	.rdata	compiler: EH-table padding	excluded	compiler: EH-table padding		inside parsed EH-table envelope
0x001fd290	0x001fd298	8	.rdata	compiler: EH-table padding	excluded	compiler: EH-table padding		inside parsed EH-table envelope
0x001fd2e0	0x001fd2e8	8	.rdata	compiler: EH-table padding	excluded	compiler: EH-table padding		inside parsed EH-table envelope
0x001fd310	0x001fd318	8	.rdata	compiler: EH-table padding	excluded	compiler: EH-table padding		inside parsed EH-table envelope
0x001fd340	0x001fd348	8	.rdata	compiler: EH-table padding	excluded	compiler: EH-table padding		inside parsed EH-table envelope
0x001fd370	0x001fd378	8	.rdata	compiler: EH-table padding	excluded	compiler: EH-table padding		inside parsed EH-table envelope
0x001fd3a0	0x001fd3a8	8	.rdata	compiler: EH-table padding	excluded	compiler: EH-table padding		inside parsed EH-table envelope
0x001fd3d0	0x001fd3d8	8	.rdata	compiler: EH-table padding	excluded	compiler: EH-table padding		inside parsed EH-table envelope
0x001fd400	0x001fd408	8	.rdata	compiler: EH-table padding	excluded	compiler: EH-table padding		inside parsed EH-table envelope
0x001fd458	0x001fd460	8	.rdata	compiler: EH-table padding	excluded	compiler: EH-table padding		inside parsed EH-table envelope
0x001fd490	0x001fd498	8	.rdata	compiler: EH-table padding	excluded	compiler: EH-table padding		inside parsed EH-table envelope
0x001fd4e0	0x001fd4e8	8	.rdata	compiler: EH-table padding	excluded	compiler: EH-table padding		inside parsed EH-table envelope
0x001fd510	0x001fd518	8	.rdata	compiler: EH-table padding	excluded	compiler: EH-table padding		inside parsed EH-table envelope
0x001fd568	0x001fd570	8	.rdata	compiler: EH-table padding	excluded	compiler: EH-table padding		inside parsed EH-table envelope
0x001fd5b8	0x001fd5c0	8	.rdata	compiler: EH-table padding	excluded	compiler: EH-table padding		inside parsed EH-table envelope
0x001fd5e8	0x001fd5f0	8	.rdata	compiler: EH-table padding	excluded	compiler: EH-table padding		inside parsed EH-table envelope
0x001fd618	0x001fd620	8	.rdata	compiler: EH-table padding	excluded	compiler: EH-table padding		inside parsed EH-table envelope
0x001fd6d8	0x001fd6f0	24	.rdata	compiler: EH-table padding	excluded	compiler: EH-table padding		inside parsed EH-table envelope
0x001fd730	0x001fd738	8	.rdata	compiler: EH-table padding	excluded	compiler: EH-table padding		inside parsed EH-table envelope
0x001fd760	0x001fd768	8	.rdata	compiler: EH-table padding	excluded	compiler: EH-table padding		inside parsed EH-table envelope
0x001fd790	0x001fd798	8	.rdata	compiler: EH-table padding	excluded	compiler: EH-table padding		inside parsed EH-table envelope
0x001fd7c0	0x001fd7c8	8	.rdata	compiler: EH-table padding	excluded	compiler: EH-table padding		inside parsed EH-table envelope
0x001fd7f0	0x001fd7f8	8	.rdata	compiler: EH-table padding	excluded	compiler: EH-table padding		inside parsed EH-table envelope
0x001fd820	0x001fd828	8	.rdata	compiler: EH-table padding	excluded	compiler: EH-table padding		inside parsed EH-table envelope
0x001fd850	0x001fd858	8	.rdata	compiler: EH-table padding	excluded	compiler: EH-table padding		inside parsed EH-table envelope
0x001fd890	0x001fd898	8	.rdata	compiler: EH-table padding	excluded	compiler: EH-table padding		inside parsed EH-table envelope
0x001fd8d8	0x001fd8e0	8	.rdata	compiler: EH-table padding	excluded	compiler: EH-table padding		inside parsed EH-table envelope
0x001fd918	0x001fd920	8	.rdata	compiler: EH-table padding	excluded	compiler: EH-table padding		inside parsed EH-table envelope
0x001fd978	0x001fd980	8	.rdata	compiler: EH-table padding	excluded	compiler: EH-table padding		inside parsed EH-table envelope
0x001fd9b0	0x001fd9b8	8	.rdata	compiler: EH-table padding	excluded	compiler: EH-table padding		inside parsed EH-table envelope
0x001fd9e0	0x001fd9e8	8	.rdata	compiler: EH-table padding	excluded	compiler: EH-table padding		inside parsed EH-table envelope
0x001fda10	0x001fda18	8	.rdata	compiler: EH-table padding	excluded	compiler: EH-table padding		inside parsed EH-table envelope
0x001fda48	0x001fda50	8	.rdata	compiler: EH-table padding	excluded	compiler: EH-table padding		inside parsed EH-table envelope
0x001fda80	0x001fda88	8	.rdata	compiler: EH-table padding	excluded	compiler: EH-table padding		inside parsed EH-table envelope
0x001fdac0	0x001fdac8	8	.rdata	compiler: EH-table padding	excluded	compiler: EH-table padding		inside parsed EH-table envelope
0x001fdaf0	0x001fdaf8	8	.rdata	compiler: EH-table padding	excluded	compiler: EH-table padding		inside parsed EH-table envelope
0x001fdb20	0x001fdb28	8	.rdata	compiler: EH-table padding	excluded	compiler: EH-table padding		inside parsed EH-table envelope
0x001fdb58	0x001fdb60	8	.rdata	compiler: EH-table padding	excluded	compiler: EH-table padding		inside parsed EH-table envelope
0x001fdb88	0x001fdb90	8	.rdata	compiler: EH-table padding	excluded	compiler: EH-table padding		inside parsed EH-table envelope
0x001fdbb8	0x001fdbc0	8	.rdata	compiler: EH-table padding	excluded	compiler: EH-table padding		inside parsed EH-table envelope
0x001fdc10	0x001fdc18	8	.rdata	compiler: EH-table padding	excluded	compiler: EH-table padding		inside parsed EH-table envelope
0x001fdc40	0x001fdc48	8	.rdata	compiler: EH-table padding	excluded	compiler: EH-table padding		inside parsed EH-table envelope
0x001fdc70	0x001fdc78	8	.rdata	compiler: EH-table padding	excluded	compiler: EH-table padding		inside parsed EH-table envelope
0x001fdca8	0x001fdcb0	8	.rdata	compiler: EH-table padding	excluded	compiler: EH-table padding		inside parsed EH-table envelope
0x001fdce0	0x001fdce8	8	.rdata	compiler: EH-table padding	excluded	compiler: EH-table padding		inside parsed EH-table envelope
0x001fdd10	0x001fdd18	8	.rdata	compiler: EH-table padding	excluded	compiler: EH-table padding		inside parsed EH-table envelope
0x001fdd40	0x001fdd48	8	.rdata	compiler: EH-table padding	excluded	compiler: EH-table padding		inside parsed EH-table envelope
0x001fdd78	0x001fdd80	8	.rdata	compiler: EH-table padding	excluded	compiler: EH-table padding		inside parsed EH-table envelope
0x001fdda8	0x001fddb0	8	.rdata	compiler: EH-table padding	excluded	compiler: EH-table padding		inside parsed EH-table envelope
0x001fdde8	0x001fddf0	8	.rdata	compiler: EH-table padding	excluded	compiler: EH-table padding		inside parsed EH-table envelope
0x001fde18	0x001fde20	8	.rdata	compiler: EH-table padding	excluded	compiler: EH-table padding		inside parsed EH-table envelope
0x001fde50	0x001fde58	8	.rdata	compiler: EH-table padding	excluded	compiler: EH-table padding		inside parsed EH-table envelope
0x001fde90	0x001fde98	8	.rdata	compiler: EH-table padding	excluded	compiler: EH-table padding		inside parsed EH-table envelope
0x001fded0	0x001fded8	8	.rdata	compiler: EH-table padding	excluded	compiler: EH-table padding		inside parsed EH-table envelope
0x001fdf00	0x001fdf08	8	.rdata	compiler: EH-table padding	excluded	compiler: EH-table padding		inside parsed EH-table envelope
0x001fdf30	0x001fdf38	8	.rdata	compiler: EH-table padding	excluded	compiler: EH-table padding		inside parsed EH-table envelope
0x001fdf60	0x001fdf68	8	.rdata	compiler: EH-table padding	excluded	compiler: EH-table padding		inside parsed EH-table envelope
0x001fdf90	0x001fdf98	8	.rdata	compiler: EH-table padding	excluded	compiler: EH-table padding		inside parsed EH-table envelope
0x001fdfd0	0x001fdfd8	8	.rdata	compiler: EH-table padding	excluded	compiler: EH-table padding		inside parsed EH-table envelope
0x001fe000	0x001fe008	8	.rdata	compiler: EH-table padding	excluded	compiler: EH-table padding		inside parsed EH-table envelope
0x001fe038	0x001fe040	8	.rdata	compiler: EH-table padding	excluded	compiler: EH-table padding		inside parsed EH-table envelope
0x001fe068	0x001fe070	8	.rdata	compiler: EH-table padding	excluded	compiler: EH-table padding		inside parsed EH-table envelope
0x001fe098	0x001fe0a0	8	.rdata	compiler: EH-table padding	excluded	compiler: EH-table padding		inside parsed EH-table envelope
0x001fe0d0	0x001fe0d8	8	.rdata	compiler: EH-table padding	excluded	compiler: EH-table padding		inside parsed EH-table envelope
0x001fe100	0x001fe108	8	.rdata	compiler: EH-table padding	excluded	compiler: EH-table padding		inside parsed EH-table envelope
0x001fe130	0x001fe138	8	.rdata	compiler: EH-table padding	excluded	compiler: EH-table padding		inside parsed EH-table envelope
0x001fe160	0x001fe168	8	.rdata	compiler: EH-table padding	excluded	compiler: EH-table padding		inside parsed EH-table envelope
0x001fe190	0x001fe198	8	.rdata	compiler: EH-table padding	excluded	compiler: EH-table padding		inside parsed EH-table envelope
0x001fe1e8	0x001fe1f0	8	.rdata	compiler: EH-table padding	excluded	compiler: EH-table padding		inside parsed EH-table envelope
0x001fe238	0x001fe240	8	.rdata	compiler: EH-table padding	excluded	compiler: EH-table padding		inside parsed EH-table envelope
0x001fe288	0x001fe290	8	.rdata	compiler: EH-table padding	excluded	compiler: EH-table padding		inside parsed EH-table envelope
0x001fe2f8	0x001fe308	16	.rdata	compiler: EH-table padding	excluded	compiler: EH-table padding		inside parsed EH-table envelope
0x001fe348	0x001fe350	8	.rdata	compiler: EH-table padding	excluded	compiler: EH-table padding		inside parsed EH-table envelope
0x001fe380	0x001fe388	8	.rdata	compiler: EH-table padding	excluded	compiler: EH-table padding		inside parsed EH-table envelope
0x001fe3b0	0x001fe3b8	8	.rdata	compiler: EH-table padding	excluded	compiler: EH-table padding		inside parsed EH-table envelope
0x001fe3e0	0x001fe3e8	8	.rdata	compiler: EH-table padding	excluded	compiler: EH-table padding		inside parsed EH-table envelope
0x001fe430	0x001fe438	8	.rdata	compiler: EH-table padding	excluded	compiler: EH-table padding		inside parsed EH-table envelope
0x001fe460	0x001fe468	8	.rdata	compiler: EH-table padding	excluded	compiler: EH-table padding		inside parsed EH-table envelope
0x001fe490	0x001fe498	8	.rdata	compiler: EH-table padding	excluded	compiler: EH-table padding		inside parsed EH-table envelope
0x001fe4d0	0x001fe4d8	8	.rdata	compiler: EH-table padding	excluded	compiler: EH-table padding		inside parsed EH-table envelope
0x001fe500	0x001fe508	8	.rdata	compiler: EH-table padding	excluded	compiler: EH-table padding		inside parsed EH-table envelope
0x001fe530	0x001fe538	8	.rdata	compiler: EH-table padding	excluded	compiler: EH-table padding		inside parsed EH-table envelope
0x001fe610	0x001fe628	24	.rdata	compiler: EH-table padding	excluded	compiler: EH-table padding		inside parsed EH-table envelope
0x001fe658	0x001fe660	8	.rdata	compiler: EH-table padding	excluded	compiler: EH-table padding		inside parsed EH-table envelope
0x001fe688	0x001fe690	8	.rdata	compiler: EH-table padding	excluded	compiler: EH-table padding		inside parsed EH-table envelope
0x001fe6c8	0x001fe6d0	8	.rdata	compiler: EH-table padding	excluded	compiler: EH-table padding		inside parsed EH-table envelope
0x001fe6f8	0x001fe700	8	.rdata	compiler: EH-table padding	excluded	compiler: EH-table padding		inside parsed EH-table envelope
0x001fe728	0x001fe730	8	.rdata	compiler: EH-table padding	excluded	compiler: EH-table padding		inside parsed EH-table envelope
0x001fe758	0x001fe760	8	.rdata	compiler: EH-table padding	excluded	compiler: EH-table padding		inside parsed EH-table envelope
0x001fe7a8	0x001fe7b0	8	.rdata	compiler: EH-table padding	excluded	compiler: EH-table padding		inside parsed EH-table envelope
0x001fe7e8	0x001fe7f0	8	.rdata	compiler: EH-table padding	excluded	compiler: EH-table padding		inside parsed EH-table envelope
0x001fe818	0x001fe820	8	.rdata	compiler: EH-table padding	excluded	compiler: EH-table padding		inside parsed EH-table envelope
0x001fe848	0x001fe850	8	.rdata	compiler: EH-table padding	excluded	compiler: EH-table padding		inside parsed EH-table envelope
0x001fe878	0x001fe880	8	.rdata	compiler: EH-table padding	excluded	compiler: EH-table padding		inside parsed EH-table envelope
0x001fe8b0	0x001fe8b8	8	.rdata	compiler: EH-table padding	excluded	compiler: EH-table padding		inside parsed EH-table envelope
0x001fe8e8	0x001fe8f0	8	.rdata	compiler: EH-table padding	excluded	compiler: EH-table padding		inside parsed EH-table envelope
0x001fe920	0x001fe928	8	.rdata	compiler: EH-table padding	excluded	compiler: EH-table padding		inside parsed EH-table envelope
0x001fe988	0x001fe998	16	.rdata	compiler: EH-table padding	excluded	compiler: EH-table padding		inside parsed EH-table envelope
0x001fe9c0	0x001fe9c8	8	.rdata	compiler: EH-table padding	excluded	compiler: EH-table padding		inside parsed EH-table envelope
0x001fea68	0x001fea78	16	.rdata	compiler: EH-table padding	excluded	compiler: EH-table padding		inside parsed EH-table envelope
0x001feaa0	0x001feaa8	8	.rdata	compiler: EH-table padding	excluded	compiler: EH-table padding		inside parsed EH-table envelope
0x001fead0	0x001fead8	8	.rdata	compiler: EH-table padding	excluded	compiler: EH-table padding		inside parsed EH-table envelope
0x001feb00	0x001feb08	8	.rdata	compiler: EH-table padding	excluded	compiler: EH-table padding		inside parsed EH-table envelope
0x001feb30	0x001feb38	8	.rdata	compiler: EH-table padding	excluded	compiler: EH-table padding		inside parsed EH-table envelope
0x001feb60	0x001feb68	8	.rdata	compiler: EH-table padding	excluded	compiler: EH-table padding		inside parsed EH-table envelope
0x001feba8	0x001febb0	8	.rdata	compiler: EH-table padding	excluded	compiler: EH-table padding		inside parsed EH-table envelope
0x001febf0	0x001febf8	8	.rdata	compiler: EH-table padding	excluded	compiler: EH-table padding		inside parsed EH-table envelope
0x001fec70	0x001fec80	16	.rdata	compiler: EH-table padding	excluded	compiler: EH-table padding		inside parsed EH-table envelope
0x001fecc8	0x001fecd0	8	.rdata	compiler: EH-table padding	excluded	compiler: EH-table padding		inside parsed EH-table envelope
0x001fed10	0x001fed18	8	.rdata	compiler: EH-table padding	excluded	compiler: EH-table padding		inside parsed EH-table envelope
0x001fed48	0x001fed50	8	.rdata	compiler: EH-table padding	excluded	compiler: EH-table padding		inside parsed EH-table envelope
0x001fed90	0x001fed98	8	.rdata	compiler: EH-table padding	excluded	compiler: EH-table padding		inside parsed EH-table envelope
0x001fedc0	0x001fedc8	8	.rdata	compiler: EH-table padding	excluded	compiler: EH-table padding		inside parsed EH-table envelope
0x001fedf8	0x001fee00	8	.rdata	compiler: EH-table padding	excluded	compiler: EH-table padding		inside parsed EH-table envelope
0x001fee28	0x001fee30	8	.rdata	compiler: EH-table padding	excluded	compiler: EH-table padding		inside parsed EH-table envelope
0x001fee58	0x001fee60	8	.rdata	compiler: EH-table padding	excluded	compiler: EH-table padding		inside parsed EH-table envelope
0x001fee88	0x001fee90	8	.rdata	compiler: EH-table padding	excluded	compiler: EH-table padding		inside parsed EH-table envelope
0x001feeb8	0x001feec0	8	.rdata	compiler: EH-table padding	excluded	compiler: EH-table padding		inside parsed EH-table envelope
0x001feee8	0x001feef0	8	.rdata	compiler: EH-table padding	excluded	compiler: EH-table padding		inside parsed EH-table envelope
0x001fef18	0x001fef20	8	.rdata	compiler: EH-table padding	excluded	compiler: EH-table padding		inside parsed EH-table envelope
0x001fef68	0x001fef70	8	.rdata	compiler: EH-table padding	excluded	compiler: EH-table padding		inside parsed EH-table envelope
0x001fefb0	0x001fefb8	8	.rdata	compiler: EH-table padding	excluded	compiler: EH-table padding		inside parsed EH-table envelope
0x001fefe0	0x001fefe8	8	.rdata	compiler: EH-table padding	excluded	compiler: EH-table padding		inside parsed EH-table envelope
0x001ff020	0x001ff028	8	.rdata	compiler: EH-table padding	excluded	compiler: EH-table padding		inside parsed EH-table envelope
0x001ff058	0x001ff060	8	.rdata	compiler: EH-table padding	excluded	compiler: EH-table padding		inside parsed EH-table envelope
0x001ff0c0	0x001ff0d0	16	.rdata	compiler: EH-table padding	excluded	compiler: EH-table padding		inside parsed EH-table envelope
0x001ff108	0x001ff110	8	.rdata	compiler: EH-table padding	excluded	compiler: EH-table padding		inside parsed EH-table envelope
0x001ff1f8	0x001ff210	24	.rdata	compiler: EH-table padding	excluded	compiler: EH-table padding		inside parsed EH-table envelope
0x001ff250	0x001ff258	8	.rdata	compiler: EH-table padding	excluded	compiler: EH-table padding		inside parsed EH-table envelope
0x001ff2a0	0x001ff2a8	8	.rdata	compiler: EH-table padding	excluded	compiler: EH-table padding		inside parsed EH-table envelope
0x001ff2e8	0x001ff2f0	8	.rdata	compiler: EH-table padding	excluded	compiler: EH-table padding		inside parsed EH-table envelope
0x001ff318	0x001ff320	8	.rdata	compiler: EH-table padding	excluded	compiler: EH-table padding		inside parsed EH-table envelope
0x001ff358	0x001ff360	8	.rdata	compiler: EH-table padding	excluded	compiler: EH-table padding		inside parsed EH-table envelope
0x001ff388	0x001ff390	8	.rdata	compiler: EH-table padding	excluded	compiler: EH-table padding		inside parsed EH-table envelope
0x001ff3b8	0x001ff3c0	8	.rdata	compiler: EH-table padding	excluded	compiler: EH-table padding		inside parsed EH-table envelope
0x001ff3e8	0x001ff3f0	8	.rdata	compiler: EH-table padding	excluded	compiler: EH-table padding		inside parsed EH-table envelope
0x001ff418	0x001ff420	8	.rdata	compiler: EH-table padding	excluded	compiler: EH-table padding		inside parsed EH-table envelope
0x001ff4a0	0x001ff4b0	16	.rdata	compiler: EH-table padding	excluded	compiler: EH-table padding		inside parsed EH-table envelope
0x001ff4d8	0x001ff4e0	8	.rdata	compiler: EH-table padding	excluded	compiler: EH-table padding		inside parsed EH-table envelope
0x001ff528	0x001ff530	8	.rdata	compiler: EH-table padding	excluded	compiler: EH-table padding		inside parsed EH-table envelope
0x001ff558	0x001ff560	8	.rdata	compiler: EH-table padding	excluded	compiler: EH-table padding		inside parsed EH-table envelope
0x001ff588	0x001ff590	8	.rdata	compiler: EH-table padding	excluded	compiler: EH-table padding		inside parsed EH-table envelope
0x001ff5b8	0x001ff5c0	8	.rdata	compiler: EH-table padding	excluded	compiler: EH-table padding		inside parsed EH-table envelope
0x001ff5e8	0x001ff5f0	8	.rdata	compiler: EH-table padding	excluded	compiler: EH-table padding		inside parsed EH-table envelope
0x001ff618	0x001ff620	8	.rdata	compiler: EH-table padding	excluded	compiler: EH-table padding		inside parsed EH-table envelope
0x001ff648	0x001ff650	8	.rdata	compiler: EH-table padding	excluded	compiler: EH-table padding		inside parsed EH-table envelope
0x001ff678	0x001ff680	8	.rdata	compiler: EH-table padding	excluded	compiler: EH-table padding		inside parsed EH-table envelope
0x001ff6a8	0x001ff6b0	8	.rdata	compiler: EH-table padding	excluded	compiler: EH-table padding		inside parsed EH-table envelope
0x001ff6d8	0x001ff6e0	8	.rdata	compiler: EH-table padding	excluded	compiler: EH-table padding		inside parsed EH-table envelope
0x001ff728	0x001ff730	8	.rdata	compiler: EH-table padding	excluded	compiler: EH-table padding		inside parsed EH-table envelope
0x001ff778	0x001ff780	8	.rdata	compiler: EH-table padding	excluded	compiler: EH-table padding		inside parsed EH-table envelope
0x001ff7c8	0x001ff7d0	8	.rdata	compiler: EH-table padding	excluded	compiler: EH-table padding		inside parsed EH-table envelope
0x001ff818	0x001ff820	8	.rdata	compiler: EH-table padding	excluded	compiler: EH-table padding		inside parsed EH-table envelope
0x001ff868	0x001ff870	8	.rdata	compiler: EH-table padding	excluded	compiler: EH-table padding		inside parsed EH-table envelope
0x001ff8a8	0x001ff8b0	8	.rdata	compiler: EH-table padding	excluded	compiler: EH-table padding		inside parsed EH-table envelope
0x001ff8e0	0x001ff8e8	8	.rdata	compiler: EH-table padding	excluded	compiler: EH-table padding		inside parsed EH-table envelope
0x001ff910	0x001ff918	8	.rdata	compiler: EH-table padding	excluded	compiler: EH-table padding		inside parsed EH-table envelope
0x001ff960	0x001ff968	8	.rdata	compiler: EH-table padding	excluded	compiler: EH-table padding		inside parsed EH-table envelope
0x001ff9b8	0x001ff9c0	8	.rdata	compiler: EH-table padding	excluded	compiler: EH-table padding		inside parsed EH-table envelope
0x001ffa00	0x001ffa08	8	.rdata	compiler: EH-table padding	excluded	compiler: EH-table padding		inside parsed EH-table envelope
0x001ffa30	0x001ffa38	8	.rdata	compiler: EH-table padding	excluded	compiler: EH-table padding		inside parsed EH-table envelope
0x001ffa60	0x001ffa68	8	.rdata	compiler: EH-table padding	excluded	compiler: EH-table padding		inside parsed EH-table envelope
0x001ffa90	0x001ffa98	8	.rdata	compiler: EH-table padding	excluded	compiler: EH-table padding		inside parsed EH-table envelope
0x001ffac0	0x001ffac8	8	.rdata	compiler: EH-table padding	excluded	compiler: EH-table padding		inside parsed EH-table envelope
0x001ffb58	0x001ffb68	16	.rdata	compiler: EH-table padding	excluded	compiler: EH-table padding		inside parsed EH-table envelope
0x001ffb98	0x001ffba0	8	.rdata	compiler: EH-table padding	excluded	compiler: EH-table padding		inside parsed EH-table envelope
0x001ffbc8	0x001ffbd0	8	.rdata	compiler: EH-table padding	excluded	compiler: EH-table padding		inside parsed EH-table envelope
0x001ffbf8	0x001ffc00	8	.rdata	compiler: EH-table padding	excluded	compiler: EH-table padding		inside parsed EH-table envelope
0x001ffc48	0x001ffc50	8	.rdata	compiler: EH-table padding	excluded	compiler: EH-table padding		inside parsed EH-table envelope
0x001ffc78	0x001ffc80	8	.rdata	compiler: EH-table padding	excluded	compiler: EH-table padding		inside parsed EH-table envelope
0x001ffcc8	0x001ffcd0	8	.rdata	compiler: EH-table padding	excluded	compiler: EH-table padding		inside parsed EH-table envelope
0x001ffd00	0x001ffd08	8	.rdata	compiler: EH-table padding	excluded	compiler: EH-table padding		inside parsed EH-table envelope
0x001ffd30	0x001ffd38	8	.rdata	compiler: EH-table padding	excluded	compiler: EH-table padding		inside parsed EH-table envelope
0x001ffd60	0x001ffd68	8	.rdata	compiler: EH-table padding	excluded	compiler: EH-table padding		inside parsed EH-table envelope
0x001ffd90	0x001ffd98	8	.rdata	compiler: EH-table padding	excluded	compiler: EH-table padding		inside parsed EH-table envelope
0x001ffdf0	0x001ffdf8	8	.rdata	compiler: EH-table padding	excluded	compiler: EH-table padding		inside parsed EH-table envelope
0x001ffe28	0x001ffe30	8	.rdata	compiler: EH-table padding	excluded	compiler: EH-table padding		inside parsed EH-table envelope
0x001ffe60	0x001ffe68	8	.rdata	compiler: EH-table padding	excluded	compiler: EH-table padding		inside parsed EH-table envelope
0x001ffe90	0x001ffe98	8	.rdata	compiler: EH-table padding	excluded	compiler: EH-table padding		inside parsed EH-table envelope
0x001ffe98	0x002001ac	788	.rdata	compiler: C++ EH tables	excluded	compiler: C++ EH tables		parsed MSVC /GX table extent
0x002001ac	0x002001b0	4	.rdata	compiler: EH-table padding	excluded	compiler: EH-table padding		inside parsed EH-table envelope
0x002001b0	0x00200204	84	.rdata	compiler: C++ EH tables	excluded	compiler: C++ EH tables		parsed MSVC /GX table extent
0x00200204	0x00200208	4	.rdata	compiler: EH-table padding	excluded	compiler: EH-table padding		inside parsed EH-table envelope
0x00200208	0x0020025c	84	.rdata	compiler: C++ EH tables	excluded	compiler: C++ EH tables		parsed MSVC /GX table extent
0x0020025c	0x00200260	4	.rdata	compiler: EH-table padding	excluded	compiler: EH-table padding		inside parsed EH-table envelope
0x00200260	0x002002dc	124	.rdata	compiler: C++ EH tables	excluded	compiler: C++ EH tables		parsed MSVC /GX table extent
0x002002dc	0x002002e0	4	.rdata	compiler: EH-table padding	excluded	compiler: EH-table padding		inside parsed EH-table envelope
0x002002e0	0x0020035c	124	.rdata	compiler: C++ EH tables	excluded	compiler: C++ EH tables		parsed MSVC /GX table extent
0x0020035c	0x00200360	4	.rdata	compiler: EH-table padding	excluded	compiler: EH-table padding		inside parsed EH-table envelope
0x00200360	0x0020043c	220	.rdata	compiler: C++ EH tables	excluded	compiler: C++ EH tables		parsed MSVC /GX table extent
0x0020043c	0x00200440	4	.rdata	compiler: EH-table padding	excluded	compiler: EH-table padding		inside parsed EH-table envelope
0x00200440	0x0020056c	300	.rdata	compiler: C++ EH tables	excluded	compiler: C++ EH tables		parsed MSVC /GX table extent
0x0020056c	0x00200570	4	.rdata	compiler: EH-table padding	excluded	compiler: EH-table padding		inside parsed EH-table envelope
0x00200570	0x002007d8	616	.rdata	compiler: C++ EH tables	excluded	compiler: C++ EH tables		parsed MSVC /GX table extent
0x002007d8	0x00200878	160	.rdata	compiler: RTTI records	excluded	compiler: RTTI records		RTTI/EH descriptor by content (cell -> TypeDescriptor)
0x00200878	0x002008a0	40	.rdata	compiler: RTTI records	excluded	compiler: RTTI records		RTTI/EH record by content (cell chain -> TypeDescriptor)
0x002008a0	0x002008c0	32	.rdata	compiler: RTTI records	excluded	compiler: RTTI records		RTTI/EH descriptor by content (cell -> TypeDescriptor)
0x002008c0	0x002008e8	40	.rdata	compiler: RTTI records	excluded	compiler: RTTI records		RTTI/EH record by content (cell chain -> TypeDescriptor)
0x002008e8	0x0020118c	2212	.rdata	compiler: C++ EH tables	excluded	compiler: C++ EH tables		parsed MSVC /GX table extent
0x0020118c	0x00201190	4	.rdata	compiler: EH-table padding	excluded	compiler: EH-table padding		inside parsed EH-table envelope
0x00201190	0x00201540	944	.rdata	compiler: C++ EH tables	excluded	compiler: C++ EH tables		parsed MSVC /GX table extent
0x00201540	0x00201560	32	.rdata	compiler: RTTI records	excluded	compiler: RTTI records		RTTI/EH descriptor by content (cell -> TypeDescriptor)
0x00201560	0x00201588	40	.rdata	compiler: RTTI records	excluded	compiler: RTTI records		RTTI/EH record by content (cell chain -> TypeDescriptor)
0x00201588	0x002015a8	32	.rdata	compiler: RTTI records	excluded	compiler: RTTI records		RTTI/EH descriptor by content (cell -> TypeDescriptor)
0x002015a8	0x002015d0	40	.rdata	compiler: RTTI records	excluded	compiler: RTTI records		RTTI/EH record by content (cell chain -> TypeDescriptor)
0x002015d0	0x00201674	164	.rdata	compiler: C++ EH tables	excluded	compiler: C++ EH tables		parsed MSVC /GX table extent
0x00201674	0x00201678	4	.rdata	compiler: EH-table padding	excluded	compiler: EH-table padding		inside parsed EH-table envelope
0x00201678	0x002017bc	324	.rdata	compiler: C++ EH tables	excluded	compiler: C++ EH tables		parsed MSVC /GX table extent
0x002017bc	0x002017c0	4	.rdata	compiler: EH-table padding	excluded	compiler: EH-table padding		inside parsed EH-table envelope
0x002017c0	0x00201844	132	.rdata	compiler: C++ EH tables	excluded	compiler: C++ EH tables		parsed MSVC /GX table extent
0x00201844	0x00201848	4	.rdata	compiler: EH-table padding	excluded	compiler: EH-table padding		inside parsed EH-table envelope
0x00201848	0x00201a24	476	.rdata	compiler: C++ EH tables	excluded	compiler: C++ EH tables		parsed MSVC /GX table extent
0x00201a24	0x00201a28	4	.rdata	compiler: EH-table padding	excluded	compiler: EH-table padding		inside parsed EH-table envelope
0x00201a28	0x00201a7c	84	.rdata	compiler: C++ EH tables	excluded	compiler: C++ EH tables		parsed MSVC /GX table extent
0x00201a7c	0x00201a80	4	.rdata	compiler: EH-table padding	excluded	compiler: EH-table padding		inside parsed EH-table envelope
0x00201a80	0x00201ad4	84	.rdata	compiler: C++ EH tables	excluded	compiler: C++ EH tables		parsed MSVC /GX table extent
0x00201ad4	0x00201ad8	4	.rdata	compiler: EH-table padding	excluded	compiler: EH-table padding		inside parsed EH-table envelope
0x00201ad8	0x00201b78	160	.rdata	compiler: C++ EH tables	excluded	compiler: C++ EH tables		parsed MSVC /GX table extent
0x00201b78	0x00201b98	32	.rdata	compiler: RTTI records	excluded	compiler: RTTI records		RTTI/EH descriptor by content (cell -> TypeDescriptor)
0x00201b98	0x00201bc0	40	.rdata	compiler: RTTI records	excluded	compiler: RTTI records		RTTI/EH record by content (cell chain -> TypeDescriptor)
0x00201bc0	0x00201c28	104	.rdata	compiler: C++ EH tables	excluded	compiler: C++ EH tables		parsed MSVC /GX table extent
0x00201c28	0x00201c48	32	.rdata	compiler: RTTI records	excluded	compiler: RTTI records		RTTI/EH descriptor by content (cell -> TypeDescriptor)
0x00201c48	0x00201c70	40	.rdata	compiler: RTTI records	excluded	compiler: RTTI records		RTTI/EH record by content (cell chain -> TypeDescriptor)
0x00201c70	0x002020b4	1092	.rdata	compiler: C++ EH tables	excluded	compiler: C++ EH tables		parsed MSVC /GX table extent
0x002020b4	0x002020b8	4	.rdata	compiler: EH-table padding	excluded	compiler: EH-table padding		inside parsed EH-table envelope
0x002020b8	0x00202358	672	.rdata	compiler: C++ EH tables	excluded	compiler: C++ EH tables		parsed MSVC /GX table extent
0x00204670	0x00204c68	1528	.rdata	compiler: C++ EH tables	excluded	compiler: C++ EH tables		parsed MSVC /GX table extent
0x00205cc8	0x00205d70	168	.rdata	compiler: C++ EH tables	excluded	compiler: C++ EH tables		parsed MSVC /GX table extent
0x00205d98	0x00205e60	200	.rdata	compiler: C++ EH tables	excluded	compiler: C++ EH tables		parsed MSVC /GX table extent
0x00205e60	0x00208000	8608	.rdata	padding / alignment (zero)	excluded	padding / alignment (zero)		zero bytes with no inbound game-visible reference
0x00208000	0x002098a0	6304	.data	library-private data	excluded	library-private data		LIBCMT
0x002098a0	0x002099a4	260	.data	padding / alignment (zero)	excluded	padding / alignment (zero)		zero bytes with no inbound game-visible reference
0x002099a4	0x00209cb8	788	.data	library-private data	excluded	library-private data		LIBCMT
0x00209cb8	0x00209dbc	260	.data	padding / alignment (zero)	excluded	padding / alignment (zero)		zero bytes with no inbound game-visible reference
0x00209dbc	0x00209fc4	520	.data	library-private data	excluded	library-private data		LIBCMT
0x00209fc4	0x0020a0c8	260	.data	padding / alignment (zero)	excluded	padding / alignment (zero)		zero bytes with no inbound game-visible reference
0x0020a0c8	0x0020a2d0	520	.data	library-private data	excluded	library-private data		LIBCMT
0x0020a2d0	0x0020a3e0	272	.data	padding / alignment (zero)	excluded	padding / alignment (zero)		zero bytes with no inbound game-visible reference
0x0020a3f4	0x0020a3f8	4	.data	padding / alignment (zero)	excluded	padding / alignment (zero)		zero bytes with no inbound game-visible reference
0x0020a412	0x0020a418	6	.data	padding / alignment (zero)	excluded	padding / alignment (zero)		zero bytes with no inbound game-visible reference
0x0020a431	0x0020a438	7	.data	padding / alignment (zero)	excluded	padding / alignment (zero)		zero bytes with no inbound game-visible reference
0x0020a450	0x0020a454	4	.data	padding / alignment (zero)	excluded	padding / alignment (zero)		zero bytes with no inbound game-visible reference
0x0020a456	0x0020a458	2	.data	padding / alignment (zero)	excluded	padding / alignment (zero)		zero bytes with no inbound game-visible reference
0x0020a46c	0x0020a470	4	.data	padding / alignment (zero)	excluded	padding / alignment (zero)		zero bytes with no inbound game-visible reference
0x0020a47a	0x0020a47c	2	.data	padding / alignment (zero)	excluded	padding / alignment (zero)		zero bytes with no inbound game-visible reference
0x0020a488	0x0020a48c	4	.data	padding / alignment (zero)	excluded	padding / alignment (zero)		zero bytes with no inbound game-visible reference
0x0020a495	0x0020a498	3	.data	padding / alignment (zero)	excluded	padding / alignment (zero)		zero bytes with no inbound game-visible reference
0x0020a4ad	0x0020a4b8	11	.data	padding / alignment (zero)	excluded	padding / alignment (zero)		zero bytes with no inbound game-visible reference
0x0020a4d3	0x0020a4d8	5	.data	padding / alignment (zero)	excluded	padding / alignment (zero)		zero bytes with no inbound game-visible reference
0x0020a4ec	0x0020a4f0	4	.data	padding / alignment (zero)	excluded	padding / alignment (zero)		zero bytes with no inbound game-visible reference
0x0020a505	0x0020a510	11	.data	padding / alignment (zero)	excluded	padding / alignment (zero)		zero bytes with no inbound game-visible reference
0x0020a53c	0x0020a544	8	.data	padding / alignment (zero)	excluded	padding / alignment (zero)		zero bytes with no inbound game-visible reference
0x0020a55f	0x0020a564	5	.data	padding / alignment (zero)	excluded	padding / alignment (zero)		zero bytes with no inbound game-visible reference
0x0020a57f	0x0020a584	5	.data	padding / alignment (zero)	excluded	padding / alignment (zero)		zero bytes with no inbound game-visible reference
0x0020a59f	0x0020a5a4	5	.data	padding / alignment (zero)	excluded	padding / alignment (zero)		zero bytes with no inbound game-visible reference
0x0020a5be	0x0020a5c4	6	.data	padding / alignment (zero)	excluded	padding / alignment (zero)		zero bytes with no inbound game-visible reference
0x0020a5cd	0x0020a5d0	3	.data	padding / alignment (zero)	excluded	padding / alignment (zero)		zero bytes with no inbound game-visible reference
0x0020a5da	0x0020a5dc	2	.data	padding / alignment (zero)	excluded	padding / alignment (zero)		zero bytes with no inbound game-visible reference
0x0020a5e4	0x0020a5e8	4	.data	padding / alignment (zero)	excluded	padding / alignment (zero)		zero bytes with no inbound game-visible reference
0x0020a5f9	0x0020a5fc	3	.data	padding / alignment (zero)	excluded	padding / alignment (zero)		zero bytes with no inbound game-visible reference
0x0020a606	0x0020a608	2	.data	padding / alignment (zero)	excluded	padding / alignment (zero)		zero bytes with no inbound game-visible reference
0x0020a615	0x0020a618	3	.data	padding / alignment (zero)	excluded	padding / alignment (zero)		zero bytes with no inbound game-visible reference
0x0020a623	0x0020a628	5	.data	padding / alignment (zero)	excluded	padding / alignment (zero)		zero bytes with no inbound game-visible reference
0x0020a635	0x0020a638	3	.data	padding / alignment (zero)	excluded	padding / alignment (zero)		zero bytes with no inbound game-visible reference
0x0020a643	0x0020a648	5	.data	padding / alignment (zero)	excluded	padding / alignment (zero)		zero bytes with no inbound game-visible reference
0x0020a656	0x0020a658	2	.data	padding / alignment (zero)	excluded	padding / alignment (zero)		zero bytes with no inbound game-visible reference
0x0020a663	0x0020a668	5	.data	padding / alignment (zero)	excluded	padding / alignment (zero)		zero bytes with no inbound game-visible reference
0x0020a670	0x0020a674	4	.data	padding / alignment (zero)	excluded	padding / alignment (zero)		zero bytes with no inbound game-visible reference
0x0020a67d	0x0020a680	3	.data	padding / alignment (zero)	excluded	padding / alignment (zero)		zero bytes with no inbound game-visible reference
0x0020a690	0x0020a694	4	.data	padding / alignment (zero)	excluded	padding / alignment (zero)		zero bytes with no inbound game-visible reference
0x0020a6a1	0x0020a6a4	3	.data	padding / alignment (zero)	excluded	padding / alignment (zero)		zero bytes with no inbound game-visible reference
0x0020a6ae	0x0020a6b0	2	.data	padding / alignment (zero)	excluded	padding / alignment (zero)		zero bytes with no inbound game-visible reference
0x0020a6b9	0x0020a6bc	3	.data	padding / alignment (zero)	excluded	padding / alignment (zero)		zero bytes with no inbound game-visible reference
0x0020a6c7	0x0020a6cc	5	.data	padding / alignment (zero)	excluded	padding / alignment (zero)		zero bytes with no inbound game-visible reference
0x0020a6d9	0x0020a6dc	3	.data	padding / alignment (zero)	excluded	padding / alignment (zero)		zero bytes with no inbound game-visible reference
0x0020a6e6	0x0020a6e8	2	.data	padding / alignment (zero)	excluded	padding / alignment (zero)		zero bytes with no inbound game-visible reference
0x0020a6f3	0x0020a6f8	5	.data	padding / alignment (zero)	excluded	padding / alignment (zero)		zero bytes with no inbound game-visible reference
0x0020a70b	0x0020a710	5	.data	padding / alignment (zero)	excluded	padding / alignment (zero)		zero bytes with no inbound game-visible reference
0x0020a728	0x0020a72c	4	.data	padding / alignment (zero)	excluded	padding / alignment (zero)		zero bytes with no inbound game-visible reference
0x0020a737	0x0020a73c	5	.data	padding / alignment (zero)	excluded	padding / alignment (zero)		zero bytes with no inbound game-visible reference
0x0020a74e	0x0020a754	6	.data	padding / alignment (zero)	excluded	padding / alignment (zero)		zero bytes with no inbound game-visible reference
0x0020a768	0x0020a76c	4	.data	padding / alignment (zero)	excluded	padding / alignment (zero)		zero bytes with no inbound game-visible reference
0x0020a77a	0x0020a77c	2	.data	padding / alignment (zero)	excluded	padding / alignment (zero)		zero bytes with no inbound game-visible reference
0x0020a78a	0x0020a78c	2	.data	padding / alignment (zero)	excluded	padding / alignment (zero)		zero bytes with no inbound game-visible reference
0x0020a798	0x0020a79c	4	.data	padding / alignment (zero)	excluded	padding / alignment (zero)		zero bytes with no inbound game-visible reference
0x0020a7a8	0x0020a7ac	4	.data	padding / alignment (zero)	excluded	padding / alignment (zero)		zero bytes with no inbound game-visible reference
0x0020a7b5	0x0020a7b8	3	.data	padding / alignment (zero)	excluded	padding / alignment (zero)		zero bytes with no inbound game-visible reference
0x0020a7c3	0x0020a7c8	5	.data	padding / alignment (zero)	excluded	padding / alignment (zero)		zero bytes with no inbound game-visible reference
0x0020a7d3	0x0020a7d8	5	.data	padding / alignment (zero)	excluded	padding / alignment (zero)		zero bytes with no inbound game-visible reference
0x0020a7e7	0x0020a7ec	5	.data	padding / alignment (zero)	excluded	padding / alignment (zero)		zero bytes with no inbound game-visible reference
0x0020a7f6	0x0020a7f8	2	.data	padding / alignment (zero)	excluded	padding / alignment (zero)		zero bytes with no inbound game-visible reference
0x0020a804	0x0020a808	4	.data	padding / alignment (zero)	excluded	padding / alignment (zero)		zero bytes with no inbound game-visible reference
0x0020a815	0x0020a818	3	.data	padding / alignment (zero)	excluded	padding / alignment (zero)		zero bytes with no inbound game-visible reference
0x0020a82b	0x0020a830	5	.data	padding / alignment (zero)	excluded	padding / alignment (zero)		zero bytes with no inbound game-visible reference
0x0020a843	0x0020a848	5	.data	padding / alignment (zero)	excluded	padding / alignment (zero)		zero bytes with no inbound game-visible reference
0x0020a85e	0x0020a864	6	.data	padding / alignment (zero)	excluded	padding / alignment (zero)		zero bytes with no inbound game-visible reference
0x0020a86b	0x0020a86c	1	.data	padding / alignment (zero)	excluded	padding / alignment (zero)		zero bytes with no inbound game-visible reference
0x0020a87e	0x0020a884	6	.data	padding / alignment (zero)	excluded	padding / alignment (zero)		zero bytes with no inbound game-visible reference
0x0020a890	0x0020a894	4	.data	padding / alignment (zero)	excluded	padding / alignment (zero)		zero bytes with no inbound game-visible reference
0x0020a8a6	0x0020a8ac	6	.data	padding / alignment (zero)	excluded	padding / alignment (zero)		zero bytes with no inbound game-visible reference
0x0020a8b4	0x0020a8b8	4	.data	padding / alignment (zero)	excluded	padding / alignment (zero)		zero bytes with no inbound game-visible reference
0x0020a8cb	0x0020a8d0	5	.data	padding / alignment (zero)	excluded	padding / alignment (zero)		zero bytes with no inbound game-visible reference
0x0020a8e5	0x0020a8ec	7	.data	padding / alignment (zero)	excluded	padding / alignment (zero)		zero bytes with no inbound game-visible reference
0x0020a8ff	0x0020a904	5	.data	padding / alignment (zero)	excluded	padding / alignment (zero)		zero bytes with no inbound game-visible reference
0x0020a913	0x0020a918	5	.data	padding / alignment (zero)	excluded	padding / alignment (zero)		zero bytes with no inbound game-visible reference
0x0020a92b	0x0020a930	5	.data	padding / alignment (zero)	excluded	padding / alignment (zero)		zero bytes with no inbound game-visible reference
0x0020a942	0x0020a948	6	.data	padding / alignment (zero)	excluded	padding / alignment (zero)		zero bytes with no inbound game-visible reference
0x0020a95c	0x0020a960	4	.data	padding / alignment (zero)	excluded	padding / alignment (zero)		zero bytes with no inbound game-visible reference
0x0020a96a	0x0020a96c	2	.data	padding / alignment (zero)	excluded	padding / alignment (zero)		zero bytes with no inbound game-visible reference
0x0020a976	0x0020a978	2	.data	padding / alignment (zero)	excluded	padding / alignment (zero)		zero bytes with no inbound game-visible reference
0x0020a988	0x0020a98c	4	.data	padding / alignment (zero)	excluded	padding / alignment (zero)		zero bytes with no inbound game-visible reference
0x0020a997	0x0020a99c	5	.data	padding / alignment (zero)	excluded	padding / alignment (zero)		zero bytes with no inbound game-visible reference
0x0020a9ad	0x0020a9b0	3	.data	padding / alignment (zero)	excluded	padding / alignment (zero)		zero bytes with no inbound game-visible reference
0x0020a9c0	0x0020a9c4	4	.data	padding / alignment (zero)	excluded	padding / alignment (zero)		zero bytes with no inbound game-visible reference
0x0020a9d1	0x0020a9d4	3	.data	padding / alignment (zero)	excluded	padding / alignment (zero)		zero bytes with no inbound game-visible reference
0x0020a9e7	0x0020a9ec	5	.data	padding / alignment (zero)	excluded	padding / alignment (zero)		zero bytes with no inbound game-visible reference
0x0020a9f2	0x0020a9f4	2	.data	padding / alignment (zero)	excluded	padding / alignment (zero)		zero bytes with no inbound game-visible reference
0x0020aa00	0x0020aa04	4	.data	padding / alignment (zero)	excluded	padding / alignment (zero)		zero bytes with no inbound game-visible reference
0x0020aa0d	0x0020aa10	3	.data	padding / alignment (zero)	excluded	padding / alignment (zero)		zero bytes with no inbound game-visible reference
0x0020aa1f	0x0020aa24	5	.data	padding / alignment (zero)	excluded	padding / alignment (zero)		zero bytes with no inbound game-visible reference
0x0020aa32	0x0020aa34	2	.data	padding / alignment (zero)	excluded	padding / alignment (zero)		zero bytes with no inbound game-visible reference
0x0020aa40	0x0020aa44	4	.data	padding / alignment (zero)	excluded	padding / alignment (zero)		zero bytes with no inbound game-visible reference
0x0020aa4f	0x0020aa54	5	.data	padding / alignment (zero)	excluded	padding / alignment (zero)		zero bytes with no inbound game-visible reference
0x0020aa60	0x0020aa64	4	.data	padding / alignment (zero)	excluded	padding / alignment (zero)		zero bytes with no inbound game-visible reference
0x0020aa74	0x0020aa78	4	.data	padding / alignment (zero)	excluded	padding / alignment (zero)		zero bytes with no inbound game-visible reference
0x0020aa82	0x0020aa84	2	.data	padding / alignment (zero)	excluded	padding / alignment (zero)		zero bytes with no inbound game-visible reference
0x0020aa94	0x0020aa98	4	.data	padding / alignment (zero)	excluded	padding / alignment (zero)		zero bytes with no inbound game-visible reference
0x0020aaa1	0x0020aaa4	3	.data	padding / alignment (zero)	excluded	padding / alignment (zero)		zero bytes with no inbound game-visible reference
0x0020aaab	0x0020aaac	1	.data	padding / alignment (zero)	excluded	padding / alignment (zero)		zero bytes with no inbound game-visible reference
0x0020aac1	0x0020aac8	7	.data	padding / alignment (zero)	excluded	padding / alignment (zero)		zero bytes with no inbound game-visible reference
0x0020aacf	0x0020aad0	1	.data	padding / alignment (zero)	excluded	padding / alignment (zero)		zero bytes with no inbound game-visible reference
0x0020aaef	0x0020aaf4	5	.data	padding / alignment (zero)	excluded	padding / alignment (zero)		zero bytes with no inbound game-visible reference
0x0020ab02	0x0020ab04	2	.data	padding / alignment (zero)	excluded	padding / alignment (zero)		zero bytes with no inbound game-visible reference
0x0020ab12	0x0020ab14	2	.data	padding / alignment (zero)	excluded	padding / alignment (zero)		zero bytes with no inbound game-visible reference
0x0020ab22	0x0020ab24	2	.data	padding / alignment (zero)	excluded	padding / alignment (zero)		zero bytes with no inbound game-visible reference
0x0020ab40	0x0020ab48	8	.data	padding / alignment (zero)	excluded	padding / alignment (zero)		zero bytes with no inbound game-visible reference
0x0020ab64	0x0020ab70	12	.data	padding / alignment (zero)	excluded	padding / alignment (zero)		zero bytes with no inbound game-visible reference
0x0020ab8f	0x0020ab98	9	.data	padding / alignment (zero)	excluded	padding / alignment (zero)		zero bytes with no inbound game-visible reference
0x0020abba	0x0020abc0	6	.data	padding / alignment (zero)	excluded	padding / alignment (zero)		zero bytes with no inbound game-visible reference
0x0020abd1	0x0020abd8	7	.data	padding / alignment (zero)	excluded	padding / alignment (zero)		zero bytes with no inbound game-visible reference
0x0020abfa	0x0020ac00	6	.data	padding / alignment (zero)	excluded	padding / alignment (zero)		zero bytes with no inbound game-visible reference
0x0020ac18	0x0020ac20	8	.data	padding / alignment (zero)	excluded	padding / alignment (zero)		zero bytes with no inbound game-visible reference
0x0020ac38	0x0020ac40	8	.data	padding / alignment (zero)	excluded	padding / alignment (zero)		zero bytes with no inbound game-visible reference
0x0020ac5d	0x0020ac68	11	.data	padding / alignment (zero)	excluded	padding / alignment (zero)		zero bytes with no inbound game-visible reference
0x0020ac86	0x0020ac90	10	.data	padding / alignment (zero)	excluded	padding / alignment (zero)		zero bytes with no inbound game-visible reference
0x0020aca9	0x0020acb0	7	.data	padding / alignment (zero)	excluded	padding / alignment (zero)		zero bytes with no inbound game-visible reference
0x0020acd3	0x0020ace0	13	.data	padding / alignment (zero)	excluded	padding / alignment (zero)		zero bytes with no inbound game-visible reference
0x0020acfc	0x0020ad08	12	.data	padding / alignment (zero)	excluded	padding / alignment (zero)		zero bytes with no inbound game-visible reference
0x0020ad23	0x0020ad28	5	.data	padding / alignment (zero)	excluded	padding / alignment (zero)		zero bytes with no inbound game-visible reference
0x0020ad43	0x0020ad48	5	.data	padding / alignment (zero)	excluded	padding / alignment (zero)		zero bytes with no inbound game-visible reference
0x0020ad61	0x0020ad68	7	.data	padding / alignment (zero)	excluded	padding / alignment (zero)		zero bytes with no inbound game-visible reference
0x0020ad8a	0x0020ad90	6	.data	padding / alignment (zero)	excluded	padding / alignment (zero)		zero bytes with no inbound game-visible reference
0x0020adaa	0x0020adb0	6	.data	padding / alignment (zero)	excluded	padding / alignment (zero)		zero bytes with no inbound game-visible reference
0x0020add1	0x0020add8	7	.data	padding / alignment (zero)	excluded	padding / alignment (zero)		zero bytes with no inbound game-visible reference
0x0020adf2	0x0020adf8	6	.data	padding / alignment (zero)	excluded	padding / alignment (zero)		zero bytes with no inbound game-visible reference
0x0020ae16	0x0020ae20	10	.data	padding / alignment (zero)	excluded	padding / alignment (zero)		zero bytes with no inbound game-visible reference
0x0020ae38	0x0020ae40	8	.data	padding / alignment (zero)	excluded	padding / alignment (zero)		zero bytes with no inbound game-visible reference
0x0020ae5b	0x0020ae60	5	.data	padding / alignment (zero)	excluded	padding / alignment (zero)		zero bytes with no inbound game-visible reference
0x0020ae77	0x0020ae80	9	.data	padding / alignment (zero)	excluded	padding / alignment (zero)		zero bytes with no inbound game-visible reference
0x0020ae9a	0x0020aea0	6	.data	padding / alignment (zero)	excluded	padding / alignment (zero)		zero bytes with no inbound game-visible reference
0x0020aebf	0x0020aec8	9	.data	padding / alignment (zero)	excluded	padding / alignment (zero)		zero bytes with no inbound game-visible reference
0x0020aee7	0x0020aef0	9	.data	padding / alignment (zero)	excluded	padding / alignment (zero)		zero bytes with no inbound game-visible reference
0x0020af0b	0x0020af10	5	.data	padding / alignment (zero)	excluded	padding / alignment (zero)		zero bytes with no inbound game-visible reference
0x0020af25	0x0020af30	11	.data	padding / alignment (zero)	excluded	padding / alignment (zero)		zero bytes with no inbound game-visible reference
0x0020af4b	0x0020af50	5	.data	padding / alignment (zero)	excluded	padding / alignment (zero)		zero bytes with no inbound game-visible reference
0x0020af69	0x0020af70	7	.data	padding / alignment (zero)	excluded	padding / alignment (zero)		zero bytes with no inbound game-visible reference
0x0020af89	0x0020af90	7	.data	padding / alignment (zero)	excluded	padding / alignment (zero)		zero bytes with no inbound game-visible reference
0x0020afb2	0x0020afb8	6	.data	padding / alignment (zero)	excluded	padding / alignment (zero)		zero bytes with no inbound game-visible reference
0x0020afd9	0x0020afe0	7	.data	padding / alignment (zero)	excluded	padding / alignment (zero)		zero bytes with no inbound game-visible reference
0x0020affa	0x0020b000	6	.data	padding / alignment (zero)	excluded	padding / alignment (zero)		zero bytes with no inbound game-visible reference
0x0020b01f	0x0020b028	9	.data	padding / alignment (zero)	excluded	padding / alignment (zero)		zero bytes with no inbound game-visible reference
0x0020b047	0x0020b050	9	.data	padding / alignment (zero)	excluded	padding / alignment (zero)		zero bytes with no inbound game-visible reference
0x0020b06d	0x0020b078	11	.data	padding / alignment (zero)	excluded	padding / alignment (zero)		zero bytes with no inbound game-visible reference
0x0020b094	0x0020b0a0	12	.data	padding / alignment (zero)	excluded	padding / alignment (zero)		zero bytes with no inbound game-visible reference
0x0020b0b9	0x0020b0c0	7	.data	padding / alignment (zero)	excluded	padding / alignment (zero)		zero bytes with no inbound game-visible reference
0x0020b0d6	0x0020b0e0	10	.data	padding / alignment (zero)	excluded	padding / alignment (zero)		zero bytes with no inbound game-visible reference
0x0020b0f8	0x0020b100	8	.data	padding / alignment (zero)	excluded	padding / alignment (zero)		zero bytes with no inbound game-visible reference
0x0020b11e	0x0020b128	10	.data	padding / alignment (zero)	excluded	padding / alignment (zero)		zero bytes with no inbound game-visible reference
0x0020b14f	0x0020b158	9	.data	padding / alignment (zero)	excluded	padding / alignment (zero)		zero bytes with no inbound game-visible reference
0x0020b17c	0x0020b188	12	.data	padding / alignment (zero)	excluded	padding / alignment (zero)		zero bytes with no inbound game-visible reference
0x0020b1a3	0x0020b1a8	5	.data	padding / alignment (zero)	excluded	padding / alignment (zero)		zero bytes with no inbound game-visible reference
0x0020b1bb	0x0020b1c0	5	.data	padding / alignment (zero)	excluded	padding / alignment (zero)		zero bytes with no inbound game-visible reference
0x0020b1da	0x0020b1e0	6	.data	padding / alignment (zero)	excluded	padding / alignment (zero)		zero bytes with no inbound game-visible reference
0x0020b202	0x0020b208	6	.data	padding / alignment (zero)	excluded	padding / alignment (zero)		zero bytes with no inbound game-visible reference
0x0020b220	0x0020b228	8	.data	padding / alignment (zero)	excluded	padding / alignment (zero)		zero bytes with no inbound game-visible reference
0x0020b243	0x0020b248	5	.data	padding / alignment (zero)	excluded	padding / alignment (zero)		zero bytes with no inbound game-visible reference
0x0020b261	0x0020b268	7	.data	padding / alignment (zero)	excluded	padding / alignment (zero)		zero bytes with no inbound game-visible reference
0x0020b289	0x0020b290	7	.data	padding / alignment (zero)	excluded	padding / alignment (zero)		zero bytes with no inbound game-visible reference
0x0020b2aa	0x0020b2b0	6	.data	padding / alignment (zero)	excluded	padding / alignment (zero)		zero bytes with no inbound game-visible reference
0x0020b2c9	0x0020b2d0	7	.data	padding / alignment (zero)	excluded	padding / alignment (zero)		zero bytes with no inbound game-visible reference
0x0020b2f3	0x0020b300	13	.data	padding / alignment (zero)	excluded	padding / alignment (zero)		zero bytes with no inbound game-visible reference
0x0020b322	0x0020b328	6	.data	padding / alignment (zero)	excluded	padding / alignment (zero)		zero bytes with no inbound game-visible reference
0x0020b33f	0x0020b348	9	.data	padding / alignment (zero)	excluded	padding / alignment (zero)		zero bytes with no inbound game-visible reference
0x0020b361	0x0020b368	7	.data	padding / alignment (zero)	excluded	padding / alignment (zero)		zero bytes with no inbound game-visible reference
0x0020b388	0x0020b390	8	.data	padding / alignment (zero)	excluded	padding / alignment (zero)		zero bytes with no inbound game-visible reference
0x0020b3ac	0x0020b3b8	12	.data	padding / alignment (zero)	excluded	padding / alignment (zero)		zero bytes with no inbound game-visible reference
0x0020b3d2	0x0020b3d8	6	.data	padding / alignment (zero)	excluded	padding / alignment (zero)		zero bytes with no inbound game-visible reference
0x0020b3f5	0x0020b400	11	.data	padding / alignment (zero)	excluded	padding / alignment (zero)		zero bytes with no inbound game-visible reference
0x0020b41a	0x0020b420	6	.data	padding / alignment (zero)	excluded	padding / alignment (zero)		zero bytes with no inbound game-visible reference
0x0020b442	0x0020b448	6	.data	padding / alignment (zero)	excluded	padding / alignment (zero)		zero bytes with no inbound game-visible reference
0x0020b469	0x0020b470	7	.data	padding / alignment (zero)	excluded	padding / alignment (zero)		zero bytes with no inbound game-visible reference
0x0020b487	0x0020b490	9	.data	padding / alignment (zero)	excluded	padding / alignment (zero)		zero bytes with no inbound game-visible reference
0x0020b4b5	0x0020b4c0	11	.data	padding / alignment (zero)	excluded	padding / alignment (zero)		zero bytes with no inbound game-visible reference
0x0020b4dc	0x0020b4e8	12	.data	padding / alignment (zero)	excluded	padding / alignment (zero)		zero bytes with no inbound game-visible reference
0x0020b503	0x0020b508	5	.data	padding / alignment (zero)	excluded	padding / alignment (zero)		zero bytes with no inbound game-visible reference
0x0020b52a	0x0020b530	6	.data	padding / alignment (zero)	excluded	padding / alignment (zero)		zero bytes with no inbound game-visible reference
0x0020b54c	0x0020b554	8	.data	padding / alignment (zero)	excluded	padding / alignment (zero)		zero bytes with no inbound game-visible reference
0x0020b574	0x0020b57c	8	.data	padding / alignment (zero)	excluded	padding / alignment (zero)		zero bytes with no inbound game-visible reference
0x0020b584	0x0020b588	4	.data	padding / alignment (zero)	excluded	padding / alignment (zero)		zero bytes with no inbound game-visible reference
0x0020b58a	0x0020b58c	2	.data	padding / alignment (zero)	excluded	padding / alignment (zero)		zero bytes with no inbound game-visible reference
0x0020b593	0x0020b594	1	.data	padding / alignment (zero)	excluded	padding / alignment (zero)		zero bytes with no inbound game-visible reference
0x0020b5a3	0x0020b5a8	5	.data	padding / alignment (zero)	excluded	padding / alignment (zero)		zero bytes with no inbound game-visible reference
0x0020b5b8	0x0020b5bc	4	.data	padding / alignment (zero)	excluded	padding / alignment (zero)		zero bytes with no inbound game-visible reference
0x0020b5be	0x0020b5c0	2	.data	padding / alignment (zero)	excluded	padding / alignment (zero)		zero bytes with no inbound game-visible reference
0x0020b5c8	0x0020b5d0	8	.data	padding / alignment (zero)	excluded	padding / alignment (zero)		zero bytes with no inbound game-visible reference
0x0020b5e6	0x0020b5f0	10	.data	padding / alignment (zero)	excluded	padding / alignment (zero)		zero bytes with no inbound game-visible reference
0x0020b609	0x0020b610	7	.data	padding / alignment (zero)	excluded	padding / alignment (zero)		zero bytes with no inbound game-visible reference
0x0020b623	0x0020b628	5	.data	padding / alignment (zero)	excluded	padding / alignment (zero)		zero bytes with no inbound game-visible reference
0x0020b63e	0x0020b648	10	.data	padding / alignment (zero)	excluded	padding / alignment (zero)		zero bytes with no inbound game-visible reference
0x0020b662	0x0020b668	6	.data	padding / alignment (zero)	excluded	padding / alignment (zero)		zero bytes with no inbound game-visible reference
0x0020b66b	0x0020b66c	1	.data	padding / alignment (zero)	excluded	padding / alignment (zero)		zero bytes with no inbound game-visible reference
0x0020b676	0x0020b678	2	.data	padding / alignment (zero)	excluded	padding / alignment (zero)		zero bytes with no inbound game-visible reference
0x0020b680	0x0020b684	4	.data	padding / alignment (zero)	excluded	padding / alignment (zero)		zero bytes with no inbound game-visible reference
0x0020b68e	0x0020b690	2	.data	padding / alignment (zero)	excluded	padding / alignment (zero)		zero bytes with no inbound game-visible reference
0x0020b699	0x0020b69c	3	.data	padding / alignment (zero)	excluded	padding / alignment (zero)		zero bytes with no inbound game-visible reference
0x0020b6a2	0x0020b6a4	2	.data	padding / alignment (zero)	excluded	padding / alignment (zero)		zero bytes with no inbound game-visible reference
0x0020b6af	0x0020b6b0	1	.data	padding / alignment (zero)	excluded	padding / alignment (zero)		zero bytes with no inbound game-visible reference
0x0020b6b6	0x0020b6b8	2	.data	padding / alignment (zero)	excluded	padding / alignment (zero)		zero bytes with no inbound game-visible reference
0x0020b6cd	0x0020b6d4	7	.data	padding / alignment (zero)	excluded	padding / alignment (zero)		zero bytes with no inbound game-visible reference
0x0020b6e6	0x0020b6ec	6	.data	padding / alignment (zero)	excluded	padding / alignment (zero)		zero bytes with no inbound game-visible reference
0x0020b6fc	0x0020b700	4	.data	padding / alignment (zero)	excluded	padding / alignment (zero)		zero bytes with no inbound game-visible reference
0x0020b705	0x0020b708	3	.data	padding / alignment (zero)	excluded	padding / alignment (zero)		zero bytes with no inbound game-visible reference
0x0020b716	0x0020b718	2	.data	padding / alignment (zero)	excluded	padding / alignment (zero)		zero bytes with no inbound game-visible reference
0x0020b725	0x0020b728	3	.data	padding / alignment (zero)	excluded	padding / alignment (zero)		zero bytes with no inbound game-visible reference
0x0020b735	0x0020b738	3	.data	padding / alignment (zero)	excluded	padding / alignment (zero)		zero bytes with no inbound game-visible reference
0x0020b743	0x0020b748	5	.data	padding / alignment (zero)	excluded	padding / alignment (zero)		zero bytes with no inbound game-visible reference
0x0020b758	0x0020b75c	4	.data	padding / alignment (zero)	excluded	padding / alignment (zero)		zero bytes with no inbound game-visible reference
0x0020b764	0x0020b768	4	.data	padding / alignment (zero)	excluded	padding / alignment (zero)		zero bytes with no inbound game-visible reference
0x0020b779	0x0020b780	7	.data	padding / alignment (zero)	excluded	padding / alignment (zero)		zero bytes with no inbound game-visible reference
0x0020b795	0x0020b7a0	11	.data	padding / alignment (zero)	excluded	padding / alignment (zero)		zero bytes with no inbound game-visible reference
0x0020b7b9	0x0020b7c0	7	.data	padding / alignment (zero)	excluded	padding / alignment (zero)		zero bytes with no inbound game-visible reference
0x0020b7e0	0x0020b7e8	8	.data	padding / alignment (zero)	excluded	padding / alignment (zero)		zero bytes with no inbound game-visible reference
0x0020b7ee	0x0020b7f0	2	.data	padding / alignment (zero)	excluded	padding / alignment (zero)		zero bytes with no inbound game-visible reference
0x0020b810	0x0020b818	8	.data	padding / alignment (zero)	excluded	padding / alignment (zero)		zero bytes with no inbound game-visible reference
0x0020b820	0x0020b824	4	.data	padding / alignment (zero)	excluded	padding / alignment (zero)		zero bytes with no inbound game-visible reference
0x0020b832	0x0020b838	6	.data	padding / alignment (zero)	excluded	padding / alignment (zero)		zero bytes with no inbound game-visible reference
0x0020b978	0x0020b9b8	64	.data	game-visible unenrolled data	eligible	padding / alignment (zero)	direct game/compiler code (1)	zero bytes with no inbound game-visible reference
0x0020b9c1	0x0020b9c4	3	.data	padding / alignment (zero)	excluded	padding / alignment (zero)		zero bytes with no inbound game-visible reference
0x0020b9cb	0x0020b9cc	1	.data	padding / alignment (zero)	excluded	padding / alignment (zero)		zero bytes with no inbound game-visible reference
0x0020b9d6	0x0020b9d8	2	.data	padding / alignment (zero)	excluded	padding / alignment (zero)		zero bytes with no inbound game-visible reference
0x0020b9de	0x0020b9e0	2	.data	padding / alignment (zero)	excluded	padding / alignment (zero)		zero bytes with no inbound game-visible reference
0x0020b9e7	0x0020b9e8	1	.data	padding / alignment (zero)	excluded	padding / alignment (zero)		zero bytes with no inbound game-visible reference
0x0020b9f0	0x0020b9f4	4	.data	padding / alignment (zero)	excluded	padding / alignment (zero)		zero bytes with no inbound game-visible reference
0x0020b9ff	0x0020ba04	5	.data	padding / alignment (zero)	excluded	padding / alignment (zero)		zero bytes with no inbound game-visible reference
0x0020ba0a	0x0020ba0c	2	.data	padding / alignment (zero)	excluded	padding / alignment (zero)		zero bytes with no inbound game-visible reference
0x0020ba13	0x0020ba14	1	.data	padding / alignment (zero)	excluded	padding / alignment (zero)		zero bytes with no inbound game-visible reference
0x0020ba25	0x0020ba28	3	.data	padding / alignment (zero)	excluded	padding / alignment (zero)		zero bytes with no inbound game-visible reference
0x0020ba39	0x0020ba3c	3	.data	padding / alignment (zero)	excluded	padding / alignment (zero)		zero bytes with no inbound game-visible reference
0x0020ba42	0x0020ba44	2	.data	padding / alignment (zero)	excluded	padding / alignment (zero)		zero bytes with no inbound game-visible reference
0x0020ba49	0x0020ba4c	3	.data	padding / alignment (zero)	excluded	padding / alignment (zero)		zero bytes with no inbound game-visible reference
0x0020ba59	0x0020ba5c	3	.data	padding / alignment (zero)	excluded	padding / alignment (zero)		zero bytes with no inbound game-visible reference
0x0020ba61	0x0020ba64	3	.data	padding / alignment (zero)	excluded	padding / alignment (zero)		zero bytes with no inbound game-visible reference
0x0020ba69	0x0020ba6c	3	.data	padding / alignment (zero)	excluded	padding / alignment (zero)		zero bytes with no inbound game-visible reference
0x0020ba74	0x0020ba78	4	.data	padding / alignment (zero)	excluded	padding / alignment (zero)		zero bytes with no inbound game-visible reference
0x0020ba7f	0x0020ba80	1	.data	padding / alignment (zero)	excluded	padding / alignment (zero)		zero bytes with no inbound game-visible reference
0x0020ba8c	0x0020ba90	4	.data	padding / alignment (zero)	excluded	padding / alignment (zero)		zero bytes with no inbound game-visible reference
0x0020baa3	0x0020baa8	5	.data	padding / alignment (zero)	excluded	padding / alignment (zero)		zero bytes with no inbound game-visible reference
0x0020bab3	0x0020bab8	5	.data	padding / alignment (zero)	excluded	padding / alignment (zero)		zero bytes with no inbound game-visible reference
0x0020babb	0x0020babc	1	.data	padding / alignment (zero)	excluded	padding / alignment (zero)		zero bytes with no inbound game-visible reference
0x0020bad3	0x0020bad8	5	.data	padding / alignment (zero)	excluded	padding / alignment (zero)		zero bytes with no inbound game-visible reference
0x0020baef	0x0020baf4	5	.data	padding / alignment (zero)	excluded	padding / alignment (zero)		zero bytes with no inbound game-visible reference
0x0020bafa	0x0020bafc	2	.data	padding / alignment (zero)	excluded	padding / alignment (zero)		zero bytes with no inbound game-visible reference
0x0020bb0a	0x0020bb0c	2	.data	padding / alignment (zero)	excluded	padding / alignment (zero)		zero bytes with no inbound game-visible reference
0x0020bb1d	0x0020bb20	3	.data	padding / alignment (zero)	excluded	padding / alignment (zero)		zero bytes with no inbound game-visible reference
0x0020bb46	0x0020bb50	10	.data	padding / alignment (zero)	excluded	padding / alignment (zero)		zero bytes with no inbound game-visible reference
0x0020bb61	0x0020bb64	3	.data	padding / alignment (zero)	excluded	padding / alignment (zero)		zero bytes with no inbound game-visible reference
0x0020bb6a	0x0020bb6c	2	.data	padding / alignment (zero)	excluded	padding / alignment (zero)		zero bytes with no inbound game-visible reference
0x0020bb80	0x0020bb84	4	.data	padding / alignment (zero)	excluded	padding / alignment (zero)		zero bytes with no inbound game-visible reference
0x0020bb8e	0x0020bb90	2	.data	padding / alignment (zero)	excluded	padding / alignment (zero)		zero bytes with no inbound game-visible reference
0x0020bb95	0x0020bb98	3	.data	padding / alignment (zero)	excluded	padding / alignment (zero)		zero bytes with no inbound game-visible reference
0x0020bba2	0x0020bba4	2	.data	padding / alignment (zero)	excluded	padding / alignment (zero)		zero bytes with no inbound game-visible reference
0x0020bbaa	0x0020bbac	2	.data	padding / alignment (zero)	excluded	padding / alignment (zero)		zero bytes with no inbound game-visible reference
0x0020bbb6	0x0020bbb8	2	.data	padding / alignment (zero)	excluded	padding / alignment (zero)		zero bytes with no inbound game-visible reference
0x0020bbbd	0x0020bbc0	3	.data	padding / alignment (zero)	excluded	padding / alignment (zero)		zero bytes with no inbound game-visible reference
0x0020bbca	0x0020bbcc	2	.data	padding / alignment (zero)	excluded	padding / alignment (zero)		zero bytes with no inbound game-visible reference
0x0020bbd2	0x0020bbd4	2	.data	padding / alignment (zero)	excluded	padding / alignment (zero)		zero bytes with no inbound game-visible reference
0x0020bbec	0x0020bbf0	4	.data	padding / alignment (zero)	excluded	padding / alignment (zero)		zero bytes with no inbound game-visible reference
0x0020bbff	0x0020bc04	5	.data	padding / alignment (zero)	excluded	padding / alignment (zero)		zero bytes with no inbound game-visible reference
0x0020bc19	0x0020bc20	7	.data	padding / alignment (zero)	excluded	padding / alignment (zero)		zero bytes with no inbound game-visible reference
0x0020bc3b	0x0020bc40	5	.data	padding / alignment (zero)	excluded	padding / alignment (zero)		zero bytes with no inbound game-visible reference
0x0020bc5f	0x0020bc68	9	.data	padding / alignment (zero)	excluded	padding / alignment (zero)		zero bytes with no inbound game-visible reference
0x0020bc88	0x0020bc90	8	.data	padding / alignment (zero)	excluded	padding / alignment (zero)		zero bytes with no inbound game-visible reference
0x0020bcb1	0x0020bcb8	7	.data	padding / alignment (zero)	excluded	padding / alignment (zero)		zero bytes with no inbound game-visible reference
0x0020bcd9	0x0020bce0	7	.data	padding / alignment (zero)	excluded	padding / alignment (zero)		zero bytes with no inbound game-visible reference
0x0020bcf1	0x0020bcf4	3	.data	padding / alignment (zero)	excluded	padding / alignment (zero)		zero bytes with no inbound game-visible reference
0x0020bd0d	0x0020bd14	7	.data	padding / alignment (zero)	excluded	padding / alignment (zero)		zero bytes with no inbound game-visible reference
0x0020bd23	0x0020bd28	5	.data	padding / alignment (zero)	excluded	padding / alignment (zero)		zero bytes with no inbound game-visible reference
0x0020bd35	0x0020bd38	3	.data	padding / alignment (zero)	excluded	padding / alignment (zero)		zero bytes with no inbound game-visible reference
0x0020bd48	0x0020bd4c	4	.data	padding / alignment (zero)	excluded	padding / alignment (zero)		zero bytes with no inbound game-visible reference
0x0020bd5a	0x0020bd5c	2	.data	padding / alignment (zero)	excluded	padding / alignment (zero)		zero bytes with no inbound game-visible reference
0x0020bd68	0x0020bd6c	4	.data	padding / alignment (zero)	excluded	padding / alignment (zero)		zero bytes with no inbound game-visible reference
0x0020bd90	0x0020bd98	8	.data	padding / alignment (zero)	excluded	padding / alignment (zero)		zero bytes with no inbound game-visible reference
0x0020bdab	0x0020bdb0	5	.data	padding / alignment (zero)	excluded	padding / alignment (zero)		zero bytes with no inbound game-visible reference
0x0020bdc0	0x0020bdc4	4	.data	padding / alignment (zero)	excluded	padding / alignment (zero)		zero bytes with no inbound game-visible reference
0x0020bdd1	0x0020bdd4	3	.data	padding / alignment (zero)	excluded	padding / alignment (zero)		zero bytes with no inbound game-visible reference
0x0020bdd7	0x0020bdd8	1	.data	padding / alignment (zero)	excluded	padding / alignment (zero)		zero bytes with no inbound game-visible reference
0x0020bde1	0x0020bde4	3	.data	padding / alignment (zero)	excluded	padding / alignment (zero)		zero bytes with no inbound game-visible reference
0x0020bdef	0x0020bdf4	5	.data	padding / alignment (zero)	excluded	padding / alignment (zero)		zero bytes with no inbound game-visible reference
0x0020bdfe	0x0020be00	2	.data	padding / alignment (zero)	excluded	padding / alignment (zero)		zero bytes with no inbound game-visible reference
0x0020be12	0x0020be18	6	.data	padding / alignment (zero)	excluded	padding / alignment (zero)		zero bytes with no inbound game-visible reference
0x0020be30	0x0020be34	4	.data	padding / alignment (zero)	excluded	padding / alignment (zero)		zero bytes with no inbound game-visible reference
0x0020be52	0x0020be58	6	.data	padding / alignment (zero)	excluded	padding / alignment (zero)		zero bytes with no inbound game-visible reference
0x0020be66	0x0020be68	2	.data	padding / alignment (zero)	excluded	padding / alignment (zero)		zero bytes with no inbound game-visible reference
0x0020be88	0x0020be90	8	.data	padding / alignment (zero)	excluded	padding / alignment (zero)		zero bytes with no inbound game-visible reference
0x0020bea0	0x0020bea4	4	.data	padding / alignment (zero)	excluded	padding / alignment (zero)		zero bytes with no inbound game-visible reference
0x0020beb3	0x0020beb8	5	.data	padding / alignment (zero)	excluded	padding / alignment (zero)		zero bytes with no inbound game-visible reference
0x0020beba	0x0020bebc	2	.data	padding / alignment (zero)	excluded	padding / alignment (zero)		zero bytes with no inbound game-visible reference
0x0020bebe	0x0020bec0	2	.data	padding / alignment (zero)	excluded	padding / alignment (zero)		zero bytes with no inbound game-visible reference
0x0020bec2	0x0020bec4	2	.data	padding / alignment (zero)	excluded	padding / alignment (zero)		zero bytes with no inbound game-visible reference
0x0020bedd	0x0020bee4	7	.data	padding / alignment (zero)	excluded	padding / alignment (zero)		zero bytes with no inbound game-visible reference
0x0020bf02	0x0020bf08	6	.data	padding / alignment (zero)	excluded	padding / alignment (zero)		zero bytes with no inbound game-visible reference
0x0020bf16	0x0020bf18	2	.data	padding / alignment (zero)	excluded	padding / alignment (zero)		zero bytes with no inbound game-visible reference
0x0020bf4f	0x0020bf5c	13	.data	padding / alignment (zero)	excluded	padding / alignment (zero)		zero bytes with no inbound game-visible reference
0x0020bf7d	0x0020bf84	7	.data	padding / alignment (zero)	excluded	padding / alignment (zero)		zero bytes with no inbound game-visible reference
0x0020bfb3	0x0020bfbc	9	.data	padding / alignment (zero)	excluded	padding / alignment (zero)		zero bytes with no inbound game-visible reference
0x0020bff9	0x0020c008	15	.data	padding / alignment (zero)	excluded	padding / alignment (zero)		zero bytes with no inbound game-visible reference
0x0020c03c	0x0020c048	12	.data	padding / alignment (zero)	excluded	padding / alignment (zero)		zero bytes with no inbound game-visible reference
0x0020c088	0x0020c094	12	.data	padding / alignment (zero)	excluded	padding / alignment (zero)		zero bytes with no inbound game-visible reference
0x0020c0a5	0x0020c0a8	3	.data	padding / alignment (zero)	excluded	padding / alignment (zero)		zero bytes with no inbound game-visible reference
0x0020c0b9	0x0020c0bc	3	.data	padding / alignment (zero)	excluded	padding / alignment (zero)		zero bytes with no inbound game-visible reference
0x0020c0c7	0x0020c0cc	5	.data	padding / alignment (zero)	excluded	padding / alignment (zero)		zero bytes with no inbound game-visible reference
0x0020c0d7	0x0020c0dc	5	.data	padding / alignment (zero)	excluded	padding / alignment (zero)		zero bytes with no inbound game-visible reference
0x0020c0fb	0x0020c104	9	.data	padding / alignment (zero)	excluded	padding / alignment (zero)		zero bytes with no inbound game-visible reference
0x0020c11d	0x0020c124	7	.data	padding / alignment (zero)	excluded	padding / alignment (zero)		zero bytes with no inbound game-visible reference
0x0020c13b	0x0020c140	5	.data	padding / alignment (zero)	excluded	padding / alignment (zero)		zero bytes with no inbound game-visible reference
0x0020c14b	0x0020c150	5	.data	padding / alignment (zero)	excluded	padding / alignment (zero)		zero bytes with no inbound game-visible reference
0x0020c166	0x0020c16c	6	.data	padding / alignment (zero)	excluded	padding / alignment (zero)		zero bytes with no inbound game-visible reference
0x0020c196	0x0020c1a0	10	.data	padding / alignment (zero)	excluded	padding / alignment (zero)		zero bytes with no inbound game-visible reference
0x0020c1ba	0x0020c1c0	6	.data	padding / alignment (zero)	excluded	padding / alignment (zero)		zero bytes with no inbound game-visible reference
0x0020c1e0	0x0020c1e8	8	.data	padding / alignment (zero)	excluded	padding / alignment (zero)		zero bytes with no inbound game-visible reference
0x0020c1fb	0x0020c200	5	.data	padding / alignment (zero)	excluded	padding / alignment (zero)		zero bytes with no inbound game-visible reference
0x0020c207	0x0020c208	1	.data	padding / alignment (zero)	excluded	padding / alignment (zero)		zero bytes with no inbound game-visible reference
0x0020c216	0x0020c218	2	.data	padding / alignment (zero)	excluded	padding / alignment (zero)		zero bytes with no inbound game-visible reference
0x0020c229	0x0020c22c	3	.data	padding / alignment (zero)	excluded	padding / alignment (zero)		zero bytes with no inbound game-visible reference
0x0020c241	0x0020c248	7	.data	padding / alignment (zero)	excluded	padding / alignment (zero)		zero bytes with no inbound game-visible reference
0x0020c25d	0x0020c264	7	.data	padding / alignment (zero)	excluded	padding / alignment (zero)		zero bytes with no inbound game-visible reference
0x0020c27a	0x0020c280	6	.data	padding / alignment (zero)	excluded	padding / alignment (zero)		zero bytes with no inbound game-visible reference
0x0020c297	0x0020c29c	5	.data	padding / alignment (zero)	excluded	padding / alignment (zero)		zero bytes with no inbound game-visible reference
0x0020c2ab	0x0020c2b0	5	.data	padding / alignment (zero)	excluded	padding / alignment (zero)		zero bytes with no inbound game-visible reference
0x0020c2c4	0x0020c2c8	4	.data	padding / alignment (zero)	excluded	padding / alignment (zero)		zero bytes with no inbound game-visible reference
0x0020c2dc	0x0020c2e0	4	.data	padding / alignment (zero)	excluded	padding / alignment (zero)		zero bytes with no inbound game-visible reference
0x0020c2f9	0x0020c300	7	.data	padding / alignment (zero)	excluded	padding / alignment (zero)		zero bytes with no inbound game-visible reference
0x0020c314	0x0020c318	4	.data	padding / alignment (zero)	excluded	padding / alignment (zero)		zero bytes with no inbound game-visible reference
0x0020c327	0x0020c32c	5	.data	padding / alignment (zero)	excluded	padding / alignment (zero)		zero bytes with no inbound game-visible reference
0x0020c340	0x0020c344	4	.data	padding / alignment (zero)	excluded	padding / alignment (zero)		zero bytes with no inbound game-visible reference
0x0020c34f	0x0020c354	5	.data	padding / alignment (zero)	excluded	padding / alignment (zero)		zero bytes with no inbound game-visible reference
0x0020c364	0x0020c368	4	.data	padding / alignment (zero)	excluded	padding / alignment (zero)		zero bytes with no inbound game-visible reference
0x0020c375	0x0020c378	3	.data	padding / alignment (zero)	excluded	padding / alignment (zero)		zero bytes with no inbound game-visible reference
0x0020c388	0x0020c38c	4	.data	padding / alignment (zero)	excluded	padding / alignment (zero)		zero bytes with no inbound game-visible reference
0x0020c39b	0x0020c3a0	5	.data	padding / alignment (zero)	excluded	padding / alignment (zero)		zero bytes with no inbound game-visible reference
0x0020c3b3	0x0020c3b8	5	.data	padding / alignment (zero)	excluded	padding / alignment (zero)		zero bytes with no inbound game-visible reference
0x0020c3c5	0x0020c3c8	3	.data	padding / alignment (zero)	excluded	padding / alignment (zero)		zero bytes with no inbound game-visible reference
0x0020c3d7	0x0020c3dc	5	.data	padding / alignment (zero)	excluded	padding / alignment (zero)		zero bytes with no inbound game-visible reference
0x0020c3ec	0x0020c3f0	4	.data	padding / alignment (zero)	excluded	padding / alignment (zero)		zero bytes with no inbound game-visible reference
0x0020c401	0x0020c404	3	.data	padding / alignment (zero)	excluded	padding / alignment (zero)		zero bytes with no inbound game-visible reference
0x0020c410	0x0020c414	4	.data	padding / alignment (zero)	excluded	padding / alignment (zero)		zero bytes with no inbound game-visible reference
0x0020c422	0x0020c424	2	.data	padding / alignment (zero)	excluded	padding / alignment (zero)		zero bytes with no inbound game-visible reference
0x0020c436	0x0020c43c	6	.data	padding / alignment (zero)	excluded	padding / alignment (zero)		zero bytes with no inbound game-visible reference
0x0020c448	0x0020c44c	4	.data	padding / alignment (zero)	excluded	padding / alignment (zero)		zero bytes with no inbound game-visible reference
0x0020c458	0x0020c45c	4	.data	padding / alignment (zero)	excluded	padding / alignment (zero)		zero bytes with no inbound game-visible reference
0x0020c46c	0x0020c470	4	.data	padding / alignment (zero)	excluded	padding / alignment (zero)		zero bytes with no inbound game-visible reference
0x0020c47d	0x0020c480	3	.data	padding / alignment (zero)	excluded	padding / alignment (zero)		zero bytes with no inbound game-visible reference
0x0020c48b	0x0020c490	5	.data	padding / alignment (zero)	excluded	padding / alignment (zero)		zero bytes with no inbound game-visible reference
0x0020c49e	0x0020c4a0	2	.data	padding / alignment (zero)	excluded	padding / alignment (zero)		zero bytes with no inbound game-visible reference
0x0020c4ae	0x0020c4b0	2	.data	padding / alignment (zero)	excluded	padding / alignment (zero)		zero bytes with no inbound game-visible reference
0x0020c4be	0x0020c4c0	2	.data	padding / alignment (zero)	excluded	padding / alignment (zero)		zero bytes with no inbound game-visible reference
0x0020c4cc	0x0020c4d0	4	.data	padding / alignment (zero)	excluded	padding / alignment (zero)		zero bytes with no inbound game-visible reference
0x0020c4df	0x0020c4e4	5	.data	padding / alignment (zero)	excluded	padding / alignment (zero)		zero bytes with no inbound game-visible reference
0x0020c4f2	0x0020c4f4	2	.data	padding / alignment (zero)	excluded	padding / alignment (zero)		zero bytes with no inbound game-visible reference
0x0020c507	0x0020c50c	5	.data	padding / alignment (zero)	excluded	padding / alignment (zero)		zero bytes with no inbound game-visible reference
0x0020c51a	0x0020c51c	2	.data	padding / alignment (zero)	excluded	padding / alignment (zero)		zero bytes with no inbound game-visible reference
0x0020c529	0x0020c52c	3	.data	padding / alignment (zero)	excluded	padding / alignment (zero)		zero bytes with no inbound game-visible reference
0x0020c53c	0x0020c540	4	.data	padding / alignment (zero)	excluded	padding / alignment (zero)		zero bytes with no inbound game-visible reference
0x0020c54c	0x0020c550	4	.data	padding / alignment (zero)	excluded	padding / alignment (zero)		zero bytes with no inbound game-visible reference
0x0020c55d	0x0020c560	3	.data	padding / alignment (zero)	excluded	padding / alignment (zero)		zero bytes with no inbound game-visible reference
0x0020c571	0x0020c574	3	.data	padding / alignment (zero)	excluded	padding / alignment (zero)		zero bytes with no inbound game-visible reference
0x0020c580	0x0020c584	4	.data	padding / alignment (zero)	excluded	padding / alignment (zero)		zero bytes with no inbound game-visible reference
0x0020c58b	0x0020c58c	1	.data	padding / alignment (zero)	excluded	padding / alignment (zero)		zero bytes with no inbound game-visible reference
0x0020c593	0x0020c594	1	.data	padding / alignment (zero)	excluded	padding / alignment (zero)		zero bytes with no inbound game-visible reference
0x0020c59d	0x0020c5a0	3	.data	padding / alignment (zero)	excluded	padding / alignment (zero)		zero bytes with no inbound game-visible reference
0x0020c5a5	0x0020c5a8	3	.data	padding / alignment (zero)	excluded	padding / alignment (zero)		zero bytes with no inbound game-visible reference
0x0020c5b5	0x0020c5b8	3	.data	padding / alignment (zero)	excluded	padding / alignment (zero)		zero bytes with no inbound game-visible reference
0x0020c5bb	0x0020c5bc	1	.data	padding / alignment (zero)	excluded	padding / alignment (zero)		zero bytes with no inbound game-visible reference
0x0020c5c4	0x0020c5c8	4	.data	padding / alignment (zero)	excluded	padding / alignment (zero)		zero bytes with no inbound game-visible reference
0x0020c5d0	0x0020c5d4	4	.data	padding / alignment (zero)	excluded	padding / alignment (zero)		zero bytes with no inbound game-visible reference
0x0020c5db	0x0020c5dc	1	.data	padding / alignment (zero)	excluded	padding / alignment (zero)		zero bytes with no inbound game-visible reference
0x0020c5e3	0x0020c5e4	1	.data	padding / alignment (zero)	excluded	padding / alignment (zero)		zero bytes with no inbound game-visible reference
0x0020c5f3	0x0020c5f8	5	.data	padding / alignment (zero)	excluded	padding / alignment (zero)		zero bytes with no inbound game-visible reference
0x0020c5fe	0x0020c600	2	.data	padding / alignment (zero)	excluded	padding / alignment (zero)		zero bytes with no inbound game-visible reference
0x0020c62c	0x0020c634	8	.data	padding / alignment (zero)	excluded	padding / alignment (zero)		zero bytes with no inbound game-visible reference
0x0020c662	0x0020c66c	10	.data	padding / alignment (zero)	excluded	padding / alignment (zero)		zero bytes with no inbound game-visible reference
0x0020c672	0x0020c674	2	.data	padding / alignment (zero)	excluded	padding / alignment (zero)		zero bytes with no inbound game-visible reference
0x0020c67f	0x0020c684	5	.data	padding / alignment (zero)	excluded	padding / alignment (zero)		zero bytes with no inbound game-visible reference
0x0020c689	0x0020c68c	3	.data	padding / alignment (zero)	excluded	padding / alignment (zero)		zero bytes with no inbound game-visible reference
0x0020c698	0x0020c69c	4	.data	padding / alignment (zero)	excluded	padding / alignment (zero)		zero bytes with no inbound game-visible reference
0x0020c6b0	0x0020c6b8	8	.data	padding / alignment (zero)	excluded	padding / alignment (zero)		zero bytes with no inbound game-visible reference
0x0020c6b8	0x0020c6f4	60	.data	game-visible unenrolled data	eligible	compiler: RTTI records	pointer from game-visible data (1)	TypeDescriptor by content (type_info vptr + mangled tag)
0x0020c72c	0x0020c738	12	.data	padding / alignment (zero)	excluded	padding / alignment (zero)		zero bytes with no inbound game-visible reference
0x0020c73e	0x0020c740	2	.data	padding / alignment (zero)	excluded	padding / alignment (zero)		zero bytes with no inbound game-visible reference
0x0020c749	0x0020c74c	3	.data	padding / alignment (zero)	excluded	padding / alignment (zero)		zero bytes with no inbound game-visible reference
0x0020c753	0x0020c754	1	.data	padding / alignment (zero)	excluded	padding / alignment (zero)		zero bytes with no inbound game-visible reference
0x0020c75e	0x0020c760	2	.data	padding / alignment (zero)	excluded	padding / alignment (zero)		zero bytes with no inbound game-visible reference
0x0020c77b	0x0020c780	5	.data	padding / alignment (zero)	excluded	padding / alignment (zero)		zero bytes with no inbound game-visible reference
0x0020c792	0x0020c798	6	.data	padding / alignment (zero)	excluded	padding / alignment (zero)		zero bytes with no inbound game-visible reference
0x0020c7a5	0x0020c7a8	3	.data	padding / alignment (zero)	excluded	padding / alignment (zero)		zero bytes with no inbound game-visible reference
0x0020c7be	0x0020c7c4	6	.data	padding / alignment (zero)	excluded	padding / alignment (zero)		zero bytes with no inbound game-visible reference
0x0020c7d5	0x0020c7d8	3	.data	padding / alignment (zero)	excluded	padding / alignment (zero)		zero bytes with no inbound game-visible reference
0x0020c7e4	0x0020c7e8	4	.data	padding / alignment (zero)	excluded	padding / alignment (zero)		zero bytes with no inbound game-visible reference
0x0020c7fb	0x0020c800	5	.data	padding / alignment (zero)	excluded	padding / alignment (zero)		zero bytes with no inbound game-visible reference
0x0020c812	0x0020c818	6	.data	padding / alignment (zero)	excluded	padding / alignment (zero)		zero bytes with no inbound game-visible reference
0x0020c81d	0x0020c820	3	.data	padding / alignment (zero)	excluded	padding / alignment (zero)		zero bytes with no inbound game-visible reference
0x0020c82d	0x0020c830	3	.data	padding / alignment (zero)	excluded	padding / alignment (zero)		zero bytes with no inbound game-visible reference
0x0020c836	0x0020c838	2	.data	padding / alignment (zero)	excluded	padding / alignment (zero)		zero bytes with no inbound game-visible reference
0x0020c930	0x0020c934	4	.data	padding / alignment (zero)	excluded	padding / alignment (zero)		zero bytes with no inbound game-visible reference
0x0020c93d	0x0020c940	3	.data	padding / alignment (zero)	excluded	padding / alignment (zero)		zero bytes with no inbound game-visible reference
0x0020c95d	0x0020c968	11	.data	padding / alignment (zero)	excluded	padding / alignment (zero)		zero bytes with no inbound game-visible reference
0x0020c985	0x0020c990	11	.data	padding / alignment (zero)	excluded	padding / alignment (zero)		zero bytes with no inbound game-visible reference
0x0020c9b3	0x0020c9c0	13	.data	padding / alignment (zero)	excluded	padding / alignment (zero)		zero bytes with no inbound game-visible reference
0x0020c9e2	0x0020c9e8	6	.data	padding / alignment (zero)	excluded	padding / alignment (zero)		zero bytes with no inbound game-visible reference
0x0020c9ee	0x0020c9f0	2	.data	padding / alignment (zero)	excluded	padding / alignment (zero)		zero bytes with no inbound game-visible reference
0x0020c9f8	0x0020c9fc	4	.data	padding / alignment (zero)	excluded	padding / alignment (zero)		zero bytes with no inbound game-visible reference
0x0020ca02	0x0020ca04	2	.data	padding / alignment (zero)	excluded	padding / alignment (zero)		zero bytes with no inbound game-visible reference
0x0020ca0a	0x0020ca0c	2	.data	padding / alignment (zero)	excluded	padding / alignment (zero)		zero bytes with no inbound game-visible reference
0x0020ca16	0x0020ca18	2	.data	padding / alignment (zero)	excluded	padding / alignment (zero)		zero bytes with no inbound game-visible reference
0x0020ca1f	0x0020ca20	1	.data	padding / alignment (zero)	excluded	padding / alignment (zero)		zero bytes with no inbound game-visible reference
0x0020ca25	0x0020ca28	3	.data	padding / alignment (zero)	excluded	padding / alignment (zero)		zero bytes with no inbound game-visible reference
0x0020ca30	0x0020ca34	4	.data	padding / alignment (zero)	excluded	padding / alignment (zero)		zero bytes with no inbound game-visible reference
0x0020ca3c	0x0020ca40	4	.data	padding / alignment (zero)	excluded	padding / alignment (zero)		zero bytes with no inbound game-visible reference
0x0020ca48	0x0020ca4c	4	.data	padding / alignment (zero)	excluded	padding / alignment (zero)		zero bytes with no inbound game-visible reference
0x0020ca52	0x0020ca54	2	.data	padding / alignment (zero)	excluded	padding / alignment (zero)		zero bytes with no inbound game-visible reference
0x0020ca5d	0x0020ca60	3	.data	padding / alignment (zero)	excluded	padding / alignment (zero)		zero bytes with no inbound game-visible reference
0x0020ca68	0x0020ca6c	4	.data	padding / alignment (zero)	excluded	padding / alignment (zero)		zero bytes with no inbound game-visible reference
0x0020ca79	0x0020ca7c	3	.data	padding / alignment (zero)	excluded	padding / alignment (zero)		zero bytes with no inbound game-visible reference
0x0020ca84	0x0020ca88	4	.data	padding / alignment (zero)	excluded	padding / alignment (zero)		zero bytes with no inbound game-visible reference
0x0020ca8f	0x0020ca90	1	.data	padding / alignment (zero)	excluded	padding / alignment (zero)		zero bytes with no inbound game-visible reference
0x0020ca9a	0x0020ca9c	2	.data	padding / alignment (zero)	excluded	padding / alignment (zero)		zero bytes with no inbound game-visible reference
0x0020caa2	0x0020caa4	2	.data	padding / alignment (zero)	excluded	padding / alignment (zero)		zero bytes with no inbound game-visible reference
0x0020caaf	0x0020cab4	5	.data	padding / alignment (zero)	excluded	padding / alignment (zero)		zero bytes with no inbound game-visible reference
0x0020caba	0x0020cabc	2	.data	padding / alignment (zero)	excluded	padding / alignment (zero)		zero bytes with no inbound game-visible reference
0x0020cac2	0x0020cac4	2	.data	padding / alignment (zero)	excluded	padding / alignment (zero)		zero bytes with no inbound game-visible reference
0x0020cacf	0x0020cad4	5	.data	padding / alignment (zero)	excluded	padding / alignment (zero)		zero bytes with no inbound game-visible reference
0x0020cadc	0x0020cae0	4	.data	padding / alignment (zero)	excluded	padding / alignment (zero)		zero bytes with no inbound game-visible reference
0x0020caeb	0x0020caf0	5	.data	padding / alignment (zero)	excluded	padding / alignment (zero)		zero bytes with no inbound game-visible reference
0x0020cafa	0x0020cafc	2	.data	padding / alignment (zero)	excluded	padding / alignment (zero)		zero bytes with no inbound game-visible reference
0x0020cb0a	0x0020cb0c	2	.data	padding / alignment (zero)	excluded	padding / alignment (zero)		zero bytes with no inbound game-visible reference
0x0020cb14	0x0020cb18	4	.data	padding / alignment (zero)	excluded	padding / alignment (zero)		zero bytes with no inbound game-visible reference
0x0020cb22	0x0020cb24	2	.data	padding / alignment (zero)	excluded	padding / alignment (zero)		zero bytes with no inbound game-visible reference
0x0020cb2f	0x0020cb34	5	.data	padding / alignment (zero)	excluded	padding / alignment (zero)		zero bytes with no inbound game-visible reference
0x0020cb40	0x0020cb44	4	.data	padding / alignment (zero)	excluded	padding / alignment (zero)		zero bytes with no inbound game-visible reference
0x0020cb4f	0x0020cb54	5	.data	padding / alignment (zero)	excluded	padding / alignment (zero)		zero bytes with no inbound game-visible reference
0x0020cb5e	0x0020cb60	2	.data	padding / alignment (zero)	excluded	padding / alignment (zero)		zero bytes with no inbound game-visible reference
0x0020cb6a	0x0020cb6c	2	.data	padding / alignment (zero)	excluded	padding / alignment (zero)		zero bytes with no inbound game-visible reference
0x0020cb75	0x0020cb78	3	.data	padding / alignment (zero)	excluded	padding / alignment (zero)		zero bytes with no inbound game-visible reference
0x0020cb86	0x0020cb88	2	.data	padding / alignment (zero)	excluded	padding / alignment (zero)		zero bytes with no inbound game-visible reference
0x0020cb94	0x0020cb98	4	.data	padding / alignment (zero)	excluded	padding / alignment (zero)		zero bytes with no inbound game-visible reference
0x0020cba5	0x0020cba8	3	.data	padding / alignment (zero)	excluded	padding / alignment (zero)		zero bytes with no inbound game-visible reference
0x0020cbb7	0x0020cbbc	5	.data	padding / alignment (zero)	excluded	padding / alignment (zero)		zero bytes with no inbound game-visible reference
0x0020cbcd	0x0020cbd0	3	.data	padding / alignment (zero)	excluded	padding / alignment (zero)		zero bytes with no inbound game-visible reference
0x0020cbdf	0x0020cbe4	5	.data	padding / alignment (zero)	excluded	padding / alignment (zero)		zero bytes with no inbound game-visible reference
0x0020cbf3	0x0020cbf8	5	.data	padding / alignment (zero)	excluded	padding / alignment (zero)		zero bytes with no inbound game-visible reference
0x0020cc03	0x0020cc08	5	.data	padding / alignment (zero)	excluded	padding / alignment (zero)		zero bytes with no inbound game-visible reference
0x0020cc16	0x0020cc18	2	.data	padding / alignment (zero)	excluded	padding / alignment (zero)		zero bytes with no inbound game-visible reference
0x0020cc25	0x0020cc28	3	.data	padding / alignment (zero)	excluded	padding / alignment (zero)		zero bytes with no inbound game-visible reference
0x0020cc33	0x0020cc38	5	.data	padding / alignment (zero)	excluded	padding / alignment (zero)		zero bytes with no inbound game-visible reference
0x0020cc46	0x0020cc48	2	.data	padding / alignment (zero)	excluded	padding / alignment (zero)		zero bytes with no inbound game-visible reference
0x0020cc58	0x0020cc5c	4	.data	padding / alignment (zero)	excluded	padding / alignment (zero)		zero bytes with no inbound game-visible reference
0x0020cc71	0x0020cc78	7	.data	padding / alignment (zero)	excluded	padding / alignment (zero)		zero bytes with no inbound game-visible reference
0x0020cc8a	0x0020cc90	6	.data	padding / alignment (zero)	excluded	padding / alignment (zero)		zero bytes with no inbound game-visible reference
0x0020cc92	0x0020cc94	2	.data	padding / alignment (zero)	excluded	padding / alignment (zero)		zero bytes with no inbound game-visible reference
0x0020cc96	0x0020cc98	2	.data	padding / alignment (zero)	excluded	padding / alignment (zero)		zero bytes with no inbound game-visible reference
0x0020cc9a	0x0020cc9c	2	.data	padding / alignment (zero)	excluded	padding / alignment (zero)		zero bytes with no inbound game-visible reference
0x0020cc9e	0x0020cca0	2	.data	padding / alignment (zero)	excluded	padding / alignment (zero)		zero bytes with no inbound game-visible reference
0x0020cca2	0x0020cca4	2	.data	padding / alignment (zero)	excluded	padding / alignment (zero)		zero bytes with no inbound game-visible reference
0x0020cca6	0x0020cca8	2	.data	padding / alignment (zero)	excluded	padding / alignment (zero)		zero bytes with no inbound game-visible reference
0x0020ccaf	0x0020ccb0	1	.data	padding / alignment (zero)	excluded	padding / alignment (zero)		zero bytes with no inbound game-visible reference
0x0020ccbc	0x0020ccc0	4	.data	padding / alignment (zero)	excluded	padding / alignment (zero)		zero bytes with no inbound game-visible reference
0x0020ccd2	0x0020ccd4	2	.data	padding / alignment (zero)	excluded	padding / alignment (zero)		zero bytes with no inbound game-visible reference
0x0020ccde	0x0020cce0	2	.data	padding / alignment (zero)	excluded	padding / alignment (zero)		zero bytes with no inbound game-visible reference
0x0020cceb	0x0020ccf0	5	.data	padding / alignment (zero)	excluded	padding / alignment (zero)		zero bytes with no inbound game-visible reference
0x0020cd02	0x0020cd08	6	.data	padding / alignment (zero)	excluded	padding / alignment (zero)		zero bytes with no inbound game-visible reference
0x0020cd19	0x0020cd1c	3	.data	padding / alignment (zero)	excluded	padding / alignment (zero)		zero bytes with no inbound game-visible reference
0x0020cd27	0x0020cd2c	5	.data	padding / alignment (zero)	excluded	padding / alignment (zero)		zero bytes with no inbound game-visible reference
0x0020cd38	0x0020cd3c	4	.data	padding / alignment (zero)	excluded	padding / alignment (zero)		zero bytes with no inbound game-visible reference
0x0020cd5b	0x0020cd64	9	.data	padding / alignment (zero)	excluded	padding / alignment (zero)		zero bytes with no inbound game-visible reference
0x0020cd7e	0x0020cd84	6	.data	padding / alignment (zero)	excluded	padding / alignment (zero)		zero bytes with no inbound game-visible reference
0x0020cd9d	0x0020cda4	7	.data	padding / alignment (zero)	excluded	padding / alignment (zero)		zero bytes with no inbound game-visible reference
0x0020cdc0	0x0020cdc8	8	.data	padding / alignment (zero)	excluded	padding / alignment (zero)		zero bytes with no inbound game-visible reference
0x0020cde1	0x0020cde8	7	.data	padding / alignment (zero)	excluded	padding / alignment (zero)		zero bytes with no inbound game-visible reference
0x0020ce05	0x0020ce0c	7	.data	padding / alignment (zero)	excluded	padding / alignment (zero)		zero bytes with no inbound game-visible reference
0x0020ce16	0x0020ce18	2	.data	padding / alignment (zero)	excluded	padding / alignment (zero)		zero bytes with no inbound game-visible reference
0x0020ce23	0x0020ce28	5	.data	padding / alignment (zero)	excluded	padding / alignment (zero)		zero bytes with no inbound game-visible reference
0x0020ce33	0x0020ce38	5	.data	padding / alignment (zero)	excluded	padding / alignment (zero)		zero bytes with no inbound game-visible reference
0x0020ce43	0x0020ce48	5	.data	padding / alignment (zero)	excluded	padding / alignment (zero)		zero bytes with no inbound game-visible reference
0x0020ce53	0x0020ce58	5	.data	padding / alignment (zero)	excluded	padding / alignment (zero)		zero bytes with no inbound game-visible reference
0x0020ce61	0x0020ce64	3	.data	padding / alignment (zero)	excluded	padding / alignment (zero)		zero bytes with no inbound game-visible reference
0x0020ce70	0x0020ce74	4	.data	padding / alignment (zero)	excluded	padding / alignment (zero)		zero bytes with no inbound game-visible reference
0x0020ce7d	0x0020ce80	3	.data	padding / alignment (zero)	excluded	padding / alignment (zero)		zero bytes with no inbound game-visible reference
0x0020ce85	0x0020ce88	3	.data	padding / alignment (zero)	excluded	padding / alignment (zero)		zero bytes with no inbound game-visible reference
0x0020ce8e	0x0020ce90	2	.data	padding / alignment (zero)	excluded	padding / alignment (zero)		zero bytes with no inbound game-visible reference
0x0020ce98	0x0020ce9c	4	.data	padding / alignment (zero)	excluded	padding / alignment (zero)		zero bytes with no inbound game-visible reference
0x0020ceab	0x0020ceb0	5	.data	padding / alignment (zero)	excluded	padding / alignment (zero)		zero bytes with no inbound game-visible reference
0x0020cee4	0x0020cef0	12	.data	padding / alignment (zero)	excluded	padding / alignment (zero)		zero bytes with no inbound game-visible reference
0x0020cef6	0x0020cef8	2	.data	padding / alignment (zero)	excluded	padding / alignment (zero)		zero bytes with no inbound game-visible reference
0x0020cefd	0x0020cf00	3	.data	padding / alignment (zero)	excluded	padding / alignment (zero)		zero bytes with no inbound game-visible reference
0x0020cf12	0x0020cf18	6	.data	padding / alignment (zero)	excluded	padding / alignment (zero)		zero bytes with no inbound game-visible reference
0x0020cf42	0x0020cf4c	10	.data	padding / alignment (zero)	excluded	padding / alignment (zero)		zero bytes with no inbound game-visible reference
0x0020cf60	0x0020cf64	4	.data	padding / alignment (zero)	excluded	padding / alignment (zero)		zero bytes with no inbound game-visible reference
0x0020cf7a	0x0020cf80	6	.data	padding / alignment (zero)	excluded	padding / alignment (zero)		zero bytes with no inbound game-visible reference
0x0020cf8d	0x0020cf90	3	.data	padding / alignment (zero)	excluded	padding / alignment (zero)		zero bytes with no inbound game-visible reference
0x0020cf93	0x0020cf94	1	.data	padding / alignment (zero)	excluded	padding / alignment (zero)		zero bytes with no inbound game-visible reference
0x0020cf9a	0x0020cf9c	2	.data	padding / alignment (zero)	excluded	padding / alignment (zero)		zero bytes with no inbound game-visible reference
0x0020cfa3	0x0020cfa4	1	.data	padding / alignment (zero)	excluded	padding / alignment (zero)		zero bytes with no inbound game-visible reference
0x0020cfb3	0x0020cfb8	5	.data	padding / alignment (zero)	excluded	padding / alignment (zero)		zero bytes with no inbound game-visible reference
0x0020cfbb	0x0020cfbc	1	.data	padding / alignment (zero)	excluded	padding / alignment (zero)		zero bytes with no inbound game-visible reference
0x0020cfc1	0x0020cfc4	3	.data	padding / alignment (zero)	excluded	padding / alignment (zero)		zero bytes with no inbound game-visible reference
0x0020cfcd	0x0020cfd0	3	.data	padding / alignment (zero)	excluded	padding / alignment (zero)		zero bytes with no inbound game-visible reference
0x0020cfe1	0x0020cfe4	3	.data	padding / alignment (zero)	excluded	padding / alignment (zero)		zero bytes with no inbound game-visible reference
0x0020cfed	0x0020cff0	3	.data	padding / alignment (zero)	excluded	padding / alignment (zero)		zero bytes with no inbound game-visible reference
0x0020cff2	0x0020cff4	2	.data	padding / alignment (zero)	excluded	padding / alignment (zero)		zero bytes with no inbound game-visible reference
0x0020d003	0x0020d008	5	.data	padding / alignment (zero)	excluded	padding / alignment (zero)		zero bytes with no inbound game-visible reference
0x0020d074	0x0020d078	4	.data	padding / alignment (zero)	excluded	padding / alignment (zero)		zero bytes with no inbound game-visible reference
0x0020d0e4	0x0020d110	44	.data	padding / alignment (zero)	excluded	padding / alignment (zero)		zero bytes with no inbound game-visible reference
0x0020d11f	0x0020d124	5	.data	padding / alignment (zero)	excluded	padding / alignment (zero)		zero bytes with no inbound game-visible reference
0x0020d133	0x0020d138	5	.data	padding / alignment (zero)	excluded	padding / alignment (zero)		zero bytes with no inbound game-visible reference
0x0020d144	0x0020d148	4	.data	padding / alignment (zero)	excluded	padding / alignment (zero)		zero bytes with no inbound game-visible reference
0x0020d152	0x0020d154	2	.data	padding / alignment (zero)	excluded	padding / alignment (zero)		zero bytes with no inbound game-visible reference
0x0020d164	0x0020d168	4	.data	padding / alignment (zero)	excluded	padding / alignment (zero)		zero bytes with no inbound game-visible reference
0x0020d16a	0x0020d16c	2	.data	padding / alignment (zero)	excluded	padding / alignment (zero)		zero bytes with no inbound game-visible reference
0x0020d17f	0x0020d184	5	.data	padding / alignment (zero)	excluded	padding / alignment (zero)		zero bytes with no inbound game-visible reference
0x0020d192	0x0020d194	2	.data	padding / alignment (zero)	excluded	padding / alignment (zero)		zero bytes with no inbound game-visible reference
0x0020d1b4	0x0020d1bc	8	.data	padding / alignment (zero)	excluded	padding / alignment (zero)		zero bytes with no inbound game-visible reference
0x0020d1be	0x0020d1c0	2	.data	padding / alignment (zero)	excluded	padding / alignment (zero)		zero bytes with no inbound game-visible reference
0x0020d1cc	0x0020d1d0	4	.data	padding / alignment (zero)	excluded	padding / alignment (zero)		zero bytes with no inbound game-visible reference
0x0020d1df	0x0020d1e4	5	.data	padding / alignment (zero)	excluded	padding / alignment (zero)		zero bytes with no inbound game-visible reference
0x0020d1f8	0x0020d1fc	4	.data	padding / alignment (zero)	excluded	padding / alignment (zero)		zero bytes with no inbound game-visible reference
0x0020d211	0x0020d218	7	.data	padding / alignment (zero)	excluded	padding / alignment (zero)		zero bytes with no inbound game-visible reference
0x0020d21f	0x0020d220	1	.data	padding / alignment (zero)	excluded	padding / alignment (zero)		zero bytes with no inbound game-visible reference
0x0020d228	0x0020d22c	4	.data	padding / alignment (zero)	excluded	padding / alignment (zero)		zero bytes with no inbound game-visible reference
0x0020d233	0x0020d234	1	.data	padding / alignment (zero)	excluded	padding / alignment (zero)		zero bytes with no inbound game-visible reference
0x0020d239	0x0020d23c	3	.data	padding / alignment (zero)	excluded	padding / alignment (zero)		zero bytes with no inbound game-visible reference
0x0020d248	0x0020d24c	4	.data	padding / alignment (zero)	excluded	padding / alignment (zero)		zero bytes with no inbound game-visible reference
0x0020d258	0x0020d25c	4	.data	padding / alignment (zero)	excluded	padding / alignment (zero)		zero bytes with no inbound game-visible reference
0x0020d268	0x0020d26c	4	.data	padding / alignment (zero)	excluded	padding / alignment (zero)		zero bytes with no inbound game-visible reference
0x0020d273	0x0020d274	1	.data	padding / alignment (zero)	excluded	padding / alignment (zero)		zero bytes with no inbound game-visible reference
0x0020d27b	0x0020d27c	1	.data	padding / alignment (zero)	excluded	padding / alignment (zero)		zero bytes with no inbound game-visible reference
0x0020d283	0x0020d284	1	.data	padding / alignment (zero)	excluded	padding / alignment (zero)		zero bytes with no inbound game-visible reference
0x0020d28b	0x0020d28c	1	.data	padding / alignment (zero)	excluded	padding / alignment (zero)		zero bytes with no inbound game-visible reference
0x0020d294	0x0020d298	4	.data	padding / alignment (zero)	excluded	padding / alignment (zero)		zero bytes with no inbound game-visible reference
0x0020d2a8	0x0020d2ac	4	.data	padding / alignment (zero)	excluded	padding / alignment (zero)		zero bytes with no inbound game-visible reference
0x0020d2bc	0x0020d2c0	4	.data	padding / alignment (zero)	excluded	padding / alignment (zero)		zero bytes with no inbound game-visible reference
0x0020d2d2	0x0020d2d8	6	.data	padding / alignment (zero)	excluded	padding / alignment (zero)		zero bytes with no inbound game-visible reference
0x0020d2e6	0x0020d2e8	2	.data	padding / alignment (zero)	excluded	padding / alignment (zero)		zero bytes with no inbound game-visible reference
0x0020d2ea	0x0020d2ec	2	.data	padding / alignment (zero)	excluded	padding / alignment (zero)		zero bytes with no inbound game-visible reference
0x0020d2ee	0x0020d2f0	2	.data	padding / alignment (zero)	excluded	padding / alignment (zero)		zero bytes with no inbound game-visible reference
0x0020d2f9	0x0020d2fc	3	.data	padding / alignment (zero)	excluded	padding / alignment (zero)		zero bytes with no inbound game-visible reference
0x0020d308	0x0020d30c	4	.data	padding / alignment (zero)	excluded	padding / alignment (zero)		zero bytes with no inbound game-visible reference
0x0020d31d	0x0020d320	3	.data	padding / alignment (zero)	excluded	padding / alignment (zero)		zero bytes with no inbound game-visible reference
0x0020d32c	0x0020d330	4	.data	padding / alignment (zero)	excluded	padding / alignment (zero)		zero bytes with no inbound game-visible reference
0x0020d33d	0x0020d340	3	.data	padding / alignment (zero)	excluded	padding / alignment (zero)		zero bytes with no inbound game-visible reference
0x0020d363	0x0020d36c	9	.data	padding / alignment (zero)	excluded	padding / alignment (zero)		zero bytes with no inbound game-visible reference
0x0020d372	0x0020d374	2	.data	padding / alignment (zero)	excluded	padding / alignment (zero)		zero bytes with no inbound game-visible reference
0x0020d37f	0x0020d384	5	.data	padding / alignment (zero)	excluded	padding / alignment (zero)		zero bytes with no inbound game-visible reference
0x0020d39e	0x0020d3a4	6	.data	padding / alignment (zero)	excluded	padding / alignment (zero)		zero bytes with no inbound game-visible reference
0x0020d3be	0x0020d3c4	6	.data	padding / alignment (zero)	excluded	padding / alignment (zero)		zero bytes with no inbound game-visible reference
0x0020d3e0	0x0020d3e8	8	.data	padding / alignment (zero)	excluded	padding / alignment (zero)		zero bytes with no inbound game-visible reference
0x0020d400	0x0020d404	4	.data	padding / alignment (zero)	excluded	padding / alignment (zero)		zero bytes with no inbound game-visible reference
0x0020d410	0x0020d414	4	.data	padding / alignment (zero)	excluded	padding / alignment (zero)		zero bytes with no inbound game-visible reference
0x0020d420	0x0020d424	4	.data	padding / alignment (zero)	excluded	padding / alignment (zero)		zero bytes with no inbound game-visible reference
0x0020d42b	0x0020d42c	1	.data	padding / alignment (zero)	excluded	padding / alignment (zero)		zero bytes with no inbound game-visible reference
0x0020d437	0x0020d43c	5	.data	padding / alignment (zero)	excluded	padding / alignment (zero)		zero bytes with no inbound game-visible reference
0x0020d443	0x0020d444	1	.data	padding / alignment (zero)	excluded	padding / alignment (zero)		zero bytes with no inbound game-visible reference
0x0020d44f	0x0020d454	5	.data	padding / alignment (zero)	excluded	padding / alignment (zero)		zero bytes with no inbound game-visible reference
0x0020d45a	0x0020d45c	2	.data	padding / alignment (zero)	excluded	padding / alignment (zero)		zero bytes with no inbound game-visible reference
0x0020d462	0x0020d464	2	.data	padding / alignment (zero)	excluded	padding / alignment (zero)		zero bytes with no inbound game-visible reference
0x0020d46f	0x0020d474	5	.data	padding / alignment (zero)	excluded	padding / alignment (zero)		zero bytes with no inbound game-visible reference
0x0020d47b	0x0020d47c	1	.data	padding / alignment (zero)	excluded	padding / alignment (zero)		zero bytes with no inbound game-visible reference
0x0020d487	0x0020d48c	5	.data	padding / alignment (zero)	excluded	padding / alignment (zero)		zero bytes with no inbound game-visible reference
0x0020d49c	0x0020d4a0	4	.data	padding / alignment (zero)	excluded	padding / alignment (zero)		zero bytes with no inbound game-visible reference
0x0020d4ac	0x0020d4b0	4	.data	padding / alignment (zero)	excluded	padding / alignment (zero)		zero bytes with no inbound game-visible reference
0x0020d4c0	0x0020d4c4	4	.data	padding / alignment (zero)	excluded	padding / alignment (zero)		zero bytes with no inbound game-visible reference
0x0020d4cf	0x0020d4d4	5	.data	padding / alignment (zero)	excluded	padding / alignment (zero)		zero bytes with no inbound game-visible reference
0x0020d4df	0x0020d4e4	5	.data	padding / alignment (zero)	excluded	padding / alignment (zero)		zero bytes with no inbound game-visible reference
0x0020d4f4	0x0020d4f8	4	.data	padding / alignment (zero)	excluded	padding / alignment (zero)		zero bytes with no inbound game-visible reference
0x0020d504	0x0020d508	4	.data	padding / alignment (zero)	excluded	padding / alignment (zero)		zero bytes with no inbound game-visible reference
0x0020d518	0x0020d51c	4	.data	padding / alignment (zero)	excluded	padding / alignment (zero)		zero bytes with no inbound game-visible reference
0x0020d52c	0x0020d530	4	.data	padding / alignment (zero)	excluded	padding / alignment (zero)		zero bytes with no inbound game-visible reference
0x0020d53c	0x0020d540	4	.data	padding / alignment (zero)	excluded	padding / alignment (zero)		zero bytes with no inbound game-visible reference
0x0020d550	0x0020d554	4	.data	padding / alignment (zero)	excluded	padding / alignment (zero)		zero bytes with no inbound game-visible reference
0x0020d55f	0x0020d564	5	.data	padding / alignment (zero)	excluded	padding / alignment (zero)		zero bytes with no inbound game-visible reference
0x0020d56f	0x0020d574	5	.data	padding / alignment (zero)	excluded	padding / alignment (zero)		zero bytes with no inbound game-visible reference
0x0020d584	0x0020d588	4	.data	padding / alignment (zero)	excluded	padding / alignment (zero)		zero bytes with no inbound game-visible reference
0x0020d594	0x0020d598	4	.data	padding / alignment (zero)	excluded	padding / alignment (zero)		zero bytes with no inbound game-visible reference
0x0020d5a8	0x0020d5ac	4	.data	padding / alignment (zero)	excluded	padding / alignment (zero)		zero bytes with no inbound game-visible reference
0x0020d5be	0x0020d5c4	6	.data	padding / alignment (zero)	excluded	padding / alignment (zero)		zero bytes with no inbound game-visible reference
0x0020d5d2	0x0020d5d4	2	.data	padding / alignment (zero)	excluded	padding / alignment (zero)		zero bytes with no inbound game-visible reference
0x0020d5e6	0x0020d5ec	6	.data	padding / alignment (zero)	excluded	padding / alignment (zero)		zero bytes with no inbound game-visible reference
0x0020d5f9	0x0020d5fc	3	.data	padding / alignment (zero)	excluded	padding / alignment (zero)		zero bytes with no inbound game-visible reference
0x0020d609	0x0020d60c	3	.data	padding / alignment (zero)	excluded	padding / alignment (zero)		zero bytes with no inbound game-visible reference
0x0020d61e	0x0020d624	6	.data	padding / alignment (zero)	excluded	padding / alignment (zero)		zero bytes with no inbound game-visible reference
0x0020d632	0x0020d634	2	.data	padding / alignment (zero)	excluded	padding / alignment (zero)		zero bytes with no inbound game-visible reference
0x0020d646	0x0020d64c	6	.data	padding / alignment (zero)	excluded	padding / alignment (zero)		zero bytes with no inbound game-visible reference
0x0020d65e	0x0020d664	6	.data	padding / alignment (zero)	excluded	padding / alignment (zero)		zero bytes with no inbound game-visible reference
0x0020d672	0x0020d674	2	.data	padding / alignment (zero)	excluded	padding / alignment (zero)		zero bytes with no inbound game-visible reference
0x0020d686	0x0020d68c	6	.data	padding / alignment (zero)	excluded	padding / alignment (zero)		zero bytes with no inbound game-visible reference
0x0020d699	0x0020d69c	3	.data	padding / alignment (zero)	excluded	padding / alignment (zero)		zero bytes with no inbound game-visible reference
0x0020d6a9	0x0020d6ac	3	.data	padding / alignment (zero)	excluded	padding / alignment (zero)		zero bytes with no inbound game-visible reference
0x0020d6be	0x0020d6c4	6	.data	padding / alignment (zero)	excluded	padding / alignment (zero)		zero bytes with no inbound game-visible reference
0x0020d6d2	0x0020d6d4	2	.data	padding / alignment (zero)	excluded	padding / alignment (zero)		zero bytes with no inbound game-visible reference
0x0020d6e6	0x0020d6ec	6	.data	padding / alignment (zero)	excluded	padding / alignment (zero)		zero bytes with no inbound game-visible reference
0x0020d6fc	0x0020d700	4	.data	padding / alignment (zero)	excluded	padding / alignment (zero)		zero bytes with no inbound game-visible reference
0x0020d70c	0x0020d710	4	.data	padding / alignment (zero)	excluded	padding / alignment (zero)		zero bytes with no inbound game-visible reference
0x0020d720	0x0020d724	4	.data	padding / alignment (zero)	excluded	padding / alignment (zero)		zero bytes with no inbound game-visible reference
0x0020d72f	0x0020d734	5	.data	padding / alignment (zero)	excluded	padding / alignment (zero)		zero bytes with no inbound game-visible reference
0x0020d73f	0x0020d744	5	.data	padding / alignment (zero)	excluded	padding / alignment (zero)		zero bytes with no inbound game-visible reference
0x0020d754	0x0020d758	4	.data	padding / alignment (zero)	excluded	padding / alignment (zero)		zero bytes with no inbound game-visible reference
0x0020d764	0x0020d768	4	.data	padding / alignment (zero)	excluded	padding / alignment (zero)		zero bytes with no inbound game-visible reference
0x0020d778	0x0020d77c	4	.data	padding / alignment (zero)	excluded	padding / alignment (zero)		zero bytes with no inbound game-visible reference
0x0020d787	0x0020d78c	5	.data	padding / alignment (zero)	excluded	padding / alignment (zero)		zero bytes with no inbound game-visible reference
0x0020d792	0x0020d794	2	.data	padding / alignment (zero)	excluded	padding / alignment (zero)		zero bytes with no inbound game-visible reference
0x0020d79a	0x0020d79c	2	.data	padding / alignment (zero)	excluded	padding / alignment (zero)		zero bytes with no inbound game-visible reference
0x0020d7a3	0x0020d7a4	1	.data	padding / alignment (zero)	excluded	padding / alignment (zero)		zero bytes with no inbound game-visible reference
0x0020d7aa	0x0020d7ac	2	.data	padding / alignment (zero)	excluded	padding / alignment (zero)		zero bytes with no inbound game-visible reference
0x0020d7b3	0x0020d7b4	1	.data	padding / alignment (zero)	excluded	padding / alignment (zero)		zero bytes with no inbound game-visible reference
0x0020d7bd	0x0020d7c0	3	.data	padding / alignment (zero)	excluded	padding / alignment (zero)		zero bytes with no inbound game-visible reference
0x0020d7c9	0x0020d7cc	3	.data	padding / alignment (zero)	excluded	padding / alignment (zero)		zero bytes with no inbound game-visible reference
0x0020d7d9	0x0020d7dc	3	.data	padding / alignment (zero)	excluded	padding / alignment (zero)		zero bytes with no inbound game-visible reference
0x0020d7e5	0x0020d7e8	3	.data	padding / alignment (zero)	excluded	padding / alignment (zero)		zero bytes with no inbound game-visible reference
0x0020d7f1	0x0020d7f4	3	.data	padding / alignment (zero)	excluded	padding / alignment (zero)		zero bytes with no inbound game-visible reference
0x0020d7f6	0x0020d7f8	2	.data	padding / alignment (zero)	excluded	padding / alignment (zero)		zero bytes with no inbound game-visible reference
0x0020d7fa	0x0020d7fc	2	.data	padding / alignment (zero)	excluded	padding / alignment (zero)		zero bytes with no inbound game-visible reference
0x0020d7fe	0x0020d800	2	.data	padding / alignment (zero)	excluded	padding / alignment (zero)		zero bytes with no inbound game-visible reference
0x0020d811	0x0020d814	3	.data	padding / alignment (zero)	excluded	padding / alignment (zero)		zero bytes with no inbound game-visible reference
0x0020d825	0x0020d828	3	.data	padding / alignment (zero)	excluded	padding / alignment (zero)		zero bytes with no inbound game-visible reference
0x0020d83c	0x0020d840	4	.data	padding / alignment (zero)	excluded	padding / alignment (zero)		zero bytes with no inbound game-visible reference
0x0020d84f	0x0020d854	5	.data	padding / alignment (zero)	excluded	padding / alignment (zero)		zero bytes with no inbound game-visible reference
0x0020d863	0x0020d868	5	.data	padding / alignment (zero)	excluded	padding / alignment (zero)		zero bytes with no inbound game-visible reference
0x0020d872	0x0020d874	2	.data	padding / alignment (zero)	excluded	padding / alignment (zero)		zero bytes with no inbound game-visible reference
0x0020d88b	0x0020d890	5	.data	padding / alignment (zero)	excluded	padding / alignment (zero)		zero bytes with no inbound game-visible reference
0x0020d8a2	0x0020d8a8	6	.data	padding / alignment (zero)	excluded	padding / alignment (zero)		zero bytes with no inbound game-visible reference
0x0020d8c1	0x0020d8c8	7	.data	padding / alignment (zero)	excluded	padding / alignment (zero)		zero bytes with no inbound game-visible reference
0x0020d8dc	0x0020d8e0	4	.data	padding / alignment (zero)	excluded	padding / alignment (zero)		zero bytes with no inbound game-visible reference
0x0020d8ef	0x0020d8f4	5	.data	padding / alignment (zero)	excluded	padding / alignment (zero)		zero bytes with no inbound game-visible reference
0x0020d8fe	0x0020d900	2	.data	padding / alignment (zero)	excluded	padding / alignment (zero)		zero bytes with no inbound game-visible reference
0x0020d919	0x0020d920	7	.data	padding / alignment (zero)	excluded	padding / alignment (zero)		zero bytes with no inbound game-visible reference
0x0020d934	0x0020d938	4	.data	padding / alignment (zero)	excluded	padding / alignment (zero)		zero bytes with no inbound game-visible reference
0x0020d947	0x0020d94c	5	.data	padding / alignment (zero)	excluded	padding / alignment (zero)		zero bytes with no inbound game-visible reference
0x0020d958	0x0020d95c	4	.data	padding / alignment (zero)	excluded	padding / alignment (zero)		zero bytes with no inbound game-visible reference
0x0020d970	0x0020d974	4	.data	padding / alignment (zero)	excluded	padding / alignment (zero)		zero bytes with no inbound game-visible reference
0x0020d983	0x0020d988	5	.data	padding / alignment (zero)	excluded	padding / alignment (zero)		zero bytes with no inbound game-visible reference
0x0020d999	0x0020d99c	3	.data	padding / alignment (zero)	excluded	padding / alignment (zero)		zero bytes with no inbound game-visible reference
0x0020d9a4	0x0020d9a8	4	.data	padding / alignment (zero)	excluded	padding / alignment (zero)		zero bytes with no inbound game-visible reference
0x0020d9b0	0x0020d9b4	4	.data	padding / alignment (zero)	excluded	padding / alignment (zero)		zero bytes with no inbound game-visible reference
0x0020d9bd	0x0020d9c0	3	.data	padding / alignment (zero)	excluded	padding / alignment (zero)		zero bytes with no inbound game-visible reference
0x0020d9c8	0x0020d9cc	4	.data	padding / alignment (zero)	excluded	padding / alignment (zero)		zero bytes with no inbound game-visible reference
0x0020d9d6	0x0020d9d8	2	.data	padding / alignment (zero)	excluded	padding / alignment (zero)		zero bytes with no inbound game-visible reference
0x0020d9e7	0x0020d9ec	5	.data	padding / alignment (zero)	excluded	padding / alignment (zero)		zero bytes with no inbound game-visible reference
0x0020d9f8	0x0020d9fc	4	.data	padding / alignment (zero)	excluded	padding / alignment (zero)		zero bytes with no inbound game-visible reference
0x0020da0b	0x0020da10	5	.data	padding / alignment (zero)	excluded	padding / alignment (zero)		zero bytes with no inbound game-visible reference
0x0020da1e	0x0020da20	2	.data	padding / alignment (zero)	excluded	padding / alignment (zero)		zero bytes with no inbound game-visible reference
0x0020da32	0x0020da38	6	.data	padding / alignment (zero)	excluded	padding / alignment (zero)		zero bytes with no inbound game-visible reference
0x0020da44	0x0020da48	4	.data	padding / alignment (zero)	excluded	padding / alignment (zero)		zero bytes with no inbound game-visible reference
0x0020da56	0x0020da58	2	.data	padding / alignment (zero)	excluded	padding / alignment (zero)		zero bytes with no inbound game-visible reference
0x0020da67	0x0020da6c	5	.data	padding / alignment (zero)	excluded	padding / alignment (zero)		zero bytes with no inbound game-visible reference
0x0020da7c	0x0020da80	4	.data	padding / alignment (zero)	excluded	padding / alignment (zero)		zero bytes with no inbound game-visible reference
0x0020da8b	0x0020da90	5	.data	padding / alignment (zero)	excluded	padding / alignment (zero)		zero bytes with no inbound game-visible reference
0x0020da9c	0x0020daa0	4	.data	padding / alignment (zero)	excluded	padding / alignment (zero)		zero bytes with no inbound game-visible reference
0x0020daaf	0x0020dab4	5	.data	padding / alignment (zero)	excluded	padding / alignment (zero)		zero bytes with no inbound game-visible reference
0x0020dabe	0x0020dac0	2	.data	padding / alignment (zero)	excluded	padding / alignment (zero)		zero bytes with no inbound game-visible reference
0x0020daca	0x0020dacc	2	.data	padding / alignment (zero)	excluded	padding / alignment (zero)		zero bytes with no inbound game-visible reference
0x0020dada	0x0020dadc	2	.data	padding / alignment (zero)	excluded	padding / alignment (zero)		zero bytes with no inbound game-visible reference
0x0020dae7	0x0020daec	5	.data	padding / alignment (zero)	excluded	padding / alignment (zero)		zero bytes with no inbound game-visible reference
0x0020daf5	0x0020daf8	3	.data	padding / alignment (zero)	excluded	padding / alignment (zero)		zero bytes with no inbound game-visible reference
0x0020db04	0x0020db08	4	.data	padding / alignment (zero)	excluded	padding / alignment (zero)		zero bytes with no inbound game-visible reference
0x0020db14	0x0020db18	4	.data	padding / alignment (zero)	excluded	padding / alignment (zero)		zero bytes with no inbound game-visible reference
0x0020db24	0x0020db28	4	.data	padding / alignment (zero)	excluded	padding / alignment (zero)		zero bytes with no inbound game-visible reference
0x0020db32	0x0020db34	2	.data	padding / alignment (zero)	excluded	padding / alignment (zero)		zero bytes with no inbound game-visible reference
0x0020db41	0x0020db44	3	.data	padding / alignment (zero)	excluded	padding / alignment (zero)		zero bytes with no inbound game-visible reference
0x0020db50	0x0020db54	4	.data	padding / alignment (zero)	excluded	padding / alignment (zero)		zero bytes with no inbound game-visible reference
0x0020db66	0x0020db6c	6	.data	padding / alignment (zero)	excluded	padding / alignment (zero)		zero bytes with no inbound game-visible reference
0x0020db78	0x0020db7c	4	.data	padding / alignment (zero)	excluded	padding / alignment (zero)		zero bytes with no inbound game-visible reference
0x0020db88	0x0020db8c	4	.data	padding / alignment (zero)	excluded	padding / alignment (zero)		zero bytes with no inbound game-visible reference
0x0020db9b	0x0020dba0	5	.data	padding / alignment (zero)	excluded	padding / alignment (zero)		zero bytes with no inbound game-visible reference
0x0020dbaa	0x0020dbac	2	.data	padding / alignment (zero)	excluded	padding / alignment (zero)		zero bytes with no inbound game-visible reference
0x0020dbb7	0x0020dbbc	5	.data	padding / alignment (zero)	excluded	padding / alignment (zero)		zero bytes with no inbound game-visible reference
0x0020dbcb	0x0020dbd0	5	.data	padding / alignment (zero)	excluded	padding / alignment (zero)		zero bytes with no inbound game-visible reference
0x0020dbda	0x0020dbdc	2	.data	padding / alignment (zero)	excluded	padding / alignment (zero)		zero bytes with no inbound game-visible reference
0x0020dbe3	0x0020dbe4	1	.data	padding / alignment (zero)	excluded	padding / alignment (zero)		zero bytes with no inbound game-visible reference
0x0020dbf3	0x0020dbf8	5	.data	padding / alignment (zero)	excluded	padding / alignment (zero)		zero bytes with no inbound game-visible reference
0x0020dc01	0x0020dc04	3	.data	padding / alignment (zero)	excluded	padding / alignment (zero)		zero bytes with no inbound game-visible reference
0x0020dc06	0x0020dc08	2	.data	padding / alignment (zero)	excluded	padding / alignment (zero)		zero bytes with no inbound game-visible reference
0x0020dc0a	0x0020dc0c	2	.data	padding / alignment (zero)	excluded	padding / alignment (zero)		zero bytes with no inbound game-visible reference
0x0020dc0e	0x0020dc10	2	.data	padding / alignment (zero)	excluded	padding / alignment (zero)		zero bytes with no inbound game-visible reference
0x0020dc27	0x0020dc2c	5	.data	padding / alignment (zero)	excluded	padding / alignment (zero)		zero bytes with no inbound game-visible reference
0x0020dc44	0x0020dc48	4	.data	padding / alignment (zero)	excluded	padding / alignment (zero)		zero bytes with no inbound game-visible reference
0x0020dc5f	0x0020dc64	5	.data	padding / alignment (zero)	excluded	padding / alignment (zero)		zero bytes with no inbound game-visible reference
0x0020dc75	0x0020dc78	3	.data	padding / alignment (zero)	excluded	padding / alignment (zero)		zero bytes with no inbound game-visible reference
0x0020dc8a	0x0020dc90	6	.data	padding / alignment (zero)	excluded	padding / alignment (zero)		zero bytes with no inbound game-visible reference
0x0020dca8	0x0020dcac	4	.data	padding / alignment (zero)	excluded	padding / alignment (zero)		zero bytes with no inbound game-visible reference
0x0020dcbb	0x0020dcc0	5	.data	padding / alignment (zero)	excluded	padding / alignment (zero)		zero bytes with no inbound game-visible reference
0x0020dccb	0x0020dcd0	5	.data	padding / alignment (zero)	excluded	padding / alignment (zero)		zero bytes with no inbound game-visible reference
0x0020dce3	0x0020dce8	5	.data	padding / alignment (zero)	excluded	padding / alignment (zero)		zero bytes with no inbound game-visible reference
0x0020dcf5	0x0020dcf8	3	.data	padding / alignment (zero)	excluded	padding / alignment (zero)		zero bytes with no inbound game-visible reference
0x0020dd05	0x0020dd08	3	.data	padding / alignment (zero)	excluded	padding / alignment (zero)		zero bytes with no inbound game-visible reference
0x0020dd1c	0x0020dd20	4	.data	padding / alignment (zero)	excluded	padding / alignment (zero)		zero bytes with no inbound game-visible reference
0x0020dd2b	0x0020dd30	5	.data	padding / alignment (zero)	excluded	padding / alignment (zero)		zero bytes with no inbound game-visible reference
0x0020dd3c	0x0020dd40	4	.data	padding / alignment (zero)	excluded	padding / alignment (zero)		zero bytes with no inbound game-visible reference
0x0020dd4a	0x0020dd4c	2	.data	padding / alignment (zero)	excluded	padding / alignment (zero)		zero bytes with no inbound game-visible reference
0x0020dd61	0x0020dd68	7	.data	padding / alignment (zero)	excluded	padding / alignment (zero)		zero bytes with no inbound game-visible reference
0x0020dd85	0x0020dd8c	7	.data	padding / alignment (zero)	excluded	padding / alignment (zero)		zero bytes with no inbound game-visible reference
0x0020dda9	0x0020ddb0	7	.data	padding / alignment (zero)	excluded	padding / alignment (zero)		zero bytes with no inbound game-visible reference
0x0020ddcd	0x0020ddd4	7	.data	padding / alignment (zero)	excluded	padding / alignment (zero)		zero bytes with no inbound game-visible reference
0x0020ddf2	0x0020ddf8	6	.data	padding / alignment (zero)	excluded	padding / alignment (zero)		zero bytes with no inbound game-visible reference
0x0020de15	0x0020de1c	7	.data	padding / alignment (zero)	excluded	padding / alignment (zero)		zero bytes with no inbound game-visible reference
0x0020de39	0x0020de40	7	.data	padding / alignment (zero)	excluded	padding / alignment (zero)		zero bytes with no inbound game-visible reference
0x0020de5e	0x0020de64	6	.data	padding / alignment (zero)	excluded	padding / alignment (zero)		zero bytes with no inbound game-visible reference
0x0020de84	0x0020de8c	8	.data	padding / alignment (zero)	excluded	padding / alignment (zero)		zero bytes with no inbound game-visible reference
0x0020deaf	0x0020deb8	9	.data	padding / alignment (zero)	excluded	padding / alignment (zero)		zero bytes with no inbound game-visible reference
0x0020dedb	0x0020dee4	9	.data	padding / alignment (zero)	excluded	padding / alignment (zero)		zero bytes with no inbound game-visible reference
0x0020df03	0x0020df0c	9	.data	padding / alignment (zero)	excluded	padding / alignment (zero)		zero bytes with no inbound game-visible reference
0x0020df29	0x0020df30	7	.data	padding / alignment (zero)	excluded	padding / alignment (zero)		zero bytes with no inbound game-visible reference
0x0020df4d	0x0020df54	7	.data	padding / alignment (zero)	excluded	padding / alignment (zero)		zero bytes with no inbound game-visible reference
0x0020df67	0x0020df6c	5	.data	padding / alignment (zero)	excluded	padding / alignment (zero)		zero bytes with no inbound game-visible reference
0x0020df7f	0x0020df84	5	.data	padding / alignment (zero)	excluded	padding / alignment (zero)		zero bytes with no inbound game-visible reference
0x0020df92	0x0020df94	2	.data	padding / alignment (zero)	excluded	padding / alignment (zero)		zero bytes with no inbound game-visible reference
0x0020df96	0x0020df98	2	.data	padding / alignment (zero)	excluded	padding / alignment (zero)		zero bytes with no inbound game-visible reference
0x0020dfa9	0x0020dfac	3	.data	padding / alignment (zero)	excluded	padding / alignment (zero)		zero bytes with no inbound game-visible reference
0x0020dfbc	0x0020dfc0	4	.data	padding / alignment (zero)	excluded	padding / alignment (zero)		zero bytes with no inbound game-visible reference
0x0020dfce	0x0020dfd0	2	.data	padding / alignment (zero)	excluded	padding / alignment (zero)		zero bytes with no inbound game-visible reference
0x0020dfe1	0x0020dfe4	3	.data	padding / alignment (zero)	excluded	padding / alignment (zero)		zero bytes with no inbound game-visible reference
0x0020dff7	0x0020dffc	5	.data	padding / alignment (zero)	excluded	padding / alignment (zero)		zero bytes with no inbound game-visible reference
0x0020e012	0x0020e018	6	.data	padding / alignment (zero)	excluded	padding / alignment (zero)		zero bytes with no inbound game-visible reference
0x0020e02d	0x0020e034	7	.data	padding / alignment (zero)	excluded	padding / alignment (zero)		zero bytes with no inbound game-visible reference
0x0020e047	0x0020e04c	5	.data	padding / alignment (zero)	excluded	padding / alignment (zero)		zero bytes with no inbound game-visible reference
0x0020e066	0x0020e06c	6	.data	padding / alignment (zero)	excluded	padding / alignment (zero)		zero bytes with no inbound game-visible reference
0x0020e085	0x0020e08c	7	.data	padding / alignment (zero)	excluded	padding / alignment (zero)		zero bytes with no inbound game-visible reference
0x0020e0a0	0x0020e0a4	4	.data	padding / alignment (zero)	excluded	padding / alignment (zero)		zero bytes with no inbound game-visible reference
0x0020e0b7	0x0020e0bc	5	.data	padding / alignment (zero)	excluded	padding / alignment (zero)		zero bytes with no inbound game-visible reference
0x0020e0d4	0x0020e0d8	4	.data	padding / alignment (zero)	excluded	padding / alignment (zero)		zero bytes with no inbound game-visible reference
0x0020e0eb	0x0020e0f0	5	.data	padding / alignment (zero)	excluded	padding / alignment (zero)		zero bytes with no inbound game-visible reference
0x0020e105	0x0020e10c	7	.data	padding / alignment (zero)	excluded	padding / alignment (zero)		zero bytes with no inbound game-visible reference
0x0020e122	0x0020e128	6	.data	padding / alignment (zero)	excluded	padding / alignment (zero)		zero bytes with no inbound game-visible reference
0x0020e13b	0x0020e140	5	.data	padding / alignment (zero)	excluded	padding / alignment (zero)		zero bytes with no inbound game-visible reference
0x0020e153	0x0020e158	5	.data	padding / alignment (zero)	excluded	padding / alignment (zero)		zero bytes with no inbound game-visible reference
0x0020e16d	0x0020e174	7	.data	padding / alignment (zero)	excluded	padding / alignment (zero)		zero bytes with no inbound game-visible reference
0x0020e17e	0x0020e180	2	.data	padding / alignment (zero)	excluded	padding / alignment (zero)		zero bytes with no inbound game-visible reference
0x0020e18f	0x0020e194	5	.data	padding / alignment (zero)	excluded	padding / alignment (zero)		zero bytes with no inbound game-visible reference
0x0020e19c	0x0020e1a0	4	.data	padding / alignment (zero)	excluded	padding / alignment (zero)		zero bytes with no inbound game-visible reference
0x0020e1aa	0x0020e1ac	2	.data	padding / alignment (zero)	excluded	padding / alignment (zero)		zero bytes with no inbound game-visible reference
0x0020e1c1	0x0020e1c8	7	.data	padding / alignment (zero)	excluded	padding / alignment (zero)		zero bytes with no inbound game-visible reference
0x0020e1ef	0x0020e1f8	9	.data	padding / alignment (zero)	excluded	padding / alignment (zero)		zero bytes with no inbound game-visible reference
0x0020e21b	0x0020e224	9	.data	padding / alignment (zero)	excluded	padding / alignment (zero)		zero bytes with no inbound game-visible reference
0x0020e237	0x0020e23c	5	.data	padding / alignment (zero)	excluded	padding / alignment (zero)		zero bytes with no inbound game-visible reference
0x0020e24d	0x0020e250	3	.data	padding / alignment (zero)	excluded	padding / alignment (zero)		zero bytes with no inbound game-visible reference
0x0020e261	0x0020e264	3	.data	padding / alignment (zero)	excluded	padding / alignment (zero)		zero bytes with no inbound game-visible reference
0x0020e277	0x0020e27c	5	.data	padding / alignment (zero)	excluded	padding / alignment (zero)		zero bytes with no inbound game-visible reference
0x0020e287	0x0020e28c	5	.data	padding / alignment (zero)	excluded	padding / alignment (zero)		zero bytes with no inbound game-visible reference
0x0020e299	0x0020e29c	3	.data	padding / alignment (zero)	excluded	padding / alignment (zero)		zero bytes with no inbound game-visible reference
0x0020e2b5	0x0020e2bc	7	.data	padding / alignment (zero)	excluded	padding / alignment (zero)		zero bytes with no inbound game-visible reference
0x0020e2d0	0x0020e2d4	4	.data	padding / alignment (zero)	excluded	padding / alignment (zero)		zero bytes with no inbound game-visible reference
0x0020e2eb	0x0020e2f0	5	.data	padding / alignment (zero)	excluded	padding / alignment (zero)		zero bytes with no inbound game-visible reference
0x0020e301	0x0020e304	3	.data	padding / alignment (zero)	excluded	padding / alignment (zero)		zero bytes with no inbound game-visible reference
0x0020e315	0x0020e318	3	.data	padding / alignment (zero)	excluded	padding / alignment (zero)		zero bytes with no inbound game-visible reference
0x0020e329	0x0020e32c	3	.data	padding / alignment (zero)	excluded	padding / alignment (zero)		zero bytes with no inbound game-visible reference
0x0020e33d	0x0020e340	3	.data	padding / alignment (zero)	excluded	padding / alignment (zero)		zero bytes with no inbound game-visible reference
0x0020e357	0x0020e35c	5	.data	padding / alignment (zero)	excluded	padding / alignment (zero)		zero bytes with no inbound game-visible reference
0x0020e377	0x0020e37c	5	.data	padding / alignment (zero)	excluded	padding / alignment (zero)		zero bytes with no inbound game-visible reference
0x0020e397	0x0020e39c	5	.data	padding / alignment (zero)	excluded	padding / alignment (zero)		zero bytes with no inbound game-visible reference
0x0020e3b8	0x0020e3c0	8	.data	padding / alignment (zero)	excluded	padding / alignment (zero)		zero bytes with no inbound game-visible reference
0x0020e3da	0x0020e3e0	6	.data	padding / alignment (zero)	excluded	padding / alignment (zero)		zero bytes with no inbound game-visible reference
0x0020e3f9	0x0020e400	7	.data	padding / alignment (zero)	excluded	padding / alignment (zero)		zero bytes with no inbound game-visible reference
0x0020e419	0x0020e420	7	.data	padding / alignment (zero)	excluded	padding / alignment (zero)		zero bytes with no inbound game-visible reference
0x0020e438	0x0020e43c	4	.data	padding / alignment (zero)	excluded	padding / alignment (zero)		zero bytes with no inbound game-visible reference
0x0020e455	0x0020e45c	7	.data	padding / alignment (zero)	excluded	padding / alignment (zero)		zero bytes with no inbound game-visible reference
0x0020e476	0x0020e47c	6	.data	padding / alignment (zero)	excluded	padding / alignment (zero)		zero bytes with no inbound game-visible reference
0x0020e491	0x0020e498	7	.data	padding / alignment (zero)	excluded	padding / alignment (zero)		zero bytes with no inbound game-visible reference
0x0020e4b5	0x0020e4bc	7	.data	padding / alignment (zero)	excluded	padding / alignment (zero)		zero bytes with no inbound game-visible reference
0x0020e4db	0x0020e4e4	9	.data	padding / alignment (zero)	excluded	padding / alignment (zero)		zero bytes with no inbound game-visible reference
0x0020e4f9	0x0020e500	7	.data	padding / alignment (zero)	excluded	padding / alignment (zero)		zero bytes with no inbound game-visible reference
0x0020e51a	0x0020e520	6	.data	padding / alignment (zero)	excluded	padding / alignment (zero)		zero bytes with no inbound game-visible reference
0x0020e53a	0x0020e540	6	.data	padding / alignment (zero)	excluded	padding / alignment (zero)		zero bytes with no inbound game-visible reference
0x0020e557	0x0020e55c	5	.data	padding / alignment (zero)	excluded	padding / alignment (zero)		zero bytes with no inbound game-visible reference
0x0020e573	0x0020e578	5	.data	padding / alignment (zero)	excluded	padding / alignment (zero)		zero bytes with no inbound game-visible reference
0x0020e58f	0x0020e594	5	.data	padding / alignment (zero)	excluded	padding / alignment (zero)		zero bytes with no inbound game-visible reference
0x0020e5a8	0x0020e5ac	4	.data	padding / alignment (zero)	excluded	padding / alignment (zero)		zero bytes with no inbound game-visible reference
0x0020e5c5	0x0020e5cc	7	.data	padding / alignment (zero)	excluded	padding / alignment (zero)		zero bytes with no inbound game-visible reference
0x0020e5e2	0x0020e5e8	6	.data	padding / alignment (zero)	excluded	padding / alignment (zero)		zero bytes with no inbound game-visible reference
0x0020e601	0x0020e608	7	.data	padding / alignment (zero)	excluded	padding / alignment (zero)		zero bytes with no inbound game-visible reference
0x0020e620	0x0020e624	4	.data	padding / alignment (zero)	excluded	padding / alignment (zero)		zero bytes with no inbound game-visible reference
0x0020e640	0x0020e648	8	.data	padding / alignment (zero)	excluded	padding / alignment (zero)		zero bytes with no inbound game-visible reference
0x0020e65e	0x0020e664	6	.data	padding / alignment (zero)	excluded	padding / alignment (zero)		zero bytes with no inbound game-visible reference
0x0020e67c	0x0020e680	4	.data	padding / alignment (zero)	excluded	padding / alignment (zero)		zero bytes with no inbound game-visible reference
0x0020e699	0x0020e6a0	7	.data	padding / alignment (zero)	excluded	padding / alignment (zero)		zero bytes with no inbound game-visible reference
0x0020e6ba	0x0020e6c0	6	.data	padding / alignment (zero)	excluded	padding / alignment (zero)		zero bytes with no inbound game-visible reference
0x0020e6d5	0x0020e6dc	7	.data	padding / alignment (zero)	excluded	padding / alignment (zero)		zero bytes with no inbound game-visible reference
0x0020e6f2	0x0020e6f8	6	.data	padding / alignment (zero)	excluded	padding / alignment (zero)		zero bytes with no inbound game-visible reference
0x0020e711	0x0020e718	7	.data	padding / alignment (zero)	excluded	padding / alignment (zero)		zero bytes with no inbound game-visible reference
0x0020e72c	0x0020e730	4	.data	padding / alignment (zero)	excluded	padding / alignment (zero)		zero bytes with no inbound game-visible reference
0x0020e744	0x0020e748	4	.data	padding / alignment (zero)	excluded	padding / alignment (zero)		zero bytes with no inbound game-visible reference
0x0020e760	0x0020e764	4	.data	padding / alignment (zero)	excluded	padding / alignment (zero)		zero bytes with no inbound game-visible reference
0x0020e779	0x0020e780	7	.data	padding / alignment (zero)	excluded	padding / alignment (zero)		zero bytes with no inbound game-visible reference
0x0020e793	0x0020e798	5	.data	padding / alignment (zero)	excluded	padding / alignment (zero)		zero bytes with no inbound game-visible reference
0x0020e7ae	0x0020e7b4	6	.data	padding / alignment (zero)	excluded	padding / alignment (zero)		zero bytes with no inbound game-visible reference
0x0020e7ca	0x0020e7d0	6	.data	padding / alignment (zero)	excluded	padding / alignment (zero)		zero bytes with no inbound game-visible reference
0x0020e7e6	0x0020e7ec	6	.data	padding / alignment (zero)	excluded	padding / alignment (zero)		zero bytes with no inbound game-visible reference
0x0020e800	0x0020e804	4	.data	padding / alignment (zero)	excluded	padding / alignment (zero)		zero bytes with no inbound game-visible reference
0x0020e81b	0x0020e820	5	.data	padding / alignment (zero)	excluded	padding / alignment (zero)		zero bytes with no inbound game-visible reference
0x0020e836	0x0020e83c	6	.data	padding / alignment (zero)	excluded	padding / alignment (zero)		zero bytes with no inbound game-visible reference
0x0020e858	0x0020e860	8	.data	padding / alignment (zero)	excluded	padding / alignment (zero)		zero bytes with no inbound game-visible reference
0x0020e876	0x0020e87c	6	.data	padding / alignment (zero)	excluded	padding / alignment (zero)		zero bytes with no inbound game-visible reference
0x0020e892	0x0020e898	6	.data	padding / alignment (zero)	excluded	padding / alignment (zero)		zero bytes with no inbound game-visible reference
0x0020e8b1	0x0020e8b8	7	.data	padding / alignment (zero)	excluded	padding / alignment (zero)		zero bytes with no inbound game-visible reference
0x0020e8cc	0x0020e8d0	4	.data	padding / alignment (zero)	excluded	padding / alignment (zero)		zero bytes with no inbound game-visible reference
0x0020e8e5	0x0020e8ec	7	.data	padding / alignment (zero)	excluded	padding / alignment (zero)		zero bytes with no inbound game-visible reference
0x0020e905	0x0020e90c	7	.data	padding / alignment (zero)	excluded	padding / alignment (zero)		zero bytes with no inbound game-visible reference
0x0020e920	0x0020e924	4	.data	padding / alignment (zero)	excluded	padding / alignment (zero)		zero bytes with no inbound game-visible reference
0x0020e93f	0x0020e944	5	.data	padding / alignment (zero)	excluded	padding / alignment (zero)		zero bytes with no inbound game-visible reference
0x0020e95a	0x0020e960	6	.data	padding / alignment (zero)	excluded	padding / alignment (zero)		zero bytes with no inbound game-visible reference
0x0020e977	0x0020e97c	5	.data	padding / alignment (zero)	excluded	padding / alignment (zero)		zero bytes with no inbound game-visible reference
0x0020e991	0x0020e998	7	.data	padding / alignment (zero)	excluded	padding / alignment (zero)		zero bytes with no inbound game-visible reference
0x0020e9a9	0x0020e9ac	3	.data	padding / alignment (zero)	excluded	padding / alignment (zero)		zero bytes with no inbound game-visible reference
0x0020e9c1	0x0020e9c8	7	.data	padding / alignment (zero)	excluded	padding / alignment (zero)		zero bytes with no inbound game-visible reference
0x0020e9e0	0x0020e9e4	4	.data	padding / alignment (zero)	excluded	padding / alignment (zero)		zero bytes with no inbound game-visible reference
0x0020e9fc	0x0020ea00	4	.data	padding / alignment (zero)	excluded	padding / alignment (zero)		zero bytes with no inbound game-visible reference
0x0020ea18	0x0020ea1c	4	.data	padding / alignment (zero)	excluded	padding / alignment (zero)		zero bytes with no inbound game-visible reference
0x0020ea34	0x0020ea38	4	.data	padding / alignment (zero)	excluded	padding / alignment (zero)		zero bytes with no inbound game-visible reference
0x0020ea50	0x0020ea54	4	.data	padding / alignment (zero)	excluded	padding / alignment (zero)		zero bytes with no inbound game-visible reference
0x0020ea6b	0x0020ea70	5	.data	padding / alignment (zero)	excluded	padding / alignment (zero)		zero bytes with no inbound game-visible reference
0x0020ea91	0x0020ea98	7	.data	padding / alignment (zero)	excluded	padding / alignment (zero)		zero bytes with no inbound game-visible reference
0x0020eab5	0x0020eabc	7	.data	padding / alignment (zero)	excluded	padding / alignment (zero)		zero bytes with no inbound game-visible reference
0x0020eadd	0x0020eae4	7	.data	padding / alignment (zero)	excluded	padding / alignment (zero)		zero bytes with no inbound game-visible reference
0x0020eb00	0x0020eb08	8	.data	padding / alignment (zero)	excluded	padding / alignment (zero)		zero bytes with no inbound game-visible reference
0x0020eb24	0x0020eb2c	8	.data	padding / alignment (zero)	excluded	padding / alignment (zero)		zero bytes with no inbound game-visible reference
0x0020eb4d	0x0020eb54	7	.data	padding / alignment (zero)	excluded	padding / alignment (zero)		zero bytes with no inbound game-visible reference
0x0020eb71	0x0020eb78	7	.data	padding / alignment (zero)	excluded	padding / alignment (zero)		zero bytes with no inbound game-visible reference
0x0020eb99	0x0020eba0	7	.data	padding / alignment (zero)	excluded	padding / alignment (zero)		zero bytes with no inbound game-visible reference
0x0020ebc1	0x0020ebc8	7	.data	padding / alignment (zero)	excluded	padding / alignment (zero)		zero bytes with no inbound game-visible reference
0x0020ebe5	0x0020ebec	7	.data	padding / alignment (zero)	excluded	padding / alignment (zero)		zero bytes with no inbound game-visible reference
0x0020ec0d	0x0020ec14	7	.data	padding / alignment (zero)	excluded	padding / alignment (zero)		zero bytes with no inbound game-visible reference
0x0020ec30	0x0020ec38	8	.data	padding / alignment (zero)	excluded	padding / alignment (zero)		zero bytes with no inbound game-visible reference
0x0020ec54	0x0020ec5c	8	.data	padding / alignment (zero)	excluded	padding / alignment (zero)		zero bytes with no inbound game-visible reference
0x0020ec7d	0x0020ec84	7	.data	padding / alignment (zero)	excluded	padding / alignment (zero)		zero bytes with no inbound game-visible reference
0x0020eca1	0x0020eca8	7	.data	padding / alignment (zero)	excluded	padding / alignment (zero)		zero bytes with no inbound game-visible reference
0x0020ecc9	0x0020ecd0	7	.data	padding / alignment (zero)	excluded	padding / alignment (zero)		zero bytes with no inbound game-visible reference
0x0020ece7	0x0020ecec	5	.data	padding / alignment (zero)	excluded	padding / alignment (zero)		zero bytes with no inbound game-visible reference
0x0020ed0d	0x0020ed14	7	.data	padding / alignment (zero)	excluded	padding / alignment (zero)		zero bytes with no inbound game-visible reference
0x0020ed31	0x0020ed38	7	.data	padding / alignment (zero)	excluded	padding / alignment (zero)		zero bytes with no inbound game-visible reference
0x0020ed59	0x0020ed60	7	.data	padding / alignment (zero)	excluded	padding / alignment (zero)		zero bytes with no inbound game-visible reference
0x0020ed7c	0x0020ed84	8	.data	padding / alignment (zero)	excluded	padding / alignment (zero)		zero bytes with no inbound game-visible reference
0x0020eda0	0x0020eda8	8	.data	padding / alignment (zero)	excluded	padding / alignment (zero)		zero bytes with no inbound game-visible reference
0x0020edc9	0x0020edd0	7	.data	padding / alignment (zero)	excluded	padding / alignment (zero)		zero bytes with no inbound game-visible reference
0x0020eded	0x0020edf4	7	.data	padding / alignment (zero)	excluded	padding / alignment (zero)		zero bytes with no inbound game-visible reference
0x0020ee15	0x0020ee1c	7	.data	padding / alignment (zero)	excluded	padding / alignment (zero)		zero bytes with no inbound game-visible reference
0x0020ee33	0x0020ee38	5	.data	padding / alignment (zero)	excluded	padding / alignment (zero)		zero bytes with no inbound game-visible reference
0x0020ee44	0x0020ee48	4	.data	padding / alignment (zero)	excluded	padding / alignment (zero)		zero bytes with no inbound game-visible reference
0x0020ee5e	0x0020ee64	6	.data	padding / alignment (zero)	excluded	padding / alignment (zero)		zero bytes with no inbound game-visible reference
0x0020ee74	0x0020ee78	4	.data	padding / alignment (zero)	excluded	padding / alignment (zero)		zero bytes with no inbound game-visible reference
0x0020eea8	0x0020eeb4	12	.data	padding / alignment (zero)	excluded	padding / alignment (zero)		zero bytes with no inbound game-visible reference
0x0020eee3	0x0020eeec	9	.data	padding / alignment (zero)	excluded	padding / alignment (zero)		zero bytes with no inbound game-visible reference
0x0020eef4	0x0020eef8	4	.data	padding / alignment (zero)	excluded	padding / alignment (zero)		zero bytes with no inbound game-visible reference
0x0020ef09	0x0020ef0c	3	.data	padding / alignment (zero)	excluded	padding / alignment (zero)		zero bytes with no inbound game-visible reference
0x0020ef1e	0x0020ef24	6	.data	padding / alignment (zero)	excluded	padding / alignment (zero)		zero bytes with no inbound game-visible reference
0x0020ef55	0x0020ef60	11	.data	padding / alignment (zero)	excluded	padding / alignment (zero)		zero bytes with no inbound game-visible reference
0x0020ef90	0x0020ef9c	12	.data	padding / alignment (zero)	excluded	padding / alignment (zero)		zero bytes with no inbound game-visible reference
0x0020efbc	0x0020efc4	8	.data	padding / alignment (zero)	excluded	padding / alignment (zero)		zero bytes with no inbound game-visible reference
0x0020efd4	0x0020efd8	4	.data	padding / alignment (zero)	excluded	padding / alignment (zero)		zero bytes with no inbound game-visible reference
0x0020efe4	0x0020efe8	4	.data	padding / alignment (zero)	excluded	padding / alignment (zero)		zero bytes with no inbound game-visible reference
0x0020eff3	0x0020eff8	5	.data	padding / alignment (zero)	excluded	padding / alignment (zero)		zero bytes with no inbound game-visible reference
0x0020f00a	0x0020f010	6	.data	padding / alignment (zero)	excluded	padding / alignment (zero)		zero bytes with no inbound game-visible reference
0x0020f022	0x0020f028	6	.data	padding / alignment (zero)	excluded	padding / alignment (zero)		zero bytes with no inbound game-visible reference
0x0020f039	0x0020f03c	3	.data	padding / alignment (zero)	excluded	padding / alignment (zero)		zero bytes with no inbound game-visible reference
0x0020f047	0x0020f04c	5	.data	padding / alignment (zero)	excluded	padding / alignment (zero)		zero bytes with no inbound game-visible reference
0x0020f065	0x0020f06c	7	.data	padding / alignment (zero)	excluded	padding / alignment (zero)		zero bytes with no inbound game-visible reference
0x0020f07c	0x0020f080	4	.data	padding / alignment (zero)	excluded	padding / alignment (zero)		zero bytes with no inbound game-visible reference
0x0020f090	0x0020f094	4	.data	padding / alignment (zero)	excluded	padding / alignment (zero)		zero bytes with no inbound game-visible reference
0x0020f0bd	0x0020f0c8	11	.data	padding / alignment (zero)	excluded	padding / alignment (zero)		zero bytes with no inbound game-visible reference
0x0020f0dc	0x0020f0e0	4	.data	padding / alignment (zero)	excluded	padding / alignment (zero)		zero bytes with no inbound game-visible reference
0x0020f0f4	0x0020f0f8	4	.data	padding / alignment (zero)	excluded	padding / alignment (zero)		zero bytes with no inbound game-visible reference
0x0020f102	0x0020f104	2	.data	padding / alignment (zero)	excluded	padding / alignment (zero)		zero bytes with no inbound game-visible reference
0x0020f10f	0x0020f114	5	.data	padding / alignment (zero)	excluded	padding / alignment (zero)		zero bytes with no inbound game-visible reference
0x0020f126	0x0020f12c	6	.data	padding / alignment (zero)	excluded	padding / alignment (zero)		zero bytes with no inbound game-visible reference
0x0020f147	0x0020f14c	5	.data	padding / alignment (zero)	excluded	padding / alignment (zero)		zero bytes with no inbound game-visible reference
0x0020f15e	0x0020f164	6	.data	padding / alignment (zero)	excluded	padding / alignment (zero)		zero bytes with no inbound game-visible reference
0x0020f16e	0x0020f170	2	.data	padding / alignment (zero)	excluded	padding / alignment (zero)		zero bytes with no inbound game-visible reference
0x0020f178	0x0020f17c	4	.data	padding / alignment (zero)	excluded	padding / alignment (zero)		zero bytes with no inbound game-visible reference
0x0020f188	0x0020f18c	4	.data	padding / alignment (zero)	excluded	padding / alignment (zero)		zero bytes with no inbound game-visible reference
0x0020f19d	0x0020f1a0	3	.data	padding / alignment (zero)	excluded	padding / alignment (zero)		zero bytes with no inbound game-visible reference
0x0020f1cd	0x0020f1d8	11	.data	padding / alignment (zero)	excluded	padding / alignment (zero)		zero bytes with no inbound game-visible reference
0x0020f1ea	0x0020f1f0	6	.data	padding / alignment (zero)	excluded	padding / alignment (zero)		zero bytes with no inbound game-visible reference
0x0020f200	0x0020f204	4	.data	padding / alignment (zero)	excluded	padding / alignment (zero)		zero bytes with no inbound game-visible reference
0x0020f215	0x0020f218	3	.data	padding / alignment (zero)	excluded	padding / alignment (zero)		zero bytes with no inbound game-visible reference
0x0020f22c	0x0020f230	4	.data	padding / alignment (zero)	excluded	padding / alignment (zero)		zero bytes with no inbound game-visible reference
0x0020f249	0x0020f250	7	.data	padding / alignment (zero)	excluded	padding / alignment (zero)		zero bytes with no inbound game-visible reference
0x0020f269	0x0020f270	7	.data	padding / alignment (zero)	excluded	padding / alignment (zero)		zero bytes with no inbound game-visible reference
0x0020f289	0x0020f290	7	.data	padding / alignment (zero)	excluded	padding / alignment (zero)		zero bytes with no inbound game-visible reference
0x0020f2a9	0x0020f2b0	7	.data	padding / alignment (zero)	excluded	padding / alignment (zero)		zero bytes with no inbound game-visible reference
0x0020f2d5	0x0020f2dc	7	.data	padding / alignment (zero)	excluded	padding / alignment (zero)		zero bytes with no inbound game-visible reference
0x0020f304	0x0020f30c	8	.data	padding / alignment (zero)	excluded	padding / alignment (zero)		zero bytes with no inbound game-visible reference
0x0020f336	0x0020f340	10	.data	padding / alignment (zero)	excluded	padding / alignment (zero)		zero bytes with no inbound game-visible reference
0x0020f360	0x0020f368	8	.data	padding / alignment (zero)	excluded	padding / alignment (zero)		zero bytes with no inbound game-visible reference
0x0020f38d	0x0020f394	7	.data	padding / alignment (zero)	excluded	padding / alignment (zero)		zero bytes with no inbound game-visible reference
0x0020f3b9	0x0020f3c0	7	.data	padding / alignment (zero)	excluded	padding / alignment (zero)		zero bytes with no inbound game-visible reference
0x0020f3e2	0x0020f3e8	6	.data	padding / alignment (zero)	excluded	padding / alignment (zero)		zero bytes with no inbound game-visible reference
0x0020f40a	0x0020f410	6	.data	padding / alignment (zero)	excluded	padding / alignment (zero)		zero bytes with no inbound game-visible reference
0x0020f432	0x0020f438	6	.data	padding / alignment (zero)	excluded	padding / alignment (zero)		zero bytes with no inbound game-visible reference
0x0020f45d	0x0020f464	7	.data	padding / alignment (zero)	excluded	padding / alignment (zero)		zero bytes with no inbound game-visible reference
0x0020f480	0x0020f488	8	.data	padding / alignment (zero)	excluded	padding / alignment (zero)		zero bytes with no inbound game-visible reference
0x0020f4a9	0x0020f4b0	7	.data	padding / alignment (zero)	excluded	padding / alignment (zero)		zero bytes with no inbound game-visible reference
0x0020f4ce	0x0020f4d4	6	.data	padding / alignment (zero)	excluded	padding / alignment (zero)		zero bytes with no inbound game-visible reference
0x0020f4f5	0x0020f4fc	7	.data	padding / alignment (zero)	excluded	padding / alignment (zero)		zero bytes with no inbound game-visible reference
0x0020f51c	0x0020f524	8	.data	padding / alignment (zero)	excluded	padding / alignment (zero)		zero bytes with no inbound game-visible reference
0x0020f548	0x0020f550	8	.data	padding / alignment (zero)	excluded	padding / alignment (zero)		zero bytes with no inbound game-visible reference
0x0020f56e	0x0020f574	6	.data	padding / alignment (zero)	excluded	padding / alignment (zero)		zero bytes with no inbound game-visible reference
0x0020f594	0x0020f59c	8	.data	padding / alignment (zero)	excluded	padding / alignment (zero)		zero bytes with no inbound game-visible reference
0x0020f5be	0x0020f5c4	6	.data	padding / alignment (zero)	excluded	padding / alignment (zero)		zero bytes with no inbound game-visible reference
0x0020f5e1	0x0020f5e8	7	.data	padding / alignment (zero)	excluded	padding / alignment (zero)		zero bytes with no inbound game-visible reference
0x0020f607	0x0020f610	9	.data	padding / alignment (zero)	excluded	padding / alignment (zero)		zero bytes with no inbound game-visible reference
0x0020f634	0x0020f63c	8	.data	padding / alignment (zero)	excluded	padding / alignment (zero)		zero bytes with no inbound game-visible reference
0x0020f659	0x0020f660	7	.data	padding / alignment (zero)	excluded	padding / alignment (zero)		zero bytes with no inbound game-visible reference
0x0020f67d	0x0020f684	7	.data	padding / alignment (zero)	excluded	padding / alignment (zero)		zero bytes with no inbound game-visible reference
0x0020f6a5	0x0020f6ac	7	.data	padding / alignment (zero)	excluded	padding / alignment (zero)		zero bytes with no inbound game-visible reference
0x0020f6ca	0x0020f6d0	6	.data	padding / alignment (zero)	excluded	padding / alignment (zero)		zero bytes with no inbound game-visible reference
0x0020f6ec	0x0020f6f4	8	.data	padding / alignment (zero)	excluded	padding / alignment (zero)		zero bytes with no inbound game-visible reference
0x0020f713	0x0020f71c	9	.data	padding / alignment (zero)	excluded	padding / alignment (zero)		zero bytes with no inbound game-visible reference
0x0020f73b	0x0020f744	9	.data	padding / alignment (zero)	excluded	padding / alignment (zero)		zero bytes with no inbound game-visible reference
0x0020f763	0x0020f76c	9	.data	padding / alignment (zero)	excluded	padding / alignment (zero)		zero bytes with no inbound game-visible reference
0x0020f789	0x0020f790	7	.data	padding / alignment (zero)	excluded	padding / alignment (zero)		zero bytes with no inbound game-visible reference
0x0020f7b0	0x0020f7b8	8	.data	padding / alignment (zero)	excluded	padding / alignment (zero)		zero bytes with no inbound game-visible reference
0x0020f7d7	0x0020f7e0	9	.data	padding / alignment (zero)	excluded	padding / alignment (zero)		zero bytes with no inbound game-visible reference
0x0020f804	0x0020f80c	8	.data	padding / alignment (zero)	excluded	padding / alignment (zero)		zero bytes with no inbound game-visible reference
0x0020f82b	0x0020f834	9	.data	padding / alignment (zero)	excluded	padding / alignment (zero)		zero bytes with no inbound game-visible reference
0x0020f852	0x0020f858	6	.data	padding / alignment (zero)	excluded	padding / alignment (zero)		zero bytes with no inbound game-visible reference
0x0020f875	0x0020f87c	7	.data	padding / alignment (zero)	excluded	padding / alignment (zero)		zero bytes with no inbound game-visible reference
0x0020f89a	0x0020f8a0	6	.data	padding / alignment (zero)	excluded	padding / alignment (zero)		zero bytes with no inbound game-visible reference
0x0020f8c2	0x0020f8c8	6	.data	padding / alignment (zero)	excluded	padding / alignment (zero)		zero bytes with no inbound game-visible reference
0x0020f8e5	0x0020f8ec	7	.data	padding / alignment (zero)	excluded	padding / alignment (zero)		zero bytes with no inbound game-visible reference
0x0020f905	0x0020f90c	7	.data	padding / alignment (zero)	excluded	padding / alignment (zero)		zero bytes with no inbound game-visible reference
0x0020f923	0x0020f928	5	.data	padding / alignment (zero)	excluded	padding / alignment (zero)		zero bytes with no inbound game-visible reference
0x0020f950	0x0020f958	8	.data	padding / alignment (zero)	excluded	padding / alignment (zero)		zero bytes with no inbound game-visible reference
0x0020f970	0x0020f974	4	.data	padding / alignment (zero)	excluded	padding / alignment (zero)		zero bytes with no inbound game-visible reference
0x0020f98c	0x0020f990	4	.data	padding / alignment (zero)	excluded	padding / alignment (zero)		zero bytes with no inbound game-visible reference
0x0020f9aa	0x0020f9b0	6	.data	padding / alignment (zero)	excluded	padding / alignment (zero)		zero bytes with no inbound game-visible reference
0x0020f9c6	0x0020f9d0	10	.data	padding / alignment (zero)	excluded	padding / alignment (zero)		zero bytes with no inbound game-visible reference
0x0020f9e7	0x0020f9f0	9	.data	padding / alignment (zero)	excluded	padding / alignment (zero)		zero bytes with no inbound game-visible reference
0x0020fa09	0x0020fa10	7	.data	padding / alignment (zero)	excluded	padding / alignment (zero)		zero bytes with no inbound game-visible reference
0x0020fa16	0x0020fa18	2	.data	padding / alignment (zero)	excluded	padding / alignment (zero)		zero bytes with no inbound game-visible reference
0x0020fa31	0x0020fa38	7	.data	padding / alignment (zero)	excluded	padding / alignment (zero)		zero bytes with no inbound game-visible reference
0x0020fa3e	0x0020fa40	2	.data	padding / alignment (zero)	excluded	padding / alignment (zero)		zero bytes with no inbound game-visible reference
0x0020fa48	0x0020fa4c	4	.data	padding / alignment (zero)	excluded	padding / alignment (zero)		zero bytes with no inbound game-visible reference
0x0020fa52	0x0020fa54	2	.data	padding / alignment (zero)	excluded	padding / alignment (zero)		zero bytes with no inbound game-visible reference
0x0020fa59	0x0020fa5c	3	.data	padding / alignment (zero)	excluded	padding / alignment (zero)		zero bytes with no inbound game-visible reference
0x0020fa61	0x0020fa64	3	.data	padding / alignment (zero)	excluded	padding / alignment (zero)		zero bytes with no inbound game-visible reference
0x0020fa6e	0x0020fa70	2	.data	padding / alignment (zero)	excluded	padding / alignment (zero)		zero bytes with no inbound game-visible reference
0x0020facc	0x0020fae0	20	.data	padding / alignment (zero)	excluded	padding / alignment (zero)		zero bytes with no inbound game-visible reference
0x0020faf0	0x0020faf4	4	.data	padding / alignment (zero)	excluded	padding / alignment (zero)		zero bytes with no inbound game-visible reference
0x0020fb0a	0x0020fb10	6	.data	padding / alignment (zero)	excluded	padding / alignment (zero)		zero bytes with no inbound game-visible reference
0x0020fb2c	0x0020fb34	8	.data	padding / alignment (zero)	excluded	padding / alignment (zero)		zero bytes with no inbound game-visible reference
0x0020fb41	0x0020fb44	3	.data	padding / alignment (zero)	excluded	padding / alignment (zero)		zero bytes with no inbound game-visible reference
0x0020fb53	0x0020fb58	5	.data	padding / alignment (zero)	excluded	padding / alignment (zero)		zero bytes with no inbound game-visible reference
0x0020fb6f	0x0020fb74	5	.data	padding / alignment (zero)	excluded	padding / alignment (zero)		zero bytes with no inbound game-visible reference
0x0020fb80	0x0020fb84	4	.data	padding / alignment (zero)	excluded	padding / alignment (zero)		zero bytes with no inbound game-visible reference
0x0020fb90	0x0020fb98	8	.data	padding / alignment (zero)	excluded	padding / alignment (zero)		zero bytes with no inbound game-visible reference
0x0020fbaf	0x0020fbb8	9	.data	padding / alignment (zero)	excluded	padding / alignment (zero)		zero bytes with no inbound game-visible reference
0x0020fbd1	0x0020fbd8	7	.data	padding / alignment (zero)	excluded	padding / alignment (zero)		zero bytes with no inbound game-visible reference
0x0020fbee	0x0020fbf8	10	.data	padding / alignment (zero)	excluded	padding / alignment (zero)		zero bytes with no inbound game-visible reference
0x0020fc14	0x0020fc1c	8	.data	padding / alignment (zero)	excluded	padding / alignment (zero)		zero bytes with no inbound game-visible reference
0x0020fc2d	0x0020fc30	3	.data	padding / alignment (zero)	excluded	padding / alignment (zero)		zero bytes with no inbound game-visible reference
0x0020fc41	0x0020fc44	3	.data	padding / alignment (zero)	excluded	padding / alignment (zero)		zero bytes with no inbound game-visible reference
0x0020fc4f	0x0020fc54	5	.data	padding / alignment (zero)	excluded	padding / alignment (zero)		zero bytes with no inbound game-visible reference
0x0020fc60	0x0020fc64	4	.data	padding / alignment (zero)	excluded	padding / alignment (zero)		zero bytes with no inbound game-visible reference
0x0020fc6c	0x0020fc70	4	.data	padding / alignment (zero)	excluded	padding / alignment (zero)		zero bytes with no inbound game-visible reference
0x0020fc78	0x0020fc7c	4	.data	padding / alignment (zero)	excluded	padding / alignment (zero)		zero bytes with no inbound game-visible reference
0x0020fc82	0x0020fc84	2	.data	padding / alignment (zero)	excluded	padding / alignment (zero)		zero bytes with no inbound game-visible reference
0x0020fc94	0x0020fc98	4	.data	padding / alignment (zero)	excluded	padding / alignment (zero)		zero bytes with no inbound game-visible reference
0x0020fca3	0x0020fca8	5	.data	padding / alignment (zero)	excluded	padding / alignment (zero)		zero bytes with no inbound game-visible reference
0x0020fcb3	0x0020fcb8	5	.data	padding / alignment (zero)	excluded	padding / alignment (zero)		zero bytes with no inbound game-visible reference
0x0020fcc3	0x0020fcc8	5	.data	padding / alignment (zero)	excluded	padding / alignment (zero)		zero bytes with no inbound game-visible reference
0x0020fcce	0x0020fcd0	2	.data	padding / alignment (zero)	excluded	padding / alignment (zero)		zero bytes with no inbound game-visible reference
0x0020fcd9	0x0020fcdc	3	.data	padding / alignment (zero)	excluded	padding / alignment (zero)		zero bytes with no inbound game-visible reference
0x0020fce3	0x0020fce4	1	.data	padding / alignment (zero)	excluded	padding / alignment (zero)		zero bytes with no inbound game-visible reference
0x0020fceb	0x0020fcec	1	.data	padding / alignment (zero)	excluded	padding / alignment (zero)		zero bytes with no inbound game-visible reference
0x0020fcf1	0x0020fcf4	3	.data	padding / alignment (zero)	excluded	padding / alignment (zero)		zero bytes with no inbound game-visible reference
0x0020fcfa	0x0020fcfc	2	.data	padding / alignment (zero)	excluded	padding / alignment (zero)		zero bytes with no inbound game-visible reference
0x0020fd09	0x0020fd0c	3	.data	padding / alignment (zero)	excluded	padding / alignment (zero)		zero bytes with no inbound game-visible reference
0x0020fd19	0x0020fd1c	3	.data	padding / alignment (zero)	excluded	padding / alignment (zero)		zero bytes with no inbound game-visible reference
0x0020fd29	0x0020fd2c	3	.data	padding / alignment (zero)	excluded	padding / alignment (zero)		zero bytes with no inbound game-visible reference
0x0020fd39	0x0020fd3c	3	.data	padding / alignment (zero)	excluded	padding / alignment (zero)		zero bytes with no inbound game-visible reference
0x0020fd47	0x0020fd4c	5	.data	padding / alignment (zero)	excluded	padding / alignment (zero)		zero bytes with no inbound game-visible reference
0x0020fd56	0x0020fd58	2	.data	padding / alignment (zero)	excluded	padding / alignment (zero)		zero bytes with no inbound game-visible reference
0x0020fd64	0x0020fd68	4	.data	padding / alignment (zero)	excluded	padding / alignment (zero)		zero bytes with no inbound game-visible reference
0x0020fd73	0x0020fd78	5	.data	padding / alignment (zero)	excluded	padding / alignment (zero)		zero bytes with no inbound game-visible reference
0x0020fd80	0x0020fd84	4	.data	padding / alignment (zero)	excluded	padding / alignment (zero)		zero bytes with no inbound game-visible reference
0x0020fd8a	0x0020fd8c	2	.data	padding / alignment (zero)	excluded	padding / alignment (zero)		zero bytes with no inbound game-visible reference
0x0020fd92	0x0020fd94	2	.data	padding / alignment (zero)	excluded	padding / alignment (zero)		zero bytes with no inbound game-visible reference
0x0020fd9a	0x0020fd9c	2	.data	padding / alignment (zero)	excluded	padding / alignment (zero)		zero bytes with no inbound game-visible reference
0x0020fdaf	0x0020fdb4	5	.data	padding / alignment (zero)	excluded	padding / alignment (zero)		zero bytes with no inbound game-visible reference
0x0020fdc5	0x0020fdc8	3	.data	padding / alignment (zero)	excluded	padding / alignment (zero)		zero bytes with no inbound game-visible reference
0x0020fdd9	0x0020fddc	3	.data	padding / alignment (zero)	excluded	padding / alignment (zero)		zero bytes with no inbound game-visible reference
0x0020fdeb	0x0020fdf0	5	.data	padding / alignment (zero)	excluded	padding / alignment (zero)		zero bytes with no inbound game-visible reference
0x0020fdfe	0x0020fe00	2	.data	padding / alignment (zero)	excluded	padding / alignment (zero)		zero bytes with no inbound game-visible reference
0x0020fe13	0x0020fe18	5	.data	padding / alignment (zero)	excluded	padding / alignment (zero)		zero bytes with no inbound game-visible reference
0x0020fe29	0x0020fe2c	3	.data	padding / alignment (zero)	excluded	padding / alignment (zero)		zero bytes with no inbound game-visible reference
0x0020fe3a	0x0020fe3c	2	.data	padding / alignment (zero)	excluded	padding / alignment (zero)		zero bytes with no inbound game-visible reference
0x0020fe47	0x0020fe4c	5	.data	padding / alignment (zero)	excluded	padding / alignment (zero)		zero bytes with no inbound game-visible reference
0x0020fe55	0x0020fe58	3	.data	padding / alignment (zero)	excluded	padding / alignment (zero)		zero bytes with no inbound game-visible reference
0x0020fe60	0x0020fe64	4	.data	padding / alignment (zero)	excluded	padding / alignment (zero)		zero bytes with no inbound game-visible reference
0x0020fe74	0x0020fe78	4	.data	padding / alignment (zero)	excluded	padding / alignment (zero)		zero bytes with no inbound game-visible reference
0x0020fe92	0x0020fe98	6	.data	padding / alignment (zero)	excluded	padding / alignment (zero)		zero bytes with no inbound game-visible reference
0x0020fea3	0x0020fea8	5	.data	padding / alignment (zero)	excluded	padding / alignment (zero)		zero bytes with no inbound game-visible reference
0x0020fecb	0x0020fed4	9	.data	padding / alignment (zero)	excluded	padding / alignment (zero)		zero bytes with no inbound game-visible reference
0x0020fefd	0x0020ff08	11	.data	padding / alignment (zero)	excluded	padding / alignment (zero)		zero bytes with no inbound game-visible reference
0x0020ff36	0x0020ff40	10	.data	padding / alignment (zero)	excluded	padding / alignment (zero)		zero bytes with no inbound game-visible reference
0x0020ff60	0x0020ff68	8	.data	padding / alignment (zero)	excluded	padding / alignment (zero)		zero bytes with no inbound game-visible reference
0x0020ff8a	0x0020ff90	6	.data	padding / alignment (zero)	excluded	padding / alignment (zero)		zero bytes with no inbound game-visible reference
0x0020ffba	0x0020ffc4	10	.data	padding / alignment (zero)	excluded	padding / alignment (zero)		zero bytes with no inbound game-visible reference
0x0020ffd3	0x0020ffd8	5	.data	padding / alignment (zero)	excluded	padding / alignment (zero)		zero bytes with no inbound game-visible reference
0x0020ffdf	0x0020ffe0	1	.data	padding / alignment (zero)	excluded	padding / alignment (zero)		zero bytes with no inbound game-visible reference
0x00210064	0x00210080	28	.data	padding / alignment (zero)	excluded	padding / alignment (zero)		zero bytes with no inbound game-visible reference
0x00210092	0x00210098	6	.data	padding / alignment (zero)	excluded	padding / alignment (zero)		zero bytes with no inbound game-visible reference
0x002100a7	0x002100ac	5	.data	padding / alignment (zero)	excluded	padding / alignment (zero)		zero bytes with no inbound game-visible reference
0x002100cb	0x002100d4	9	.data	padding / alignment (zero)	excluded	padding / alignment (zero)		zero bytes with no inbound game-visible reference
0x002100e0	0x002100e4	4	.data	padding / alignment (zero)	excluded	padding / alignment (zero)		zero bytes with no inbound game-visible reference
0x0021012c	0x0021013c	16	.data	padding / alignment (zero)	excluded	padding / alignment (zero)		zero bytes with no inbound game-visible reference
0x0021014f	0x00210154	5	.data	padding / alignment (zero)	excluded	padding / alignment (zero)		zero bytes with no inbound game-visible reference
0x0021015e	0x00210160	2	.data	padding / alignment (zero)	excluded	padding / alignment (zero)		zero bytes with no inbound game-visible reference
0x00210178	0x0021017c	4	.data	padding / alignment (zero)	excluded	padding / alignment (zero)		zero bytes with no inbound game-visible reference
0x002101ac	0x002101b8	12	.data	padding / alignment (zero)	excluded	padding / alignment (zero)		zero bytes with no inbound game-visible reference
0x002101c9	0x002101cc	3	.data	padding / alignment (zero)	excluded	padding / alignment (zero)		zero bytes with no inbound game-visible reference
0x002101dd	0x002101e0	3	.data	padding / alignment (zero)	excluded	padding / alignment (zero)		zero bytes with no inbound game-visible reference
0x00210214	0x00210220	12	.data	padding / alignment (zero)	excluded	padding / alignment (zero)		zero bytes with no inbound game-visible reference
0x00210249	0x00210254	11	.data	padding / alignment (zero)	excluded	padding / alignment (zero)		zero bytes with no inbound game-visible reference
0x0021027b	0x00210284	9	.data	padding / alignment (zero)	excluded	padding / alignment (zero)		zero bytes with no inbound game-visible reference
0x00210298	0x0021029c	4	.data	padding / alignment (zero)	excluded	padding / alignment (zero)		zero bytes with no inbound game-visible reference
0x002102c8	0x002102d0	8	.data	padding / alignment (zero)	excluded	padding / alignment (zero)		zero bytes with no inbound game-visible reference
0x002102f9	0x00210304	11	.data	padding / alignment (zero)	excluded	padding / alignment (zero)		zero bytes with no inbound game-visible reference
0x0021032d	0x00210338	11	.data	padding / alignment (zero)	excluded	padding / alignment (zero)		zero bytes with no inbound game-visible reference
0x00210352	0x00210358	6	.data	padding / alignment (zero)	excluded	padding / alignment (zero)		zero bytes with no inbound game-visible reference
0x0021038c	0x00210398	12	.data	padding / alignment (zero)	excluded	padding / alignment (zero)		zero bytes with no inbound game-visible reference
0x002103b3	0x002103b8	5	.data	padding / alignment (zero)	excluded	padding / alignment (zero)		zero bytes with no inbound game-visible reference
0x00210401	0x00210410	15	.data	padding / alignment (zero)	excluded	padding / alignment (zero)		zero bytes with no inbound game-visible reference
0x00210432	0x00210438	6	.data	padding / alignment (zero)	excluded	padding / alignment (zero)		zero bytes with no inbound game-visible reference
0x00210452	0x00210458	6	.data	padding / alignment (zero)	excluded	padding / alignment (zero)		zero bytes with no inbound game-visible reference
0x0021047a	0x00210480	6	.data	padding / alignment (zero)	excluded	padding / alignment (zero)		zero bytes with no inbound game-visible reference
0x002104a0	0x002104a8	8	.data	padding / alignment (zero)	excluded	padding / alignment (zero)		zero bytes with no inbound game-visible reference
0x002104be	0x002104c4	6	.data	padding / alignment (zero)	excluded	padding / alignment (zero)		zero bytes with no inbound game-visible reference
0x002104ed	0x002104f8	11	.data	padding / alignment (zero)	excluded	padding / alignment (zero)		zero bytes with no inbound game-visible reference
0x00210514	0x0021051c	8	.data	padding / alignment (zero)	excluded	padding / alignment (zero)		zero bytes with no inbound game-visible reference
0x0021052d	0x00210530	3	.data	padding / alignment (zero)	excluded	padding / alignment (zero)		zero bytes with no inbound game-visible reference
0x00210546	0x0021054c	6	.data	padding / alignment (zero)	excluded	padding / alignment (zero)		zero bytes with no inbound game-visible reference
0x0021055e	0x00210564	6	.data	padding / alignment (zero)	excluded	padding / alignment (zero)		zero bytes with no inbound game-visible reference
0x0021057a	0x00210580	6	.data	padding / alignment (zero)	excluded	padding / alignment (zero)		zero bytes with no inbound game-visible reference
0x00210595	0x0021059c	7	.data	padding / alignment (zero)	excluded	padding / alignment (zero)		zero bytes with no inbound game-visible reference
0x002105b8	0x002105c0	8	.data	padding / alignment (zero)	excluded	padding / alignment (zero)		zero bytes with no inbound game-visible reference
0x002105d3	0x002105d8	5	.data	padding / alignment (zero)	excluded	padding / alignment (zero)		zero bytes with no inbound game-visible reference
0x002105f1	0x002105f8	7	.data	padding / alignment (zero)	excluded	padding / alignment (zero)		zero bytes with no inbound game-visible reference
0x0021060e	0x00210614	6	.data	padding / alignment (zero)	excluded	padding / alignment (zero)		zero bytes with no inbound game-visible reference
0x0021062b	0x00210630	5	.data	padding / alignment (zero)	excluded	padding / alignment (zero)		zero bytes with no inbound game-visible reference
0x00210640	0x00210644	4	.data	padding / alignment (zero)	excluded	padding / alignment (zero)		zero bytes with no inbound game-visible reference
0x0021065c	0x00210660	4	.data	padding / alignment (zero)	excluded	padding / alignment (zero)		zero bytes with no inbound game-visible reference
0x00210681	0x00210688	7	.data	padding / alignment (zero)	excluded	padding / alignment (zero)		zero bytes with no inbound game-visible reference
0x0021069e	0x002106a4	6	.data	padding / alignment (zero)	excluded	padding / alignment (zero)		zero bytes with no inbound game-visible reference
0x002106b4	0x002106b8	4	.data	padding / alignment (zero)	excluded	padding / alignment (zero)		zero bytes with no inbound game-visible reference
0x002106cd	0x002106d4	7	.data	padding / alignment (zero)	excluded	padding / alignment (zero)		zero bytes with no inbound game-visible reference
0x002106e5	0x002106e8	3	.data	padding / alignment (zero)	excluded	padding / alignment (zero)		zero bytes with no inbound game-visible reference
0x002106fa	0x00210700	6	.data	padding / alignment (zero)	excluded	padding / alignment (zero)		zero bytes with no inbound game-visible reference
0x00210712	0x00210718	6	.data	padding / alignment (zero)	excluded	padding / alignment (zero)		zero bytes with no inbound game-visible reference
0x0021072a	0x00210730	6	.data	padding / alignment (zero)	excluded	padding / alignment (zero)		zero bytes with no inbound game-visible reference
0x00210742	0x00210748	6	.data	padding / alignment (zero)	excluded	padding / alignment (zero)		zero bytes with no inbound game-visible reference
0x00210758	0x0021075c	4	.data	padding / alignment (zero)	excluded	padding / alignment (zero)		zero bytes with no inbound game-visible reference
0x00210772	0x00210778	6	.data	padding / alignment (zero)	excluded	padding / alignment (zero)		zero bytes with no inbound game-visible reference
0x0021078b	0x00210790	5	.data	padding / alignment (zero)	excluded	padding / alignment (zero)		zero bytes with no inbound game-visible reference
0x002107a8	0x002107ac	4	.data	padding / alignment (zero)	excluded	padding / alignment (zero)		zero bytes with no inbound game-visible reference
0x002107be	0x002107c4	6	.data	padding / alignment (zero)	excluded	padding / alignment (zero)		zero bytes with no inbound game-visible reference
0x002107d5	0x002107d8	3	.data	padding / alignment (zero)	excluded	padding / alignment (zero)		zero bytes with no inbound game-visible reference
0x002107ec	0x002107f0	4	.data	padding / alignment (zero)	excluded	padding / alignment (zero)		zero bytes with no inbound game-visible reference
0x00210800	0x00210804	4	.data	padding / alignment (zero)	excluded	padding / alignment (zero)		zero bytes with no inbound game-visible reference
0x00210821	0x00210828	7	.data	padding / alignment (zero)	excluded	padding / alignment (zero)		zero bytes with no inbound game-visible reference
0x0021083d	0x00210844	7	.data	padding / alignment (zero)	excluded	padding / alignment (zero)		zero bytes with no inbound game-visible reference
0x00210854	0x00210858	4	.data	padding / alignment (zero)	excluded	padding / alignment (zero)		zero bytes with no inbound game-visible reference
0x0021086f	0x00210874	5	.data	padding / alignment (zero)	excluded	padding / alignment (zero)		zero bytes with no inbound game-visible reference
0x00210884	0x00210888	4	.data	padding / alignment (zero)	excluded	padding / alignment (zero)		zero bytes with no inbound game-visible reference
0x00210892	0x00210894	2	.data	padding / alignment (zero)	excluded	padding / alignment (zero)		zero bytes with no inbound game-visible reference
0x002108a6	0x002108ac	6	.data	padding / alignment (zero)	excluded	padding / alignment (zero)		zero bytes with no inbound game-visible reference
0x002108ba	0x002108bc	2	.data	padding / alignment (zero)	excluded	padding / alignment (zero)		zero bytes with no inbound game-visible reference
0x002108d1	0x002108d8	7	.data	padding / alignment (zero)	excluded	padding / alignment (zero)		zero bytes with no inbound game-visible reference
0x002108eb	0x002108f0	5	.data	padding / alignment (zero)	excluded	padding / alignment (zero)		zero bytes with no inbound game-visible reference
0x00210907	0x0021090c	5	.data	padding / alignment (zero)	excluded	padding / alignment (zero)		zero bytes with no inbound game-visible reference
0x00210921	0x00210928	7	.data	padding / alignment (zero)	excluded	padding / alignment (zero)		zero bytes with no inbound game-visible reference
0x00210935	0x00210938	3	.data	padding / alignment (zero)	excluded	padding / alignment (zero)		zero bytes with no inbound game-visible reference
0x0021095f	0x00210968	9	.data	padding / alignment (zero)	excluded	padding / alignment (zero)		zero bytes with no inbound game-visible reference
0x00210978	0x00210980	8	.data	padding / alignment (zero)	excluded	padding / alignment (zero)		zero bytes with no inbound game-visible reference
0x00210994	0x00210998	4	.data	padding / alignment (zero)	excluded	padding / alignment (zero)		zero bytes with no inbound game-visible reference
0x002109ac	0x002109b0	4	.data	padding / alignment (zero)	excluded	padding / alignment (zero)		zero bytes with no inbound game-visible reference
0x002109c5	0x002109d0	11	.data	padding / alignment (zero)	excluded	padding / alignment (zero)		zero bytes with no inbound game-visible reference
0x002109ea	0x002109f0	6	.data	padding / alignment (zero)	excluded	padding / alignment (zero)		zero bytes with no inbound game-visible reference
0x00210a0b	0x00210a10	5	.data	padding / alignment (zero)	excluded	padding / alignment (zero)		zero bytes with no inbound game-visible reference
0x00210a29	0x00210a30	7	.data	padding / alignment (zero)	excluded	padding / alignment (zero)		zero bytes with no inbound game-visible reference
0x00210a49	0x00210a50	7	.data	padding / alignment (zero)	excluded	padding / alignment (zero)		zero bytes with no inbound game-visible reference
0x00210a6c	0x00210a78	12	.data	padding / alignment (zero)	excluded	padding / alignment (zero)		zero bytes with no inbound game-visible reference
0x00210a8f	0x00210a98	9	.data	padding / alignment (zero)	excluded	padding / alignment (zero)		zero bytes with no inbound game-visible reference
0x00210aad	0x00210ab8	11	.data	padding / alignment (zero)	excluded	padding / alignment (zero)		zero bytes with no inbound game-visible reference
0x00210ad7	0x00210ae0	9	.data	padding / alignment (zero)	excluded	padding / alignment (zero)		zero bytes with no inbound game-visible reference
0x00210af3	0x00210af8	5	.data	padding / alignment (zero)	excluded	padding / alignment (zero)		zero bytes with no inbound game-visible reference
0x00210aff	0x00210b00	1	.data	padding / alignment (zero)	excluded	padding / alignment (zero)		zero bytes with no inbound game-visible reference
0x00210b18	0x00210b1c	4	.data	padding / alignment (zero)	excluded	padding / alignment (zero)		zero bytes with no inbound game-visible reference
0x00210b37	0x00210b3c	5	.data	padding / alignment (zero)	excluded	padding / alignment (zero)		zero bytes with no inbound game-visible reference
0x00210ba8	0x00210bc0	24	.data	padding / alignment (zero)	excluded	padding / alignment (zero)		zero bytes with no inbound game-visible reference
0x00210bcf	0x00210bd4	5	.data	padding / alignment (zero)	excluded	padding / alignment (zero)		zero bytes with no inbound game-visible reference
0x00210be4	0x00210be8	4	.data	padding / alignment (zero)	excluded	padding / alignment (zero)		zero bytes with no inbound game-visible reference
0x00210bf8	0x00210bfc	4	.data	padding / alignment (zero)	excluded	padding / alignment (zero)		zero bytes with no inbound game-visible reference
0x00210c0c	0x00210c10	4	.data	padding / alignment (zero)	excluded	padding / alignment (zero)		zero bytes with no inbound game-visible reference
0x00210c20	0x00210c24	4	.data	padding / alignment (zero)	excluded	padding / alignment (zero)		zero bytes with no inbound game-visible reference
0x00210c33	0x00210c38	5	.data	padding / alignment (zero)	excluded	padding / alignment (zero)		zero bytes with no inbound game-visible reference
0x00210c55	0x00210c5c	7	.data	padding / alignment (zero)	excluded	padding / alignment (zero)		zero bytes with no inbound game-visible reference
0x00210c62	0x00210c64	2	.data	padding / alignment (zero)	excluded	padding / alignment (zero)		zero bytes with no inbound game-visible reference
0x00210c71	0x00210c74	3	.data	padding / alignment (zero)	excluded	padding / alignment (zero)		zero bytes with no inbound game-visible reference
0x00210c8c	0x00210c90	4	.data	padding / alignment (zero)	excluded	padding / alignment (zero)		zero bytes with no inbound game-visible reference
0x00210c9e	0x00210ca0	2	.data	padding / alignment (zero)	excluded	padding / alignment (zero)		zero bytes with no inbound game-visible reference
0x00210caa	0x00210cac	2	.data	padding / alignment (zero)	excluded	padding / alignment (zero)		zero bytes with no inbound game-visible reference
0x00210cb5	0x00210cb8	3	.data	padding / alignment (zero)	excluded	padding / alignment (zero)		zero bytes with no inbound game-visible reference
0x00210cc6	0x00210cc8	2	.data	padding / alignment (zero)	excluded	padding / alignment (zero)		zero bytes with no inbound game-visible reference
0x00210cd4	0x00210cd8	4	.data	padding / alignment (zero)	excluded	padding / alignment (zero)		zero bytes with no inbound game-visible reference
0x00210ce4	0x00210ce8	4	.data	padding / alignment (zero)	excluded	padding / alignment (zero)		zero bytes with no inbound game-visible reference
0x00210cf4	0x00210cf8	4	.data	padding / alignment (zero)	excluded	padding / alignment (zero)		zero bytes with no inbound game-visible reference
0x00210d04	0x00210d08	4	.data	padding / alignment (zero)	excluded	padding / alignment (zero)		zero bytes with no inbound game-visible reference
0x00210d14	0x00210d18	4	.data	padding / alignment (zero)	excluded	padding / alignment (zero)		zero bytes with no inbound game-visible reference
0x00210d24	0x00210d28	4	.data	padding / alignment (zero)	excluded	padding / alignment (zero)		zero bytes with no inbound game-visible reference
0x00210d34	0x00210d38	4	.data	padding / alignment (zero)	excluded	padding / alignment (zero)		zero bytes with no inbound game-visible reference
0x00210d44	0x00210d48	4	.data	padding / alignment (zero)	excluded	padding / alignment (zero)		zero bytes with no inbound game-visible reference
0x00210d54	0x00210d58	4	.data	padding / alignment (zero)	excluded	padding / alignment (zero)		zero bytes with no inbound game-visible reference
0x00210d61	0x00210d64	3	.data	padding / alignment (zero)	excluded	padding / alignment (zero)		zero bytes with no inbound game-visible reference
0x00210d6f	0x00210d74	5	.data	padding / alignment (zero)	excluded	padding / alignment (zero)		zero bytes with no inbound game-visible reference
0x00210d7c	0x00210d80	4	.data	padding / alignment (zero)	excluded	padding / alignment (zero)		zero bytes with no inbound game-visible reference
0x00210d87	0x00210d88	1	.data	padding / alignment (zero)	excluded	padding / alignment (zero)		zero bytes with no inbound game-visible reference
0x00210d8d	0x00210d90	3	.data	padding / alignment (zero)	excluded	padding / alignment (zero)		zero bytes with no inbound game-visible reference
0x00210dae	0x00210db4	6	.data	padding / alignment (zero)	excluded	padding / alignment (zero)		zero bytes with no inbound game-visible reference
0x00210dd0	0x00210dd8	8	.data	padding / alignment (zero)	excluded	padding / alignment (zero)		zero bytes with no inbound game-visible reference
0x00210df5	0x00210dfc	7	.data	padding / alignment (zero)	excluded	padding / alignment (zero)		zero bytes with no inbound game-visible reference
0x00210e17	0x00210e1c	5	.data	padding / alignment (zero)	excluded	padding / alignment (zero)		zero bytes with no inbound game-visible reference
0x00210e39	0x00210e40	7	.data	padding / alignment (zero)	excluded	padding / alignment (zero)		zero bytes with no inbound game-visible reference
0x00210e5b	0x00210e60	5	.data	padding / alignment (zero)	excluded	padding / alignment (zero)		zero bytes with no inbound game-visible reference
0x00210e7c	0x00210e84	8	.data	padding / alignment (zero)	excluded	padding / alignment (zero)		zero bytes with no inbound game-visible reference
0x00210e9e	0x00210ea4	6	.data	padding / alignment (zero)	excluded	padding / alignment (zero)		zero bytes with no inbound game-visible reference
0x00210ec2	0x00210ec8	6	.data	padding / alignment (zero)	excluded	padding / alignment (zero)		zero bytes with no inbound game-visible reference
0x00210ee4	0x00210eec	8	.data	padding / alignment (zero)	excluded	padding / alignment (zero)		zero bytes with no inbound game-visible reference
0x00210f09	0x00210f10	7	.data	padding / alignment (zero)	excluded	padding / alignment (zero)		zero bytes with no inbound game-visible reference
0x00210f2b	0x00210f30	5	.data	padding / alignment (zero)	excluded	padding / alignment (zero)		zero bytes with no inbound game-visible reference
0x00210f4c	0x00210f54	8	.data	padding / alignment (zero)	excluded	padding / alignment (zero)		zero bytes with no inbound game-visible reference
0x00210f6e	0x00210f74	6	.data	padding / alignment (zero)	excluded	padding / alignment (zero)		zero bytes with no inbound game-visible reference
0x00210f8f	0x00210f94	5	.data	padding / alignment (zero)	excluded	padding / alignment (zero)		zero bytes with no inbound game-visible reference
0x00210fad	0x00210fb4	7	.data	padding / alignment (zero)	excluded	padding / alignment (zero)		zero bytes with no inbound game-visible reference
0x00210fc2	0x00210fc4	2	.data	padding / alignment (zero)	excluded	padding / alignment (zero)		zero bytes with no inbound game-visible reference
0x00210fd8	0x00210fdc	4	.data	padding / alignment (zero)	excluded	padding / alignment (zero)		zero bytes with no inbound game-visible reference
0x00210ff1	0x00210ff8	7	.data	padding / alignment (zero)	excluded	padding / alignment (zero)		zero bytes with no inbound game-visible reference
0x0021100e	0x00211014	6	.data	padding / alignment (zero)	excluded	padding / alignment (zero)		zero bytes with no inbound game-visible reference
0x00211021	0x00211024	3	.data	padding / alignment (zero)	excluded	padding / alignment (zero)		zero bytes with no inbound game-visible reference
0x00211032	0x00211034	2	.data	padding / alignment (zero)	excluded	padding / alignment (zero)		zero bytes with no inbound game-visible reference
0x00211041	0x00211044	3	.data	padding / alignment (zero)	excluded	padding / alignment (zero)		zero bytes with no inbound game-visible reference
0x0021104f	0x00211054	5	.data	padding / alignment (zero)	excluded	padding / alignment (zero)		zero bytes with no inbound game-visible reference
0x00211060	0x00211064	4	.data	padding / alignment (zero)	excluded	padding / alignment (zero)		zero bytes with no inbound game-visible reference
0x00211071	0x00211074	3	.data	padding / alignment (zero)	excluded	padding / alignment (zero)		zero bytes with no inbound game-visible reference
0x0021107e	0x00211080	2	.data	padding / alignment (zero)	excluded	padding / alignment (zero)		zero bytes with no inbound game-visible reference
0x0021108a	0x0021108c	2	.data	padding / alignment (zero)	excluded	padding / alignment (zero)		zero bytes with no inbound game-visible reference
0x002110aa	0x002110b0	6	.data	padding / alignment (zero)	excluded	padding / alignment (zero)		zero bytes with no inbound game-visible reference
0x002110ca	0x002110d0	6	.data	padding / alignment (zero)	excluded	padding / alignment (zero)		zero bytes with no inbound game-visible reference
0x002110ef	0x002110f8	9	.data	padding / alignment (zero)	excluded	padding / alignment (zero)		zero bytes with no inbound game-visible reference
0x00211108	0x0021110c	4	.data	padding / alignment (zero)	excluded	padding / alignment (zero)		zero bytes with no inbound game-visible reference
0x00211114	0x00211118	4	.data	padding / alignment (zero)	excluded	padding / alignment (zero)		zero bytes with no inbound game-visible reference
0x00211123	0x00211128	5	.data	padding / alignment (zero)	excluded	padding / alignment (zero)		zero bytes with no inbound game-visible reference
0x00211136	0x00211138	2	.data	padding / alignment (zero)	excluded	padding / alignment (zero)		zero bytes with no inbound game-visible reference
0x00211143	0x00211148	5	.data	padding / alignment (zero)	excluded	padding / alignment (zero)		zero bytes with no inbound game-visible reference
0x00211148	0x00211160	24	.data	compiler: pooled literal data	excluded	compiler: pooled literal data		between retail pooled literals; no source pin
0x00211177	0x00211180	9	.data	padding / alignment (zero)	excluded	padding / alignment (zero)		zero bytes with no inbound game-visible reference
0x00211199	0x002111a0	7	.data	padding / alignment (zero)	excluded	padding / alignment (zero)		zero bytes with no inbound game-visible reference
0x002111ac	0x002111b0	4	.data	padding / alignment (zero)	excluded	padding / alignment (zero)		zero bytes with no inbound game-visible reference
0x002111b5	0x002111b8	3	.data	padding / alignment (zero)	excluded	padding / alignment (zero)		zero bytes with no inbound game-visible reference
0x002111ca	0x002111d0	6	.data	padding / alignment (zero)	excluded	padding / alignment (zero)		zero bytes with no inbound game-visible reference
0x002111e0	0x002111e4	4	.data	padding / alignment (zero)	excluded	padding / alignment (zero)		zero bytes with no inbound game-visible reference
0x002111ef	0x002111f4	5	.data	padding / alignment (zero)	excluded	padding / alignment (zero)		zero bytes with no inbound game-visible reference
0x0021121a	0x00211224	10	.data	padding / alignment (zero)	excluded	padding / alignment (zero)		zero bytes with no inbound game-visible reference
0x0021124b	0x00211254	9	.data	padding / alignment (zero)	excluded	padding / alignment (zero)		zero bytes with no inbound game-visible reference
0x0021127a	0x00211284	10	.data	padding / alignment (zero)	excluded	padding / alignment (zero)		zero bytes with no inbound game-visible reference
0x002112a6	0x002112ac	6	.data	padding / alignment (zero)	excluded	padding / alignment (zero)		zero bytes with no inbound game-visible reference
0x002112b9	0x002112bc	3	.data	padding / alignment (zero)	excluded	padding / alignment (zero)		zero bytes with no inbound game-visible reference
0x002112df	0x002112e8	9	.data	padding / alignment (zero)	excluded	padding / alignment (zero)		zero bytes with no inbound game-visible reference
0x0021130b	0x00211314	9	.data	padding / alignment (zero)	excluded	padding / alignment (zero)		zero bytes with no inbound game-visible reference
0x00211337	0x00211340	9	.data	padding / alignment (zero)	excluded	padding / alignment (zero)		zero bytes with no inbound game-visible reference
0x00211363	0x0021136c	9	.data	padding / alignment (zero)	excluded	padding / alignment (zero)		zero bytes with no inbound game-visible reference
0x0021137a	0x0021137c	2	.data	padding / alignment (zero)	excluded	padding / alignment (zero)		zero bytes with no inbound game-visible reference
0x00211389	0x0021138c	3	.data	padding / alignment (zero)	excluded	padding / alignment (zero)		zero bytes with no inbound game-visible reference
0x0021139a	0x0021139c	2	.data	padding / alignment (zero)	excluded	padding / alignment (zero)		zero bytes with no inbound game-visible reference
0x002113aa	0x002113ac	2	.data	padding / alignment (zero)	excluded	padding / alignment (zero)		zero bytes with no inbound game-visible reference
0x002113b5	0x002113b8	3	.data	padding / alignment (zero)	excluded	padding / alignment (zero)		zero bytes with no inbound game-visible reference
0x002113c2	0x002113c4	2	.data	padding / alignment (zero)	excluded	padding / alignment (zero)		zero bytes with no inbound game-visible reference
0x002113cc	0x002113d0	4	.data	padding / alignment (zero)	excluded	padding / alignment (zero)		zero bytes with no inbound game-visible reference
0x002113db	0x002113e0	5	.data	padding / alignment (zero)	excluded	padding / alignment (zero)		zero bytes with no inbound game-visible reference
0x002113e8	0x002113ec	4	.data	padding / alignment (zero)	excluded	padding / alignment (zero)		zero bytes with no inbound game-visible reference
0x002113f8	0x002113fc	4	.data	padding / alignment (zero)	excluded	padding / alignment (zero)		zero bytes with no inbound game-visible reference
0x00211406	0x00211408	2	.data	padding / alignment (zero)	excluded	padding / alignment (zero)		zero bytes with no inbound game-visible reference
0x00211412	0x00211414	2	.data	padding / alignment (zero)	excluded	padding / alignment (zero)		zero bytes with no inbound game-visible reference
0x00211420	0x00211424	4	.data	padding / alignment (zero)	excluded	padding / alignment (zero)		zero bytes with no inbound game-visible reference
0x00211430	0x00211434	4	.data	padding / alignment (zero)	excluded	padding / alignment (zero)		zero bytes with no inbound game-visible reference
0x00211439	0x0021143c	3	.data	padding / alignment (zero)	excluded	padding / alignment (zero)		zero bytes with no inbound game-visible reference
0x00211448	0x0021144c	4	.data	padding / alignment (zero)	excluded	padding / alignment (zero)		zero bytes with no inbound game-visible reference
0x0021145a	0x0021145c	2	.data	padding / alignment (zero)	excluded	padding / alignment (zero)		zero bytes with no inbound game-visible reference
0x0021146c	0x00211470	4	.data	padding / alignment (zero)	excluded	padding / alignment (zero)		zero bytes with no inbound game-visible reference
0x0021147e	0x00211480	2	.data	padding / alignment (zero)	excluded	padding / alignment (zero)		zero bytes with no inbound game-visible reference
0x00211496	0x0021149c	6	.data	padding / alignment (zero)	excluded	padding / alignment (zero)		zero bytes with no inbound game-visible reference
0x002114b2	0x002114b8	6	.data	padding / alignment (zero)	excluded	padding / alignment (zero)		zero bytes with no inbound game-visible reference
0x002114ce	0x002114d4	6	.data	padding / alignment (zero)	excluded	padding / alignment (zero)		zero bytes with no inbound game-visible reference
0x002114ea	0x002114f0	6	.data	padding / alignment (zero)	excluded	padding / alignment (zero)		zero bytes with no inbound game-visible reference
0x00211506	0x0021150c	6	.data	padding / alignment (zero)	excluded	padding / alignment (zero)		zero bytes with no inbound game-visible reference
0x00211522	0x00211528	6	.data	padding / alignment (zero)	excluded	padding / alignment (zero)		zero bytes with no inbound game-visible reference
0x0021153e	0x00211544	6	.data	padding / alignment (zero)	excluded	padding / alignment (zero)		zero bytes with no inbound game-visible reference
0x0021155a	0x00211560	6	.data	padding / alignment (zero)	excluded	padding / alignment (zero)		zero bytes with no inbound game-visible reference
0x00211570	0x00211574	4	.data	padding / alignment (zero)	excluded	padding / alignment (zero)		zero bytes with no inbound game-visible reference
0x0021157b	0x0021157c	1	.data	padding / alignment (zero)	excluded	padding / alignment (zero)		zero bytes with no inbound game-visible reference
0x0021158e	0x00211594	6	.data	padding / alignment (zero)	excluded	padding / alignment (zero)		zero bytes with no inbound game-visible reference
0x0021159b	0x0021159c	1	.data	padding / alignment (zero)	excluded	padding / alignment (zero)		zero bytes with no inbound game-visible reference
0x002115ae	0x002115b4	6	.data	padding / alignment (zero)	excluded	padding / alignment (zero)		zero bytes with no inbound game-visible reference
0x002115bb	0x002115bc	1	.data	padding / alignment (zero)	excluded	padding / alignment (zero)		zero bytes with no inbound game-visible reference
0x002115ce	0x002115d4	6	.data	padding / alignment (zero)	excluded	padding / alignment (zero)		zero bytes with no inbound game-visible reference
0x002115db	0x002115dc	1	.data	padding / alignment (zero)	excluded	padding / alignment (zero)		zero bytes with no inbound game-visible reference
0x002115ee	0x002115f4	6	.data	padding / alignment (zero)	excluded	padding / alignment (zero)		zero bytes with no inbound game-visible reference
0x0021160d	0x00211614	7	.data	padding / alignment (zero)	excluded	padding / alignment (zero)		zero bytes with no inbound game-visible reference
0x00211625	0x00211628	3	.data	padding / alignment (zero)	excluded	padding / alignment (zero)		zero bytes with no inbound game-visible reference
0x0021163a	0x00211640	6	.data	padding / alignment (zero)	excluded	padding / alignment (zero)		zero bytes with no inbound game-visible reference
0x00211646	0x00211648	2	.data	padding / alignment (zero)	excluded	padding / alignment (zero)		zero bytes with no inbound game-visible reference
0x0021165a	0x00211660	6	.data	padding / alignment (zero)	excluded	padding / alignment (zero)		zero bytes with no inbound game-visible reference
0x00211666	0x00211668	2	.data	padding / alignment (zero)	excluded	padding / alignment (zero)		zero bytes with no inbound game-visible reference
0x0021167a	0x00211680	6	.data	padding / alignment (zero)	excluded	padding / alignment (zero)		zero bytes with no inbound game-visible reference
0x00211686	0x00211688	2	.data	padding / alignment (zero)	excluded	padding / alignment (zero)		zero bytes with no inbound game-visible reference
0x0021169a	0x002116a0	6	.data	padding / alignment (zero)	excluded	padding / alignment (zero)		zero bytes with no inbound game-visible reference
0x002116a6	0x002116a8	2	.data	padding / alignment (zero)	excluded	padding / alignment (zero)		zero bytes with no inbound game-visible reference
0x002116ba	0x002116c0	6	.data	padding / alignment (zero)	excluded	padding / alignment (zero)		zero bytes with no inbound game-visible reference
0x002116c6	0x002116c8	2	.data	padding / alignment (zero)	excluded	padding / alignment (zero)		zero bytes with no inbound game-visible reference
0x002116da	0x002116e0	6	.data	padding / alignment (zero)	excluded	padding / alignment (zero)		zero bytes with no inbound game-visible reference
0x002116e6	0x002116e8	2	.data	padding / alignment (zero)	excluded	padding / alignment (zero)		zero bytes with no inbound game-visible reference
0x002116fa	0x00211700	6	.data	padding / alignment (zero)	excluded	padding / alignment (zero)		zero bytes with no inbound game-visible reference
0x00211706	0x00211708	2	.data	padding / alignment (zero)	excluded	padding / alignment (zero)		zero bytes with no inbound game-visible reference
0x0021171a	0x00211720	6	.data	padding / alignment (zero)	excluded	padding / alignment (zero)		zero bytes with no inbound game-visible reference
0x00211726	0x00211728	2	.data	padding / alignment (zero)	excluded	padding / alignment (zero)		zero bytes with no inbound game-visible reference
0x0021173d	0x00211744	7	.data	padding / alignment (zero)	excluded	padding / alignment (zero)		zero bytes with no inbound game-visible reference
0x0021174d	0x00211750	3	.data	padding / alignment (zero)	excluded	padding / alignment (zero)		zero bytes with no inbound game-visible reference
0x00211762	0x00211768	6	.data	padding / alignment (zero)	excluded	padding / alignment (zero)		zero bytes with no inbound game-visible reference
0x00211779	0x0021177c	3	.data	padding / alignment (zero)	excluded	padding / alignment (zero)		zero bytes with no inbound game-visible reference
0x00211790	0x00211794	4	.data	padding / alignment (zero)	excluded	padding / alignment (zero)		zero bytes with no inbound game-visible reference
0x0021179a	0x0021179c	2	.data	padding / alignment (zero)	excluded	padding / alignment (zero)		zero bytes with no inbound game-visible reference
0x002117ae	0x002117b4	6	.data	padding / alignment (zero)	excluded	padding / alignment (zero)		zero bytes with no inbound game-visible reference
0x002117ba	0x002117bc	2	.data	padding / alignment (zero)	excluded	padding / alignment (zero)		zero bytes with no inbound game-visible reference
0x002117ce	0x002117d4	6	.data	padding / alignment (zero)	excluded	padding / alignment (zero)		zero bytes with no inbound game-visible reference
0x002117d9	0x002117dc	3	.data	padding / alignment (zero)	excluded	padding / alignment (zero)		zero bytes with no inbound game-visible reference
0x002117ed	0x002117f0	3	.data	padding / alignment (zero)	excluded	padding / alignment (zero)		zero bytes with no inbound game-visible reference
0x00211802	0x00211808	6	.data	padding / alignment (zero)	excluded	padding / alignment (zero)		zero bytes with no inbound game-visible reference
0x0021181e	0x00211824	6	.data	padding / alignment (zero)	excluded	padding / alignment (zero)		zero bytes with no inbound game-visible reference
0x00211829	0x0021182c	3	.data	padding / alignment (zero)	excluded	padding / alignment (zero)		zero bytes with no inbound game-visible reference
0x00211842	0x00211848	6	.data	padding / alignment (zero)	excluded	padding / alignment (zero)		zero bytes with no inbound game-visible reference
0x0021184d	0x00211850	3	.data	padding / alignment (zero)	excluded	padding / alignment (zero)		zero bytes with no inbound game-visible reference
0x00211866	0x0021186c	6	.data	padding / alignment (zero)	excluded	padding / alignment (zero)		zero bytes with no inbound game-visible reference
0x00211883	0x00211888	5	.data	padding / alignment (zero)	excluded	padding / alignment (zero)		zero bytes with no inbound game-visible reference
0x0021188d	0x00211890	3	.data	padding / alignment (zero)	excluded	padding / alignment (zero)		zero bytes with no inbound game-visible reference
0x002118a7	0x002118ac	5	.data	padding / alignment (zero)	excluded	padding / alignment (zero)		zero bytes with no inbound game-visible reference
0x002118b9	0x002118bc	3	.data	padding / alignment (zero)	excluded	padding / alignment (zero)		zero bytes with no inbound game-visible reference
0x002118db	0x002118e4	9	.data	padding / alignment (zero)	excluded	padding / alignment (zero)		zero bytes with no inbound game-visible reference
0x002118ed	0x002118f0	3	.data	padding / alignment (zero)	excluded	padding / alignment (zero)		zero bytes with no inbound game-visible reference
0x0021190b	0x00211910	5	.data	padding / alignment (zero)	excluded	padding / alignment (zero)		zero bytes with no inbound game-visible reference
0x00211918	0x0021191c	4	.data	padding / alignment (zero)	excluded	padding / alignment (zero)		zero bytes with no inbound game-visible reference
0x00211936	0x0021193c	6	.data	padding / alignment (zero)	excluded	padding / alignment (zero)		zero bytes with no inbound game-visible reference
0x00211955	0x0021195c	7	.data	padding / alignment (zero)	excluded	padding / alignment (zero)		zero bytes with no inbound game-visible reference
0x00211963	0x00211964	1	.data	padding / alignment (zero)	excluded	padding / alignment (zero)		zero bytes with no inbound game-visible reference
0x0021196f	0x00211974	5	.data	padding / alignment (zero)	excluded	padding / alignment (zero)		zero bytes with no inbound game-visible reference
0x00211991	0x00211998	7	.data	padding / alignment (zero)	excluded	padding / alignment (zero)		zero bytes with no inbound game-visible reference
0x002119b0	0x002119b4	4	.data	padding / alignment (zero)	excluded	padding / alignment (zero)		zero bytes with no inbound game-visible reference
0x002119b9	0x002119bc	3	.data	padding / alignment (zero)	excluded	padding / alignment (zero)		zero bytes with no inbound game-visible reference
0x002119cf	0x002119d4	5	.data	padding / alignment (zero)	excluded	padding / alignment (zero)		zero bytes with no inbound game-visible reference
0x002119e7	0x002119ec	5	.data	padding / alignment (zero)	excluded	padding / alignment (zero)		zero bytes with no inbound game-visible reference
0x00211a01	0x00211a08	7	.data	padding / alignment (zero)	excluded	padding / alignment (zero)		zero bytes with no inbound game-visible reference
0x00211a0f	0x00211a10	1	.data	padding / alignment (zero)	excluded	padding / alignment (zero)		zero bytes with no inbound game-visible reference
0x00211a18	0x00211a1c	4	.data	padding / alignment (zero)	excluded	padding / alignment (zero)		zero bytes with no inbound game-visible reference
0x00211a32	0x00211a38	6	.data	padding / alignment (zero)	excluded	padding / alignment (zero)		zero bytes with no inbound game-visible reference
0x00211a52	0x00211a58	6	.data	padding / alignment (zero)	excluded	padding / alignment (zero)		zero bytes with no inbound game-visible reference
0x00211a64	0x00211a68	4	.data	padding / alignment (zero)	excluded	padding / alignment (zero)		zero bytes with no inbound game-visible reference
0x00211a83	0x00211a88	5	.data	padding / alignment (zero)	excluded	padding / alignment (zero)		zero bytes with no inbound game-visible reference
0x00211a95	0x00211a98	3	.data	padding / alignment (zero)	excluded	padding / alignment (zero)		zero bytes with no inbound game-visible reference
0x00211a9d	0x00211aa0	3	.data	padding / alignment (zero)	excluded	padding / alignment (zero)		zero bytes with no inbound game-visible reference
0x00211ab4	0x00211ab8	4	.data	padding / alignment (zero)	excluded	padding / alignment (zero)		zero bytes with no inbound game-visible reference
0x00211ac6	0x00211ac8	2	.data	padding / alignment (zero)	excluded	padding / alignment (zero)		zero bytes with no inbound game-visible reference
0x00211ace	0x00211ad0	2	.data	padding / alignment (zero)	excluded	padding / alignment (zero)		zero bytes with no inbound game-visible reference
0x00211add	0x00211ae0	3	.data	padding / alignment (zero)	excluded	padding / alignment (zero)		zero bytes with no inbound game-visible reference
0x00211af0	0x00211af4	4	.data	padding / alignment (zero)	excluded	padding / alignment (zero)		zero bytes with no inbound game-visible reference
0x00211b01	0x00211b04	3	.data	padding / alignment (zero)	excluded	padding / alignment (zero)		zero bytes with no inbound game-visible reference
0x00211b13	0x00211b18	5	.data	padding / alignment (zero)	excluded	padding / alignment (zero)		zero bytes with no inbound game-visible reference
0x00211b2f	0x00211b34	5	.data	padding / alignment (zero)	excluded	padding / alignment (zero)		zero bytes with no inbound game-visible reference
0x00211b4f	0x00211b54	5	.data	padding / alignment (zero)	excluded	padding / alignment (zero)		zero bytes with no inbound game-visible reference
0x00211b6e	0x00211b74	6	.data	padding / alignment (zero)	excluded	padding / alignment (zero)		zero bytes with no inbound game-visible reference
0x00211b86	0x00211b8c	6	.data	padding / alignment (zero)	excluded	padding / alignment (zero)		zero bytes with no inbound game-visible reference
0x00211ba7	0x00211bac	5	.data	padding / alignment (zero)	excluded	padding / alignment (zero)		zero bytes with no inbound game-visible reference
0x00211bc3	0x00211bc8	5	.data	padding / alignment (zero)	excluded	padding / alignment (zero)		zero bytes with no inbound game-visible reference
0x00211bde	0x00211be4	6	.data	padding / alignment (zero)	excluded	padding / alignment (zero)		zero bytes with no inbound game-visible reference
0x00211bfb	0x00211c00	5	.data	padding / alignment (zero)	excluded	padding / alignment (zero)		zero bytes with no inbound game-visible reference
0x00211c1b	0x00211c20	5	.data	padding / alignment (zero)	excluded	padding / alignment (zero)		zero bytes with no inbound game-visible reference
0x00211c3c	0x00211c44	8	.data	padding / alignment (zero)	excluded	padding / alignment (zero)		zero bytes with no inbound game-visible reference
0x00211c52	0x00211c54	2	.data	padding / alignment (zero)	excluded	padding / alignment (zero)		zero bytes with no inbound game-visible reference
0x00211c6b	0x00211c70	5	.data	padding / alignment (zero)	excluded	padding / alignment (zero)		zero bytes with no inbound game-visible reference
0x00211c88	0x00211c8c	4	.data	padding / alignment (zero)	excluded	padding / alignment (zero)		zero bytes with no inbound game-visible reference
0x00211ca5	0x00211cac	7	.data	padding / alignment (zero)	excluded	padding / alignment (zero)		zero bytes with no inbound game-visible reference
0x00211cc4	0x00211cc8	4	.data	padding / alignment (zero)	excluded	padding / alignment (zero)		zero bytes with no inbound game-visible reference
0x00211ce1	0x00211ce8	7	.data	padding / alignment (zero)	excluded	padding / alignment (zero)		zero bytes with no inbound game-visible reference
0x00211d00	0x00211d04	4	.data	padding / alignment (zero)	excluded	padding / alignment (zero)		zero bytes with no inbound game-visible reference
0x00211d1a	0x00211d20	6	.data	padding / alignment (zero)	excluded	padding / alignment (zero)		zero bytes with no inbound game-visible reference
0x00211d36	0x00211d3c	6	.data	padding / alignment (zero)	excluded	padding / alignment (zero)		zero bytes with no inbound game-visible reference
0x00211d4f	0x00211d54	5	.data	padding / alignment (zero)	excluded	padding / alignment (zero)		zero bytes with no inbound game-visible reference
0x00211d64	0x00211d68	4	.data	padding / alignment (zero)	excluded	padding / alignment (zero)		zero bytes with no inbound game-visible reference
0x00211d78	0x00211d7c	4	.data	padding / alignment (zero)	excluded	padding / alignment (zero)		zero bytes with no inbound game-visible reference
0x00211d86	0x00211d88	2	.data	padding / alignment (zero)	excluded	padding / alignment (zero)		zero bytes with no inbound game-visible reference
0x00211d90	0x00211d98	8	.data	padding / alignment (zero)	excluded	padding / alignment (zero)		zero bytes with no inbound game-visible reference
0x00211dae	0x00211db4	6	.data	padding / alignment (zero)	excluded	padding / alignment (zero)		zero bytes with no inbound game-visible reference
0x00211dc1	0x00211dc4	3	.data	padding / alignment (zero)	excluded	padding / alignment (zero)		zero bytes with no inbound game-visible reference
0x00211dcc	0x00211dd0	4	.data	padding / alignment (zero)	excluded	padding / alignment (zero)		zero bytes with no inbound game-visible reference
0x00211de3	0x00211de8	5	.data	padding / alignment (zero)	excluded	padding / alignment (zero)		zero bytes with no inbound game-visible reference
0x00211df2	0x00211df4	2	.data	padding / alignment (zero)	excluded	padding / alignment (zero)		zero bytes with no inbound game-visible reference
0x00211e00	0x00211e04	4	.data	padding / alignment (zero)	excluded	padding / alignment (zero)		zero bytes with no inbound game-visible reference
0x00211e0c	0x00211e10	4	.data	padding / alignment (zero)	excluded	padding / alignment (zero)		zero bytes with no inbound game-visible reference
0x00211e23	0x00211e28	5	.data	padding / alignment (zero)	excluded	padding / alignment (zero)		zero bytes with no inbound game-visible reference
0x00211e3b	0x00211e40	5	.data	padding / alignment (zero)	excluded	padding / alignment (zero)		zero bytes with no inbound game-visible reference
0x00211e48	0x00211e4c	4	.data	padding / alignment (zero)	excluded	padding / alignment (zero)		zero bytes with no inbound game-visible reference
0x00211e53	0x00211e54	1	.data	padding / alignment (zero)	excluded	padding / alignment (zero)		zero bytes with no inbound game-visible reference
0x00211e63	0x00211e68	5	.data	padding / alignment (zero)	excluded	padding / alignment (zero)		zero bytes with no inbound game-visible reference
0x00211e73	0x00211e78	5	.data	padding / alignment (zero)	excluded	padding / alignment (zero)		zero bytes with no inbound game-visible reference
0x00211e85	0x00211e88	3	.data	padding / alignment (zero)	excluded	padding / alignment (zero)		zero bytes with no inbound game-visible reference
0x00211e90	0x00211e94	4	.data	padding / alignment (zero)	excluded	padding / alignment (zero)		zero bytes with no inbound game-visible reference
0x00211e9e	0x00211ea0	2	.data	padding / alignment (zero)	excluded	padding / alignment (zero)		zero bytes with no inbound game-visible reference
0x00211ea7	0x00211ea8	1	.data	padding / alignment (zero)	excluded	padding / alignment (zero)		zero bytes with no inbound game-visible reference
0x00211eae	0x00211eb0	2	.data	padding / alignment (zero)	excluded	padding / alignment (zero)		zero bytes with no inbound game-visible reference
0x00211eb6	0x00211eb8	2	.data	padding / alignment (zero)	excluded	padding / alignment (zero)		zero bytes with no inbound game-visible reference
0x00211ec2	0x00211ec4	2	.data	padding / alignment (zero)	excluded	padding / alignment (zero)		zero bytes with no inbound game-visible reference
0x00211ecd	0x00211ed0	3	.data	padding / alignment (zero)	excluded	padding / alignment (zero)		zero bytes with no inbound game-visible reference
0x00211ed5	0x00211ed8	3	.data	padding / alignment (zero)	excluded	padding / alignment (zero)		zero bytes with no inbound game-visible reference
0x00211edd	0x00211ee0	3	.data	padding / alignment (zero)	excluded	padding / alignment (zero)		zero bytes with no inbound game-visible reference
0x00211ee7	0x00211ee8	1	.data	padding / alignment (zero)	excluded	padding / alignment (zero)		zero bytes with no inbound game-visible reference
0x00211ef1	0x00211ef4	3	.data	padding / alignment (zero)	excluded	padding / alignment (zero)		zero bytes with no inbound game-visible reference
0x00211f22	0x00211f2c	10	.data	padding / alignment (zero)	excluded	padding / alignment (zero)		zero bytes with no inbound game-visible reference
0x00211f77	0x00211f88	17	.data	padding / alignment (zero)	excluded	padding / alignment (zero)		zero bytes with no inbound game-visible reference
0x00211f9e	0x00211fa4	6	.data	padding / alignment (zero)	excluded	padding / alignment (zero)		zero bytes with no inbound game-visible reference
0x00211fd6	0x00211fe0	10	.data	padding / alignment (zero)	excluded	padding / alignment (zero)		zero bytes with no inbound game-visible reference
0x0021200c	0x00212014	8	.data	padding / alignment (zero)	excluded	padding / alignment (zero)		zero bytes with no inbound game-visible reference
0x00212039	0x00212040	7	.data	padding / alignment (zero)	excluded	padding / alignment (zero)		zero bytes with no inbound game-visible reference
0x0021204a	0x0021204c	2	.data	padding / alignment (zero)	excluded	padding / alignment (zero)		zero bytes with no inbound game-visible reference
0x00212060	0x00212064	4	.data	padding / alignment (zero)	excluded	padding / alignment (zero)		zero bytes with no inbound game-visible reference
0x00212076	0x0021207c	6	.data	padding / alignment (zero)	excluded	padding / alignment (zero)		zero bytes with no inbound game-visible reference
0x00212088	0x0021208c	4	.data	padding / alignment (zero)	excluded	padding / alignment (zero)		zero bytes with no inbound game-visible reference
0x0021209a	0x0021209c	2	.data	padding / alignment (zero)	excluded	padding / alignment (zero)		zero bytes with no inbound game-visible reference
0x002120ac	0x002120b0	4	.data	padding / alignment (zero)	excluded	padding / alignment (zero)		zero bytes with no inbound game-visible reference
0x002120b7	0x002120b8	1	.data	padding / alignment (zero)	excluded	padding / alignment (zero)		zero bytes with no inbound game-visible reference
0x002120bb	0x002120bc	1	.data	padding / alignment (zero)	excluded	padding / alignment (zero)		zero bytes with no inbound game-visible reference
0x002120d9	0x002120e0	7	.data	padding / alignment (zero)	excluded	padding / alignment (zero)		zero bytes with no inbound game-visible reference
0x002120f1	0x002120f4	3	.data	padding / alignment (zero)	excluded	padding / alignment (zero)		zero bytes with no inbound game-visible reference
0x0021213d	0x0021214c	15	.data	padding / alignment (zero)	excluded	padding / alignment (zero)		zero bytes with no inbound game-visible reference
0x00212167	0x0021216c	5	.data	padding / alignment (zero)	excluded	padding / alignment (zero)		zero bytes with no inbound game-visible reference
0x00212181	0x00212188	7	.data	padding / alignment (zero)	excluded	padding / alignment (zero)		zero bytes with no inbound game-visible reference
0x002121b9	0x002121c4	11	.data	padding / alignment (zero)	excluded	padding / alignment (zero)		zero bytes with no inbound game-visible reference
0x002121ea	0x002121f4	10	.data	padding / alignment (zero)	excluded	padding / alignment (zero)		zero bytes with no inbound game-visible reference
0x00212202	0x00212204	2	.data	padding / alignment (zero)	excluded	padding / alignment (zero)		zero bytes with no inbound game-visible reference
0x00212227	0x00212230	9	.data	padding / alignment (zero)	excluded	padding / alignment (zero)		zero bytes with no inbound game-visible reference
0x00212255	0x0021225c	7	.data	padding / alignment (zero)	excluded	padding / alignment (zero)		zero bytes with no inbound game-visible reference
0x0021227b	0x00212288	13	.data	padding / alignment (zero)	excluded	padding / alignment (zero)		zero bytes with no inbound game-visible reference
0x002122a4	0x002122ac	8	.data	padding / alignment (zero)	excluded	padding / alignment (zero)		zero bytes with no inbound game-visible reference
0x002122ac	0x002122b0	4	.data	game-visible unenrolled data	eligible	compiler: pooled literal data	direct game/compiler code (1)	between retail pooled literals; no source pin
0x0021233b	0x00212358	29	.data	padding / alignment (zero)	excluded	padding / alignment (zero)		zero bytes with no inbound game-visible reference
0x0021238b	0x00212398	13	.data	padding / alignment (zero)	excluded	padding / alignment (zero)		zero bytes with no inbound game-visible reference
0x0021239f	0x002123a0	1	.data	padding / alignment (zero)	excluded	padding / alignment (zero)		zero bytes with no inbound game-visible reference
0x002123aa	0x002123b0	6	.data	padding / alignment (zero)	excluded	padding / alignment (zero)		zero bytes with no inbound game-visible reference
0x002123cd	0x002123d4	7	.data	padding / alignment (zero)	excluded	padding / alignment (zero)		zero bytes with no inbound game-visible reference
0x002123e1	0x002123e4	3	.data	padding / alignment (zero)	excluded	padding / alignment (zero)		zero bytes with no inbound game-visible reference
0x002123f3	0x002123f8	5	.data	padding / alignment (zero)	excluded	padding / alignment (zero)		zero bytes with no inbound game-visible reference
0x00212400	0x00212404	4	.data	padding / alignment (zero)	excluded	padding / alignment (zero)		zero bytes with no inbound game-visible reference
0x0021242d	0x00212438	11	.data	padding / alignment (zero)	excluded	padding / alignment (zero)		zero bytes with no inbound game-visible reference
0x0021243b	0x0021243c	1	.data	padding / alignment (zero)	excluded	padding / alignment (zero)		zero bytes with no inbound game-visible reference
0x00212468	0x00212470	8	.data	padding / alignment (zero)	excluded	padding / alignment (zero)		zero bytes with no inbound game-visible reference
0x00212489	0x00212490	7	.data	padding / alignment (zero)	excluded	padding / alignment (zero)		zero bytes with no inbound game-visible reference
0x002124a9	0x002124b0	7	.data	padding / alignment (zero)	excluded	padding / alignment (zero)		zero bytes with no inbound game-visible reference
0x002124ca	0x002124d0	6	.data	padding / alignment (zero)	excluded	padding / alignment (zero)		zero bytes with no inbound game-visible reference
0x002124e9	0x002124f0	7	.data	padding / alignment (zero)	excluded	padding / alignment (zero)		zero bytes with no inbound game-visible reference
0x0021250a	0x00212510	6	.data	padding / alignment (zero)	excluded	padding / alignment (zero)		zero bytes with no inbound game-visible reference
0x00212524	0x00212528	4	.data	padding / alignment (zero)	excluded	padding / alignment (zero)		zero bytes with no inbound game-visible reference
0x0021253b	0x00212540	5	.data	padding / alignment (zero)	excluded	padding / alignment (zero)		zero bytes with no inbound game-visible reference
0x00212559	0x00212560	7	.data	padding / alignment (zero)	excluded	padding / alignment (zero)		zero bytes with no inbound game-visible reference
0x00212575	0x0021257c	7	.data	padding / alignment (zero)	excluded	padding / alignment (zero)		zero bytes with no inbound game-visible reference
0x00212590	0x00212594	4	.data	padding / alignment (zero)	excluded	padding / alignment (zero)		zero bytes with no inbound game-visible reference
0x002125af	0x002125b4	5	.data	padding / alignment (zero)	excluded	padding / alignment (zero)		zero bytes with no inbound game-visible reference
0x002125cb	0x002125d0	5	.data	padding / alignment (zero)	excluded	padding / alignment (zero)		zero bytes with no inbound game-visible reference
0x002125ea	0x002125f0	6	.data	padding / alignment (zero)	excluded	padding / alignment (zero)		zero bytes with no inbound game-visible reference
0x0021260b	0x00212610	5	.data	padding / alignment (zero)	excluded	padding / alignment (zero)		zero bytes with no inbound game-visible reference
0x0021261c	0x00212620	4	.data	padding / alignment (zero)	excluded	padding / alignment (zero)		zero bytes with no inbound game-visible reference
0x00212683	0x00212698	21	.data	padding / alignment (zero)	excluded	padding / alignment (zero)		zero bytes with no inbound game-visible reference
0x002126c8	0x002126d4	12	.data	padding / alignment (zero)	excluded	padding / alignment (zero)		zero bytes with no inbound game-visible reference
0x002126e0	0x002126e4	4	.data	padding / alignment (zero)	excluded	padding / alignment (zero)		zero bytes with no inbound game-visible reference
0x002126ea	0x002126ec	2	.data	padding / alignment (zero)	excluded	padding / alignment (zero)		zero bytes with no inbound game-visible reference
0x002126ff	0x00212704	5	.data	padding / alignment (zero)	excluded	padding / alignment (zero)		zero bytes with no inbound game-visible reference
0x00212714	0x00212718	4	.data	padding / alignment (zero)	excluded	padding / alignment (zero)		zero bytes with no inbound game-visible reference
0x00212748	0x00212754	12	.data	padding / alignment (zero)	excluded	padding / alignment (zero)		zero bytes with no inbound game-visible reference
0x00212756	0x00212758	2	.data	padding / alignment (zero)	excluded	padding / alignment (zero)		zero bytes with no inbound game-visible reference
0x00212765	0x00212768	3	.data	padding / alignment (zero)	excluded	padding / alignment (zero)		zero bytes with no inbound game-visible reference
0x00212777	0x0021277c	5	.data	padding / alignment (zero)	excluded	padding / alignment (zero)		zero bytes with no inbound game-visible reference
0x00212784	0x00212788	4	.data	padding / alignment (zero)	excluded	padding / alignment (zero)		zero bytes with no inbound game-visible reference
0x00212790	0x00212794	4	.data	padding / alignment (zero)	excluded	padding / alignment (zero)		zero bytes with no inbound game-visible reference
0x0021279d	0x002127a0	3	.data	padding / alignment (zero)	excluded	padding / alignment (zero)		zero bytes with no inbound game-visible reference
0x002127ab	0x002127b0	5	.data	padding / alignment (zero)	excluded	padding / alignment (zero)		zero bytes with no inbound game-visible reference
0x002127b8	0x002127bc	4	.data	padding / alignment (zero)	excluded	padding / alignment (zero)		zero bytes with no inbound game-visible reference
0x002127c6	0x002127c8	2	.data	padding / alignment (zero)	excluded	padding / alignment (zero)		zero bytes with no inbound game-visible reference
0x002127d6	0x002127d8	2	.data	padding / alignment (zero)	excluded	padding / alignment (zero)		zero bytes with no inbound game-visible reference
0x002127e4	0x002127e8	4	.data	padding / alignment (zero)	excluded	padding / alignment (zero)		zero bytes with no inbound game-visible reference
0x002127f9	0x002127fc	3	.data	padding / alignment (zero)	excluded	padding / alignment (zero)		zero bytes with no inbound game-visible reference
0x0021280f	0x00212814	5	.data	padding / alignment (zero)	excluded	padding / alignment (zero)		zero bytes with no inbound game-visible reference
0x0021282c	0x00212830	4	.data	padding / alignment (zero)	excluded	padding / alignment (zero)		zero bytes with no inbound game-visible reference
0x00212845	0x0021284c	7	.data	padding / alignment (zero)	excluded	padding / alignment (zero)		zero bytes with no inbound game-visible reference
0x00212864	0x00212868	4	.data	padding / alignment (zero)	excluded	padding / alignment (zero)		zero bytes with no inbound game-visible reference
0x0021287f	0x00212884	5	.data	padding / alignment (zero)	excluded	padding / alignment (zero)		zero bytes with no inbound game-visible reference
0x0021289f	0x002128a4	5	.data	padding / alignment (zero)	excluded	padding / alignment (zero)		zero bytes with no inbound game-visible reference
0x002128b9	0x002128c0	7	.data	padding / alignment (zero)	excluded	padding / alignment (zero)		zero bytes with no inbound game-visible reference
0x002128d7	0x002128dc	5	.data	padding / alignment (zero)	excluded	padding / alignment (zero)		zero bytes with no inbound game-visible reference
0x002128f4	0x002128f8	4	.data	padding / alignment (zero)	excluded	padding / alignment (zero)		zero bytes with no inbound game-visible reference
0x00212911	0x00212918	7	.data	padding / alignment (zero)	excluded	padding / alignment (zero)		zero bytes with no inbound game-visible reference
0x0021292b	0x00212930	5	.data	padding / alignment (zero)	excluded	padding / alignment (zero)		zero bytes with no inbound game-visible reference
0x00212945	0x0021294c	7	.data	padding / alignment (zero)	excluded	padding / alignment (zero)		zero bytes with no inbound game-visible reference
0x00212964	0x00212968	4	.data	padding / alignment (zero)	excluded	padding / alignment (zero)		zero bytes with no inbound game-visible reference
0x0021297b	0x00212980	5	.data	padding / alignment (zero)	excluded	padding / alignment (zero)		zero bytes with no inbound game-visible reference
0x00212993	0x00212998	5	.data	padding / alignment (zero)	excluded	padding / alignment (zero)		zero bytes with no inbound game-visible reference
0x002129af	0x002129b4	5	.data	padding / alignment (zero)	excluded	padding / alignment (zero)		zero bytes with no inbound game-visible reference
0x002129c8	0x002129cc	4	.data	padding / alignment (zero)	excluded	padding / alignment (zero)		zero bytes with no inbound game-visible reference
0x002129de	0x002129e4	6	.data	padding / alignment (zero)	excluded	padding / alignment (zero)		zero bytes with no inbound game-visible reference
0x002129f9	0x00212a00	7	.data	padding / alignment (zero)	excluded	padding / alignment (zero)		zero bytes with no inbound game-visible reference
0x00212a15	0x00212a1c	7	.data	padding / alignment (zero)	excluded	padding / alignment (zero)		zero bytes with no inbound game-visible reference
0x00212a31	0x00212a38	7	.data	padding / alignment (zero)	excluded	padding / alignment (zero)		zero bytes with no inbound game-visible reference
0x00212a4b	0x00212a50	5	.data	padding / alignment (zero)	excluded	padding / alignment (zero)		zero bytes with no inbound game-visible reference
0x00212a66	0x00212a6c	6	.data	padding / alignment (zero)	excluded	padding / alignment (zero)		zero bytes with no inbound game-visible reference
0x00212a81	0x00212a88	7	.data	padding / alignment (zero)	excluded	padding / alignment (zero)		zero bytes with no inbound game-visible reference
0x00212aa2	0x00212aa8	6	.data	padding / alignment (zero)	excluded	padding / alignment (zero)		zero bytes with no inbound game-visible reference
0x00212abd	0x00212ac4	7	.data	padding / alignment (zero)	excluded	padding / alignment (zero)		zero bytes with no inbound game-visible reference
0x00212ad8	0x00212adc	4	.data	padding / alignment (zero)	excluded	padding / alignment (zero)		zero bytes with no inbound game-visible reference
0x00212af3	0x00212af8	5	.data	padding / alignment (zero)	excluded	padding / alignment (zero)		zero bytes with no inbound game-visible reference
0x00212b0b	0x00212b10	5	.data	padding / alignment (zero)	excluded	padding / alignment (zero)		zero bytes with no inbound game-visible reference
0x00212b24	0x00212b28	4	.data	padding / alignment (zero)	excluded	padding / alignment (zero)		zero bytes with no inbound game-visible reference
0x00212b40	0x00212b44	4	.data	padding / alignment (zero)	excluded	padding / alignment (zero)		zero bytes with no inbound game-visible reference
0x00212b57	0x00212b5c	5	.data	padding / alignment (zero)	excluded	padding / alignment (zero)		zero bytes with no inbound game-visible reference
0x00212b6f	0x00212b74	5	.data	padding / alignment (zero)	excluded	padding / alignment (zero)		zero bytes with no inbound game-visible reference
0x00212b8f	0x00212b94	5	.data	padding / alignment (zero)	excluded	padding / alignment (zero)		zero bytes with no inbound game-visible reference
0x00212ba9	0x00212bb0	7	.data	padding / alignment (zero)	excluded	padding / alignment (zero)		zero bytes with no inbound game-visible reference
0x00212bbf	0x00212bc4	5	.data	padding / alignment (zero)	excluded	padding / alignment (zero)		zero bytes with no inbound game-visible reference
0x00212bcc	0x00212bd0	4	.data	padding / alignment (zero)	excluded	padding / alignment (zero)		zero bytes with no inbound game-visible reference
0x00212bdf	0x00212be4	5	.data	padding / alignment (zero)	excluded	padding / alignment (zero)		zero bytes with no inbound game-visible reference
0x00212bf1	0x00212bf4	3	.data	padding / alignment (zero)	excluded	padding / alignment (zero)		zero bytes with no inbound game-visible reference
0x00212c00	0x00212c04	4	.data	padding / alignment (zero)	excluded	padding / alignment (zero)		zero bytes with no inbound game-visible reference
0x00212c12	0x00212c14	2	.data	padding / alignment (zero)	excluded	padding / alignment (zero)		zero bytes with no inbound game-visible reference
0x00212c23	0x00212c28	5	.data	padding / alignment (zero)	excluded	padding / alignment (zero)		zero bytes with no inbound game-visible reference
0x00212c37	0x00212c3c	5	.data	padding / alignment (zero)	excluded	padding / alignment (zero)		zero bytes with no inbound game-visible reference
0x00212c67	0x00212c70	9	.data	padding / alignment (zero)	excluded	padding / alignment (zero)		zero bytes with no inbound game-visible reference
0x00212c8a	0x00212c90	6	.data	padding / alignment (zero)	excluded	padding / alignment (zero)		zero bytes with no inbound game-visible reference
0x00212cb2	0x00212cb8	6	.data	padding / alignment (zero)	excluded	padding / alignment (zero)		zero bytes with no inbound game-visible reference
0x00212ce1	0x00212cec	11	.data	padding / alignment (zero)	excluded	padding / alignment (zero)		zero bytes with no inbound game-visible reference
0x00212d07	0x00212d0c	5	.data	padding / alignment (zero)	excluded	padding / alignment (zero)		zero bytes with no inbound game-visible reference
0x00212d35	0x00212d40	11	.data	padding / alignment (zero)	excluded	padding / alignment (zero)		zero bytes with no inbound game-visible reference
0x00212d64	0x00212d6c	8	.data	padding / alignment (zero)	excluded	padding / alignment (zero)		zero bytes with no inbound game-visible reference
0x00212d8b	0x00212d94	9	.data	padding / alignment (zero)	excluded	padding / alignment (zero)		zero bytes with no inbound game-visible reference
0x00212db5	0x00212dbc	7	.data	padding / alignment (zero)	excluded	padding / alignment (zero)		zero bytes with no inbound game-visible reference
0x00212dde	0x00212de4	6	.data	padding / alignment (zero)	excluded	padding / alignment (zero)		zero bytes with no inbound game-visible reference
0x00212e03	0x00212e0c	9	.data	padding / alignment (zero)	excluded	padding / alignment (zero)		zero bytes with no inbound game-visible reference
0x00212e2d	0x00212e34	7	.data	padding / alignment (zero)	excluded	padding / alignment (zero)		zero bytes with no inbound game-visible reference
0x00212e56	0x00212e5c	6	.data	padding / alignment (zero)	excluded	padding / alignment (zero)		zero bytes with no inbound game-visible reference
0x00212e7c	0x00212e84	8	.data	padding / alignment (zero)	excluded	padding / alignment (zero)		zero bytes with no inbound game-visible reference
0x00212e9e	0x00212ea4	6	.data	padding / alignment (zero)	excluded	padding / alignment (zero)		zero bytes with no inbound game-visible reference
0x00212ec7	0x00212ed0	9	.data	padding / alignment (zero)	excluded	padding / alignment (zero)		zero bytes with no inbound game-visible reference
0x00212ee8	0x00212ef0	8	.data	padding / alignment (zero)	excluded	padding / alignment (zero)		zero bytes with no inbound game-visible reference
0x00212f06	0x00212f10	10	.data	padding / alignment (zero)	excluded	padding / alignment (zero)		zero bytes with no inbound game-visible reference
0x00212f25	0x00212f2c	7	.data	padding / alignment (zero)	excluded	padding / alignment (zero)		zero bytes with no inbound game-visible reference
0x00212f3c	0x00212f40	4	.data	padding / alignment (zero)	excluded	padding / alignment (zero)		zero bytes with no inbound game-visible reference
0x00212f48	0x00212f4c	4	.data	padding / alignment (zero)	excluded	padding / alignment (zero)		zero bytes with no inbound game-visible reference
0x00212f5c	0x00212f60	4	.data	padding / alignment (zero)	excluded	padding / alignment (zero)		zero bytes with no inbound game-visible reference
0x00212f66	0x00212f68	2	.data	padding / alignment (zero)	excluded	padding / alignment (zero)		zero bytes with no inbound game-visible reference
0x00212f71	0x00212f78	7	.data	padding / alignment (zero)	excluded	padding / alignment (zero)		zero bytes with no inbound game-visible reference
0x00212f98	0x00212fc0	40	.data	padding / alignment (zero)	excluded	padding / alignment (zero)		zero bytes with no inbound game-visible reference
0x00212fcc	0x00212fdc	16	.data	padding / alignment (zero)	excluded	padding / alignment (zero)		zero bytes with no inbound game-visible reference
0x00212fe1	0x00212fe4	3	.data	padding / alignment (zero)	excluded	padding / alignment (zero)		zero bytes with no inbound game-visible reference
0x00212feb	0x00212fec	1	.data	padding / alignment (zero)	excluded	padding / alignment (zero)		zero bytes with no inbound game-visible reference
0x00212ff1	0x00212ff4	3	.data	padding / alignment (zero)	excluded	padding / alignment (zero)		zero bytes with no inbound game-visible reference
0x00212ffc	0x00213000	4	.data	padding / alignment (zero)	excluded	padding / alignment (zero)		zero bytes with no inbound game-visible reference
0x00213008	0x0021300c	4	.data	padding / alignment (zero)	excluded	padding / alignment (zero)		zero bytes with no inbound game-visible reference
0x00213014	0x00213018	4	.data	padding / alignment (zero)	excluded	padding / alignment (zero)		zero bytes with no inbound game-visible reference
0x00213020	0x00213024	4	.data	padding / alignment (zero)	excluded	padding / alignment (zero)		zero bytes with no inbound game-visible reference
0x0021302c	0x00213030	4	.data	padding / alignment (zero)	excluded	padding / alignment (zero)		zero bytes with no inbound game-visible reference
0x00213038	0x0021303c	4	.data	padding / alignment (zero)	excluded	padding / alignment (zero)		zero bytes with no inbound game-visible reference
0x00213044	0x00213048	4	.data	padding / alignment (zero)	excluded	padding / alignment (zero)		zero bytes with no inbound game-visible reference
0x00213050	0x00213054	4	.data	padding / alignment (zero)	excluded	padding / alignment (zero)		zero bytes with no inbound game-visible reference
0x00213059	0x0021305c	3	.data	padding / alignment (zero)	excluded	padding / alignment (zero)		zero bytes with no inbound game-visible reference
0x00213064	0x00213068	4	.data	padding / alignment (zero)	excluded	padding / alignment (zero)		zero bytes with no inbound game-visible reference
0x0021306f	0x00213070	1	.data	padding / alignment (zero)	excluded	padding / alignment (zero)		zero bytes with no inbound game-visible reference
0x00213077	0x00213078	1	.data	padding / alignment (zero)	excluded	padding / alignment (zero)		zero bytes with no inbound game-visible reference
0x00213081	0x00213084	3	.data	padding / alignment (zero)	excluded	padding / alignment (zero)		zero bytes with no inbound game-visible reference
0x0021308d	0x00213090	3	.data	padding / alignment (zero)	excluded	padding / alignment (zero)		zero bytes with no inbound game-visible reference
0x002130a2	0x002130a8	6	.data	padding / alignment (zero)	excluded	padding / alignment (zero)		zero bytes with no inbound game-visible reference
0x002130af	0x002130b0	1	.data	padding / alignment (zero)	excluded	padding / alignment (zero)		zero bytes with no inbound game-visible reference
0x002130b9	0x002130bc	3	.data	padding / alignment (zero)	excluded	padding / alignment (zero)		zero bytes with no inbound game-visible reference
0x002130d1	0x002130d8	7	.data	padding / alignment (zero)	excluded	padding / alignment (zero)		zero bytes with no inbound game-visible reference
0x002130fd	0x00213104	7	.data	padding / alignment (zero)	excluded	padding / alignment (zero)		zero bytes with no inbound game-visible reference
0x00213128	0x00213130	8	.data	padding / alignment (zero)	excluded	padding / alignment (zero)		zero bytes with no inbound game-visible reference
0x00213157	0x00213160	9	.data	padding / alignment (zero)	excluded	padding / alignment (zero)		zero bytes with no inbound game-visible reference
0x00213182	0x00213188	6	.data	padding / alignment (zero)	excluded	padding / alignment (zero)		zero bytes with no inbound game-visible reference
0x0021319e	0x002131a4	6	.data	padding / alignment (zero)	excluded	padding / alignment (zero)		zero bytes with no inbound game-visible reference
0x002131c1	0x002131c8	7	.data	padding / alignment (zero)	excluded	padding / alignment (zero)		zero bytes with no inbound game-visible reference
0x002131e0	0x002131e4	4	.data	padding / alignment (zero)	excluded	padding / alignment (zero)		zero bytes with no inbound game-visible reference
0x00213203	0x0021320c	9	.data	padding / alignment (zero)	excluded	padding / alignment (zero)		zero bytes with no inbound game-visible reference
0x00213229	0x00213230	7	.data	padding / alignment (zero)	excluded	padding / alignment (zero)		zero bytes with no inbound game-visible reference
0x0021324d	0x00213254	7	.data	padding / alignment (zero)	excluded	padding / alignment (zero)		zero bytes with no inbound game-visible reference
0x00213267	0x0021326c	5	.data	padding / alignment (zero)	excluded	padding / alignment (zero)		zero bytes with no inbound game-visible reference
0x0021327f	0x00213284	5	.data	padding / alignment (zero)	excluded	padding / alignment (zero)		zero bytes with no inbound game-visible reference
0x00213297	0x0021329c	5	.data	padding / alignment (zero)	excluded	padding / alignment (zero)		zero bytes with no inbound game-visible reference
0x002132af	0x002132b4	5	.data	padding / alignment (zero)	excluded	padding / alignment (zero)		zero bytes with no inbound game-visible reference
0x002132c5	0x002132c8	3	.data	padding / alignment (zero)	excluded	padding / alignment (zero)		zero bytes with no inbound game-visible reference
0x002132d7	0x002132dc	5	.data	padding / alignment (zero)	excluded	padding / alignment (zero)		zero bytes with no inbound game-visible reference
0x002132ef	0x002132f4	5	.data	padding / alignment (zero)	excluded	padding / alignment (zero)		zero bytes with no inbound game-visible reference
0x00213307	0x0021330c	5	.data	padding / alignment (zero)	excluded	padding / alignment (zero)		zero bytes with no inbound game-visible reference
0x00213320	0x00213324	4	.data	padding / alignment (zero)	excluded	padding / alignment (zero)		zero bytes with no inbound game-visible reference
0x00213335	0x00213338	3	.data	padding / alignment (zero)	excluded	padding / alignment (zero)		zero bytes with no inbound game-visible reference
0x0021334e	0x00213354	6	.data	padding / alignment (zero)	excluded	padding / alignment (zero)		zero bytes with no inbound game-visible reference
0x0021336a	0x00213370	6	.data	padding / alignment (zero)	excluded	padding / alignment (zero)		zero bytes with no inbound game-visible reference
0x00213380	0x00213384	4	.data	padding / alignment (zero)	excluded	padding / alignment (zero)		zero bytes with no inbound game-visible reference
0x00213397	0x0021339c	5	.data	padding / alignment (zero)	excluded	padding / alignment (zero)		zero bytes with no inbound game-visible reference
0x002133ad	0x002133b0	3	.data	padding / alignment (zero)	excluded	padding / alignment (zero)		zero bytes with no inbound game-visible reference
0x002133b6	0x002133b8	2	.data	padding / alignment (zero)	excluded	padding / alignment (zero)		zero bytes with no inbound game-visible reference
0x002133c0	0x002133c4	4	.data	padding / alignment (zero)	excluded	padding / alignment (zero)		zero bytes with no inbound game-visible reference
0x002133cc	0x002133d0	4	.data	padding / alignment (zero)	excluded	padding / alignment (zero)		zero bytes with no inbound game-visible reference
0x002133d8	0x002133dc	4	.data	padding / alignment (zero)	excluded	padding / alignment (zero)		zero bytes with no inbound game-visible reference
0x002133e8	0x002133ec	4	.data	padding / alignment (zero)	excluded	padding / alignment (zero)		zero bytes with no inbound game-visible reference
0x002133f2	0x002133f4	2	.data	padding / alignment (zero)	excluded	padding / alignment (zero)		zero bytes with no inbound game-visible reference
0x002133fe	0x00213400	2	.data	padding / alignment (zero)	excluded	padding / alignment (zero)		zero bytes with no inbound game-visible reference
0x00213407	0x00213408	1	.data	padding / alignment (zero)	excluded	padding / alignment (zero)		zero bytes with no inbound game-visible reference
0x00213419	0x0021341c	3	.data	padding / alignment (zero)	excluded	padding / alignment (zero)		zero bytes with no inbound game-visible reference
0x0021342d	0x00213430	3	.data	padding / alignment (zero)	excluded	padding / alignment (zero)		zero bytes with no inbound game-visible reference
0x0021343f	0x00213444	5	.data	padding / alignment (zero)	excluded	padding / alignment (zero)		zero bytes with no inbound game-visible reference
0x00213457	0x0021345c	5	.data	padding / alignment (zero)	excluded	padding / alignment (zero)		zero bytes with no inbound game-visible reference
0x00213469	0x0021346c	3	.data	padding / alignment (zero)	excluded	padding / alignment (zero)		zero bytes with no inbound game-visible reference
0x0021347d	0x00213480	3	.data	padding / alignment (zero)	excluded	padding / alignment (zero)		zero bytes with no inbound game-visible reference
0x0021348e	0x00213490	2	.data	padding / alignment (zero)	excluded	padding / alignment (zero)		zero bytes with no inbound game-visible reference
0x0021349e	0x002134a0	2	.data	padding / alignment (zero)	excluded	padding / alignment (zero)		zero bytes with no inbound game-visible reference
0x002134b3	0x002134b8	5	.data	padding / alignment (zero)	excluded	padding / alignment (zero)		zero bytes with no inbound game-visible reference
0x002134cb	0x002134d0	5	.data	padding / alignment (zero)	excluded	padding / alignment (zero)		zero bytes with no inbound game-visible reference
0x002134e1	0x002134e4	3	.data	padding / alignment (zero)	excluded	padding / alignment (zero)		zero bytes with no inbound game-visible reference
0x002134f3	0x002134f8	5	.data	padding / alignment (zero)	excluded	padding / alignment (zero)		zero bytes with no inbound game-visible reference
0x0021350b	0x00213510	5	.data	padding / alignment (zero)	excluded	padding / alignment (zero)		zero bytes with no inbound game-visible reference
0x0021351d	0x00213520	3	.data	padding / alignment (zero)	excluded	padding / alignment (zero)		zero bytes with no inbound game-visible reference
0x00213531	0x00213534	3	.data	padding / alignment (zero)	excluded	padding / alignment (zero)		zero bytes with no inbound game-visible reference
0x00213542	0x00213544	2	.data	padding / alignment (zero)	excluded	padding / alignment (zero)		zero bytes with no inbound game-visible reference
0x00213557	0x0021355c	5	.data	padding / alignment (zero)	excluded	padding / alignment (zero)		zero bytes with no inbound game-visible reference
0x0021356b	0x00213570	5	.data	padding / alignment (zero)	excluded	padding / alignment (zero)		zero bytes with no inbound game-visible reference
0x0021357d	0x00213580	3	.data	padding / alignment (zero)	excluded	padding / alignment (zero)		zero bytes with no inbound game-visible reference
0x00213591	0x00213594	3	.data	padding / alignment (zero)	excluded	padding / alignment (zero)		zero bytes with no inbound game-visible reference
0x0021359f	0x002135a4	5	.data	padding / alignment (zero)	excluded	padding / alignment (zero)		zero bytes with no inbound game-visible reference
0x002135b3	0x002135b8	5	.data	padding / alignment (zero)	excluded	padding / alignment (zero)		zero bytes with no inbound game-visible reference
0x002135c4	0x002135c8	4	.data	padding / alignment (zero)	excluded	padding / alignment (zero)		zero bytes with no inbound game-visible reference
0x002135d9	0x002135dc	3	.data	padding / alignment (zero)	excluded	padding / alignment (zero)		zero bytes with no inbound game-visible reference
0x002135e5	0x002135e8	3	.data	padding / alignment (zero)	excluded	padding / alignment (zero)		zero bytes with no inbound game-visible reference
0x002135f0	0x002135f4	4	.data	padding / alignment (zero)	excluded	padding / alignment (zero)		zero bytes with no inbound game-visible reference
0x00213603	0x00213608	5	.data	padding / alignment (zero)	excluded	padding / alignment (zero)		zero bytes with no inbound game-visible reference
0x00213614	0x00213618	4	.data	padding / alignment (zero)	excluded	padding / alignment (zero)		zero bytes with no inbound game-visible reference
0x00213622	0x00213624	2	.data	padding / alignment (zero)	excluded	padding / alignment (zero)		zero bytes with no inbound game-visible reference
0x0021362c	0x00213630	4	.data	padding / alignment (zero)	excluded	padding / alignment (zero)		zero bytes with no inbound game-visible reference
0x00213638	0x0021363c	4	.data	padding / alignment (zero)	excluded	padding / alignment (zero)		zero bytes with no inbound game-visible reference
0x00213641	0x00213644	3	.data	padding / alignment (zero)	excluded	padding / alignment (zero)		zero bytes with no inbound game-visible reference
0x0021364b	0x0021364c	1	.data	padding / alignment (zero)	excluded	padding / alignment (zero)		zero bytes with no inbound game-visible reference
0x0021364e	0x00213650	2	.data	padding / alignment (zero)	excluded	padding / alignment (zero)		zero bytes with no inbound game-visible reference
0x00213652	0x00213654	2	.data	padding / alignment (zero)	excluded	padding / alignment (zero)		zero bytes with no inbound game-visible reference
0x00213656	0x00213658	2	.data	padding / alignment (zero)	excluded	padding / alignment (zero)		zero bytes with no inbound game-visible reference
0x0021365a	0x0021365c	2	.data	padding / alignment (zero)	excluded	padding / alignment (zero)		zero bytes with no inbound game-visible reference
0x0021367d	0x00213684	7	.data	padding / alignment (zero)	excluded	padding / alignment (zero)		zero bytes with no inbound game-visible reference
0x0021369f	0x002136a4	5	.data	padding / alignment (zero)	excluded	padding / alignment (zero)		zero bytes with no inbound game-visible reference
0x002136c1	0x002136c8	7	.data	padding / alignment (zero)	excluded	padding / alignment (zero)		zero bytes with no inbound game-visible reference
0x002136e4	0x002136ec	8	.data	padding / alignment (zero)	excluded	padding / alignment (zero)		zero bytes with no inbound game-visible reference
0x0021370a	0x00213710	6	.data	padding / alignment (zero)	excluded	padding / alignment (zero)		zero bytes with no inbound game-visible reference
0x0021372d	0x00213734	7	.data	padding / alignment (zero)	excluded	padding / alignment (zero)		zero bytes with no inbound game-visible reference
0x00213753	0x0021375c	9	.data	padding / alignment (zero)	excluded	padding / alignment (zero)		zero bytes with no inbound game-visible reference
0x0021377b	0x00213784	9	.data	padding / alignment (zero)	excluded	padding / alignment (zero)		zero bytes with no inbound game-visible reference
0x002137a5	0x002137ac	7	.data	padding / alignment (zero)	excluded	padding / alignment (zero)		zero bytes with no inbound game-visible reference
0x002137c8	0x002137d0	8	.data	padding / alignment (zero)	excluded	padding / alignment (zero)		zero bytes with no inbound game-visible reference
0x002137ee	0x002137f4	6	.data	padding / alignment (zero)	excluded	padding / alignment (zero)		zero bytes with no inbound game-visible reference
0x0021380e	0x00213814	6	.data	padding / alignment (zero)	excluded	padding / alignment (zero)		zero bytes with no inbound game-visible reference
0x00213830	0x00213838	8	.data	padding / alignment (zero)	excluded	padding / alignment (zero)		zero bytes with no inbound game-visible reference
0x00213859	0x00213860	7	.data	padding / alignment (zero)	excluded	padding / alignment (zero)		zero bytes with no inbound game-visible reference
0x00213871	0x00213874	3	.data	padding / alignment (zero)	excluded	padding / alignment (zero)		zero bytes with no inbound game-visible reference
0x00213886	0x0021388c	6	.data	padding / alignment (zero)	excluded	padding / alignment (zero)		zero bytes with no inbound game-visible reference
0x0021389e	0x002138a4	6	.data	padding / alignment (zero)	excluded	padding / alignment (zero)		zero bytes with no inbound game-visible reference
0x002138b2	0x002138b4	2	.data	padding / alignment (zero)	excluded	padding / alignment (zero)		zero bytes with no inbound game-visible reference
0x002138c5	0x002138c8	3	.data	padding / alignment (zero)	excluded	padding / alignment (zero)		zero bytes with no inbound game-visible reference
0x002138d3	0x002138d8	5	.data	padding / alignment (zero)	excluded	padding / alignment (zero)		zero bytes with no inbound game-visible reference
0x002138e4	0x002138e8	4	.data	padding / alignment (zero)	excluded	padding / alignment (zero)		zero bytes with no inbound game-visible reference
0x002138f2	0x002138f4	2	.data	padding / alignment (zero)	excluded	padding / alignment (zero)		zero bytes with no inbound game-visible reference
0x002138ff	0x00213904	5	.data	padding / alignment (zero)	excluded	padding / alignment (zero)		zero bytes with no inbound game-visible reference
0x0021390d	0x00213910	3	.data	padding / alignment (zero)	excluded	padding / alignment (zero)		zero bytes with no inbound game-visible reference
0x0021391a	0x0021391c	2	.data	padding / alignment (zero)	excluded	padding / alignment (zero)		zero bytes with no inbound game-visible reference
0x00213926	0x00213928	2	.data	padding / alignment (zero)	excluded	padding / alignment (zero)		zero bytes with no inbound game-visible reference
0x00213933	0x00213938	5	.data	padding / alignment (zero)	excluded	padding / alignment (zero)		zero bytes with no inbound game-visible reference
0x00213940	0x00213944	4	.data	padding / alignment (zero)	excluded	padding / alignment (zero)		zero bytes with no inbound game-visible reference
0x0021394d	0x00213950	3	.data	padding / alignment (zero)	excluded	padding / alignment (zero)		zero bytes with no inbound game-visible reference
0x00213957	0x00213958	1	.data	padding / alignment (zero)	excluded	padding / alignment (zero)		zero bytes with no inbound game-visible reference
0x00213960	0x00213964	4	.data	padding / alignment (zero)	excluded	padding / alignment (zero)		zero bytes with no inbound game-visible reference
0x0021396c	0x00213970	4	.data	padding / alignment (zero)	excluded	padding / alignment (zero)		zero bytes with no inbound game-visible reference
0x00213979	0x0021397c	3	.data	padding / alignment (zero)	excluded	padding / alignment (zero)		zero bytes with no inbound game-visible reference
0x00213985	0x00213988	3	.data	padding / alignment (zero)	excluded	padding / alignment (zero)		zero bytes with no inbound game-visible reference
0x00213992	0x00213994	2	.data	padding / alignment (zero)	excluded	padding / alignment (zero)		zero bytes with no inbound game-visible reference
0x0021399c	0x002139a0	4	.data	padding / alignment (zero)	excluded	padding / alignment (zero)		zero bytes with no inbound game-visible reference
0x002139a9	0x002139ac	3	.data	padding / alignment (zero)	excluded	padding / alignment (zero)		zero bytes with no inbound game-visible reference
0x002139b4	0x002139b8	4	.data	padding / alignment (zero)	excluded	padding / alignment (zero)		zero bytes with no inbound game-visible reference
0x002139c1	0x002139c4	3	.data	padding / alignment (zero)	excluded	padding / alignment (zero)		zero bytes with no inbound game-visible reference
0x002139d0	0x002139d4	4	.data	padding / alignment (zero)	excluded	padding / alignment (zero)		zero bytes with no inbound game-visible reference
0x002139e1	0x002139e4	3	.data	padding / alignment (zero)	excluded	padding / alignment (zero)		zero bytes with no inbound game-visible reference
0x002139ee	0x002139f0	2	.data	padding / alignment (zero)	excluded	padding / alignment (zero)		zero bytes with no inbound game-visible reference
0x002139fb	0x00213a00	5	.data	padding / alignment (zero)	excluded	padding / alignment (zero)		zero bytes with no inbound game-visible reference
0x00213a09	0x00213a0c	3	.data	padding / alignment (zero)	excluded	padding / alignment (zero)		zero bytes with no inbound game-visible reference
0x00213a16	0x00213a18	2	.data	padding / alignment (zero)	excluded	padding / alignment (zero)		zero bytes with no inbound game-visible reference
0x00213a20	0x00213a24	4	.data	padding / alignment (zero)	excluded	padding / alignment (zero)		zero bytes with no inbound game-visible reference
0x00213a2d	0x00213a30	3	.data	padding / alignment (zero)	excluded	padding / alignment (zero)		zero bytes with no inbound game-visible reference
0x00213a3b	0x00213a40	5	.data	padding / alignment (zero)	excluded	padding / alignment (zero)		zero bytes with no inbound game-visible reference
0x00213a4c	0x00213a50	4	.data	padding / alignment (zero)	excluded	padding / alignment (zero)		zero bytes with no inbound game-visible reference
0x00213a5a	0x00213a5c	2	.data	padding / alignment (zero)	excluded	padding / alignment (zero)		zero bytes with no inbound game-visible reference
0x00213a67	0x00213a6c	5	.data	padding / alignment (zero)	excluded	padding / alignment (zero)		zero bytes with no inbound game-visible reference
0x00213a75	0x00213a78	3	.data	padding / alignment (zero)	excluded	padding / alignment (zero)		zero bytes with no inbound game-visible reference
0x00213a82	0x00213a84	2	.data	padding / alignment (zero)	excluded	padding / alignment (zero)		zero bytes with no inbound game-visible reference
0x00213a97	0x00213a9c	5	.data	padding / alignment (zero)	excluded	padding / alignment (zero)		zero bytes with no inbound game-visible reference
0x00213aaf	0x00213ab4	5	.data	padding / alignment (zero)	excluded	padding / alignment (zero)		zero bytes with no inbound game-visible reference
0x00213ac3	0x00213ac8	5	.data	padding / alignment (zero)	excluded	padding / alignment (zero)		zero bytes with no inbound game-visible reference
0x00213adc	0x00213ae0	4	.data	padding / alignment (zero)	excluded	padding / alignment (zero)		zero bytes with no inbound game-visible reference
0x00213af5	0x00213afc	7	.data	padding / alignment (zero)	excluded	padding / alignment (zero)		zero bytes with no inbound game-visible reference
0x00213b12	0x00213b18	6	.data	padding / alignment (zero)	excluded	padding / alignment (zero)		zero bytes with no inbound game-visible reference
0x00213b2f	0x00213b34	5	.data	padding / alignment (zero)	excluded	padding / alignment (zero)		zero bytes with no inbound game-visible reference
0x00213b40	0x00213b44	4	.data	padding / alignment (zero)	excluded	padding / alignment (zero)		zero bytes with no inbound game-visible reference
0x00213b5b	0x00213b60	5	.data	padding / alignment (zero)	excluded	padding / alignment (zero)		zero bytes with no inbound game-visible reference
0x00213b69	0x00213b6c	3	.data	padding / alignment (zero)	excluded	padding / alignment (zero)		zero bytes with no inbound game-visible reference
0x00213b71	0x00213b74	3	.data	padding / alignment (zero)	excluded	padding / alignment (zero)		zero bytes with no inbound game-visible reference
0x00213b79	0x00213b7c	3	.data	padding / alignment (zero)	excluded	padding / alignment (zero)		zero bytes with no inbound game-visible reference
0x00213b87	0x00213b8c	5	.data	padding / alignment (zero)	excluded	padding / alignment (zero)		zero bytes with no inbound game-visible reference
0x00213bf8	0x00213c10	24	.data	padding / alignment (zero)	excluded	padding / alignment (zero)		zero bytes with no inbound game-visible reference
0x00213c7f	0x00213c98	25	.data	padding / alignment (zero)	excluded	padding / alignment (zero)		zero bytes with no inbound game-visible reference
0x00213cab	0x00213cb0	5	.data	padding / alignment (zero)	excluded	padding / alignment (zero)		zero bytes with no inbound game-visible reference
0x00213ce2	0x00213cec	10	.data	padding / alignment (zero)	excluded	padding / alignment (zero)		zero bytes with no inbound game-visible reference
0x00213d14	0x00213d1c	8	.data	padding / alignment (zero)	excluded	padding / alignment (zero)		zero bytes with no inbound game-visible reference
0x00213d43	0x00213d4c	9	.data	padding / alignment (zero)	excluded	padding / alignment (zero)		zero bytes with no inbound game-visible reference
0x00213d7b	0x00213d84	9	.data	padding / alignment (zero)	excluded	padding / alignment (zero)		zero bytes with no inbound game-visible reference
0x00213dad	0x00213db8	11	.data	padding / alignment (zero)	excluded	padding / alignment (zero)		zero bytes with no inbound game-visible reference
0x00213dc3	0x00213dc8	5	.data	padding / alignment (zero)	excluded	padding / alignment (zero)		zero bytes with no inbound game-visible reference
0x00213dd4	0x00213dd8	4	.data	padding / alignment (zero)	excluded	padding / alignment (zero)		zero bytes with no inbound game-visible reference
0x00213de2	0x00213de4	2	.data	padding / alignment (zero)	excluded	padding / alignment (zero)		zero bytes with no inbound game-visible reference
0x00213df0	0x00213df8	8	.data	padding / alignment (zero)	excluded	padding / alignment (zero)		zero bytes with no inbound game-visible reference
0x00213e04	0x00213e08	4	.data	padding / alignment (zero)	excluded	padding / alignment (zero)		zero bytes with no inbound game-visible reference
0x00213e21	0x00213e28	7	.data	padding / alignment (zero)	excluded	padding / alignment (zero)		zero bytes with no inbound game-visible reference
0x00213e41	0x00213e48	7	.data	padding / alignment (zero)	excluded	padding / alignment (zero)		zero bytes with no inbound game-visible reference
0x00213e60	0x00213e64	4	.data	padding / alignment (zero)	excluded	padding / alignment (zero)		zero bytes with no inbound game-visible reference
0x00213e71	0x00213e74	3	.data	padding / alignment (zero)	excluded	padding / alignment (zero)		zero bytes with no inbound game-visible reference
0x00213e7e	0x00213e80	2	.data	padding / alignment (zero)	excluded	padding / alignment (zero)		zero bytes with no inbound game-visible reference
0x00213e8c	0x00213e90	4	.data	padding / alignment (zero)	excluded	padding / alignment (zero)		zero bytes with no inbound game-visible reference
0x00213ea5	0x00213eac	7	.data	padding / alignment (zero)	excluded	padding / alignment (zero)		zero bytes with no inbound game-visible reference
0x00213ec2	0x00213ec8	6	.data	padding / alignment (zero)	excluded	padding / alignment (zero)		zero bytes with no inbound game-visible reference
0x00213ed6	0x00213ed8	2	.data	padding / alignment (zero)	excluded	padding / alignment (zero)		zero bytes with no inbound game-visible reference
0x00213ee7	0x00213eec	5	.data	padding / alignment (zero)	excluded	padding / alignment (zero)		zero bytes with no inbound game-visible reference
0x00213eec	0x00213ef0	4	.data	game-visible unenrolled data	eligible	compiler: pooled literal data	direct game/compiler code (5)	between retail pooled literals; no source pin
0x00213ef5	0x00213ef8	3	.data	padding / alignment (zero)	excluded	padding / alignment (zero)		zero bytes with no inbound game-visible reference
0x00213efa	0x00213efc	2	.data	padding / alignment (zero)	excluded	padding / alignment (zero)		zero bytes with no inbound game-visible reference
0x00213efe	0x00213f00	2	.data	padding / alignment (zero)	excluded	padding / alignment (zero)		zero bytes with no inbound game-visible reference
0x00213f0e	0x00213f10	2	.data	padding / alignment (zero)	excluded	padding / alignment (zero)		zero bytes with no inbound game-visible reference
0x00213f1a	0x00213f1c	2	.data	padding / alignment (zero)	excluded	padding / alignment (zero)		zero bytes with no inbound game-visible reference
0x00213f28	0x00213f2c	4	.data	padding / alignment (zero)	excluded	padding / alignment (zero)		zero bytes with no inbound game-visible reference
0x00213f5f	0x00213f6c	13	.data	padding / alignment (zero)	excluded	padding / alignment (zero)		zero bytes with no inbound game-visible reference
0x00213f73	0x00213f74	1	.data	padding / alignment (zero)	excluded	padding / alignment (zero)		zero bytes with no inbound game-visible reference
0x00213f89	0x00213f90	7	.data	padding / alignment (zero)	excluded	padding / alignment (zero)		zero bytes with no inbound game-visible reference
0x00213fa3	0x00213fa8	5	.data	padding / alignment (zero)	excluded	padding / alignment (zero)		zero bytes with no inbound game-visible reference
0x00213fbf	0x00213fc4	5	.data	padding / alignment (zero)	excluded	padding / alignment (zero)		zero bytes with no inbound game-visible reference
0x00213fd7	0x00213fdc	5	.data	padding / alignment (zero)	excluded	padding / alignment (zero)		zero bytes with no inbound game-visible reference
0x00213ff3	0x00213ff8	5	.data	padding / alignment (zero)	excluded	padding / alignment (zero)		zero bytes with no inbound game-visible reference
0x00214002	0x00214004	2	.data	padding / alignment (zero)	excluded	padding / alignment (zero)		zero bytes with no inbound game-visible reference
0x0021401f	0x00214024	5	.data	padding / alignment (zero)	excluded	padding / alignment (zero)		zero bytes with no inbound game-visible reference
0x00214032	0x00214038	6	.data	padding / alignment (zero)	excluded	padding / alignment (zero)		zero bytes with no inbound game-visible reference
0x00214051	0x00214058	7	.data	padding / alignment (zero)	excluded	padding / alignment (zero)		zero bytes with no inbound game-visible reference
0x00214074	0x00214080	12	.data	padding / alignment (zero)	excluded	padding / alignment (zero)		zero bytes with no inbound game-visible reference
0x0021409d	0x002140a8	11	.data	padding / alignment (zero)	excluded	padding / alignment (zero)		zero bytes with no inbound game-visible reference
0x002140c4	0x002140cc	8	.data	padding / alignment (zero)	excluded	padding / alignment (zero)		zero bytes with no inbound game-visible reference
0x002140e8	0x002140f0	8	.data	padding / alignment (zero)	excluded	padding / alignment (zero)		zero bytes with no inbound game-visible reference
0x00214113	0x0021411c	9	.data	padding / alignment (zero)	excluded	padding / alignment (zero)		zero bytes with no inbound game-visible reference
0x0021413c	0x00214144	8	.data	padding / alignment (zero)	excluded	padding / alignment (zero)		zero bytes with no inbound game-visible reference
0x00214162	0x00214168	6	.data	padding / alignment (zero)	excluded	padding / alignment (zero)		zero bytes with no inbound game-visible reference
0x00214185	0x00214190	11	.data	padding / alignment (zero)	excluded	padding / alignment (zero)		zero bytes with no inbound game-visible reference
0x002141ac	0x002141b4	8	.data	padding / alignment (zero)	excluded	padding / alignment (zero)		zero bytes with no inbound game-visible reference
0x002141de	0x002141e8	10	.data	padding / alignment (zero)	excluded	padding / alignment (zero)		zero bytes with no inbound game-visible reference
0x0021420d	0x00214214	7	.data	padding / alignment (zero)	excluded	padding / alignment (zero)		zero bytes with no inbound game-visible reference
0x00214235	0x0021423c	7	.data	padding / alignment (zero)	excluded	padding / alignment (zero)		zero bytes with no inbound game-visible reference
0x0021425d	0x00214264	7	.data	padding / alignment (zero)	excluded	padding / alignment (zero)		zero bytes with no inbound game-visible reference
0x00214289	0x00214290	7	.data	padding / alignment (zero)	excluded	padding / alignment (zero)		zero bytes with no inbound game-visible reference
0x002142b1	0x002142b8	7	.data	padding / alignment (zero)	excluded	padding / alignment (zero)		zero bytes with no inbound game-visible reference
0x002142d9	0x002142e0	7	.data	padding / alignment (zero)	excluded	padding / alignment (zero)		zero bytes with no inbound game-visible reference
0x00214302	0x00214308	6	.data	padding / alignment (zero)	excluded	padding / alignment (zero)		zero bytes with no inbound game-visible reference
0x0021432b	0x00214338	13	.data	padding / alignment (zero)	excluded	padding / alignment (zero)		zero bytes with no inbound game-visible reference
0x0021435c	0x00214368	12	.data	padding / alignment (zero)	excluded	padding / alignment (zero)		zero bytes with no inbound game-visible reference
0x00214387	0x00214390	9	.data	padding / alignment (zero)	excluded	padding / alignment (zero)		zero bytes with no inbound game-visible reference
0x002143b0	0x002143b8	8	.data	padding / alignment (zero)	excluded	padding / alignment (zero)		zero bytes with no inbound game-visible reference
0x002143d3	0x002143d8	5	.data	padding / alignment (zero)	excluded	padding / alignment (zero)		zero bytes with no inbound game-visible reference
0x002143f7	0x00214400	9	.data	padding / alignment (zero)	excluded	padding / alignment (zero)		zero bytes with no inbound game-visible reference
0x00214421	0x00214428	7	.data	padding / alignment (zero)	excluded	padding / alignment (zero)		zero bytes with no inbound game-visible reference
0x0021444e	0x00214458	10	.data	padding / alignment (zero)	excluded	padding / alignment (zero)		zero bytes with no inbound game-visible reference
0x0021447b	0x00214484	9	.data	padding / alignment (zero)	excluded	padding / alignment (zero)		zero bytes with no inbound game-visible reference
0x002144ab	0x002144b4	9	.data	padding / alignment (zero)	excluded	padding / alignment (zero)		zero bytes with no inbound game-visible reference
0x002144dd	0x002144e8	11	.data	padding / alignment (zero)	excluded	padding / alignment (zero)		zero bytes with no inbound game-visible reference
0x00214511	0x0021451c	11	.data	padding / alignment (zero)	excluded	padding / alignment (zero)		zero bytes with no inbound game-visible reference
0x00214545	0x00214550	11	.data	padding / alignment (zero)	excluded	padding / alignment (zero)		zero bytes with no inbound game-visible reference
0x00214579	0x00214584	11	.data	padding / alignment (zero)	excluded	padding / alignment (zero)		zero bytes with no inbound game-visible reference
0x002145b1	0x002145bc	11	.data	padding / alignment (zero)	excluded	padding / alignment (zero)		zero bytes with no inbound game-visible reference
0x002145eb	0x002145f4	9	.data	padding / alignment (zero)	excluded	padding / alignment (zero)		zero bytes with no inbound game-visible reference
0x00214620	0x00214628	8	.data	padding / alignment (zero)	excluded	padding / alignment (zero)		zero bytes with no inbound game-visible reference
0x00214652	0x0021465c	10	.data	padding / alignment (zero)	excluded	padding / alignment (zero)		zero bytes with no inbound game-visible reference
0x00214684	0x0021468c	8	.data	padding / alignment (zero)	excluded	padding / alignment (zero)		zero bytes with no inbound game-visible reference
0x002146b1	0x002146b8	7	.data	padding / alignment (zero)	excluded	padding / alignment (zero)		zero bytes with no inbound game-visible reference
0x002146e9	0x002146f4	11	.data	padding / alignment (zero)	excluded	padding / alignment (zero)		zero bytes with no inbound game-visible reference
0x00214724	0x00214730	12	.data	padding / alignment (zero)	excluded	padding / alignment (zero)		zero bytes with no inbound game-visible reference
0x0021475f	0x00214768	9	.data	padding / alignment (zero)	excluded	padding / alignment (zero)		zero bytes with no inbound game-visible reference
0x00214792	0x0021479c	10	.data	padding / alignment (zero)	excluded	padding / alignment (zero)		zero bytes with no inbound game-visible reference
0x002147c2	0x002147cc	10	.data	padding / alignment (zero)	excluded	padding / alignment (zero)		zero bytes with no inbound game-visible reference
0x002147f3	0x002147fc	9	.data	padding / alignment (zero)	excluded	padding / alignment (zero)		zero bytes with no inbound game-visible reference
0x00214824	0x0021482c	8	.data	padding / alignment (zero)	excluded	padding / alignment (zero)		zero bytes with no inbound game-visible reference
0x0021484f	0x00214858	9	.data	padding / alignment (zero)	excluded	padding / alignment (zero)		zero bytes with no inbound game-visible reference
0x00214880	0x00214888	8	.data	padding / alignment (zero)	excluded	padding / alignment (zero)		zero bytes with no inbound game-visible reference
0x002148b0	0x002148b8	8	.data	padding / alignment (zero)	excluded	padding / alignment (zero)		zero bytes with no inbound game-visible reference
0x002148cc	0x002148d0	4	.data	padding / alignment (zero)	excluded	padding / alignment (zero)		zero bytes with no inbound game-visible reference
0x002148eb	0x002148f0	5	.data	padding / alignment (zero)	excluded	padding / alignment (zero)		zero bytes with no inbound game-visible reference
0x00214905	0x0021490c	7	.data	padding / alignment (zero)	excluded	padding / alignment (zero)		zero bytes with no inbound game-visible reference
0x0021491b	0x00214920	5	.data	padding / alignment (zero)	excluded	padding / alignment (zero)		zero bytes with no inbound game-visible reference
0x00214931	0x00214934	3	.data	padding / alignment (zero)	excluded	padding / alignment (zero)		zero bytes with no inbound game-visible reference
0x00214947	0x0021494c	5	.data	padding / alignment (zero)	excluded	padding / alignment (zero)		zero bytes with no inbound game-visible reference
0x0021495f	0x00214964	5	.data	padding / alignment (zero)	excluded	padding / alignment (zero)		zero bytes with no inbound game-visible reference
0x00214975	0x00214978	3	.data	padding / alignment (zero)	excluded	padding / alignment (zero)		zero bytes with no inbound game-visible reference
0x00214990	0x00214994	4	.data	padding / alignment (zero)	excluded	padding / alignment (zero)		zero bytes with no inbound game-visible reference
0x002149aa	0x002149b0	6	.data	padding / alignment (zero)	excluded	padding / alignment (zero)		zero bytes with no inbound game-visible reference
0x002149c6	0x002149cc	6	.data	padding / alignment (zero)	excluded	padding / alignment (zero)		zero bytes with no inbound game-visible reference
0x002149de	0x002149e4	6	.data	padding / alignment (zero)	excluded	padding / alignment (zero)		zero bytes with no inbound game-visible reference
0x002149f5	0x002149f8	3	.data	padding / alignment (zero)	excluded	padding / alignment (zero)		zero bytes with no inbound game-visible reference
0x00214a0c	0x00214a10	4	.data	padding / alignment (zero)	excluded	padding / alignment (zero)		zero bytes with no inbound game-visible reference
0x00214a27	0x00214a2c	5	.data	padding / alignment (zero)	excluded	padding / alignment (zero)		zero bytes with no inbound game-visible reference
0x00214a3c	0x00214a40	4	.data	padding / alignment (zero)	excluded	padding / alignment (zero)		zero bytes with no inbound game-visible reference
0x00214a4e	0x00214a50	2	.data	padding / alignment (zero)	excluded	padding / alignment (zero)		zero bytes with no inbound game-visible reference
0x00214a6d	0x00214a74	7	.data	padding / alignment (zero)	excluded	padding / alignment (zero)		zero bytes with no inbound game-visible reference
0x00214a8d	0x00214a94	7	.data	padding / alignment (zero)	excluded	padding / alignment (zero)		zero bytes with no inbound game-visible reference
0x00214aad	0x00214ab4	7	.data	padding / alignment (zero)	excluded	padding / alignment (zero)		zero bytes with no inbound game-visible reference
0x00214acd	0x00214ad4	7	.data	padding / alignment (zero)	excluded	padding / alignment (zero)		zero bytes with no inbound game-visible reference
0x00214ae6	0x00214aec	6	.data	padding / alignment (zero)	excluded	padding / alignment (zero)		zero bytes with no inbound game-visible reference
0x00214afa	0x00214afc	2	.data	padding / alignment (zero)	excluded	padding / alignment (zero)		zero bytes with no inbound game-visible reference
0x00214b0d	0x00214b10	3	.data	padding / alignment (zero)	excluded	padding / alignment (zero)		zero bytes with no inbound game-visible reference
0x00214b21	0x00214b24	3	.data	padding / alignment (zero)	excluded	padding / alignment (zero)		zero bytes with no inbound game-visible reference
0x00214b3a	0x00214b40	6	.data	padding / alignment (zero)	excluded	padding / alignment (zero)		zero bytes with no inbound game-visible reference
0x00214b4e	0x00214b50	2	.data	padding / alignment (zero)	excluded	padding / alignment (zero)		zero bytes with no inbound game-visible reference
0x00214b69	0x00214b70	7	.data	padding / alignment (zero)	excluded	padding / alignment (zero)		zero bytes with no inbound game-visible reference
0x00214b89	0x00214b90	7	.data	padding / alignment (zero)	excluded	padding / alignment (zero)		zero bytes with no inbound game-visible reference
0x00214ba1	0x00214ba4	3	.data	padding / alignment (zero)	excluded	padding / alignment (zero)		zero bytes with no inbound game-visible reference
0x00214bb3	0x00214bb8	5	.data	padding / alignment (zero)	excluded	padding / alignment (zero)		zero bytes with no inbound game-visible reference
0x00214bca	0x00214bd0	6	.data	padding / alignment (zero)	excluded	padding / alignment (zero)		zero bytes with no inbound game-visible reference
0x00214bd8	0x00214bdc	4	.data	padding / alignment (zero)	excluded	padding / alignment (zero)		zero bytes with no inbound game-visible reference
0x00214bff	0x00214c08	9	.data	padding / alignment (zero)	excluded	padding / alignment (zero)		zero bytes with no inbound game-visible reference
0x00214c32	0x00214c3c	10	.data	padding / alignment (zero)	excluded	padding / alignment (zero)		zero bytes with no inbound game-visible reference
0x00214c63	0x00214c6c	9	.data	padding / alignment (zero)	excluded	padding / alignment (zero)		zero bytes with no inbound game-visible reference
0x00214c8d	0x00214c94	7	.data	padding / alignment (zero)	excluded	padding / alignment (zero)		zero bytes with no inbound game-visible reference
0x00214cbd	0x00214cc8	11	.data	padding / alignment (zero)	excluded	padding / alignment (zero)		zero bytes with no inbound game-visible reference
0x00214cea	0x00214cf0	6	.data	padding / alignment (zero)	excluded	padding / alignment (zero)		zero bytes with no inbound game-visible reference
0x00214d19	0x00214d24	11	.data	padding / alignment (zero)	excluded	padding / alignment (zero)		zero bytes with no inbound game-visible reference
0x00214d3f	0x00214d44	5	.data	padding / alignment (zero)	excluded	padding / alignment (zero)		zero bytes with no inbound game-visible reference
0x00214d62	0x00214d68	6	.data	padding / alignment (zero)	excluded	padding / alignment (zero)		zero bytes with no inbound game-visible reference
0x00214d87	0x00214d90	9	.data	padding / alignment (zero)	excluded	padding / alignment (zero)		zero bytes with no inbound game-visible reference
0x00214db6	0x00214dc0	10	.data	padding / alignment (zero)	excluded	padding / alignment (zero)		zero bytes with no inbound game-visible reference
0x00214dd5	0x00214ddc	7	.data	padding / alignment (zero)	excluded	padding / alignment (zero)		zero bytes with no inbound game-visible reference
0x00214df3	0x00214df8	5	.data	padding / alignment (zero)	excluded	padding / alignment (zero)		zero bytes with no inbound game-visible reference
0x00214e1e	0x00214e28	10	.data	padding / alignment (zero)	excluded	padding / alignment (zero)		zero bytes with no inbound game-visible reference
0x00214e38	0x00214e3c	4	.data	padding / alignment (zero)	excluded	padding / alignment (zero)		zero bytes with no inbound game-visible reference
0x00214e4a	0x00214e50	6	.data	padding / alignment (zero)	excluded	padding / alignment (zero)		zero bytes with no inbound game-visible reference
0x00214e70	0x00214e78	8	.data	padding / alignment (zero)	excluded	padding / alignment (zero)		zero bytes with no inbound game-visible reference
0x00214e86	0x00214e88	2	.data	padding / alignment (zero)	excluded	padding / alignment (zero)		zero bytes with no inbound game-visible reference
0x00214e9c	0x00214ea0	4	.data	padding / alignment (zero)	excluded	padding / alignment (zero)		zero bytes with no inbound game-visible reference
0x00214eb9	0x00214ec0	7	.data	padding / alignment (zero)	excluded	padding / alignment (zero)		zero bytes with no inbound game-visible reference
0x00214ed9	0x00214ee0	7	.data	padding / alignment (zero)	excluded	padding / alignment (zero)		zero bytes with no inbound game-visible reference
0x00214ef8	0x00214efc	4	.data	padding / alignment (zero)	excluded	padding / alignment (zero)		zero bytes with no inbound game-visible reference
0x00214f14	0x00214f18	4	.data	padding / alignment (zero)	excluded	padding / alignment (zero)		zero bytes with no inbound game-visible reference
0x00214f2a	0x00214f30	6	.data	padding / alignment (zero)	excluded	padding / alignment (zero)		zero bytes with no inbound game-visible reference
0x00214f41	0x00214f44	3	.data	padding / alignment (zero)	excluded	padding / alignment (zero)		zero bytes with no inbound game-visible reference
0x00214f53	0x00214f58	5	.data	padding / alignment (zero)	excluded	padding / alignment (zero)		zero bytes with no inbound game-visible reference
0x00214f6a	0x00214f70	6	.data	padding / alignment (zero)	excluded	padding / alignment (zero)		zero bytes with no inbound game-visible reference
0x00214f88	0x00214f8c	4	.data	padding / alignment (zero)	excluded	padding / alignment (zero)		zero bytes with no inbound game-visible reference
0x00214f9f	0x00214fa4	5	.data	padding / alignment (zero)	excluded	padding / alignment (zero)		zero bytes with no inbound game-visible reference
0x00214fb7	0x00214fbc	5	.data	padding / alignment (zero)	excluded	padding / alignment (zero)		zero bytes with no inbound game-visible reference
0x00214fd0	0x00214fd4	4	.data	padding / alignment (zero)	excluded	padding / alignment (zero)		zero bytes with no inbound game-visible reference
0x00214fe8	0x00214fec	4	.data	padding / alignment (zero)	excluded	padding / alignment (zero)		zero bytes with no inbound game-visible reference
0x00214fff	0x00215004	5	.data	padding / alignment (zero)	excluded	padding / alignment (zero)		zero bytes with no inbound game-visible reference
0x00215015	0x00215018	3	.data	padding / alignment (zero)	excluded	padding / alignment (zero)		zero bytes with no inbound game-visible reference
0x00215029	0x0021502c	3	.data	padding / alignment (zero)	excluded	padding / alignment (zero)		zero bytes with no inbound game-visible reference
0x0021503b	0x00215040	5	.data	padding / alignment (zero)	excluded	padding / alignment (zero)		zero bytes with no inbound game-visible reference
0x0021506b	0x00215078	13	.data	padding / alignment (zero)	excluded	padding / alignment (zero)		zero bytes with no inbound game-visible reference
0x002150a7	0x002150b0	9	.data	padding / alignment (zero)	excluded	padding / alignment (zero)		zero bytes with no inbound game-visible reference
0x002150ce	0x002150d8	10	.data	padding / alignment (zero)	excluded	padding / alignment (zero)		zero bytes with no inbound game-visible reference
0x002150fb	0x00215108	13	.data	padding / alignment (zero)	excluded	padding / alignment (zero)		zero bytes with no inbound game-visible reference
0x0021512c	0x00215138	12	.data	padding / alignment (zero)	excluded	padding / alignment (zero)		zero bytes with no inbound game-visible reference
0x0021515e	0x00215168	10	.data	padding / alignment (zero)	excluded	padding / alignment (zero)		zero bytes with no inbound game-visible reference
0x00215194	0x002151a0	12	.data	padding / alignment (zero)	excluded	padding / alignment (zero)		zero bytes with no inbound game-visible reference
0x002151ca	0x002151d8	14	.data	padding / alignment (zero)	excluded	padding / alignment (zero)		zero bytes with no inbound game-visible reference
0x00215204	0x0021520c	8	.data	padding / alignment (zero)	excluded	padding / alignment (zero)		zero bytes with no inbound game-visible reference
0x00215221	0x00215228	7	.data	padding / alignment (zero)	excluded	padding / alignment (zero)		zero bytes with no inbound game-visible reference
0x0021523c	0x00215240	4	.data	padding / alignment (zero)	excluded	padding / alignment (zero)		zero bytes with no inbound game-visible reference
0x00215254	0x00215258	4	.data	padding / alignment (zero)	excluded	padding / alignment (zero)		zero bytes with no inbound game-visible reference
0x0021526b	0x00215270	5	.data	padding / alignment (zero)	excluded	padding / alignment (zero)		zero bytes with no inbound game-visible reference
0x0021527f	0x00215284	5	.data	padding / alignment (zero)	excluded	padding / alignment (zero)		zero bytes with no inbound game-visible reference
0x00215296	0x0021529c	6	.data	padding / alignment (zero)	excluded	padding / alignment (zero)		zero bytes with no inbound game-visible reference
0x002152a5	0x002152a8	3	.data	padding / alignment (zero)	excluded	padding / alignment (zero)		zero bytes with no inbound game-visible reference
0x002152b2	0x002152b4	2	.data	padding / alignment (zero)	excluded	padding / alignment (zero)		zero bytes with no inbound game-visible reference
0x002152bf	0x002152c4	5	.data	padding / alignment (zero)	excluded	padding / alignment (zero)		zero bytes with no inbound game-visible reference
0x002152ce	0x002152d0	2	.data	padding / alignment (zero)	excluded	padding / alignment (zero)		zero bytes with no inbound game-visible reference
0x002152de	0x002152e0	2	.data	padding / alignment (zero)	excluded	padding / alignment (zero)		zero bytes with no inbound game-visible reference
0x002152f9	0x00215300	7	.data	padding / alignment (zero)	excluded	padding / alignment (zero)		zero bytes with no inbound game-visible reference
0x0021531b	0x00215320	5	.data	padding / alignment (zero)	excluded	padding / alignment (zero)		zero bytes with no inbound game-visible reference
0x00215348	0x00215350	8	.data	padding / alignment (zero)	excluded	padding / alignment (zero)		zero bytes with no inbound game-visible reference
0x00215367	0x0021536c	5	.data	padding / alignment (zero)	excluded	padding / alignment (zero)		zero bytes with no inbound game-visible reference
0x00215392	0x0021539c	10	.data	padding / alignment (zero)	excluded	padding / alignment (zero)		zero bytes with no inbound game-visible reference
0x002153a1	0x002153a4	3	.data	padding / alignment (zero)	excluded	padding / alignment (zero)		zero bytes with no inbound game-visible reference
0x002153a9	0x002153ac	3	.data	padding / alignment (zero)	excluded	padding / alignment (zero)		zero bytes with no inbound game-visible reference
0x002153bd	0x002153c0	3	.data	padding / alignment (zero)	excluded	padding / alignment (zero)		zero bytes with no inbound game-visible reference
0x002153d2	0x002153d8	6	.data	padding / alignment (zero)	excluded	padding / alignment (zero)		zero bytes with no inbound game-visible reference
0x00215402	0x0021540c	10	.data	padding / alignment (zero)	excluded	padding / alignment (zero)		zero bytes with no inbound game-visible reference
0x00215428	0x00215430	8	.data	padding / alignment (zero)	excluded	padding / alignment (zero)		zero bytes with no inbound game-visible reference
0x0021544f	0x00215458	9	.data	padding / alignment (zero)	excluded	padding / alignment (zero)		zero bytes with no inbound game-visible reference
0x00215478	0x00215480	8	.data	padding / alignment (zero)	excluded	padding / alignment (zero)		zero bytes with no inbound game-visible reference
0x002154a1	0x002154a8	7	.data	padding / alignment (zero)	excluded	padding / alignment (zero)		zero bytes with no inbound game-visible reference
0x002154ca	0x002154d0	6	.data	padding / alignment (zero)	excluded	padding / alignment (zero)		zero bytes with no inbound game-visible reference
0x00215501	0x0021550c	11	.data	padding / alignment (zero)	excluded	padding / alignment (zero)		zero bytes with no inbound game-visible reference
0x00215527	0x0021552c	5	.data	padding / alignment (zero)	excluded	padding / alignment (zero)		zero bytes with no inbound game-visible reference
0x0021553a	0x0021553c	2	.data	padding / alignment (zero)	excluded	padding / alignment (zero)		zero bytes with no inbound game-visible reference
0x0021554b	0x00215550	5	.data	padding / alignment (zero)	excluded	padding / alignment (zero)		zero bytes with no inbound game-visible reference
0x00215569	0x00215570	7	.data	padding / alignment (zero)	excluded	padding / alignment (zero)		zero bytes with no inbound game-visible reference
0x0021557d	0x00215580	3	.data	padding / alignment (zero)	excluded	padding / alignment (zero)		zero bytes with no inbound game-visible reference
0x0021558d	0x00215590	3	.data	padding / alignment (zero)	excluded	padding / alignment (zero)		zero bytes with no inbound game-visible reference
0x0021559e	0x002155a0	2	.data	padding / alignment (zero)	excluded	padding / alignment (zero)		zero bytes with no inbound game-visible reference
0x002155ad	0x002155b0	3	.data	padding / alignment (zero)	excluded	padding / alignment (zero)		zero bytes with no inbound game-visible reference
0x002155ca	0x002155d0	6	.data	padding / alignment (zero)	excluded	padding / alignment (zero)		zero bytes with no inbound game-visible reference
0x002155e1	0x002155e4	3	.data	padding / alignment (zero)	excluded	padding / alignment (zero)		zero bytes with no inbound game-visible reference
0x002155f2	0x002155f4	2	.data	padding / alignment (zero)	excluded	padding / alignment (zero)		zero bytes with no inbound game-visible reference
0x00215605	0x00215608	3	.data	padding / alignment (zero)	excluded	padding / alignment (zero)		zero bytes with no inbound game-visible reference
0x00215615	0x00215618	3	.data	padding / alignment (zero)	excluded	padding / alignment (zero)		zero bytes with no inbound game-visible reference
0x00215625	0x00215628	3	.data	padding / alignment (zero)	excluded	padding / alignment (zero)		zero bytes with no inbound game-visible reference
0x00215632	0x00215634	2	.data	padding / alignment (zero)	excluded	padding / alignment (zero)		zero bytes with no inbound game-visible reference
0x0021564c	0x00215650	4	.data	padding / alignment (zero)	excluded	padding / alignment (zero)		zero bytes with no inbound game-visible reference
0x00215661	0x00215664	3	.data	padding / alignment (zero)	excluded	padding / alignment (zero)		zero bytes with no inbound game-visible reference
0x0021566c	0x00215670	4	.data	padding / alignment (zero)	excluded	padding / alignment (zero)		zero bytes with no inbound game-visible reference
0x00215679	0x0021567c	3	.data	padding / alignment (zero)	excluded	padding / alignment (zero)		zero bytes with no inbound game-visible reference
0x0021568b	0x00215690	5	.data	padding / alignment (zero)	excluded	padding / alignment (zero)		zero bytes with no inbound game-visible reference
0x002156b5	0x002156bc	7	.data	padding / alignment (zero)	excluded	padding / alignment (zero)		zero bytes with no inbound game-visible reference
0x002156c8	0x002156cc	4	.data	padding / alignment (zero)	excluded	padding / alignment (zero)		zero bytes with no inbound game-visible reference
0x002156d8	0x002156e0	8	.data	padding / alignment (zero)	excluded	padding / alignment (zero)		zero bytes with no inbound game-visible reference
0x002156e0	0x002156ec	12	.data	compiler: pooled literal data	excluded	compiler: pooled literal data		between retail pooled literals; no source pin
0x002156ec	0x002156f0	4	.data	padding / alignment (zero)	excluded	padding / alignment (zero)		zero bytes with no inbound game-visible reference
0x002156f0	0x002156f4	4	.data	library-private data	excluded	library-private data		NAFXCW
0x002156f4	0x002156f8	4	.data	UNCLASSIFIED (non-zero)	eligible	UNCLASSIFIED (non-zero)		reloc-bearing run between pooled literals; nz=3
0x002156f8	0x00215710	24	.data	library-private data	excluded	library-private data		NAFXCW
0x00215710	0x00215820	272	.data	compiler: RTTI records	excluded	compiler: RTTI records		TypeDescriptor by content (type_info vptr + mangled tag)
0x00215820	0x00215828	8	.data	compiler: pooled literal data	excluded	compiler: pooled literal data		between retail pooled literals; no source pin
0x00215828	0x00215ac0	664	.data	compiler: RTTI records	excluded	compiler: RTTI records		TypeDescriptor by content (type_info vptr + mangled tag)
0x00215ac0	0x00215ad8	24	.data	library-private data	excluded	library-private data		NAFXCW
0x00215ad8	0x00215d30	600	.data	compiler: RTTI records	excluded	compiler: RTTI records		TypeDescriptor by content (type_info vptr + mangled tag)
0x00215d30	0x00215d48	24	.data	library-private data	excluded	library-private data		NAFXCW
0x00215d48	0x00215d64	28	.data	compiler: RTTI records	excluded	compiler: RTTI records		TypeDescriptor by content (type_info vptr + mangled tag)
0x00215d64	0x00215d68	4	.data	compiler: pooled literal data	excluded	compiler: pooled literal data		between retail pooled literals; no source pin
0x00215d68	0x00215de0	120	.data	compiler: RTTI records	excluded	compiler: RTTI records		TypeDescriptor by content (type_info vptr + mangled tag)
0x00215de0	0x00215df8	24	.data	library-private data	excluded	library-private data		NAFXCW
0x00215df8	0x00215e10	24	.data	compiler: RTTI records	excluded	compiler: RTTI records		TypeDescriptor by content (type_info vptr + mangled tag)
0x00215e10	0x00215e28	24	.data	compiler: RTTI records	excluded	compiler: RTTI records		RTTI/EH record by content (cell chain -> TypeDescriptor)
0x00215e28	0x00215e40	24	.data	compiler: RTTI records	excluded	compiler: RTTI records		TypeDescriptor by content (type_info vptr + mangled tag)
0x00215e40	0x00215e58	24	.data	library-private data	excluded	library-private data		NAFXCW
0x00215e58	0x002160cc	628	.data	compiler: RTTI records	excluded	compiler: RTTI records		TypeDescriptor by content (type_info vptr + mangled tag)
0x002160cc	0x002160e0	20	.data	compiler: pooled literal data	excluded	compiler: pooled literal data		between retail pooled literals; no source pin
0x002160e0	0x00216100	32	.data	compiler: RTTI records	excluded	compiler: RTTI records		TypeDescriptor by content (type_info vptr + mangled tag)
0x00216100	0x00216110	16	.data	library-private data	excluded	library-private data		LIBCMT
0x00216110	0x00216120	16	.data	compiler: pooled literal data	excluded	compiler: pooled literal data		between retail pooled literals; no source pin
0x00216120	0x00216140	32	.data	library-private data	excluded	library-private data		LIBCMT
0x00216140	0x00216238	248	.data	compiler: pooled literal data	excluded	compiler: pooled literal data		between retail pooled literals; no source pin
0x00216238	0x002162e8	176	.data	library-private data	excluded	library-private data		LIBCMT
0x002162e8	0x00216450	360	.data	compiler: pooled literal data	excluded	compiler: pooled literal data		between retail pooled literals; no source pin
0x00216450	0x00216460	16	.data	library-private data	excluded	library-private data		LIBCMT
0x00216460	0x00216464	4	.data	compiler: pooled literal data	excluded	compiler: pooled literal data		between retail pooled literals; no source pin
0x00216464	0x00216468	4	.data	library-private data	excluded	library-private data		LIBCMT
0x00216468	0x0021646c	4	.data	padding / alignment (zero)	excluded	padding / alignment (zero)		zero bytes with no inbound game-visible reference
0x0021646c	0x00216554	232	.data	library-private data	excluded	library-private data		LIBCMT
0x00216554	0x00216558	4	.data	padding / alignment (zero)	excluded	padding / alignment (zero)		zero bytes with no inbound game-visible reference
0x00216558	0x00216598	64	.data	library-private data	excluded	library-private data		LIBCMT
0x00216598	0x002166a8	272	.data	compiler: pooled literal data	excluded	compiler: pooled literal data		between retail pooled literals; no source pin
0x002166a8	0x002166b2	10	.data	library-private data	excluded	library-private data		LIBCMT
0x002166b2	0x002168c4	530	.data	compiler: pooled literal data	excluded	compiler: pooled literal data		between retail pooled literals; no source pin
0x002168c4	0x00216998	212	.data	library-private data	excluded	library-private data		LIBCMT
0x00216998	0x0021699c	4	.data	padding / alignment (zero)	excluded	padding / alignment (zero)		zero bytes with no inbound game-visible reference
0x0021699c	0x002169a0	4	.data	compiler: pooled literal data	excluded	compiler: pooled literal data		between retail pooled literals; no source pin
0x002169a0	0x002169a4	4	.data	padding / alignment (zero)	excluded	padding / alignment (zero)		zero bytes with no inbound game-visible reference
0x002169a4	0x002169b8	20	.data	compiler: pooled literal data	excluded	compiler: pooled literal data		between retail pooled literals; no source pin
0x002169b8	0x002169bc	4	.data	padding / alignment (zero)	excluded	padding / alignment (zero)		zero bytes with no inbound game-visible reference
0x002169bc	0x002169e0	36	.data	compiler: pooled literal data	excluded	compiler: pooled literal data		between retail pooled literals; no source pin
0x002169e0	0x002169f0	16	.data	library-private data	excluded	library-private data		LIBCMT
0x002169f0	0x00218a00	8208	.data	compiler: pooled literal data	excluded	compiler: pooled literal data		between retail pooled literals; no source pin
0x00218a00	0x00218a04	4	.data	library-private data	excluded	library-private data		LIBCMT
0x00218a04	0x00218acc	200	.data	compiler: pooled literal data	excluded	compiler: pooled literal data		between retail pooled literals; no source pin
0x00218acc	0x00218b58	140	.data	library-private data	excluded	library-private data		LIBCMT
0x00218b58	0x00218b60	8	.data	padding / alignment (zero)	excluded	padding / alignment (zero)		zero bytes with no inbound game-visible reference
0x00218b60	0x00218bf0	144	.data	compiler: pooled literal data	excluded	compiler: pooled literal data		between retail pooled literals; no source pin
0x00218bf0	0x00218bf8	8	.data	library-private data	excluded	library-private data		LIBCMT
0x00218bf8	0x00218bfc	4	.data	compiler: pooled literal data	excluded	compiler: pooled literal data		between retail pooled literals; no source pin
0x00218bfc	0x00218c08	12	.data	padding / alignment (zero)	excluded	padding / alignment (zero)		zero bytes with no inbound game-visible reference
0x00218c08	0x00218c0c	4	.data	compiler: pooled literal data	excluded	compiler: pooled literal data		between retail pooled literals; no source pin
0x00218c0c	0x00218c18	12	.data	padding / alignment (zero)	excluded	padding / alignment (zero)		zero bytes with no inbound game-visible reference
0x00218c18	0x00218c4c	52	.data	compiler: pooled literal data	excluded	compiler: pooled literal data		between retail pooled literals; no source pin
0x00218c4c	0x00218c50	4	.data	padding / alignment (zero)	excluded	padding / alignment (zero)		zero bytes with no inbound game-visible reference
0x00218c50	0x00218c88	56	.data	compiler: pooled literal data	excluded	compiler: pooled literal data		between retail pooled literals; no source pin
0x00218c88	0x00218c98	16	.data	library-private data	excluded	library-private data		LIBCMT
0x00218c98	0x00218cf8	96	.data	compiler: pooled literal data	excluded	compiler: pooled literal data		between retail pooled literals; no source pin
0x00218cf8	0x00218f08	528	.data	padding / alignment (zero)	excluded	padding / alignment (zero)		zero bytes with no inbound game-visible reference
0x00218f08	0x00218f40	56	.data	compiler: pooled literal data	excluded	compiler: pooled literal data		between retail pooled literals; no source pin
0x00218f40	0x00219200	704	.data	library-private data	excluded	library-private data		LIBCMT
0x00219200	0x00219214	20	.data	compiler: pooled literal data	excluded	compiler: pooled literal data		between retail pooled literals; no source pin
0x00219214	0x00219218	4	.data	padding / alignment (zero)	excluded	padding / alignment (zero)		zero bytes with no inbound game-visible reference
0x00219218	0x00219224	12	.data	compiler: pooled literal data	excluded	compiler: pooled literal data		between retail pooled literals; no source pin
0x00219224	0x00219228	4	.data	library-private data	excluded	library-private data		LIBCMT
0x00219228	0x0021922c	4	.data	compiler: pooled literal data	excluded	compiler: pooled literal data		between retail pooled literals; no source pin
0x0021922c	0x00219230	4	.data	library-private data	excluded	library-private data		LIBCMT
0x00219230	0x0021923c	12	.data	compiler: pooled literal data	excluded	compiler: pooled literal data		between retail pooled literals; no source pin
0x0021923c	0x002196bc	1152	.data	library-private data	excluded	library-private data		LIBCMT
0x002196bc	0x002196c8	12	.data	compiler: pooled literal data	excluded	compiler: pooled literal data		between retail pooled literals; no source pin
0x002196c8	0x00219700	56	.data	library-private data	excluded	library-private data		LIBCMT
0x00219700	0x002199bc	700	.data	compiler: pooled literal data	excluded	compiler: pooled literal data		between retail pooled literals; no source pin
0x00219a0d	0x00219a10	3	.data	padding / alignment (zero)	excluded	padding / alignment (zero)		zero bytes with no inbound game-visible reference
0x00219a1e	0x00219a20	2	.data	padding / alignment (zero)	excluded	padding / alignment (zero)		zero bytes with no inbound game-visible reference
0x00219a3b	0x00219a3c	1	.data	padding / alignment (zero)	excluded	padding / alignment (zero)		zero bytes with no inbound game-visible reference
0x00219a75	0x00219a78	3	.data	padding / alignment (zero)	excluded	padding / alignment (zero)		zero bytes with no inbound game-visible reference
0x00219ad1	0x00219ad4	3	.data	padding / alignment (zero)	excluded	padding / alignment (zero)		zero bytes with no inbound game-visible reference
0x00219add	0x00219ae0	3	.data	padding / alignment (zero)	excluded	padding / alignment (zero)		zero bytes with no inbound game-visible reference
0x00219ae6	0x00219ae8	2	.data	padding / alignment (zero)	excluded	padding / alignment (zero)		zero bytes with no inbound game-visible reference
0x00219b37	0x00219b38	1	.data	padding / alignment (zero)	excluded	padding / alignment (zero)		zero bytes with no inbound game-visible reference
0x00219bad	0x00219bb0	3	.data	padding / alignment (zero)	excluded	padding / alignment (zero)		zero bytes with no inbound game-visible reference
0x00219bc3	0x00219bc4	1	.data	padding / alignment (zero)	excluded	padding / alignment (zero)		zero bytes with no inbound game-visible reference
0x00219bd7	0x00219bd8	1	.data	padding / alignment (zero)	excluded	padding / alignment (zero)		zero bytes with no inbound game-visible reference
0x00219c15	0x00219c18	3	.data	padding / alignment (zero)	excluded	padding / alignment (zero)		zero bytes with no inbound game-visible reference
0x00219c4e	0x00219c50	2	.data	padding / alignment (zero)	excluded	padding / alignment (zero)		zero bytes with no inbound game-visible reference
0x00219c65	0x00219c68	3	.data	padding / alignment (zero)	excluded	padding / alignment (zero)		zero bytes with no inbound game-visible reference
0x00219c7a	0x00219c7c	2	.data	padding / alignment (zero)	excluded	padding / alignment (zero)		zero bytes with no inbound game-visible reference
0x00219cbd	0x00219cc0	3	.data	padding / alignment (zero)	excluded	padding / alignment (zero)		zero bytes with no inbound game-visible reference
0x00219cd2	0x00219cd4	2	.data	padding / alignment (zero)	excluded	padding / alignment (zero)		zero bytes with no inbound game-visible reference
0x00219cfe	0x00219d00	2	.data	padding / alignment (zero)	excluded	padding / alignment (zero)		zero bytes with no inbound game-visible reference
0x00219d0f	0x00219d10	1	.data	padding / alignment (zero)	excluded	padding / alignment (zero)		zero bytes with no inbound game-visible reference
0x00219d35	0x00219d38	3	.data	padding / alignment (zero)	excluded	padding / alignment (zero)		zero bytes with no inbound game-visible reference
0x00219d47	0x00219d48	1	.data	padding / alignment (zero)	excluded	padding / alignment (zero)		zero bytes with no inbound game-visible reference
0x00219d53	0x00219d54	1	.data	padding / alignment (zero)	excluded	padding / alignment (zero)		zero bytes with no inbound game-visible reference
0x00219dcb	0x00219dcc	1	.data	padding / alignment (zero)	excluded	padding / alignment (zero)		zero bytes with no inbound game-visible reference
0x00219dff	0x00219e00	1	.data	padding / alignment (zero)	excluded	padding / alignment (zero)		zero bytes with no inbound game-visible reference
0x00219e12	0x00219e14	2	.data	padding / alignment (zero)	excluded	padding / alignment (zero)		zero bytes with no inbound game-visible reference
0x00219e5e	0x00219e60	2	.data	padding / alignment (zero)	excluded	padding / alignment (zero)		zero bytes with no inbound game-visible reference
0x00219e9b	0x00219e9c	1	.data	padding / alignment (zero)	excluded	padding / alignment (zero)		zero bytes with no inbound game-visible reference
0x00219eaa	0x00219eac	2	.data	padding / alignment (zero)	excluded	padding / alignment (zero)		zero bytes with no inbound game-visible reference
0x00219ebf	0x00219ec0	1	.data	padding / alignment (zero)	excluded	padding / alignment (zero)		zero bytes with no inbound game-visible reference
0x00219ed6	0x00219ed8	2	.data	padding / alignment (zero)	excluded	padding / alignment (zero)		zero bytes with no inbound game-visible reference
0x00219f19	0x00219f1c	3	.data	padding / alignment (zero)	excluded	padding / alignment (zero)		zero bytes with no inbound game-visible reference
0x00219f39	0x00219f3c	3	.data	padding / alignment (zero)	excluded	padding / alignment (zero)		zero bytes with no inbound game-visible reference
0x00219f4b	0x00219f4c	1	.data	padding / alignment (zero)	excluded	padding / alignment (zero)		zero bytes with no inbound game-visible reference
0x00219f62	0x00219f64	2	.data	padding / alignment (zero)	excluded	padding / alignment (zero)		zero bytes with no inbound game-visible reference
0x00219f6a	0x00219f6c	2	.data	padding / alignment (zero)	excluded	padding / alignment (zero)		zero bytes with no inbound game-visible reference
0x00219f7d	0x00219f80	3	.data	padding / alignment (zero)	excluded	padding / alignment (zero)		zero bytes with no inbound game-visible reference
0x00219f8f	0x00219f90	1	.data	padding / alignment (zero)	excluded	padding / alignment (zero)		zero bytes with no inbound game-visible reference
0x00219fb6	0x00219fb8	2	.data	padding / alignment (zero)	excluded	padding / alignment (zero)		zero bytes with no inbound game-visible reference
0x00219fca	0x00219fcc	2	.data	padding / alignment (zero)	excluded	padding / alignment (zero)		zero bytes with no inbound game-visible reference
0x00219fe1	0x00219fe4	3	.data	padding / alignment (zero)	excluded	padding / alignment (zero)		zero bytes with no inbound game-visible reference
0x0021a007	0x0021a008	1	.data	padding / alignment (zero)	excluded	padding / alignment (zero)		zero bytes with no inbound game-visible reference
0x0021a01a	0x0021a01c	2	.data	padding / alignment (zero)	excluded	padding / alignment (zero)		zero bytes with no inbound game-visible reference
0x0021a03e	0x0021a040	2	.data	padding / alignment (zero)	excluded	padding / alignment (zero)		zero bytes with no inbound game-visible reference
0x0021a052	0x0021a054	2	.data	padding / alignment (zero)	excluded	padding / alignment (zero)		zero bytes with no inbound game-visible reference
0x0021a05b	0x0021a05c	1	.data	padding / alignment (zero)	excluded	padding / alignment (zero)		zero bytes with no inbound game-visible reference
0x0021a061	0x0021a064	3	.data	padding / alignment (zero)	excluded	padding / alignment (zero)		zero bytes with no inbound game-visible reference
0x0021a064	0x0021a06c	8	.data	game-visible unenrolled data	eligible	compiler: pooled literal data	direct game/compiler code (1)	between retail pooled literals; no source pin
0x0021a06c	0x0021a070	4	.data	game-visible unenrolled data	eligible	padding / alignment (zero)	direct game/compiler code (1)	zero bytes with no inbound game-visible reference
0x0021a09d	0x0021a0a0	3	.data	padding / alignment (zero)	excluded	padding / alignment (zero)		zero bytes with no inbound game-visible reference
0x0021a0d1	0x0021a0d4	3	.data	padding / alignment (zero)	excluded	padding / alignment (zero)		zero bytes with no inbound game-visible reference
0x0021a0d9	0x0021a0dc	3	.data	padding / alignment (zero)	excluded	padding / alignment (zero)		zero bytes with no inbound game-visible reference
0x0021a0e1	0x0021a0e4	3	.data	padding / alignment (zero)	excluded	padding / alignment (zero)		zero bytes with no inbound game-visible reference
0x0021a0e9	0x0021a0ec	3	.data	padding / alignment (zero)	excluded	padding / alignment (zero)		zero bytes with no inbound game-visible reference
0x0021a13d	0x0021a140	3	.data	padding / alignment (zero)	excluded	padding / alignment (zero)		zero bytes with no inbound game-visible reference
0x0021a15f	0x0021a160	1	.data	padding / alignment (zero)	excluded	padding / alignment (zero)		zero bytes with no inbound game-visible reference
0x0021a1af	0x0021a1b0	1	.data	padding / alignment (zero)	excluded	padding / alignment (zero)		zero bytes with no inbound game-visible reference
0x0021a1e1	0x0021a1e4	3	.data	padding / alignment (zero)	excluded	padding / alignment (zero)		zero bytes with no inbound game-visible reference
0x0021a217	0x0021a218	1	.data	padding / alignment (zero)	excluded	padding / alignment (zero)		zero bytes with no inbound game-visible reference
0x0021a22e	0x0021a230	2	.data	padding / alignment (zero)	excluded	padding / alignment (zero)		zero bytes with no inbound game-visible reference
0x0021a249	0x0021a24c	3	.data	padding / alignment (zero)	excluded	padding / alignment (zero)		zero bytes with no inbound game-visible reference
0x0021a253	0x0021a254	1	.data	padding / alignment (zero)	excluded	padding / alignment (zero)		zero bytes with no inbound game-visible reference
0x0021a25b	0x0021a25c	1	.data	padding / alignment (zero)	excluded	padding / alignment (zero)		zero bytes with no inbound game-visible reference
0x0021a26b	0x0021a26c	1	.data	padding / alignment (zero)	excluded	padding / alignment (zero)		zero bytes with no inbound game-visible reference
0x0021a273	0x0021a274	1	.data	padding / alignment (zero)	excluded	padding / alignment (zero)		zero bytes with no inbound game-visible reference
0x0021a29b	0x0021a29c	1	.data	padding / alignment (zero)	excluded	padding / alignment (zero)		zero bytes with no inbound game-visible reference
0x0021a2d5	0x0021a2d8	3	.data	padding / alignment (zero)	excluded	padding / alignment (zero)		zero bytes with no inbound game-visible reference
0x0021a309	0x0021a30c	3	.data	padding / alignment (zero)	excluded	padding / alignment (zero)		zero bytes with no inbound game-visible reference
0x0021a339	0x0021a33c	3	.data	padding / alignment (zero)	excluded	padding / alignment (zero)		zero bytes with no inbound game-visible reference
0x0021a376	0x0021a378	2	.data	padding / alignment (zero)	excluded	padding / alignment (zero)		zero bytes with no inbound game-visible reference
0x0021a386	0x0021a388	2	.data	padding / alignment (zero)	excluded	padding / alignment (zero)		zero bytes with no inbound game-visible reference
0x0021a39d	0x0021a3a0	3	.data	padding / alignment (zero)	excluded	padding / alignment (zero)		zero bytes with no inbound game-visible reference
0x0021a3be	0x0021a3c0	2	.data	padding / alignment (zero)	excluded	padding / alignment (zero)		zero bytes with no inbound game-visible reference
0x0021a3f3	0x0021a3f4	1	.data	padding / alignment (zero)	excluded	padding / alignment (zero)		zero bytes with no inbound game-visible reference
0x0021a416	0x0021a418	2	.data	padding / alignment (zero)	excluded	padding / alignment (zero)		zero bytes with no inbound game-visible reference
0x0021a449	0x0021a44c	3	.data	padding / alignment (zero)	excluded	padding / alignment (zero)		zero bytes with no inbound game-visible reference
0x0021a45e	0x0021a460	2	.data	padding / alignment (zero)	excluded	padding / alignment (zero)		zero bytes with no inbound game-visible reference
0x0021a475	0x0021a478	3	.data	padding / alignment (zero)	excluded	padding / alignment (zero)		zero bytes with no inbound game-visible reference
0x0021a48d	0x0021a490	3	.data	padding / alignment (zero)	excluded	padding / alignment (zero)		zero bytes with no inbound game-visible reference
0x0021a4e1	0x0021a4e4	3	.data	padding / alignment (zero)	excluded	padding / alignment (zero)		zero bytes with no inbound game-visible reference
0x0021a503	0x0021a504	1	.data	padding / alignment (zero)	excluded	padding / alignment (zero)		zero bytes with no inbound game-visible reference
0x0021a519	0x0021a51c	3	.data	padding / alignment (zero)	excluded	padding / alignment (zero)		zero bytes with no inbound game-visible reference
0x0021a589	0x0021a58c	3	.data	padding / alignment (zero)	excluded	padding / alignment (zero)		zero bytes with no inbound game-visible reference
0x0021a5aa	0x0021a5ac	2	.data	padding / alignment (zero)	excluded	padding / alignment (zero)		zero bytes with no inbound game-visible reference
0x0021a5be	0x0021a5c0	2	.data	padding / alignment (zero)	excluded	padding / alignment (zero)		zero bytes with no inbound game-visible reference
0x0021a5d1	0x0021a5d4	3	.data	padding / alignment (zero)	excluded	padding / alignment (zero)		zero bytes with no inbound game-visible reference
0x0021a5fa	0x0021a5fc	2	.data	padding / alignment (zero)	excluded	padding / alignment (zero)		zero bytes with no inbound game-visible reference
0x0021a615	0x0021a618	3	.data	padding / alignment (zero)	excluded	padding / alignment (zero)		zero bytes with no inbound game-visible reference
0x0021a62a	0x0021a62c	2	.data	padding / alignment (zero)	excluded	padding / alignment (zero)		zero bytes with no inbound game-visible reference
0x0021a656	0x0021a658	2	.data	padding / alignment (zero)	excluded	padding / alignment (zero)		zero bytes with no inbound game-visible reference
0x0021a66a	0x0021a66c	2	.data	padding / alignment (zero)	excluded	padding / alignment (zero)		zero bytes with no inbound game-visible reference
0x0021a683	0x0021a684	1	.data	padding / alignment (zero)	excluded	padding / alignment (zero)		zero bytes with no inbound game-visible reference
0x0021a6a6	0x0021a6a8	2	.data	padding / alignment (zero)	excluded	padding / alignment (zero)		zero bytes with no inbound game-visible reference
0x0021a6ca	0x0021a6cc	2	.data	padding / alignment (zero)	excluded	padding / alignment (zero)		zero bytes with no inbound game-visible reference
0x0021a6df	0x0021a6e0	1	.data	padding / alignment (zero)	excluded	padding / alignment (zero)		zero bytes with no inbound game-visible reference
0x0021a6f2	0x0021a6f4	2	.data	padding / alignment (zero)	excluded	padding / alignment (zero)		zero bytes with no inbound game-visible reference
0x0021a705	0x0021a708	3	.data	padding / alignment (zero)	excluded	padding / alignment (zero)		zero bytes with no inbound game-visible reference
0x0021a71b	0x0021a71c	1	.data	padding / alignment (zero)	excluded	padding / alignment (zero)		zero bytes with no inbound game-visible reference
0x0021a72e	0x0021a730	2	.data	padding / alignment (zero)	excluded	padding / alignment (zero)		zero bytes with no inbound game-visible reference
0x0021a74b	0x0021a74c	1	.data	padding / alignment (zero)	excluded	padding / alignment (zero)		zero bytes with no inbound game-visible reference
0x0021a75b	0x0021a75c	1	.data	padding / alignment (zero)	excluded	padding / alignment (zero)		zero bytes with no inbound game-visible reference
0x0021a7b2	0x0021a7b4	2	.data	padding / alignment (zero)	excluded	padding / alignment (zero)		zero bytes with no inbound game-visible reference
0x0021a7c5	0x0021a7c8	3	.data	padding / alignment (zero)	excluded	padding / alignment (zero)		zero bytes with no inbound game-visible reference
0x0021a802	0x0021a804	2	.data	padding / alignment (zero)	excluded	padding / alignment (zero)		zero bytes with no inbound game-visible reference
0x0021a871	0x0021a874	3	.data	padding / alignment (zero)	excluded	padding / alignment (zero)		zero bytes with no inbound game-visible reference
0x0021a8ab	0x0021a8ac	1	.data	padding / alignment (zero)	excluded	padding / alignment (zero)		zero bytes with no inbound game-visible reference
0x0021a8be	0x0021a8c0	2	.data	padding / alignment (zero)	excluded	padding / alignment (zero)		zero bytes with no inbound game-visible reference
0x0021a8e7	0x0021a8e8	1	.data	padding / alignment (zero)	excluded	padding / alignment (zero)		zero bytes with no inbound game-visible reference
0x0021a901	0x0021a904	3	.data	padding / alignment (zero)	excluded	padding / alignment (zero)		zero bytes with no inbound game-visible reference
0x0021a92a	0x0021a92c	2	.data	padding / alignment (zero)	excluded	padding / alignment (zero)		zero bytes with no inbound game-visible reference
0x0021a96e	0x0021a970	2	.data	padding / alignment (zero)	excluded	padding / alignment (zero)		zero bytes with no inbound game-visible reference
0x0021a982	0x0021a984	2	.data	padding / alignment (zero)	excluded	padding / alignment (zero)		zero bytes with no inbound game-visible reference
0x0021a9aa	0x0021a9ac	2	.data	padding / alignment (zero)	excluded	padding / alignment (zero)		zero bytes with no inbound game-visible reference
0x0021a9ca	0x0021a9cc	2	.data	padding / alignment (zero)	excluded	padding / alignment (zero)		zero bytes with no inbound game-visible reference
0x0021a9e1	0x0021a9e4	3	.data	padding / alignment (zero)	excluded	padding / alignment (zero)		zero bytes with no inbound game-visible reference
0x0021a9f6	0x0021a9f8	2	.data	padding / alignment (zero)	excluded	padding / alignment (zero)		zero bytes with no inbound game-visible reference
0x0021aa16	0x0021aa18	2	.data	padding / alignment (zero)	excluded	padding / alignment (zero)		zero bytes with no inbound game-visible reference
0x0021aa39	0x0021aa3c	3	.data	padding / alignment (zero)	excluded	padding / alignment (zero)		zero bytes with no inbound game-visible reference
0x0021aa7b	0x0021aa7c	1	.data	padding / alignment (zero)	excluded	padding / alignment (zero)		zero bytes with no inbound game-visible reference
0x0021aa7c	0x0021aabc	64	.data	compiler: pooled literal data	excluded	compiler: pooled literal data		between retail pooled literals; no source pin
0x0021aae1	0x0021aae4	3	.data	padding / alignment (zero)	excluded	padding / alignment (zero)		zero bytes with no inbound game-visible reference
0x0021aaf4	0x0021ab14	32	.data	compiler: pooled literal data	excluded	compiler: pooled literal data		between retail pooled literals; no source pin
0x0021ab1f	0x0021ab20	1	.data	padding / alignment (zero)	excluded	padding / alignment (zero)		zero bytes with no inbound game-visible reference
0x0021ab91	0x0021ab98	7	.data	padding / alignment (zero)	excluded	padding / alignment (zero)		zero bytes with no inbound game-visible reference
0x0021ab98	0x0021ac88	240	.data	compiler: RTTI records	excluded	compiler: RTTI records		TypeDescriptor by content (type_info vptr + mangled tag)
0x0021ac88	0x0021ac90	8	.data	compiler: pooled literal data	excluded	compiler: pooled literal data		between retail pooled literals; no source pin
0x0021ac90	0x0021ad24	148	.data	compiler: RTTI records	excluded	compiler: RTTI records		TypeDescriptor by content (type_info vptr + mangled tag)
0x0021ad36	0x0021ad38	2	.data	padding / alignment (zero)	excluded	padding / alignment (zero)		zero bytes with no inbound game-visible reference
0x0021ad47	0x0021ad48	1	.data	padding / alignment (zero)	excluded	padding / alignment (zero)		zero bytes with no inbound game-visible reference
0x0021ad5b	0x0021ad5c	1	.data	padding / alignment (zero)	excluded	padding / alignment (zero)		zero bytes with no inbound game-visible reference
0x0021ad72	0x0021ad74	2	.data	padding / alignment (zero)	excluded	padding / alignment (zero)		zero bytes with no inbound game-visible reference
0x0021ad99	0x0021ad9c	3	.data	padding / alignment (zero)	excluded	padding / alignment (zero)		zero bytes with no inbound game-visible reference
0x0021adbb	0x0021adbc	1	.data	padding / alignment (zero)	excluded	padding / alignment (zero)		zero bytes with no inbound game-visible reference
0x0021adc5	0x0021adc8	3	.data	padding / alignment (zero)	excluded	padding / alignment (zero)		zero bytes with no inbound game-visible reference
0x0021ade2	0x0021ade4	2	.data	padding / alignment (zero)	excluded	padding / alignment (zero)		zero bytes with no inbound game-visible reference
0x0021adf2	0x0021adf4	2	.data	padding / alignment (zero)	excluded	padding / alignment (zero)		zero bytes with no inbound game-visible reference
0x0021ae02	0x0021ae04	2	.data	padding / alignment (zero)	excluded	padding / alignment (zero)		zero bytes with no inbound game-visible reference
0x0021ae42	0x0021ae44	2	.data	padding / alignment (zero)	excluded	padding / alignment (zero)		zero bytes with no inbound game-visible reference
0x0021ae71	0x0021ae74	3	.data	padding / alignment (zero)	excluded	padding / alignment (zero)		zero bytes with no inbound game-visible reference
0x0021ae9a	0x0021ae9c	2	.data	padding / alignment (zero)	excluded	padding / alignment (zero)		zero bytes with no inbound game-visible reference
0x0021aea7	0x0021aea8	1	.data	padding / alignment (zero)	excluded	padding / alignment (zero)		zero bytes with no inbound game-visible reference
0x0021aeac	0x0021aeb0	4	.data	padding / alignment (zero)	excluded	padding / alignment (zero)		zero bytes with no inbound game-visible reference
0x002240a6	0x002240a8	2	.data	padding / alignment (zero)	excluded	padding / alignment (zero)		zero bytes with no inbound game-visible reference
0x002240cf	0x002240d0	1	.data	padding / alignment (zero)	excluded	padding / alignment (zero)		zero bytes with no inbound game-visible reference
0x00224142	0x00224144	2	.data	padding / alignment (zero)	excluded	padding / alignment (zero)		zero bytes with no inbound game-visible reference
0x0022414f	0x00224150	1	.data	padding / alignment (zero)	excluded	padding / alignment (zero)		zero bytes with no inbound game-visible reference
0x00224152	0x00224154	2	.data	padding / alignment (zero)	excluded	padding / alignment (zero)		zero bytes with no inbound game-visible reference
0x00224156	0x00224158	2	.data	padding / alignment (zero)	excluded	padding / alignment (zero)		zero bytes with no inbound game-visible reference
0x00224171	0x00224174	3	.data	padding / alignment (zero)	excluded	padding / alignment (zero)		zero bytes with no inbound game-visible reference
0x00224176	0x00224178	2	.data	padding / alignment (zero)	excluded	padding / alignment (zero)		zero bytes with no inbound game-visible reference
0x0022417b	0x0022417c	1	.data	padding / alignment (zero)	excluded	padding / alignment (zero)		zero bytes with no inbound game-visible reference
0x0022417e	0x00224180	2	.data	padding / alignment (zero)	excluded	padding / alignment (zero)		zero bytes with no inbound game-visible reference
0x00224191	0x00224194	3	.data	padding / alignment (zero)	excluded	padding / alignment (zero)		zero bytes with no inbound game-visible reference
0x00224196	0x00224198	2	.data	padding / alignment (zero)	excluded	padding / alignment (zero)		zero bytes with no inbound game-visible reference
0x002241fd	0x00224200	3	.data	padding / alignment (zero)	excluded	padding / alignment (zero)		zero bytes with no inbound game-visible reference
0x00224226	0x00224228	2	.data	padding / alignment (zero)	excluded	padding / alignment (zero)		zero bytes with no inbound game-visible reference
0x0022424f	0x00224250	1	.data	padding / alignment (zero)	excluded	padding / alignment (zero)		zero bytes with no inbound game-visible reference
0x00224275	0x00224278	3	.data	padding / alignment (zero)	excluded	padding / alignment (zero)		zero bytes with no inbound game-visible reference
0x0022427d	0x00224280	3	.data	padding / alignment (zero)	excluded	padding / alignment (zero)		zero bytes with no inbound game-visible reference
0x002242b2	0x002242b4	2	.data	padding / alignment (zero)	excluded	padding / alignment (zero)		zero bytes with no inbound game-visible reference
0x002242cd	0x002242d0	3	.data	padding / alignment (zero)	excluded	padding / alignment (zero)		zero bytes with no inbound game-visible reference
0x00224341	0x00224344	3	.data	padding / alignment (zero)	excluded	padding / alignment (zero)		zero bytes with no inbound game-visible reference
0x00224355	0x00224358	3	.data	padding / alignment (zero)	excluded	padding / alignment (zero)		zero bytes with no inbound game-visible reference
0x0022435e	0x00224360	2	.data	padding / alignment (zero)	excluded	padding / alignment (zero)		zero bytes with no inbound game-visible reference
0x0022439b	0x0022439c	1	.data	padding / alignment (zero)	excluded	padding / alignment (zero)		zero bytes with no inbound game-visible reference
0x002243c6	0x002243c8	2	.data	padding / alignment (zero)	excluded	padding / alignment (zero)		zero bytes with no inbound game-visible reference
0x002243fa	0x002243fc	2	.data	padding / alignment (zero)	excluded	padding / alignment (zero)		zero bytes with no inbound game-visible reference
0x0022443b	0x0022443c	1	.data	padding / alignment (zero)	excluded	padding / alignment (zero)		zero bytes with no inbound game-visible reference
0x00224451	0x00224454	3	.data	padding / alignment (zero)	excluded	padding / alignment (zero)		zero bytes with no inbound game-visible reference
0x00224481	0x00224484	3	.data	padding / alignment (zero)	excluded	padding / alignment (zero)		zero bytes with no inbound game-visible reference
0x00224496	0x00224498	2	.data	padding / alignment (zero)	excluded	padding / alignment (zero)		zero bytes with no inbound game-visible reference
0x002244c9	0x002244cc	3	.data	padding / alignment (zero)	excluded	padding / alignment (zero)		zero bytes with no inbound game-visible reference
0x002244dd	0x002244e0	3	.data	padding / alignment (zero)	excluded	padding / alignment (zero)		zero bytes with no inbound game-visible reference
0x00224539	0x0022453c	3	.data	padding / alignment (zero)	excluded	padding / alignment (zero)		zero bytes with no inbound game-visible reference
0x0022454d	0x00224550	3	.data	padding / alignment (zero)	excluded	padding / alignment (zero)		zero bytes with no inbound game-visible reference
0x00224576	0x00224578	2	.data	padding / alignment (zero)	excluded	padding / alignment (zero)		zero bytes with no inbound game-visible reference
0x00224583	0x00224584	1	.data	padding / alignment (zero)	excluded	padding / alignment (zero)		zero bytes with no inbound game-visible reference
0x002245ba	0x002245bc	2	.data	padding / alignment (zero)	excluded	padding / alignment (zero)		zero bytes with no inbound game-visible reference
0x002245ce	0x002245d0	2	.data	padding / alignment (zero)	excluded	padding / alignment (zero)		zero bytes with no inbound game-visible reference
0x0022461a	0x0022461c	2	.data	padding / alignment (zero)	excluded	padding / alignment (zero)		zero bytes with no inbound game-visible reference
0x0022466f	0x00224670	1	.data	padding / alignment (zero)	excluded	padding / alignment (zero)		zero bytes with no inbound game-visible reference
0x00224681	0x00224684	3	.data	padding / alignment (zero)	excluded	padding / alignment (zero)		zero bytes with no inbound game-visible reference
0x002246b2	0x002246b4	2	.data	padding / alignment (zero)	excluded	padding / alignment (zero)		zero bytes with no inbound game-visible reference
0x002246c5	0x002246c8	3	.data	padding / alignment (zero)	excluded	padding / alignment (zero)		zero bytes with no inbound game-visible reference
0x002247a2	0x002247a4	2	.data	padding / alignment (zero)	excluded	padding / alignment (zero)		zero bytes with no inbound game-visible reference
0x002247b5	0x002247b8	3	.data	padding / alignment (zero)	excluded	padding / alignment (zero)		zero bytes with no inbound game-visible reference
0x002247df	0x002247e0	1	.data	padding / alignment (zero)	excluded	padding / alignment (zero)		zero bytes with no inbound game-visible reference
0x002247f3	0x002247f4	1	.data	padding / alignment (zero)	excluded	padding / alignment (zero)		zero bytes with no inbound game-visible reference
0x00224842	0x00224844	2	.data	padding / alignment (zero)	excluded	padding / alignment (zero)		zero bytes with no inbound game-visible reference
0x00224851	0x00224854	3	.data	padding / alignment (zero)	excluded	padding / alignment (zero)		zero bytes with no inbound game-visible reference
0x002248de	0x002248e0	2	.data	padding / alignment (zero)	excluded	padding / alignment (zero)		zero bytes with no inbound game-visible reference
0x00224923	0x00224924	1	.data	padding / alignment (zero)	excluded	padding / alignment (zero)		zero bytes with no inbound game-visible reference
0x00224937	0x00224938	1	.data	padding / alignment (zero)	excluded	padding / alignment (zero)		zero bytes with no inbound game-visible reference
0x0022496b	0x0022496c	1	.data	padding / alignment (zero)	excluded	padding / alignment (zero)		zero bytes with no inbound game-visible reference
0x002249de	0x002249e0	2	.data	padding / alignment (zero)	excluded	padding / alignment (zero)		zero bytes with no inbound game-visible reference
0x00224a01	0x00224a04	3	.data	padding / alignment (zero)	excluded	padding / alignment (zero)		zero bytes with no inbound game-visible reference
0x00224a53	0x00224a54	1	.data	padding / alignment (zero)	excluded	padding / alignment (zero)		zero bytes with no inbound game-visible reference
0x00224a73	0x00224a74	1	.data	padding / alignment (zero)	excluded	padding / alignment (zero)		zero bytes with no inbound game-visible reference
0x00224a8a	0x00224a8c	2	.data	padding / alignment (zero)	excluded	padding / alignment (zero)		zero bytes with no inbound game-visible reference
0x00224ab7	0x00224ab8	1	.data	padding / alignment (zero)	excluded	padding / alignment (zero)		zero bytes with no inbound game-visible reference
0x00224b13	0x00224b14	1	.data	padding / alignment (zero)	excluded	padding / alignment (zero)		zero bytes with no inbound game-visible reference
0x00224b29	0x00224b2c	3	.data	padding / alignment (zero)	excluded	padding / alignment (zero)		zero bytes with no inbound game-visible reference
0x00224b83	0x00224b84	1	.data	padding / alignment (zero)	excluded	padding / alignment (zero)		zero bytes with no inbound game-visible reference
0x00224bd3	0x00224bd4	1	.data	padding / alignment (zero)	excluded	padding / alignment (zero)		zero bytes with no inbound game-visible reference
0x00224be7	0x00224be8	1	.data	padding / alignment (zero)	excluded	padding / alignment (zero)		zero bytes with no inbound game-visible reference
0x00224c01	0x00224c04	3	.data	padding / alignment (zero)	excluded	padding / alignment (zero)		zero bytes with no inbound game-visible reference
0x00224c46	0x00224c48	2	.data	padding / alignment (zero)	excluded	padding / alignment (zero)		zero bytes with no inbound game-visible reference
0x00224c9d	0x00224ca0	3	.data	padding / alignment (zero)	excluded	padding / alignment (zero)		zero bytes with no inbound game-visible reference
0x00224cb2	0x00224cb4	2	.data	padding / alignment (zero)	excluded	padding / alignment (zero)		zero bytes with no inbound game-visible reference
0x00224cdb	0x00224cdc	1	.data	padding / alignment (zero)	excluded	padding / alignment (zero)		zero bytes with no inbound game-visible reference
0x00224cea	0x00224cec	2	.data	padding / alignment (zero)	excluded	padding / alignment (zero)		zero bytes with no inbound game-visible reference
0x00224d22	0x00224d24	2	.data	padding / alignment (zero)	excluded	padding / alignment (zero)		zero bytes with no inbound game-visible reference
0x00224d36	0x00224d38	2	.data	padding / alignment (zero)	excluded	padding / alignment (zero)		zero bytes with no inbound game-visible reference
0x00224d52	0x00224d58	6	.data	padding / alignment (zero)	excluded	padding / alignment (zero)		zero bytes with no inbound game-visible reference
0x00224dd5	0x00224dd8	3	.data	padding / alignment (zero)	excluded	padding / alignment (zero)		zero bytes with no inbound game-visible reference
0x00224e01	0x00224e04	3	.data	padding / alignment (zero)	excluded	padding / alignment (zero)		zero bytes with no inbound game-visible reference
0x00224e31	0x00224e34	3	.data	padding / alignment (zero)	excluded	padding / alignment (zero)		zero bytes with no inbound game-visible reference
0x00224e85	0x00224e88	3	.data	padding / alignment (zero)	excluded	padding / alignment (zero)		zero bytes with no inbound game-visible reference
0x00224eb2	0x00224eb4	2	.data	padding / alignment (zero)	excluded	padding / alignment (zero)		zero bytes with no inbound game-visible reference
0x00224ebf	0x00224ec0	1	.data	padding / alignment (zero)	excluded	padding / alignment (zero)		zero bytes with no inbound game-visible reference
0x00224ec2	0x00224ec4	2	.data	padding / alignment (zero)	excluded	padding / alignment (zero)		zero bytes with no inbound game-visible reference
0x00224ecd	0x00224ed0	3	.data	padding / alignment (zero)	excluded	padding / alignment (zero)		zero bytes with no inbound game-visible reference
0x00224ed5	0x00224ed8	3	.data	padding / alignment (zero)	excluded	padding / alignment (zero)		zero bytes with no inbound game-visible reference
0x00224edf	0x00224ee0	1	.data	padding / alignment (zero)	excluded	padding / alignment (zero)		zero bytes with no inbound game-visible reference
0x00224ee5	0x00224ee8	3	.data	padding / alignment (zero)	excluded	padding / alignment (zero)		zero bytes with no inbound game-visible reference
0x00224eed	0x00224ef0	3	.data	padding / alignment (zero)	excluded	padding / alignment (zero)		zero bytes with no inbound game-visible reference
0x00224efb	0x00224efc	1	.data	padding / alignment (zero)	excluded	padding / alignment (zero)		zero bytes with no inbound game-visible reference
0x00224f01	0x00224f04	3	.data	padding / alignment (zero)	excluded	padding / alignment (zero)		zero bytes with no inbound game-visible reference
0x00224f09	0x00224f0c	3	.data	padding / alignment (zero)	excluded	padding / alignment (zero)		zero bytes with no inbound game-visible reference
0x00224f1a	0x00224f1c	2	.data	padding / alignment (zero)	excluded	padding / alignment (zero)		zero bytes with no inbound game-visible reference
0x00224f3e	0x00224f40	2	.data	padding / alignment (zero)	excluded	padding / alignment (zero)		zero bytes with no inbound game-visible reference
0x00224f65	0x00224f68	3	.data	padding / alignment (zero)	excluded	padding / alignment (zero)		zero bytes with no inbound game-visible reference
0x00224f7f	0x00224f80	1	.data	padding / alignment (zero)	excluded	padding / alignment (zero)		zero bytes with no inbound game-visible reference
0x00224faf	0x00224fb0	1	.data	padding / alignment (zero)	excluded	padding / alignment (zero)		zero bytes with no inbound game-visible reference
0x00224fe5	0x00224fe8	3	.data	padding / alignment (zero)	excluded	padding / alignment (zero)		zero bytes with no inbound game-visible reference
0x002250c6	0x002250c8	2	.data	padding / alignment (zero)	excluded	padding / alignment (zero)		zero bytes with no inbound game-visible reference
0x00225109	0x0022510c	3	.data	padding / alignment (zero)	excluded	padding / alignment (zero)		zero bytes with no inbound game-visible reference
0x0022511f	0x00225120	1	.data	padding / alignment (zero)	excluded	padding / alignment (zero)		zero bytes with no inbound game-visible reference
0x0022515d	0x00225160	3	.data	padding / alignment (zero)	excluded	padding / alignment (zero)		zero bytes with no inbound game-visible reference
0x0022516d	0x00225170	3	.data	padding / alignment (zero)	excluded	padding / alignment (zero)		zero bytes with no inbound game-visible reference
0x0022518f	0x00225190	1	.data	padding / alignment (zero)	excluded	padding / alignment (zero)		zero bytes with no inbound game-visible reference
0x0022519d	0x002251a0	3	.data	padding / alignment (zero)	excluded	padding / alignment (zero)		zero bytes with no inbound game-visible reference
0x002251ab	0x002251ac	1	.data	padding / alignment (zero)	excluded	padding / alignment (zero)		zero bytes with no inbound game-visible reference
0x002251b7	0x002251b8	1	.data	padding / alignment (zero)	excluded	padding / alignment (zero)		zero bytes with no inbound game-visible reference
0x0022522c	0x00225230	4	.data	padding / alignment (zero)	excluded	padding / alignment (zero)		zero bytes with no inbound game-visible reference
0x002252f4	0x002252f8	4	.data	padding / alignment (zero)	excluded	padding / alignment (zero)		zero bytes with no inbound game-visible reference
0x0022530b	0x00225310	5	.data	padding / alignment (zero)	excluded	padding / alignment (zero)		zero bytes with no inbound game-visible reference
0x00225324	0x00225328	4	.data	padding / alignment (zero)	excluded	padding / alignment (zero)		zero bytes with no inbound game-visible reference
0x0022533c	0x00225340	4	.data	padding / alignment (zero)	excluded	padding / alignment (zero)		zero bytes with no inbound game-visible reference
0x00225354	0x00225358	4	.data	padding / alignment (zero)	excluded	padding / alignment (zero)		zero bytes with no inbound game-visible reference
0x00225387	0x00225388	1	.data	padding / alignment (zero)	excluded	padding / alignment (zero)		zero bytes with no inbound game-visible reference
0x00225404	0x00225408	4	.data	padding / alignment (zero)	excluded	padding / alignment (zero)		zero bytes with no inbound game-visible reference
0x00225484	0x00225488	4	.data	padding / alignment (zero)	excluded	padding / alignment (zero)		zero bytes with no inbound game-visible reference
0x002255e3	0x002255e4	1	.data	padding / alignment (zero)	excluded	padding / alignment (zero)		zero bytes with no inbound game-visible reference
0x00225607	0x00225608	1	.data	padding / alignment (zero)	excluded	padding / alignment (zero)		zero bytes with no inbound game-visible reference
0x0022561e	0x00225620	2	.data	padding / alignment (zero)	excluded	padding / alignment (zero)		zero bytes with no inbound game-visible reference
0x0022563c	0x00225640	4	.data	padding / alignment (zero)	excluded	padding / alignment (zero)		zero bytes with no inbound game-visible reference
0x00225684	0x00225688	4	.data	padding / alignment (zero)	excluded	padding / alignment (zero)		zero bytes with no inbound game-visible reference
0x00225688	0x002256a0	24	.data	compiler: RTTI records	excluded	compiler: RTTI records		TypeDescriptor by content (type_info vptr + mangled tag)
0x002256a0	0x002256b8	24	.data	library-private data	excluded	library-private data		NAFXCW
0x002256b8	0x002256e0	40	.data	compiler: RTTI records	excluded	compiler: RTTI records		TypeDescriptor by content (type_info vptr + mangled tag)
0x002256e0	0x00225742	98	.data	compiler: pooled literal data	excluded	compiler: pooled literal data		between retail pooled literals; no source pin
0x00225742	0x00225770	46	.data	library-private data	excluded	library-private data		LIBCMT
0x00225770	0x002257fe	142	.data	compiler: pooled literal data	excluded	compiler: pooled literal data		between retail pooled literals; no source pin
0x002257fe	0x00225900	258	.data	library-private data	excluded	library-private data		LIBCMT
0x00225900	0x00225918	24	.data	compiler: RTTI records	excluded	compiler: RTTI records		TypeDescriptor by content (type_info vptr + mangled tag)
0x00225918	0x0022591c	4	.data	padding / alignment (zero)	excluded	padding / alignment (zero)		zero bytes with no inbound game-visible reference
0x0022591c	0x00229310	14836	.data	compiler: pooled literal data	excluded	compiler: pooled literal data		between retail pooled literals; no source pin
0x00229310	0x00229388	120	.data	padding / alignment (zero)	excluded	padding / alignment (zero)		zero bytes with no inbound game-visible reference
0x002293ac	0x002293f4	72	.data	padding / alignment (zero)	excluded	padding / alignment (zero)		zero bytes with no inbound game-visible reference
0x002293f5	0x00229400	11	.data	padding / alignment (zero)	excluded	padding / alignment (zero)		zero bytes with no inbound game-visible reference
0x00229400	0x00229408	8	.bss	UNCLASSIFIED (.bss)	eligible	UNCLASSIFIED (.bss)		no oracle names this zero-fill run
0x00229414	0x00229418	4	.bss	padding / alignment (zero)	excluded	padding / alignment (zero)		slack below the 0x8-aligned claim at 0x00229418
0x00229424	0x00229428	4	.bss	padding / alignment (zero)	excluded	padding / alignment (zero)		slack below the 0x8-aligned claim at 0x00229428
0x00229434	0x00229438	4	.bss	padding / alignment (zero)	excluded	padding / alignment (zero)		slack below the 0x8-aligned claim at 0x00229438
0x00229444	0x00229448	4	.bss	padding / alignment (zero)	excluded	padding / alignment (zero)		slack below the 0x8-aligned claim at 0x00229448
0x00229454	0x00229458	4	.bss	padding / alignment (zero)	excluded	padding / alignment (zero)		slack below the 0x8-aligned claim at 0x00229458
0x00229464	0x00229468	4	.bss	padding / alignment (zero)	excluded	padding / alignment (zero)		slack below the 0x8-aligned claim at 0x00229468
0x00229474	0x00229478	4	.bss	padding / alignment (zero)	excluded	padding / alignment (zero)		slack below the 0x8-aligned claim at 0x00229478
0x00229484	0x002294a0	28	.bss	UNCLASSIFIED (.bss)	eligible	UNCLASSIFIED (.bss)		no oracle names this zero-fill run
0x002294ac	0x002294b0	4	.bss	padding / alignment (zero)	excluded	padding / alignment (zero)		slack below the 0x8-aligned claim at 0x002294b0
0x002294bc	0x002294c0	4	.bss	padding / alignment (zero)	excluded	padding / alignment (zero)		slack below the 0x8-aligned claim at 0x002294c0
0x002294cc	0x002294d0	4	.bss	padding / alignment (zero)	excluded	padding / alignment (zero)		slack below the 0x8-aligned claim at 0x002294d0
0x002294dc	0x002294e0	4	.bss	padding / alignment (zero)	excluded	padding / alignment (zero)		slack below the 0x8-aligned claim at 0x002294e0
0x002294ec	0x002294f0	4	.bss	padding / alignment (zero)	excluded	padding / alignment (zero)		slack below the 0x8-aligned claim at 0x002294f0
0x002294fc	0x00229500	4	.bss	padding / alignment (zero)	excluded	padding / alignment (zero)		slack below the 0x8-aligned claim at 0x00229500
0x0022950c	0x00229510	4	.bss	padding / alignment (zero)	excluded	padding / alignment (zero)		slack below the 0x8-aligned claim at 0x00229510
0x0022951c	0x00229520	4	.bss	padding / alignment (zero)	excluded	padding / alignment (zero)		slack below the 0x8-aligned claim at 0x00229520
0x0022952c	0x00229548	28	.bss	UNCLASSIFIED (.bss)	eligible	UNCLASSIFIED (.bss)		no oracle names this zero-fill run
0x00229554	0x00229558	4	.bss	padding / alignment (zero)	excluded	padding / alignment (zero)		slack below the 0x8-aligned claim at 0x00229558
0x00229564	0x00229568	4	.bss	padding / alignment (zero)	excluded	padding / alignment (zero)		slack below the 0x8-aligned claim at 0x00229568
0x00229574	0x00229578	4	.bss	padding / alignment (zero)	excluded	padding / alignment (zero)		slack below the 0x8-aligned claim at 0x00229578
0x00229584	0x00229588	4	.bss	padding / alignment (zero)	excluded	padding / alignment (zero)		slack below the 0x8-aligned claim at 0x00229588
0x00229594	0x00229598	4	.bss	padding / alignment (zero)	excluded	padding / alignment (zero)		slack below the 0x8-aligned claim at 0x00229598
0x002295a4	0x002295a8	4	.bss	padding / alignment (zero)	excluded	padding / alignment (zero)		slack below the 0x8-aligned claim at 0x002295a8
0x002295b4	0x002295b8	4	.bss	padding / alignment (zero)	excluded	padding / alignment (zero)		slack below the 0x8-aligned claim at 0x002295b8
0x002295c4	0x002295c8	4	.bss	padding / alignment (zero)	excluded	padding / alignment (zero)		slack below the 0x8-aligned claim at 0x002295c8
0x002295d4	0x002295d8	4	.bss	padding / alignment (zero)	excluded	padding / alignment (zero)		slack below the 0x8-aligned claim at 0x002295d8
0x002297f4	0x00229880	140	.bss	UNCLASSIFIED (.bss)	eligible	UNCLASSIFIED (.bss)		no oracle names this zero-fill run
0x0022988c	0x00229890	4	.bss	padding / alignment (zero)	excluded	padding / alignment (zero)		slack below the 0x8-aligned claim at 0x00229890
0x0022989c	0x002298a0	4	.bss	padding / alignment (zero)	excluded	padding / alignment (zero)		slack below the 0x8-aligned claim at 0x002298a0
0x002298ac	0x002298b0	4	.bss	padding / alignment (zero)	excluded	padding / alignment (zero)		slack below the 0x8-aligned claim at 0x002298b0
0x002298bc	0x002298c0	4	.bss	padding / alignment (zero)	excluded	padding / alignment (zero)		slack below the 0x8-aligned claim at 0x002298c0
0x002298cc	0x002298d0	4	.bss	padding / alignment (zero)	excluded	padding / alignment (zero)		slack below the 0x8-aligned claim at 0x002298d0
0x002298dc	0x002298e0	4	.bss	padding / alignment (zero)	excluded	padding / alignment (zero)		slack below the 0x8-aligned claim at 0x002298e0
0x002298ec	0x002298f0	4	.bss	padding / alignment (zero)	excluded	padding / alignment (zero)		slack below the 0x8-aligned claim at 0x002298f0
0x002298fc	0x00229900	4	.bss	padding / alignment (zero)	excluded	padding / alignment (zero)		slack below the 0x8-aligned claim at 0x00229900
0x00229910	0x00229930	32	.bss	UNCLASSIFIED (.bss)	eligible	UNCLASSIFIED (.bss)		no oracle names this zero-fill run
0x002299cc	0x002299d0	4	.bss	padding / alignment (zero)	excluded	padding / alignment (zero)		slack below the 0x8-aligned claim at 0x002299d0
0x002299dc	0x002299e0	4	.bss	padding / alignment (zero)	excluded	padding / alignment (zero)		slack below the 0x8-aligned claim at 0x002299e0
0x002299ec	0x002299f0	4	.bss	padding / alignment (zero)	excluded	padding / alignment (zero)		slack below the 0x8-aligned claim at 0x002299f0
0x002299fc	0x00229a00	4	.bss	padding / alignment (zero)	excluded	padding / alignment (zero)		slack below the 0x8-aligned claim at 0x00229a00
0x00229a0c	0x00229a10	4	.bss	padding / alignment (zero)	excluded	padding / alignment (zero)		slack below the 0x8-aligned claim at 0x00229a10
0x00229a1c	0x00229a20	4	.bss	padding / alignment (zero)	excluded	padding / alignment (zero)		slack below the 0x8-aligned claim at 0x00229a20
0x00229a2c	0x00229a30	4	.bss	padding / alignment (zero)	excluded	padding / alignment (zero)		slack below the 0x8-aligned claim at 0x00229a30
0x00229a3c	0x00229a40	4	.bss	padding / alignment (zero)	excluded	padding / alignment (zero)		slack below the 0x8-aligned claim at 0x00229a40
0x00229a4c	0x00229a50	4	.bss	padding / alignment (zero)	excluded	padding / alignment (zero)		slack below the 0x8-aligned claim at 0x00229a50
0x00229ad4	0x00229b28	84	.bss	UNCLASSIFIED (.bss)	eligible	UNCLASSIFIED (.bss)		no oracle names this zero-fill run
0x00229b34	0x00229b38	4	.bss	padding / alignment (zero)	excluded	padding / alignment (zero)		slack below the 0x8-aligned claim at 0x00229b38
0x00229b44	0x00229b48	4	.bss	padding / alignment (zero)	excluded	padding / alignment (zero)		slack below the 0x8-aligned claim at 0x00229b48
0x00229b54	0x00229b58	4	.bss	padding / alignment (zero)	excluded	padding / alignment (zero)		slack below the 0x8-aligned claim at 0x00229b58
0x00229b64	0x00229b68	4	.bss	padding / alignment (zero)	excluded	padding / alignment (zero)		slack below the 0x8-aligned claim at 0x00229b68
0x00229b74	0x00229b78	4	.bss	padding / alignment (zero)	excluded	padding / alignment (zero)		slack below the 0x8-aligned claim at 0x00229b78
0x00229b84	0x00229b88	4	.bss	padding / alignment (zero)	excluded	padding / alignment (zero)		slack below the 0x8-aligned claim at 0x00229b88
0x00229b94	0x00229b98	4	.bss	padding / alignment (zero)	excluded	padding / alignment (zero)		slack below the 0x8-aligned claim at 0x00229b98
0x00229ba4	0x00229ba8	4	.bss	padding / alignment (zero)	excluded	padding / alignment (zero)		slack below the 0x8-aligned claim at 0x00229ba8
0x00229bb4	0x00229c50	156	.bss	UNCLASSIFIED (.bss)	eligible	UNCLASSIFIED (.bss)		no oracle names this zero-fill run
0x00229c6c	0x00229c70	4	.bss	padding / alignment (zero)	excluded	padding / alignment (zero)		slack below the 0x8-aligned claim at 0x00229c70
0x00229c7c	0x00229c80	4	.bss	padding / alignment (zero)	excluded	padding / alignment (zero)		slack below the 0x8-aligned claim at 0x00229c80
0x00229c8c	0x00229c90	4	.bss	padding / alignment (zero)	excluded	padding / alignment (zero)		slack below the 0x8-aligned claim at 0x00229c90
0x00229c9c	0x00229ca0	4	.bss	padding / alignment (zero)	excluded	padding / alignment (zero)		slack below the 0x8-aligned claim at 0x00229ca0
0x00229cac	0x00229cb0	4	.bss	padding / alignment (zero)	excluded	padding / alignment (zero)		slack below the 0x8-aligned claim at 0x00229cb0
0x00229cbc	0x00229cc0	4	.bss	padding / alignment (zero)	excluded	padding / alignment (zero)		slack below the 0x8-aligned claim at 0x00229cc0
0x00229ccc	0x00229cd0	4	.bss	padding / alignment (zero)	excluded	padding / alignment (zero)		slack below the 0x8-aligned claim at 0x00229cd0
0x00229cdc	0x00229ce0	4	.bss	padding / alignment (zero)	excluded	padding / alignment (zero)		slack below the 0x8-aligned claim at 0x00229ce0
0x00229cec	0x00229cf0	4	.bss	padding / alignment (zero)	excluded	padding / alignment (zero)		slack below the 0x8-aligned claim at 0x00229cf0
0x00229d18	0x00229d60	72	.bss	UNCLASSIFIED (.bss)	eligible	UNCLASSIFIED (.bss)		no oracle names this zero-fill run
0x00229d6c	0x00229d70	4	.bss	padding / alignment (zero)	excluded	padding / alignment (zero)		slack below the 0x8-aligned claim at 0x00229d70
0x00229d7c	0x00229d80	4	.bss	padding / alignment (zero)	excluded	padding / alignment (zero)		slack below the 0x8-aligned claim at 0x00229d80
0x00229d8c	0x00229d90	4	.bss	padding / alignment (zero)	excluded	padding / alignment (zero)		slack below the 0x8-aligned claim at 0x00229d90
0x00229d9c	0x00229da0	4	.bss	padding / alignment (zero)	excluded	padding / alignment (zero)		slack below the 0x8-aligned claim at 0x00229da0
0x00229dac	0x00229db0	4	.bss	padding / alignment (zero)	excluded	padding / alignment (zero)		slack below the 0x8-aligned claim at 0x00229db0
0x00229dbc	0x00229dc0	4	.bss	padding / alignment (zero)	excluded	padding / alignment (zero)		slack below the 0x8-aligned claim at 0x00229dc0
0x00229dcc	0x00229dd0	4	.bss	padding / alignment (zero)	excluded	padding / alignment (zero)		slack below the 0x8-aligned claim at 0x00229dd0
0x00229ddc	0x00229de0	4	.bss	padding / alignment (zero)	excluded	padding / alignment (zero)		slack below the 0x8-aligned claim at 0x00229de0
0x00229dec	0x00229e08	28	.bss	UNCLASSIFIED (.bss)	eligible	UNCLASSIFIED (.bss)		no oracle names this zero-fill run
0x00229e14	0x00229e18	4	.bss	padding / alignment (zero)	excluded	padding / alignment (zero)		slack below the 0x8-aligned claim at 0x00229e18
0x00229e24	0x00229e28	4	.bss	padding / alignment (zero)	excluded	padding / alignment (zero)		slack below the 0x8-aligned claim at 0x00229e28
0x00229e34	0x00229e38	4	.bss	padding / alignment (zero)	excluded	padding / alignment (zero)		slack below the 0x8-aligned claim at 0x00229e38
0x00229e54	0x00229e58	4	.bss	padding / alignment (zero)	excluded	padding / alignment (zero)		slack below the 0x8-aligned claim at 0x00229e58
0x00229e64	0x00229e68	4	.bss	padding / alignment (zero)	excluded	padding / alignment (zero)		slack below the 0x8-aligned claim at 0x00229e68
0x00229e74	0x00229e78	4	.bss	padding / alignment (zero)	excluded	padding / alignment (zero)		slack below the 0x8-aligned claim at 0x00229e78
0x00229e84	0x00229e88	4	.bss	padding / alignment (zero)	excluded	padding / alignment (zero)		slack below the 0x8-aligned claim at 0x00229e88
0x00229e95	0x00229eb8	35	.bss	UNCLASSIFIED (.bss)	eligible	UNCLASSIFIED (.bss)		no oracle names this zero-fill run
0x00229ec4	0x00229ec8	4	.bss	padding / alignment (zero)	excluded	padding / alignment (zero)		slack below the 0x8-aligned claim at 0x00229ec8
0x00229ed4	0x00229ed8	4	.bss	padding / alignment (zero)	excluded	padding / alignment (zero)		slack below the 0x8-aligned claim at 0x00229ed8
0x00229ee4	0x00229ee8	4	.bss	padding / alignment (zero)	excluded	padding / alignment (zero)		slack below the 0x8-aligned claim at 0x00229ee8
0x00229ef4	0x00229ef8	4	.bss	padding / alignment (zero)	excluded	padding / alignment (zero)		slack below the 0x8-aligned claim at 0x00229ef8
0x00229f19	0x00229f20	7	.bss	padding / alignment (zero)	excluded	padding / alignment (zero)		slack below the 0x8-aligned claim at 0x00229f20
0x00229f2c	0x00229f30	4	.bss	padding / alignment (zero)	excluded	padding / alignment (zero)		slack below the 0x8-aligned claim at 0x00229f30
0x0022aedc	0x0022aee0	4	.bss	padding / alignment (zero)	excluded	padding / alignment (zero)		slack below the 0x8-aligned claim at 0x0022aee0
0x0022aeec	0x0022aef0	4	.bss	padding / alignment (zero)	excluded	padding / alignment (zero)		slack below the 0x8-aligned claim at 0x0022aef0
0x0022aefc	0x0022af00	4	.bss	padding / alignment (zero)	excluded	padding / alignment (zero)		slack below the 0x8-aligned claim at 0x0022af00
0x0022af14	0x0022b25c	840	.bss	UNCLASSIFIED (.bss)	eligible	UNCLASSIFIED (.bss)		no oracle names this zero-fill run
0x0022b25d	0x0022b2e0	131	.bss	UNCLASSIFIED (.bss)	eligible	UNCLASSIFIED (.bss)		no oracle names this zero-fill run
0x0022b2ec	0x0022b2f0	4	.bss	padding / alignment (zero)	excluded	padding / alignment (zero)		slack below the 0x8-aligned claim at 0x0022b2f0
0x0022b2fc	0x0022b300	4	.bss	padding / alignment (zero)	excluded	padding / alignment (zero)		slack below the 0x8-aligned claim at 0x0022b300
0x0022b30c	0x0022b310	4	.bss	padding / alignment (zero)	excluded	padding / alignment (zero)		slack below the 0x8-aligned claim at 0x0022b310
0x0022b31c	0x0022b320	4	.bss	padding / alignment (zero)	excluded	padding / alignment (zero)		slack below the 0x8-aligned claim at 0x0022b320
0x0022b32c	0x0022b330	4	.bss	padding / alignment (zero)	excluded	padding / alignment (zero)		slack below the 0x8-aligned claim at 0x0022b330
0x0022b33c	0x0022b340	4	.bss	padding / alignment (zero)	excluded	padding / alignment (zero)		slack below the 0x8-aligned claim at 0x0022b340
0x0022b34c	0x0022b350	4	.bss	padding / alignment (zero)	excluded	padding / alignment (zero)		slack below the 0x8-aligned claim at 0x0022b350
0x0022b35c	0x0022b360	4	.bss	padding / alignment (zero)	excluded	padding / alignment (zero)		slack below the 0x8-aligned claim at 0x0022b360
0x0022b36c	0x0022b3a8	60	.bss	UNCLASSIFIED (.bss)	eligible	UNCLASSIFIED (.bss)		no oracle names this zero-fill run
0x0022b3b4	0x0022b3b8	4	.bss	padding / alignment (zero)	excluded	padding / alignment (zero)		slack below the 0x8-aligned claim at 0x0022b3b8
0x0022b3c4	0x0022b3c8	4	.bss	padding / alignment (zero)	excluded	padding / alignment (zero)		slack below the 0x8-aligned claim at 0x0022b3c8
0x0022b3d4	0x0022b3d8	4	.bss	padding / alignment (zero)	excluded	padding / alignment (zero)		slack below the 0x8-aligned claim at 0x0022b3d8
0x0022b3e4	0x0022b3e8	4	.bss	padding / alignment (zero)	excluded	padding / alignment (zero)		slack below the 0x8-aligned claim at 0x0022b3e8
0x0022b3f4	0x0022b3f8	4	.bss	padding / alignment (zero)	excluded	padding / alignment (zero)		slack below the 0x8-aligned claim at 0x0022b3f8
0x0022b404	0x0022b408	4	.bss	padding / alignment (zero)	excluded	padding / alignment (zero)		slack below the 0x8-aligned claim at 0x0022b408
0x0022b414	0x0022b418	4	.bss	padding / alignment (zero)	excluded	padding / alignment (zero)		slack below the 0x8-aligned claim at 0x0022b418
0x0022b424	0x0022b428	4	.bss	padding / alignment (zero)	excluded	padding / alignment (zero)		slack below the 0x8-aligned claim at 0x0022b428
0x0022b440	0x0022b460	32	.bss	UNCLASSIFIED (.bss)	eligible	UNCLASSIFIED (.bss)		no oracle names this zero-fill run
0x0022b46c	0x0022b470	4	.bss	padding / alignment (zero)	excluded	padding / alignment (zero)		slack below the 0x8-aligned claim at 0x0022b470
0x0022b47c	0x0022b480	4	.bss	padding / alignment (zero)	excluded	padding / alignment (zero)		slack below the 0x8-aligned claim at 0x0022b480
0x0022b48c	0x0022b490	4	.bss	padding / alignment (zero)	excluded	padding / alignment (zero)		slack below the 0x8-aligned claim at 0x0022b490
0x0022b49c	0x0022b4a0	4	.bss	padding / alignment (zero)	excluded	padding / alignment (zero)		slack below the 0x8-aligned claim at 0x0022b4a0
0x0022b4ac	0x0022b4b0	4	.bss	padding / alignment (zero)	excluded	padding / alignment (zero)		slack below the 0x8-aligned claim at 0x0022b4b0
0x0022b4bc	0x0022b4c0	4	.bss	padding / alignment (zero)	excluded	padding / alignment (zero)		slack below the 0x8-aligned claim at 0x0022b4c0
0x0022b4cc	0x0022b4d0	4	.bss	padding / alignment (zero)	excluded	padding / alignment (zero)		slack below the 0x8-aligned claim at 0x0022b4d0
0x0022b4dc	0x0022b4e0	4	.bss	padding / alignment (zero)	excluded	padding / alignment (zero)		slack below the 0x8-aligned claim at 0x0022b4e0
0x0022b4ec	0x0022b590	164	.bss	UNCLASSIFIED (.bss)	eligible	UNCLASSIFIED (.bss)		no oracle names this zero-fill run
0x0022b59c	0x0022b5a0	4	.bss	padding / alignment (zero)	excluded	padding / alignment (zero)		slack below the 0x8-aligned claim at 0x0022b5a0
0x0022b5ac	0x0022b5b0	4	.bss	padding / alignment (zero)	excluded	padding / alignment (zero)		slack below the 0x8-aligned claim at 0x0022b5b0
0x0022b5bc	0x0022b5c0	4	.bss	padding / alignment (zero)	excluded	padding / alignment (zero)		slack below the 0x8-aligned claim at 0x0022b5c0
0x0022b5cc	0x0022b5d0	4	.bss	padding / alignment (zero)	excluded	padding / alignment (zero)		slack below the 0x8-aligned claim at 0x0022b5d0
0x0022b5ec	0x0022b5f0	4	.bss	padding / alignment (zero)	excluded	padding / alignment (zero)		slack below the 0x8-aligned claim at 0x0022b5f0
0x0022b5fc	0x0022b600	4	.bss	padding / alignment (zero)	excluded	padding / alignment (zero)		slack below the 0x8-aligned claim at 0x0022b600
0x0022b60c	0x0022b610	4	.bss	padding / alignment (zero)	excluded	padding / alignment (zero)		slack below the 0x8-aligned claim at 0x0022b610
0x0022b61c	0x0022b620	4	.bss	padding / alignment (zero)	excluded	padding / alignment (zero)		slack below the 0x8-aligned claim at 0x0022b620
0x0022b62c	0x0022b630	4	.bss	padding / alignment (zero)	excluded	padding / alignment (zero)		slack below the 0x8-aligned claim at 0x0022b630
0x0022b63c	0x0022b640	4	.bss	padding / alignment (zero)	excluded	padding / alignment (zero)		slack below the 0x8-aligned claim at 0x0022b640
0x0022b65c	0x0022b6a0	68	.bss	UNCLASSIFIED (.bss)	eligible	UNCLASSIFIED (.bss)		no oracle names this zero-fill run
0x0022b6ac	0x0022b6b0	4	.bss	padding / alignment (zero)	excluded	padding / alignment (zero)		slack below the 0x8-aligned claim at 0x0022b6b0
0x0022b6bc	0x0022b6c0	4	.bss	padding / alignment (zero)	excluded	padding / alignment (zero)		slack below the 0x8-aligned claim at 0x0022b6c0
0x0022b6cc	0x0022b6d0	4	.bss	padding / alignment (zero)	excluded	padding / alignment (zero)		slack below the 0x8-aligned claim at 0x0022b6d0
0x0022b6ec	0x0022b6f0	4	.bss	padding / alignment (zero)	excluded	padding / alignment (zero)		slack below the 0x8-aligned claim at 0x0022b6f0
0x0022b6fc	0x0022b700	4	.bss	padding / alignment (zero)	excluded	padding / alignment (zero)		slack below the 0x8-aligned claim at 0x0022b700
0x0022b70c	0x0022b710	4	.bss	padding / alignment (zero)	excluded	padding / alignment (zero)		slack below the 0x8-aligned claim at 0x0022b710
0x0022b71c	0x0022b720	4	.bss	padding / alignment (zero)	excluded	padding / alignment (zero)		slack below the 0x8-aligned claim at 0x0022b720
0x0022b72c	0x0022b730	4	.bss	UNCLASSIFIED (.bss)	eligible	UNCLASSIFIED (.bss)		no oracle names this zero-fill run
0x0022b73c	0x0022b760	36	.bss	UNCLASSIFIED (.bss)	eligible	UNCLASSIFIED (.bss)		no oracle names this zero-fill run
0x0022b76c	0x0022b770	4	.bss	padding / alignment (zero)	excluded	padding / alignment (zero)		slack below the 0x8-aligned claim at 0x0022b770
0x0022b77c	0x0022b780	4	.bss	padding / alignment (zero)	excluded	padding / alignment (zero)		slack below the 0x8-aligned claim at 0x0022b780
0x0022b78c	0x0022b790	4	.bss	padding / alignment (zero)	excluded	padding / alignment (zero)		slack below the 0x8-aligned claim at 0x0022b790
0x0022b79c	0x0022b7a0	4	.bss	padding / alignment (zero)	excluded	padding / alignment (zero)		slack below the 0x8-aligned claim at 0x0022b7a0
0x0022b7ac	0x0022b7b0	4	.bss	padding / alignment (zero)	excluded	padding / alignment (zero)		slack below the 0x8-aligned claim at 0x0022b7b0
0x0022b7bc	0x0022b7c0	4	.bss	padding / alignment (zero)	excluded	padding / alignment (zero)		slack below the 0x8-aligned claim at 0x0022b7c0
0x0022b7cc	0x0022b7d0	4	.bss	padding / alignment (zero)	excluded	padding / alignment (zero)		slack below the 0x8-aligned claim at 0x0022b7d0
0x0022b7dc	0x0022b7e0	4	.bss	padding / alignment (zero)	excluded	padding / alignment (zero)		slack below the 0x8-aligned claim at 0x0022b7e0
0x0022b7f0	0x0022b810	32	.bss	UNCLASSIFIED (.bss)	eligible	UNCLASSIFIED (.bss)		no oracle names this zero-fill run
0x0022b81c	0x0022b820	4	.bss	padding / alignment (zero)	excluded	padding / alignment (zero)		slack below the 0x8-aligned claim at 0x0022b820
0x0022b82c	0x0022b830	4	.bss	padding / alignment (zero)	excluded	padding / alignment (zero)		slack below the 0x8-aligned claim at 0x0022b830
0x0022b83c	0x0022b840	4	.bss	padding / alignment (zero)	excluded	padding / alignment (zero)		slack below the 0x8-aligned claim at 0x0022b840
0x0022b84c	0x0022b850	4	.bss	padding / alignment (zero)	excluded	padding / alignment (zero)		slack below the 0x8-aligned claim at 0x0022b850
0x0022b85c	0x0022b860	4	.bss	padding / alignment (zero)	excluded	padding / alignment (zero)		slack below the 0x8-aligned claim at 0x0022b860
0x0022b86c	0x0022b870	4	.bss	padding / alignment (zero)	excluded	padding / alignment (zero)		slack below the 0x8-aligned claim at 0x0022b870
0x0022b87c	0x0022b880	4	.bss	padding / alignment (zero)	excluded	padding / alignment (zero)		slack below the 0x8-aligned claim at 0x0022b880
0x0022b88c	0x0022b890	4	.bss	padding / alignment (zero)	excluded	padding / alignment (zero)		slack below the 0x8-aligned claim at 0x0022b890
0x0022b89c	0x0022b8b8	28	.bss	UNCLASSIFIED (.bss)	eligible	UNCLASSIFIED (.bss)		no oracle names this zero-fill run
0x0022b8c4	0x0022b8c8	4	.bss	padding / alignment (zero)	excluded	padding / alignment (zero)		slack below the 0x8-aligned claim at 0x0022b8c8
0x0022b8d4	0x0022b8d8	4	.bss	padding / alignment (zero)	excluded	padding / alignment (zero)		slack below the 0x8-aligned claim at 0x0022b8d8
0x0022b8e4	0x0022b8e8	4	.bss	padding / alignment (zero)	excluded	padding / alignment (zero)		slack below the 0x8-aligned claim at 0x0022b8e8
0x0022b8f4	0x0022b8f8	4	.bss	padding / alignment (zero)	excluded	padding / alignment (zero)		slack below the 0x8-aligned claim at 0x0022b8f8
0x0022b904	0x0022b908	4	.bss	padding / alignment (zero)	excluded	padding / alignment (zero)		slack below the 0x8-aligned claim at 0x0022b908
0x0022b914	0x0022b918	4	.bss	padding / alignment (zero)	excluded	padding / alignment (zero)		slack below the 0x8-aligned claim at 0x0022b918
0x0022b924	0x0022b928	4	.bss	padding / alignment (zero)	excluded	padding / alignment (zero)		slack below the 0x8-aligned claim at 0x0022b928
0x0022b934	0x0022b938	4	.bss	padding / alignment (zero)	excluded	padding / alignment (zero)		slack below the 0x8-aligned claim at 0x0022b938
0x0022b944	0x0022b960	28	.bss	UNCLASSIFIED (.bss)	eligible	UNCLASSIFIED (.bss)		no oracle names this zero-fill run
0x0022b96c	0x0022b970	4	.bss	padding / alignment (zero)	excluded	padding / alignment (zero)		slack below the 0x8-aligned claim at 0x0022b970
0x0022b97c	0x0022b980	4	.bss	padding / alignment (zero)	excluded	padding / alignment (zero)		slack below the 0x8-aligned claim at 0x0022b980
0x0022b98c	0x0022b990	4	.bss	padding / alignment (zero)	excluded	padding / alignment (zero)		slack below the 0x8-aligned claim at 0x0022b990
0x0022b99c	0x0022b9a0	4	.bss	padding / alignment (zero)	excluded	padding / alignment (zero)		slack below the 0x8-aligned claim at 0x0022b9a0
0x0022b9ac	0x0022b9b0	4	.bss	padding / alignment (zero)	excluded	padding / alignment (zero)		slack below the 0x8-aligned claim at 0x0022b9b0
0x0022b9bc	0x0022b9c0	4	.bss	padding / alignment (zero)	excluded	padding / alignment (zero)		slack below the 0x8-aligned claim at 0x0022b9c0
0x0022b9cc	0x0022b9d0	4	.bss	padding / alignment (zero)	excluded	padding / alignment (zero)		slack below the 0x8-aligned claim at 0x0022b9d0
0x0022b9dc	0x0022b9e0	4	.bss	padding / alignment (zero)	excluded	padding / alignment (zero)		slack below the 0x8-aligned claim at 0x0022b9e0
0x0022b9ec	0x0022ba08	28	.bss	UNCLASSIFIED (.bss)	eligible	UNCLASSIFIED (.bss)		no oracle names this zero-fill run
0x0022ba14	0x0022ba18	4	.bss	padding / alignment (zero)	excluded	padding / alignment (zero)		slack below the 0x8-aligned claim at 0x0022ba18
0x0022ba24	0x0022ba28	4	.bss	padding / alignment (zero)	excluded	padding / alignment (zero)		slack below the 0x8-aligned claim at 0x0022ba28
0x0022ba34	0x0022ba38	4	.bss	padding / alignment (zero)	excluded	padding / alignment (zero)		slack below the 0x8-aligned claim at 0x0022ba38
0x0022ba44	0x0022ba48	4	.bss	padding / alignment (zero)	excluded	padding / alignment (zero)		slack below the 0x8-aligned claim at 0x0022ba48
0x0022ba54	0x0022ba58	4	.bss	padding / alignment (zero)	excluded	padding / alignment (zero)		slack below the 0x8-aligned claim at 0x0022ba58
0x0022ba64	0x0022ba68	4	.bss	padding / alignment (zero)	excluded	padding / alignment (zero)		slack below the 0x8-aligned claim at 0x0022ba68
0x0022ba74	0x0022ba78	4	.bss	padding / alignment (zero)	excluded	padding / alignment (zero)		slack below the 0x8-aligned claim at 0x0022ba78
0x0022ba84	0x0022ba88	4	.bss	padding / alignment (zero)	excluded	padding / alignment (zero)		slack below the 0x8-aligned claim at 0x0022ba88
0x0022ba94	0x0022bab0	28	.bss	UNCLASSIFIED (.bss)	eligible	UNCLASSIFIED (.bss)		no oracle names this zero-fill run
0x0022babc	0x0022bac0	4	.bss	padding / alignment (zero)	excluded	padding / alignment (zero)		slack below the 0x8-aligned claim at 0x0022bac0
0x0022bacc	0x0022bad0	4	.bss	padding / alignment (zero)	excluded	padding / alignment (zero)		slack below the 0x8-aligned claim at 0x0022bad0
0x0022badc	0x0022bae0	4	.bss	padding / alignment (zero)	excluded	padding / alignment (zero)		slack below the 0x8-aligned claim at 0x0022bae0
0x0022baec	0x0022baf0	4	.bss	padding / alignment (zero)	excluded	padding / alignment (zero)		slack below the 0x8-aligned claim at 0x0022baf0
0x0022bafc	0x0022bb00	4	.bss	padding / alignment (zero)	excluded	padding / alignment (zero)		slack below the 0x8-aligned claim at 0x0022bb00
0x0022bb0c	0x0022bb10	4	.bss	padding / alignment (zero)	excluded	padding / alignment (zero)		slack below the 0x8-aligned claim at 0x0022bb10
0x0022bb1c	0x0022bb20	4	.bss	padding / alignment (zero)	excluded	padding / alignment (zero)		slack below the 0x8-aligned claim at 0x0022bb20
0x0022bb2c	0x0022bb30	4	.bss	padding / alignment (zero)	excluded	padding / alignment (zero)		slack below the 0x8-aligned claim at 0x0022bb30
0x0022bb3c	0x0022bb58	28	.bss	UNCLASSIFIED (.bss)	eligible	UNCLASSIFIED (.bss)		no oracle names this zero-fill run
0x0022bb64	0x0022bb68	4	.bss	padding / alignment (zero)	excluded	padding / alignment (zero)		slack below the 0x8-aligned claim at 0x0022bb68
0x0022bb74	0x0022bb78	4	.bss	padding / alignment (zero)	excluded	padding / alignment (zero)		slack below the 0x8-aligned claim at 0x0022bb78
0x0022bb84	0x0022bb88	4	.bss	padding / alignment (zero)	excluded	padding / alignment (zero)		slack below the 0x8-aligned claim at 0x0022bb88
0x0022bb94	0x0022bb98	4	.bss	padding / alignment (zero)	excluded	padding / alignment (zero)		slack below the 0x8-aligned claim at 0x0022bb98
0x0022bba4	0x0022bba8	4	.bss	padding / alignment (zero)	excluded	padding / alignment (zero)		slack below the 0x8-aligned claim at 0x0022bba8
0x0022bbb4	0x0022bbb8	4	.bss	padding / alignment (zero)	excluded	padding / alignment (zero)		slack below the 0x8-aligned claim at 0x0022bbb8
0x0022bbc4	0x0022bbc8	4	.bss	padding / alignment (zero)	excluded	padding / alignment (zero)		slack below the 0x8-aligned claim at 0x0022bbc8
0x0022bbd4	0x0022bbd8	4	.bss	padding / alignment (zero)	excluded	padding / alignment (zero)		slack below the 0x8-aligned claim at 0x0022bbd8
0x0022bbe4	0x0022bc00	28	.bss	UNCLASSIFIED (.bss)	eligible	UNCLASSIFIED (.bss)		no oracle names this zero-fill run
0x0022bc0c	0x0022bc10	4	.bss	padding / alignment (zero)	excluded	padding / alignment (zero)		slack below the 0x8-aligned claim at 0x0022bc10
0x0022bc1c	0x0022bc20	4	.bss	padding / alignment (zero)	excluded	padding / alignment (zero)		slack below the 0x8-aligned claim at 0x0022bc20
0x0022bc2c	0x0022bc30	4	.bss	padding / alignment (zero)	excluded	padding / alignment (zero)		slack below the 0x8-aligned claim at 0x0022bc30
0x0022bc3c	0x0022bc40	4	.bss	padding / alignment (zero)	excluded	padding / alignment (zero)		slack below the 0x8-aligned claim at 0x0022bc40
0x0022bc4c	0x0022bc50	4	.bss	padding / alignment (zero)	excluded	padding / alignment (zero)		slack below the 0x8-aligned claim at 0x0022bc50
0x0022bc5c	0x0022bc60	4	.bss	padding / alignment (zero)	excluded	padding / alignment (zero)		slack below the 0x8-aligned claim at 0x0022bc60
0x0022bc6c	0x0022bc70	4	.bss	padding / alignment (zero)	excluded	padding / alignment (zero)		slack below the 0x8-aligned claim at 0x0022bc70
0x0022bc7c	0x0022bc80	4	.bss	padding / alignment (zero)	excluded	padding / alignment (zero)		slack below the 0x8-aligned claim at 0x0022bc80
0x0022bc8c	0x0022bd28	156	.bss	UNCLASSIFIED (.bss)	eligible	UNCLASSIFIED (.bss)		no oracle names this zero-fill run
0x0022bd34	0x0022bd38	4	.bss	padding / alignment (zero)	excluded	padding / alignment (zero)		slack below the 0x8-aligned claim at 0x0022bd38
0x0022bd44	0x0022bd48	4	.bss	padding / alignment (zero)	excluded	padding / alignment (zero)		slack below the 0x8-aligned claim at 0x0022bd48
0x0022bd54	0x0022bd58	4	.bss	padding / alignment (zero)	excluded	padding / alignment (zero)		slack below the 0x8-aligned claim at 0x0022bd58
0x0022bd74	0x0022bd78	4	.bss	padding / alignment (zero)	excluded	padding / alignment (zero)		slack below the 0x8-aligned claim at 0x0022bd78
0x0022bd94	0x0022bd98	4	.bss	padding / alignment (zero)	excluded	padding / alignment (zero)		slack below the 0x8-aligned claim at 0x0022bd98
0x0022bda4	0x0022bda8	4	.bss	padding / alignment (zero)	excluded	padding / alignment (zero)		slack below the 0x8-aligned claim at 0x0022bda8
0x0022bdb4	0x0022bdb8	4	.bss	padding / alignment (zero)	excluded	padding / alignment (zero)		slack below the 0x8-aligned claim at 0x0022bdb8
0x0022bdf8	0x0022be40	72	.bss	UNCLASSIFIED (.bss)	eligible	UNCLASSIFIED (.bss)		no oracle names this zero-fill run
0x0022be4c	0x0022be50	4	.bss	padding / alignment (zero)	excluded	padding / alignment (zero)		slack below the 0x8-aligned claim at 0x0022be50
0x0022be5c	0x0022be60	4	.bss	padding / alignment (zero)	excluded	padding / alignment (zero)		slack below the 0x8-aligned claim at 0x0022be60
0x0022be6c	0x0022be70	4	.bss	padding / alignment (zero)	excluded	padding / alignment (zero)		slack below the 0x8-aligned claim at 0x0022be70
0x0022be7c	0x0022be80	4	.bss	padding / alignment (zero)	excluded	padding / alignment (zero)		slack below the 0x8-aligned claim at 0x0022be80
0x0022be8c	0x0022be90	4	.bss	padding / alignment (zero)	excluded	padding / alignment (zero)		slack below the 0x8-aligned claim at 0x0022be90
0x0022be9c	0x0022bea0	4	.bss	padding / alignment (zero)	excluded	padding / alignment (zero)		slack below the 0x8-aligned claim at 0x0022bea0
0x0022beac	0x0022beb0	4	.bss	padding / alignment (zero)	excluded	padding / alignment (zero)		slack below the 0x8-aligned claim at 0x0022beb0
0x0022bebc	0x0022bec0	4	.bss	padding / alignment (zero)	excluded	padding / alignment (zero)		slack below the 0x8-aligned claim at 0x0022bec0
0x0022becc	0x0022bee8	28	.bss	UNCLASSIFIED (.bss)	eligible	UNCLASSIFIED (.bss)		no oracle names this zero-fill run
0x0022bef4	0x0022bef8	4	.bss	padding / alignment (zero)	excluded	padding / alignment (zero)		slack below the 0x8-aligned claim at 0x0022bef8
0x0022bf04	0x0022bf08	4	.bss	padding / alignment (zero)	excluded	padding / alignment (zero)		slack below the 0x8-aligned claim at 0x0022bf08
0x0022bf14	0x0022bf18	4	.bss	padding / alignment (zero)	excluded	padding / alignment (zero)		slack below the 0x8-aligned claim at 0x0022bf18
0x0022bf24	0x0022bf28	4	.bss	padding / alignment (zero)	excluded	padding / alignment (zero)		slack below the 0x8-aligned claim at 0x0022bf28
0x0022bf34	0x0022bf38	4	.bss	padding / alignment (zero)	excluded	padding / alignment (zero)		slack below the 0x8-aligned claim at 0x0022bf38
0x0022bf44	0x0022bf48	4	.bss	padding / alignment (zero)	excluded	padding / alignment (zero)		slack below the 0x8-aligned claim at 0x0022bf48
0x0022bf54	0x0022bf58	4	.bss	padding / alignment (zero)	excluded	padding / alignment (zero)		slack below the 0x8-aligned claim at 0x0022bf58
0x0022bf64	0x0022bf68	4	.bss	padding / alignment (zero)	excluded	padding / alignment (zero)		slack below the 0x8-aligned claim at 0x0022bf68
0x0022bf78	0x0022bfa0	40	.bss	UNCLASSIFIED (.bss)	eligible	UNCLASSIFIED (.bss)		no oracle names this zero-fill run
0x0022bfc4	0x0022bfd0	12	.bss	UNCLASSIFIED (.bss)	eligible	UNCLASSIFIED (.bss)		no oracle names this zero-fill run
0x0022bfdc	0x0022bfe0	4	.bss	padding / alignment (zero)	excluded	padding / alignment (zero)		slack below the 0x8-aligned claim at 0x0022bfe0
0x0022bfec	0x0022bff0	4	.bss	padding / alignment (zero)	excluded	padding / alignment (zero)		slack below the 0x8-aligned claim at 0x0022bff0
0x0022bffc	0x0022c000	4	.bss	padding / alignment (zero)	excluded	padding / alignment (zero)		slack below the 0x8-aligned claim at 0x0022c000
0x0022c00c	0x0022c010	4	.bss	game-visible unenrolled data	eligible	padding / alignment (zero)	direct game/compiler code (1)	slack below the 0x8-aligned claim at 0x0022c010
0x0022c21c	0x0022c220	4	.bss	padding / alignment (zero)	excluded	padding / alignment (zero)		slack below the 0x8-aligned claim at 0x0022c220
0x0022c22c	0x0022c230	4	.bss	padding / alignment (zero)	excluded	padding / alignment (zero)		slack below the 0x8-aligned claim at 0x0022c230
0x0022c23c	0x0022c240	4	.bss	padding / alignment (zero)	excluded	padding / alignment (zero)		slack below the 0x8-aligned claim at 0x0022c240
0x0022c24c	0x0022c250	4	.bss	padding / alignment (zero)	excluded	padding / alignment (zero)		slack below the 0x8-aligned claim at 0x0022c250
0x0022c278	0x0022c300	136	.bss	UNCLASSIFIED (.bss)	eligible	UNCLASSIFIED (.bss)		no oracle names this zero-fill run
0x0022c30c	0x0022c310	4	.bss	padding / alignment (zero)	excluded	padding / alignment (zero)		slack below the 0x8-aligned claim at 0x0022c310
0x0022c31c	0x0022c320	4	.bss	padding / alignment (zero)	excluded	padding / alignment (zero)		slack below the 0x8-aligned claim at 0x0022c320
0x0022c32c	0x0022c330	4	.bss	padding / alignment (zero)	excluded	padding / alignment (zero)		slack below the 0x8-aligned claim at 0x0022c330
0x0022c33c	0x0022c340	4	.bss	padding / alignment (zero)	excluded	padding / alignment (zero)		slack below the 0x8-aligned claim at 0x0022c340
0x0022c34c	0x0022c350	4	.bss	padding / alignment (zero)	excluded	padding / alignment (zero)		slack below the 0x8-aligned claim at 0x0022c350
0x0022c35c	0x0022c360	4	.bss	padding / alignment (zero)	excluded	padding / alignment (zero)		slack below the 0x8-aligned claim at 0x0022c360
0x0022c36c	0x0022c370	4	.bss	padding / alignment (zero)	excluded	padding / alignment (zero)		slack below the 0x8-aligned claim at 0x0022c370
0x0022c37c	0x0022c380	4	.bss	padding / alignment (zero)	excluded	padding / alignment (zero)		slack below the 0x8-aligned claim at 0x0022c380
0x0022c38c	0x0022c3a8	28	.bss	UNCLASSIFIED (.bss)	eligible	UNCLASSIFIED (.bss)		no oracle names this zero-fill run
0x0022c3b4	0x0022c3b8	4	.bss	padding / alignment (zero)	excluded	padding / alignment (zero)		slack below the 0x8-aligned claim at 0x0022c3b8
0x0022c3c4	0x0022c3c8	4	.bss	padding / alignment (zero)	excluded	padding / alignment (zero)		slack below the 0x8-aligned claim at 0x0022c3c8
0x0022c3d4	0x0022c3d8	4	.bss	padding / alignment (zero)	excluded	padding / alignment (zero)		slack below the 0x8-aligned claim at 0x0022c3d8
0x0022c3e4	0x0022c3e8	4	.bss	padding / alignment (zero)	excluded	padding / alignment (zero)		slack below the 0x8-aligned claim at 0x0022c3e8
0x0022c3f4	0x0022c3f8	4	.bss	padding / alignment (zero)	excluded	padding / alignment (zero)		slack below the 0x8-aligned claim at 0x0022c3f8
0x0022c404	0x0022c408	4	.bss	padding / alignment (zero)	excluded	padding / alignment (zero)		slack below the 0x8-aligned claim at 0x0022c408
0x0022c414	0x0022c418	4	.bss	padding / alignment (zero)	excluded	padding / alignment (zero)		slack below the 0x8-aligned claim at 0x0022c418
0x0022c424	0x0022c428	4	.bss	padding / alignment (zero)	excluded	padding / alignment (zero)		slack below the 0x8-aligned claim at 0x0022c428
0x0022c434	0x0022c450	28	.bss	UNCLASSIFIED (.bss)	eligible	UNCLASSIFIED (.bss)		no oracle names this zero-fill run
0x0022c454	0x0022c458	4	.bss	padding / alignment (zero)	excluded	padding / alignment (zero)		slack below the 0x8-aligned claim at 0x0022c458
0x0023c458	0x0023f790	13112	.bss	UNCLASSIFIED (.bss)	eligible	UNCLASSIFIED (.bss)		no oracle names this zero-fill run
0x00243794	0x002444f0	3420	.bss	UNCLASSIFIED (.bss)	eligible	UNCLASSIFIED (.bss)		no oracle names this zero-fill run
0x002444fc	0x00244504	8	.bss	UNCLASSIFIED (.bss)	eligible	UNCLASSIFIED (.bss)		no oracle names this zero-fill run
0x00244504	0x00244508	4	.bss	padding / alignment (zero)	excluded	padding / alignment (zero)		slack below the 0x8-aligned claim at 0x00244508
0x00244514	0x0024451c	8	.bss	UNCLASSIFIED (.bss)	eligible	UNCLASSIFIED (.bss)		no oracle names this zero-fill run
0x0024451c	0x00244520	4	.bss	padding / alignment (zero)	excluded	padding / alignment (zero)		slack below the 0x8-aligned claim at 0x00244520
0x0024452c	0x00244538	12	.bss	UNCLASSIFIED (.bss)	eligible	UNCLASSIFIED (.bss)		no oracle names this zero-fill run
0x00244544	0x00244548	4	.bss	padding / alignment (zero)	excluded	padding / alignment (zero)		slack below the 0x8-aligned claim at 0x00244548
0x00244554	0x00244558	4	.bss	padding / alignment (zero)	excluded	padding / alignment (zero)		slack below the 0x8-aligned claim at 0x00244558
0x00244564	0x00244568	4	.bss	padding / alignment (zero)	excluded	padding / alignment (zero)		slack below the 0x8-aligned claim at 0x00244568
0x00244574	0x00244578	4	.bss	padding / alignment (zero)	excluded	padding / alignment (zero)		slack below the 0x8-aligned claim at 0x00244578
0x00244584	0x00244588	4	.bss	padding / alignment (zero)	excluded	padding / alignment (zero)		slack below the 0x8-aligned claim at 0x00244588
0x00244594	0x00244598	4	.bss	padding / alignment (zero)	excluded	padding / alignment (zero)		slack below the 0x8-aligned claim at 0x00244598
0x002445bd	0x002445c0	3	.bss	padding / alignment (zero)	excluded	padding / alignment (zero)		slack below the 0x8-aligned claim at 0x002445c0
0x002445e4	0x002445e8	4	.bss	padding / alignment (zero)	excluded	padding / alignment (zero)		slack below the 0x8-aligned claim at 0x002445e8
0x0024460c	0x00244610	4	.bss	padding / alignment (zero)	excluded	padding / alignment (zero)		slack below the 0x8-aligned claim at 0x00244610
0x00244634	0x00244638	4	.bss	padding / alignment (zero)	excluded	padding / alignment (zero)		slack below the 0x8-aligned claim at 0x00244638
0x0024465c	0x00244660	4	.bss	padding / alignment (zero)	excluded	padding / alignment (zero)		slack below the 0x8-aligned claim at 0x00244660
0x00244684	0x00244688	4	.bss	padding / alignment (zero)	excluded	padding / alignment (zero)		slack below the 0x8-aligned claim at 0x00244688
0x002446ac	0x002446b0	4	.bss	padding / alignment (zero)	excluded	padding / alignment (zero)		slack below the 0x8-aligned claim at 0x002446b0
0x002446d4	0x002446d8	4	.bss	padding / alignment (zero)	excluded	padding / alignment (zero)		slack below the 0x8-aligned claim at 0x002446d8
0x00244724	0x002447b4	144	.bss	UNCLASSIFIED (.bss)	eligible	UNCLASSIFIED (.bss)		no oracle names this zero-fill run
0x002447b4	0x002447b8	4	.bss	padding / alignment (zero)	excluded	padding / alignment (zero)		slack below the 0x8-aligned claim at 0x002447b8
0x002447c4	0x002447c8	4	.bss	padding / alignment (zero)	excluded	padding / alignment (zero)		slack below the 0x8-aligned claim at 0x002447c8
0x002447d4	0x002447d8	4	.bss	padding / alignment (zero)	excluded	padding / alignment (zero)		slack below the 0x8-aligned claim at 0x002447d8
0x002447e4	0x002447e8	4	.bss	padding / alignment (zero)	excluded	padding / alignment (zero)		slack below the 0x8-aligned claim at 0x002447e8
0x002447f4	0x002447f8	4	.bss	padding / alignment (zero)	excluded	padding / alignment (zero)		slack below the 0x8-aligned claim at 0x002447f8
0x0024481c	0x00244820	4	.bss	padding / alignment (zero)	excluded	padding / alignment (zero)		slack below the 0x8-aligned claim at 0x00244820
0x0024482c	0x00244830	4	.bss	padding / alignment (zero)	excluded	padding / alignment (zero)		slack below the 0x8-aligned claim at 0x00244830
0x0024483c	0x00244840	4	.bss	padding / alignment (zero)	excluded	padding / alignment (zero)		slack below the 0x8-aligned claim at 0x00244840
0x0024484c	0x00244850	4	.bss	padding / alignment (zero)	excluded	padding / alignment (zero)		slack below the 0x8-aligned claim at 0x00244850
0x0024485c	0x00244860	4	.bss	padding / alignment (zero)	excluded	padding / alignment (zero)		slack below the 0x8-aligned claim at 0x00244860
0x0024486c	0x00244870	4	.bss	padding / alignment (zero)	excluded	padding / alignment (zero)		slack below the 0x8-aligned claim at 0x00244870
0x00244894	0x002448c8	52	.bss	UNCLASSIFIED (.bss)	eligible	UNCLASSIFIED (.bss)		no oracle names this zero-fill run
0x002448d4	0x002448d8	4	.bss	padding / alignment (zero)	excluded	padding / alignment (zero)		slack below the 0x8-aligned claim at 0x002448d8
0x002448e4	0x002448e8	4	.bss	padding / alignment (zero)	excluded	padding / alignment (zero)		slack below the 0x8-aligned claim at 0x002448e8
0x002448f4	0x002448f8	4	.bss	padding / alignment (zero)	excluded	padding / alignment (zero)		slack below the 0x8-aligned claim at 0x002448f8
0x00244904	0x00244908	4	.bss	padding / alignment (zero)	excluded	padding / alignment (zero)		slack below the 0x8-aligned claim at 0x00244908
0x00244914	0x00244918	4	.bss	padding / alignment (zero)	excluded	padding / alignment (zero)		slack below the 0x8-aligned claim at 0x00244918
0x00244924	0x00244928	4	.bss	padding / alignment (zero)	excluded	padding / alignment (zero)		slack below the 0x8-aligned claim at 0x00244928
0x00244934	0x00244938	4	.bss	padding / alignment (zero)	excluded	padding / alignment (zero)		slack below the 0x8-aligned claim at 0x00244938
0x00244944	0x00244948	4	.bss	padding / alignment (zero)	excluded	padding / alignment (zero)		slack below the 0x8-aligned claim at 0x00244948
0x00244954	0x00244970	28	.bss	UNCLASSIFIED (.bss)	eligible	UNCLASSIFIED (.bss)		no oracle names this zero-fill run
0x0024497c	0x00244980	4	.bss	padding / alignment (zero)	excluded	padding / alignment (zero)		slack below the 0x8-aligned claim at 0x00244980
0x0024498c	0x00244990	4	.bss	padding / alignment (zero)	excluded	padding / alignment (zero)		slack below the 0x8-aligned claim at 0x00244990
0x0024499c	0x002449a0	4	.bss	padding / alignment (zero)	excluded	padding / alignment (zero)		slack below the 0x8-aligned claim at 0x002449a0
0x002449ac	0x002449b0	4	.bss	padding / alignment (zero)	excluded	padding / alignment (zero)		slack below the 0x8-aligned claim at 0x002449b0
0x002449bc	0x002449c0	4	.bss	padding / alignment (zero)	excluded	padding / alignment (zero)		slack below the 0x8-aligned claim at 0x002449c0
0x002449cc	0x002449d0	4	.bss	padding / alignment (zero)	excluded	padding / alignment (zero)		slack below the 0x8-aligned claim at 0x002449d0
0x002449dc	0x002449e0	4	.bss	padding / alignment (zero)	excluded	padding / alignment (zero)		slack below the 0x8-aligned claim at 0x002449e0
0x002449ec	0x002449f0	4	.bss	padding / alignment (zero)	excluded	padding / alignment (zero)		slack below the 0x8-aligned claim at 0x002449f0
0x002449fc	0x00244aa0	164	.bss	UNCLASSIFIED (.bss)	eligible	UNCLASSIFIED (.bss)		no oracle names this zero-fill run
0x00244aac	0x00244ab0	4	.bss	padding / alignment (zero)	excluded	padding / alignment (zero)		slack below the 0x8-aligned claim at 0x00244ab0
0x00244abc	0x00244ac0	4	.bss	padding / alignment (zero)	excluded	padding / alignment (zero)		slack below the 0x8-aligned claim at 0x00244ac0
0x00244acc	0x00244ad0	4	.bss	padding / alignment (zero)	excluded	padding / alignment (zero)		slack below the 0x8-aligned claim at 0x00244ad0
0x00244adc	0x00244ae0	4	.bss	padding / alignment (zero)	excluded	padding / alignment (zero)		slack below the 0x8-aligned claim at 0x00244ae0
0x00244aec	0x00244af0	4	.bss	padding / alignment (zero)	excluded	padding / alignment (zero)		slack below the 0x8-aligned claim at 0x00244af0
0x00244b14	0x00244b18	4	.bss	padding / alignment (zero)	excluded	padding / alignment (zero)		slack below the 0x8-aligned claim at 0x00244b18
0x00244b24	0x00244b28	4	.bss	padding / alignment (zero)	excluded	padding / alignment (zero)		slack below the 0x8-aligned claim at 0x00244b28
0x00244b34	0x00244b38	4	.bss	padding / alignment (zero)	excluded	padding / alignment (zero)		slack below the 0x8-aligned claim at 0x00244b38
0x00244b44	0x00244b48	4	.bss	padding / alignment (zero)	excluded	padding / alignment (zero)		slack below the 0x8-aligned claim at 0x00244b48
0x00244b54	0x00244c18	196	.bss	UNCLASSIFIED (.bss)	eligible	UNCLASSIFIED (.bss)		no oracle names this zero-fill run
0x00244c24	0x00244c28	4	.bss	padding / alignment (zero)	excluded	padding / alignment (zero)		slack below the 0x8-aligned claim at 0x00244c28
0x00244c34	0x00244c38	4	.bss	padding / alignment (zero)	excluded	padding / alignment (zero)		slack below the 0x8-aligned claim at 0x00244c38
0x00244c44	0x00244c48	4	.bss	padding / alignment (zero)	excluded	padding / alignment (zero)		slack below the 0x8-aligned claim at 0x00244c48
0x00244c64	0x00244c68	4	.bss	padding / alignment (zero)	excluded	padding / alignment (zero)		slack below the 0x8-aligned claim at 0x00244c68
0x00244c74	0x00244c78	4	.bss	padding / alignment (zero)	excluded	padding / alignment (zero)		slack below the 0x8-aligned claim at 0x00244c78
0x00244c84	0x00244c88	4	.bss	padding / alignment (zero)	excluded	padding / alignment (zero)		slack below the 0x8-aligned claim at 0x00244c88
0x00244c94	0x00244c98	4	.bss	padding / alignment (zero)	excluded	padding / alignment (zero)		slack below the 0x8-aligned claim at 0x00244c98
0x00244ca8	0x00244ce4	60	.bss	UNCLASSIFIED (.bss)	eligible	UNCLASSIFIED (.bss)		no oracle names this zero-fill run
0x00244ce4	0x00244ce8	4	.bss	padding / alignment (zero)	excluded	padding / alignment (zero)		slack below the 0x8-aligned claim at 0x00244ce8
0x00244cf4	0x00244d00	12	.bss	UNCLASSIFIED (.bss)	eligible	UNCLASSIFIED (.bss)		no oracle names this zero-fill run
0x00244d0c	0x00244d10	4	.bss	padding / alignment (zero)	excluded	padding / alignment (zero)		slack below the 0x8-aligned claim at 0x00244d10
0x00244d1c	0x00244d20	4	.bss	padding / alignment (zero)	excluded	padding / alignment (zero)		slack below the 0x8-aligned claim at 0x00244d20
0x00244d2c	0x00244d30	4	.bss	padding / alignment (zero)	excluded	padding / alignment (zero)		slack below the 0x8-aligned claim at 0x00244d30
0x00244d54	0x00244d58	4	.bss	padding / alignment (zero)	excluded	padding / alignment (zero)		slack below the 0x8-aligned claim at 0x00244d58
0x00244d7c	0x00244d80	4	.bss	padding / alignment (zero)	excluded	padding / alignment (zero)		slack below the 0x8-aligned claim at 0x00244d80
0x00244da4	0x00244da8	4	.bss	padding / alignment (zero)	excluded	padding / alignment (zero)		slack below the 0x8-aligned claim at 0x00244da8
0x00244dcc	0x00244dd0	4	.bss	padding / alignment (zero)	excluded	padding / alignment (zero)		slack below the 0x8-aligned claim at 0x00244dd0
0x00244ddc	0x00244de0	4	.bss	padding / alignment (zero)	excluded	padding / alignment (zero)		slack below the 0x8-aligned claim at 0x00244de0
0x00244dec	0x00244df0	4	.bss	padding / alignment (zero)	excluded	padding / alignment (zero)		slack below the 0x8-aligned claim at 0x00244df0
0x00244dfc	0x00244e00	4	.bss	padding / alignment (zero)	excluded	padding / alignment (zero)		slack below the 0x8-aligned claim at 0x00244e00
0x00244e0c	0x00244e10	4	.bss	padding / alignment (zero)	excluded	padding / alignment (zero)		slack below the 0x8-aligned claim at 0x00244e10
0x00244e1c	0x00244e60	68	.bss	UNCLASSIFIED (.bss)	eligible	UNCLASSIFIED (.bss)		no oracle names this zero-fill run
0x00244e6c	0x00244e70	4	.bss	padding / alignment (zero)	excluded	padding / alignment (zero)		slack below the 0x8-aligned claim at 0x00244e70
0x00244e7c	0x00244e80	4	.bss	padding / alignment (zero)	excluded	padding / alignment (zero)		slack below the 0x8-aligned claim at 0x00244e80
0x00244e8c	0x00244e90	4	.bss	padding / alignment (zero)	excluded	padding / alignment (zero)		slack below the 0x8-aligned claim at 0x00244e90
0x00244e9c	0x00244ea0	4	.bss	padding / alignment (zero)	excluded	padding / alignment (zero)		slack below the 0x8-aligned claim at 0x00244ea0
0x00244fac	0x00244fb0	4	.bss	padding / alignment (zero)	excluded	padding / alignment (zero)		slack below the 0x8-aligned claim at 0x00244fb0
0x00244fbc	0x00244fc0	4	.bss	padding / alignment (zero)	excluded	padding / alignment (zero)		slack below the 0x8-aligned claim at 0x00244fc0
0x00244fcc	0x00244fd0	4	.bss	padding / alignment (zero)	excluded	padding / alignment (zero)		slack below the 0x8-aligned claim at 0x00244fd0
0x00244fdc	0x00244fe0	4	.bss	padding / alignment (zero)	excluded	padding / alignment (zero)		slack below the 0x8-aligned claim at 0x00244fe0
0x00244fec	0x00245040	84	.bss	UNCLASSIFIED (.bss)	eligible	UNCLASSIFIED (.bss)		no oracle names this zero-fill run
0x0024504c	0x00245050	4	.bss	padding / alignment (zero)	excluded	padding / alignment (zero)		slack below the 0x8-aligned claim at 0x00245050
0x0024505c	0x00245060	4	.bss	padding / alignment (zero)	excluded	padding / alignment (zero)		slack below the 0x8-aligned claim at 0x00245060
0x0024506c	0x00245070	4	.bss	padding / alignment (zero)	excluded	padding / alignment (zero)		slack below the 0x8-aligned claim at 0x00245070
0x0024507c	0x00245080	4	.bss	padding / alignment (zero)	excluded	padding / alignment (zero)		slack below the 0x8-aligned claim at 0x00245080
0x0024508c	0x00245090	4	.bss	padding / alignment (zero)	excluded	padding / alignment (zero)		slack below the 0x8-aligned claim at 0x00245090
0x0024509c	0x002450a0	4	.bss	padding / alignment (zero)	excluded	padding / alignment (zero)		slack below the 0x8-aligned claim at 0x002450a0
0x002450ac	0x002450b0	4	.bss	padding / alignment (zero)	excluded	padding / alignment (zero)		slack below the 0x8-aligned claim at 0x002450b0
0x002450bc	0x002450c0	4	.bss	padding / alignment (zero)	excluded	padding / alignment (zero)		slack below the 0x8-aligned claim at 0x002450c0
0x002450cc	0x00245168	156	.bss	UNCLASSIFIED (.bss)	eligible	UNCLASSIFIED (.bss)		no oracle names this zero-fill run
0x00245174	0x00245178	4	.bss	padding / alignment (zero)	excluded	padding / alignment (zero)		slack below the 0x8-aligned claim at 0x00245178
0x00245184	0x00245188	4	.bss	padding / alignment (zero)	excluded	padding / alignment (zero)		slack below the 0x8-aligned claim at 0x00245188
0x00245194	0x00245198	4	.bss	padding / alignment (zero)	excluded	padding / alignment (zero)		slack below the 0x8-aligned claim at 0x00245198
0x00245274	0x00245278	4	.bss	padding / alignment (zero)	excluded	padding / alignment (zero)		slack below the 0x8-aligned claim at 0x00245278
0x00245284	0x00245288	4	.bss	padding / alignment (zero)	excluded	padding / alignment (zero)		slack below the 0x8-aligned claim at 0x00245288
0x00245294	0x00245298	4	.bss	padding / alignment (zero)	excluded	padding / alignment (zero)		slack below the 0x8-aligned claim at 0x00245298
0x002452ac	0x002452b0	4	.bss	padding / alignment (zero)	excluded	padding / alignment (zero)		slack below the 0x8-aligned claim at 0x002452b0
0x002452bc	0x002452c0	4	.bss	padding / alignment (zero)	excluded	padding / alignment (zero)		slack below the 0x8-aligned claim at 0x002452c0
0x00245510	0x00245514	4	.bss	UNCLASSIFIED (.bss)	eligible	UNCLASSIFIED (.bss)		no oracle names this zero-fill run
0x00245554	0x00245558	4	.bss	UNCLASSIFIED (.bss)	eligible	UNCLASSIFIED (.bss)		no oracle names this zero-fill run
0x002455b8	0x002455bc	4	.bss	UNCLASSIFIED (.bss)	eligible	UNCLASSIFIED (.bss)		no oracle names this zero-fill run
0x00245604	0x00245710	268	.bss	UNCLASSIFIED (.bss)	eligible	UNCLASSIFIED (.bss)		no oracle names this zero-fill run
0x0024571c	0x00245720	4	.bss	padding / alignment (zero)	excluded	padding / alignment (zero)		slack below the 0x8-aligned claim at 0x00245720
0x0024572c	0x00245730	4	.bss	padding / alignment (zero)	excluded	padding / alignment (zero)		slack below the 0x8-aligned claim at 0x00245730
0x0024573c	0x00245740	4	.bss	padding / alignment (zero)	excluded	padding / alignment (zero)		slack below the 0x8-aligned claim at 0x00245740
0x0024574c	0x00245750	4	.bss	padding / alignment (zero)	excluded	padding / alignment (zero)		slack below the 0x8-aligned claim at 0x00245750
0x0024575c	0x00245760	4	.bss	padding / alignment (zero)	excluded	padding / alignment (zero)		slack below the 0x8-aligned claim at 0x00245760
0x0024576c	0x00245770	4	.bss	padding / alignment (zero)	excluded	padding / alignment (zero)		slack below the 0x8-aligned claim at 0x00245770
0x0024577c	0x00245780	4	.bss	padding / alignment (zero)	excluded	padding / alignment (zero)		slack below the 0x8-aligned claim at 0x00245780
0x0024578c	0x00245790	4	.bss	padding / alignment (zero)	excluded	padding / alignment (zero)		slack below the 0x8-aligned claim at 0x00245790
0x0024579c	0x002457b8	28	.bss	UNCLASSIFIED (.bss)	eligible	UNCLASSIFIED (.bss)		no oracle names this zero-fill run
0x002457c4	0x002457c8	4	.bss	padding / alignment (zero)	excluded	padding / alignment (zero)		slack below the 0x8-aligned claim at 0x002457c8
0x002457d4	0x002457d8	4	.bss	padding / alignment (zero)	excluded	padding / alignment (zero)		slack below the 0x8-aligned claim at 0x002457d8
0x002457e4	0x002457e8	4	.bss	padding / alignment (zero)	excluded	padding / alignment (zero)		slack below the 0x8-aligned claim at 0x002457e8
0x002457f4	0x002457f8	4	.bss	padding / alignment (zero)	excluded	padding / alignment (zero)		slack below the 0x8-aligned claim at 0x002457f8
0x00245804	0x00245808	4	.bss	padding / alignment (zero)	excluded	padding / alignment (zero)		slack below the 0x8-aligned claim at 0x00245808
0x00245814	0x00245818	4	.bss	padding / alignment (zero)	excluded	padding / alignment (zero)		slack below the 0x8-aligned claim at 0x00245818
0x00245824	0x00245828	4	.bss	padding / alignment (zero)	excluded	padding / alignment (zero)		slack below the 0x8-aligned claim at 0x00245828
0x00245834	0x00245838	4	.bss	padding / alignment (zero)	excluded	padding / alignment (zero)		slack below the 0x8-aligned claim at 0x00245838
0x00245844	0x00245870	44	.bss	UNCLASSIFIED (.bss)	eligible	UNCLASSIFIED (.bss)		no oracle names this zero-fill run
0x0024587c	0x00245880	4	.bss	padding / alignment (zero)	excluded	padding / alignment (zero)		slack below the 0x8-aligned claim at 0x00245880
0x0024588c	0x00245890	4	.bss	padding / alignment (zero)	excluded	padding / alignment (zero)		slack below the 0x8-aligned claim at 0x00245890
0x0024589c	0x002458a0	4	.bss	padding / alignment (zero)	excluded	padding / alignment (zero)		slack below the 0x8-aligned claim at 0x002458a0
0x002458ac	0x002458b0	4	.bss	padding / alignment (zero)	excluded	padding / alignment (zero)		slack below the 0x8-aligned claim at 0x002458b0
0x002458d4	0x002458d8	4	.bss	padding / alignment (zero)	excluded	padding / alignment (zero)		slack below the 0x8-aligned claim at 0x002458d8
0x002458e4	0x002458e8	4	.bss	padding / alignment (zero)	excluded	padding / alignment (zero)		slack below the 0x8-aligned claim at 0x002458e8
0x002458f4	0x002458f8	4	.bss	padding / alignment (zero)	excluded	padding / alignment (zero)		slack below the 0x8-aligned claim at 0x002458f8
0x00245904	0x00245908	4	.bss	padding / alignment (zero)	excluded	padding / alignment (zero)		slack below the 0x8-aligned claim at 0x00245908
0x00245914	0x00245918	4	.bss	padding / alignment (zero)	excluded	padding / alignment (zero)		slack below the 0x8-aligned claim at 0x00245918
0x00245924	0x00245928	4	.bss	padding / alignment (zero)	excluded	padding / alignment (zero)		slack below the 0x8-aligned claim at 0x00245928
0x0024594c	0x00245950	4	.bss	padding / alignment (zero)	excluded	padding / alignment (zero)		slack below the 0x8-aligned claim at 0x00245950
0x00245974	0x002459b0	60	.bss	UNCLASSIFIED (.bss)	eligible	UNCLASSIFIED (.bss)		no oracle names this zero-fill run
0x002459d8	0x002459e0	8	.bss	UNCLASSIFIED (.bss)	eligible	UNCLASSIFIED (.bss)		no oracle names this zero-fill run
0x002459ec	0x002459f0	4	.bss	padding / alignment (zero)	excluded	padding / alignment (zero)		slack below the 0x8-aligned claim at 0x002459f0
0x002459fc	0x00245a00	4	.bss	padding / alignment (zero)	excluded	padding / alignment (zero)		slack below the 0x8-aligned claim at 0x00245a00
0x00245a0c	0x00245a10	4	.bss	padding / alignment (zero)	excluded	padding / alignment (zero)		slack below the 0x8-aligned claim at 0x00245a10
0x00245a1c	0x00245a20	4	.bss	padding / alignment (zero)	excluded	padding / alignment (zero)		slack below the 0x8-aligned claim at 0x00245a20
0x00245a2c	0x00245a30	4	.bss	padding / alignment (zero)	excluded	padding / alignment (zero)		slack below the 0x8-aligned claim at 0x00245a30
0x00245a3c	0x00245a40	4	.bss	padding / alignment (zero)	excluded	padding / alignment (zero)		slack below the 0x8-aligned claim at 0x00245a40
0x00245a4c	0x00245a50	4	.bss	padding / alignment (zero)	excluded	padding / alignment (zero)		slack below the 0x8-aligned claim at 0x00245a50
0x00245a5c	0x00245a60	4	.bss	padding / alignment (zero)	excluded	padding / alignment (zero)		slack below the 0x8-aligned claim at 0x00245a60
0x00245a6c	0x00245a90	36	.bss	UNCLASSIFIED (.bss)	eligible	UNCLASSIFIED (.bss)		no oracle names this zero-fill run
0x00245a9c	0x00245aa0	4	.bss	padding / alignment (zero)	excluded	padding / alignment (zero)		slack below the 0x8-aligned claim at 0x00245aa0
0x00245aac	0x00245ab0	4	.bss	padding / alignment (zero)	excluded	padding / alignment (zero)		slack below the 0x8-aligned claim at 0x00245ab0
0x00245abc	0x00245ac0	4	.bss	padding / alignment (zero)	excluded	padding / alignment (zero)		slack below the 0x8-aligned claim at 0x00245ac0
0x00245acc	0x00245ad0	4	.bss	padding / alignment (zero)	excluded	padding / alignment (zero)		slack below the 0x8-aligned claim at 0x00245ad0
0x00245af4	0x00245af8	4	.bss	padding / alignment (zero)	excluded	padding / alignment (zero)		slack below the 0x8-aligned claim at 0x00245af8
0x00245b04	0x00245b08	4	.bss	padding / alignment (zero)	excluded	padding / alignment (zero)		slack below the 0x8-aligned claim at 0x00245b08
0x00245b14	0x00245b18	4	.bss	padding / alignment (zero)	excluded	padding / alignment (zero)		slack below the 0x8-aligned claim at 0x00245b18
0x00245b24	0x00245b28	4	.bss	padding / alignment (zero)	excluded	padding / alignment (zero)		slack below the 0x8-aligned claim at 0x00245b28
0x00245b34	0x00245b38	4	.bss	padding / alignment (zero)	excluded	padding / alignment (zero)		slack below the 0x8-aligned claim at 0x00245b38
0x00245b44	0x00245b70	44	.bss	UNCLASSIFIED (.bss)	eligible	UNCLASSIFIED (.bss)		no oracle names this zero-fill run
0x00245b7c	0x00245b80	4	.bss	padding / alignment (zero)	excluded	padding / alignment (zero)		slack below the 0x8-aligned claim at 0x00245b80
0x00245b8c	0x00245b90	4	.bss	padding / alignment (zero)	excluded	padding / alignment (zero)		slack below the 0x8-aligned claim at 0x00245b90
0x00245b9c	0x00245ba0	4	.bss	padding / alignment (zero)	excluded	padding / alignment (zero)		slack below the 0x8-aligned claim at 0x00245ba0
0x00245bac	0x00245bb0	4	.bss	padding / alignment (zero)	excluded	padding / alignment (zero)		slack below the 0x8-aligned claim at 0x00245bb0
0x00245bbc	0x00245bc0	4	.bss	padding / alignment (zero)	excluded	padding / alignment (zero)		slack below the 0x8-aligned claim at 0x00245bc0
0x00245bcc	0x00245bd0	4	.bss	padding / alignment (zero)	excluded	padding / alignment (zero)		slack below the 0x8-aligned claim at 0x00245bd0
0x00245bdc	0x00245be0	4	.bss	padding / alignment (zero)	excluded	padding / alignment (zero)		slack below the 0x8-aligned claim at 0x00245be0
0x00245bec	0x00245bf0	4	.bss	padding / alignment (zero)	excluded	padding / alignment (zero)		slack below the 0x8-aligned claim at 0x00245bf0
0x00245bfc	0x00245c18	28	.bss	UNCLASSIFIED (.bss)	eligible	UNCLASSIFIED (.bss)		no oracle names this zero-fill run
0x00245c24	0x00245c28	4	.bss	padding / alignment (zero)	excluded	padding / alignment (zero)		slack below the 0x8-aligned claim at 0x00245c28
0x00245c34	0x00245c38	4	.bss	padding / alignment (zero)	excluded	padding / alignment (zero)		slack below the 0x8-aligned claim at 0x00245c38
0x00245c44	0x00245c48	4	.bss	padding / alignment (zero)	excluded	padding / alignment (zero)		slack below the 0x8-aligned claim at 0x00245c48
0x00245c54	0x00245c58	4	.bss	padding / alignment (zero)	excluded	padding / alignment (zero)		slack below the 0x8-aligned claim at 0x00245c58
0x00245c64	0x00245c68	4	.bss	padding / alignment (zero)	excluded	padding / alignment (zero)		slack below the 0x8-aligned claim at 0x00245c68
0x00245c74	0x00245c78	4	.bss	padding / alignment (zero)	excluded	padding / alignment (zero)		slack below the 0x8-aligned claim at 0x00245c78
0x00245c84	0x00245c88	4	.bss	padding / alignment (zero)	excluded	padding / alignment (zero)		slack below the 0x8-aligned claim at 0x00245c88
0x00245c94	0x00245c98	4	.bss	padding / alignment (zero)	excluded	padding / alignment (zero)		slack below the 0x8-aligned claim at 0x00245c98
0x00245ca8	0x00245cc8	32	.bss	UNCLASSIFIED (.bss)	eligible	UNCLASSIFIED (.bss)		no oracle names this zero-fill run
0x00245ce4	0x00245ce8	4	.bss	padding / alignment (zero)	excluded	padding / alignment (zero)		slack below the 0x8-aligned claim at 0x00245ce8
0x00245cf4	0x00245cf8	4	.bss	padding / alignment (zero)	excluded	padding / alignment (zero)		slack below the 0x8-aligned claim at 0x00245cf8
0x00245d04	0x00245d08	4	.bss	padding / alignment (zero)	excluded	padding / alignment (zero)		slack below the 0x8-aligned claim at 0x00245d08
0x00245d14	0x00245d18	4	.bss	padding / alignment (zero)	excluded	padding / alignment (zero)		slack below the 0x8-aligned claim at 0x00245d18
0x00245d24	0x00245d28	4	.bss	padding / alignment (zero)	excluded	padding / alignment (zero)		slack below the 0x8-aligned claim at 0x00245d28
0x00245d34	0x00245d38	4	.bss	padding / alignment (zero)	excluded	padding / alignment (zero)		slack below the 0x8-aligned claim at 0x00245d38
0x00245d44	0x00245d48	4	.bss	padding / alignment (zero)	excluded	padding / alignment (zero)		slack below the 0x8-aligned claim at 0x00245d48
0x00245d54	0x00245d58	4	.bss	padding / alignment (zero)	excluded	padding / alignment (zero)		slack below the 0x8-aligned claim at 0x00245d58
0x00245d64	0x00245d88	36	.bss	UNCLASSIFIED (.bss)	eligible	UNCLASSIFIED (.bss)		no oracle names this zero-fill run
0x00245da4	0x00245da8	4	.bss	padding / alignment (zero)	excluded	padding / alignment (zero)		slack below the 0x8-aligned claim at 0x00245da8
0x00245db4	0x00245db8	4	.bss	padding / alignment (zero)	excluded	padding / alignment (zero)		slack below the 0x8-aligned claim at 0x00245db8
0x00245dc4	0x00245dc8	4	.bss	padding / alignment (zero)	excluded	padding / alignment (zero)		slack below the 0x8-aligned claim at 0x00245dc8
0x00245dd4	0x00245dd8	4	.bss	padding / alignment (zero)	excluded	padding / alignment (zero)		slack below the 0x8-aligned claim at 0x00245dd8
0x00245de4	0x00245de8	4	.bss	padding / alignment (zero)	excluded	padding / alignment (zero)		slack below the 0x8-aligned claim at 0x00245de8
0x00245df4	0x00245df8	4	.bss	padding / alignment (zero)	excluded	padding / alignment (zero)		slack below the 0x8-aligned claim at 0x00245df8
0x00245e04	0x00245e08	4	.bss	padding / alignment (zero)	excluded	padding / alignment (zero)		slack below the 0x8-aligned claim at 0x00245e08
0x00245e14	0x00245e18	4	.bss	padding / alignment (zero)	excluded	padding / alignment (zero)		slack below the 0x8-aligned claim at 0x00245e18
0x00245e24	0x00245e48	36	.bss	UNCLASSIFIED (.bss)	eligible	UNCLASSIFIED (.bss)		no oracle names this zero-fill run
0x00245e54	0x00245e58	4	.bss	padding / alignment (zero)	excluded	padding / alignment (zero)		slack below the 0x8-aligned claim at 0x00245e58
0x00245e64	0x00245e68	4	.bss	padding / alignment (zero)	excluded	padding / alignment (zero)		slack below the 0x8-aligned claim at 0x00245e68
0x00245e74	0x00245e78	4	.bss	padding / alignment (zero)	excluded	padding / alignment (zero)		slack below the 0x8-aligned claim at 0x00245e78
0x00245e84	0x00245e88	4	.bss	padding / alignment (zero)	excluded	padding / alignment (zero)		slack below the 0x8-aligned claim at 0x00245e88
0x00245e94	0x00245e98	4	.bss	padding / alignment (zero)	excluded	padding / alignment (zero)		slack below the 0x8-aligned claim at 0x00245e98
0x00245ea4	0x00245ea8	4	.bss	padding / alignment (zero)	excluded	padding / alignment (zero)		slack below the 0x8-aligned claim at 0x00245ea8
0x00245eb4	0x00245eb8	4	.bss	padding / alignment (zero)	excluded	padding / alignment (zero)		slack below the 0x8-aligned claim at 0x00245eb8
0x00245ec4	0x00245ec8	4	.bss	padding / alignment (zero)	excluded	padding / alignment (zero)		slack below the 0x8-aligned claim at 0x00245ec8
0x00245ed4	0x00245ef0	28	.bss	UNCLASSIFIED (.bss)	eligible	UNCLASSIFIED (.bss)		no oracle names this zero-fill run
0x00245f14	0x00245f18	4	.bss	padding / alignment (zero)	excluded	padding / alignment (zero)		slack below the 0x8-aligned claim at 0x00245f18
0x00245f24	0x00245f34	16	.bss	UNCLASSIFIED (.bss)	eligible	UNCLASSIFIED (.bss)		no oracle names this zero-fill run
0x00245f34	0x00245f38	4	.bss	padding / alignment (zero)	excluded	padding / alignment (zero)		slack below the 0x8-aligned claim at 0x00245f38
0x00245f44	0x00245f50	12	.bss	UNCLASSIFIED (.bss)	eligible	UNCLASSIFIED (.bss)		no oracle names this zero-fill run
0x00245f5c	0x00245f60	4	.bss	padding / alignment (zero)	excluded	padding / alignment (zero)		slack below the 0x8-aligned claim at 0x00245f60
0x00245f6c	0x00245f70	4	.bss	padding / alignment (zero)	excluded	padding / alignment (zero)		slack below the 0x8-aligned claim at 0x00245f70
0x00245f94	0x00245f98	4	.bss	padding / alignment (zero)	excluded	padding / alignment (zero)		slack below the 0x8-aligned claim at 0x00245f98
0x00245fbc	0x00245fc0	4	.bss	padding / alignment (zero)	excluded	padding / alignment (zero)		slack below the 0x8-aligned claim at 0x00245fc0
0x00245fcc	0x00245fd0	4	.bss	padding / alignment (zero)	excluded	padding / alignment (zero)		slack below the 0x8-aligned claim at 0x00245fd0
0x00245fdc	0x00245fe0	4	.bss	padding / alignment (zero)	excluded	padding / alignment (zero)		slack below the 0x8-aligned claim at 0x00245fe0
0x00245fec	0x00245ff0	4	.bss	padding / alignment (zero)	excluded	padding / alignment (zero)		slack below the 0x8-aligned claim at 0x00245ff0
0x00245ffc	0x00246000	4	.bss	padding / alignment (zero)	excluded	padding / alignment (zero)		slack below the 0x8-aligned claim at 0x00246000
0x0024600c	0x00246010	4	.bss	padding / alignment (zero)	excluded	padding / alignment (zero)		slack below the 0x8-aligned claim at 0x00246010
0x00246034	0x00246038	4	.bss	padding / alignment (zero)	excluded	padding / alignment (zero)		slack below the 0x8-aligned claim at 0x00246038
0x0024605c	0x00246060	4	.bss	padding / alignment (zero)	excluded	padding / alignment (zero)		slack below the 0x8-aligned claim at 0x00246060
0x00246084	0x00246088	4	.bss	padding / alignment (zero)	excluded	padding / alignment (zero)		slack below the 0x8-aligned claim at 0x00246088
0x002460ac	0x002460b0	4	.bss	padding / alignment (zero)	excluded	padding / alignment (zero)		slack below the 0x8-aligned claim at 0x002460b0
0x002460d4	0x0024613c	104	.bss	UNCLASSIFIED (.bss)	eligible	UNCLASSIFIED (.bss)		no oracle names this zero-fill run
0x0024613c	0x00246140	4	.bss	padding / alignment (zero)	excluded	padding / alignment (zero)		slack below the 0x8-aligned claim at 0x00246140
0x0024614c	0x00246158	12	.bss	UNCLASSIFIED (.bss)	eligible	UNCLASSIFIED (.bss)		no oracle names this zero-fill run
0x00246164	0x00246168	4	.bss	padding / alignment (zero)	excluded	padding / alignment (zero)		slack below the 0x8-aligned claim at 0x00246168
0x00246174	0x00246178	4	.bss	padding / alignment (zero)	excluded	padding / alignment (zero)		slack below the 0x8-aligned claim at 0x00246178
0x00246184	0x00246188	4	.bss	padding / alignment (zero)	excluded	padding / alignment (zero)		slack below the 0x8-aligned claim at 0x00246188
0x002461ac	0x002461b0	4	.bss	padding / alignment (zero)	excluded	padding / alignment (zero)		slack below the 0x8-aligned claim at 0x002461b0
0x002461d4	0x002461d8	4	.bss	padding / alignment (zero)	excluded	padding / alignment (zero)		slack below the 0x8-aligned claim at 0x002461d8
0x002461e4	0x002461e8	4	.bss	padding / alignment (zero)	excluded	padding / alignment (zero)		slack below the 0x8-aligned claim at 0x002461e8
0x002461f4	0x002461f8	4	.bss	padding / alignment (zero)	excluded	padding / alignment (zero)		slack below the 0x8-aligned claim at 0x002461f8
0x00246204	0x00246208	4	.bss	padding / alignment (zero)	excluded	padding / alignment (zero)		slack below the 0x8-aligned claim at 0x00246208
0x00246214	0x00246218	4	.bss	padding / alignment (zero)	excluded	padding / alignment (zero)		slack below the 0x8-aligned claim at 0x00246218
0x00246224	0x00246228	4	.bss	padding / alignment (zero)	excluded	padding / alignment (zero)		slack below the 0x8-aligned claim at 0x00246228
0x0024624c	0x00246250	4	.bss	padding / alignment (zero)	excluded	padding / alignment (zero)		slack below the 0x8-aligned claim at 0x00246250
0x00246274	0x00246338	196	.bss	UNCLASSIFIED (.bss)	eligible	UNCLASSIFIED (.bss)		no oracle names this zero-fill run
0x00246344	0x00246348	4	.bss	padding / alignment (zero)	excluded	padding / alignment (zero)		slack below the 0x8-aligned claim at 0x00246348
0x00246354	0x00246358	4	.bss	padding / alignment (zero)	excluded	padding / alignment (zero)		slack below the 0x8-aligned claim at 0x00246358
0x00246364	0x00246368	4	.bss	padding / alignment (zero)	excluded	padding / alignment (zero)		slack below the 0x8-aligned claim at 0x00246368
0x00246374	0x00246378	4	.bss	padding / alignment (zero)	excluded	padding / alignment (zero)		slack below the 0x8-aligned claim at 0x00246378
0x00246384	0x00246778	1012	.bss	UNCLASSIFIED (.bss)	eligible	UNCLASSIFIED (.bss)		no oracle names this zero-fill run
0x00246794	0x00246798	4	.bss	padding / alignment (zero)	excluded	padding / alignment (zero)		slack below the 0x8-aligned claim at 0x00246798
0x002467a4	0x002467a8	4	.bss	padding / alignment (zero)	excluded	padding / alignment (zero)		slack below the 0x8-aligned claim at 0x002467a8
0x002467b4	0x002467b8	4	.bss	padding / alignment (zero)	excluded	padding / alignment (zero)		slack below the 0x8-aligned claim at 0x002467b8
0x002467c4	0x002467c8	4	.bss	padding / alignment (zero)	excluded	padding / alignment (zero)		slack below the 0x8-aligned claim at 0x002467c8
0x002467d4	0x002467d8	4	.bss	padding / alignment (zero)	excluded	padding / alignment (zero)		slack below the 0x8-aligned claim at 0x002467d8
0x00246fe4	0x002473d8	1012	.bss	UNCLASSIFIED (.bss)	eligible	UNCLASSIFIED (.bss)		no oracle names this zero-fill run
0x002473dc	0x002473e0	4	.bss	padding / alignment (zero)	excluded	padding / alignment (zero)		slack below the 0x8-aligned claim at 0x002473e0
0x002474ec	0x002487e0	4852	.bss	UNCLASSIFIED (.bss)	eligible	UNCLASSIFIED (.bss)		no oracle names this zero-fill run
0x002487e1	0x00248ce0	1279	.bss	UNCLASSIFIED (.bss)	eligible	UNCLASSIFIED (.bss)		no oracle names this zero-fill run
0x00248cfc	0x00248d00	4	.bss	UNCLASSIFIED (.bss)	eligible	UNCLASSIFIED (.bss)		no oracle names this zero-fill run
0x00248d18	0x00249618	2304	.bss	UNCLASSIFIED (.bss)	eligible	UNCLASSIFIED (.bss)		no oracle names this zero-fill run
0x0024961c	0x00249620	4	.bss	padding / alignment (zero)	excluded	padding / alignment (zero)		slack below the 0x8-aligned claim at 0x00249620
0x0024962c	0x00249630	4	.bss	padding / alignment (zero)	excluded	padding / alignment (zero)		slack below the 0x8-aligned claim at 0x00249630
0x0024963c	0x00249640	4	.bss	padding / alignment (zero)	excluded	padding / alignment (zero)		slack below the 0x8-aligned claim at 0x00249640
0x0024964c	0x00249650	4	.bss	padding / alignment (zero)	excluded	padding / alignment (zero)		slack below the 0x8-aligned claim at 0x00249650
0x0024965c	0x00249660	4	.bss	padding / alignment (zero)	excluded	padding / alignment (zero)		slack below the 0x8-aligned claim at 0x00249660
0x0024966c	0x00249670	4	.bss	padding / alignment (zero)	excluded	padding / alignment (zero)		slack below the 0x8-aligned claim at 0x00249670
0x0024967c	0x00249680	4	.bss	padding / alignment (zero)	excluded	padding / alignment (zero)		slack below the 0x8-aligned claim at 0x00249680
0x0024968c	0x00249690	4	.bss	padding / alignment (zero)	excluded	padding / alignment (zero)		slack below the 0x8-aligned claim at 0x00249690
0x0024969c	0x002496a0	4	.bss	padding / alignment (zero)	excluded	padding / alignment (zero)		slack below the 0x8-aligned claim at 0x002496a0
0x002496b0	0x002496e8	56	.bss	UNCLASSIFIED (.bss)	eligible	UNCLASSIFIED (.bss)		no oracle names this zero-fill run
0x002496f4	0x002496f8	4	.bss	padding / alignment (zero)	excluded	padding / alignment (zero)		slack below the 0x8-aligned claim at 0x002496f8
0x00249704	0x00249708	4	.bss	padding / alignment (zero)	excluded	padding / alignment (zero)		slack below the 0x8-aligned claim at 0x00249708
0x00249714	0x00249718	4	.bss	padding / alignment (zero)	excluded	padding / alignment (zero)		slack below the 0x8-aligned claim at 0x00249718
0x00249724	0x00249728	4	.bss	padding / alignment (zero)	excluded	padding / alignment (zero)		slack below the 0x8-aligned claim at 0x00249728
0x00249734	0x00249738	4	.bss	padding / alignment (zero)	excluded	padding / alignment (zero)		slack below the 0x8-aligned claim at 0x00249738
0x00249744	0x00249748	4	.bss	padding / alignment (zero)	excluded	padding / alignment (zero)		slack below the 0x8-aligned claim at 0x00249748
0x00249754	0x00249758	4	.bss	padding / alignment (zero)	excluded	padding / alignment (zero)		slack below the 0x8-aligned claim at 0x00249758
0x00249764	0x00249768	4	.bss	padding / alignment (zero)	excluded	padding / alignment (zero)		slack below the 0x8-aligned claim at 0x00249768
0x00249774	0x00249818	164	.bss	UNCLASSIFIED (.bss)	eligible	UNCLASSIFIED (.bss)		no oracle names this zero-fill run
0x00249824	0x00249828	4	.bss	padding / alignment (zero)	excluded	padding / alignment (zero)		slack below the 0x8-aligned claim at 0x00249828
0x00249834	0x00249838	4	.bss	padding / alignment (zero)	excluded	padding / alignment (zero)		slack below the 0x8-aligned claim at 0x00249838
0x00249844	0x00249848	4	.bss	padding / alignment (zero)	excluded	padding / alignment (zero)		slack below the 0x8-aligned claim at 0x00249848
0x00249854	0x00249858	4	.bss	padding / alignment (zero)	excluded	padding / alignment (zero)		slack below the 0x8-aligned claim at 0x00249858
0x0024a464	0x0024a468	4	.bss	padding / alignment (zero)	excluded	padding / alignment (zero)		slack below the 0x8-aligned claim at 0x0024a468
0x0024a474	0x0024a478	4	.bss	padding / alignment (zero)	excluded	padding / alignment (zero)		slack below the 0x8-aligned claim at 0x0024a478
0x0024a484	0x0024a488	4	.bss	padding / alignment (zero)	excluded	padding / alignment (zero)		slack below the 0x8-aligned claim at 0x0024a488
0x0024a494	0x0024a498	4	.bss	padding / alignment (zero)	excluded	padding / alignment (zero)		slack below the 0x8-aligned claim at 0x0024a498
0x0024a4a4	0x0024a8a8	1028	.bss	UNCLASSIFIED (.bss)	eligible	UNCLASSIFIED (.bss)		no oracle names this zero-fill run
0x0024acc4	0x0024b660	2460	.bss	UNCLASSIFIED (.bss)	eligible	UNCLASSIFIED (.bss)		no oracle names this zero-fill run
0x0024b66c	0x0024b670	4	.bss	padding / alignment (zero)	excluded	padding / alignment (zero)		slack below the 0x8-aligned claim at 0x0024b670
0x0024b67c	0x0024b680	4	.bss	padding / alignment (zero)	excluded	padding / alignment (zero)		slack below the 0x8-aligned claim at 0x0024b680
0x0024b68c	0x0024b690	4	.bss	padding / alignment (zero)	excluded	padding / alignment (zero)		slack below the 0x8-aligned claim at 0x0024b690
0x0024b69c	0x0024b6a0	4	.bss	padding / alignment (zero)	excluded	padding / alignment (zero)		slack below the 0x8-aligned claim at 0x0024b6a0
0x0024b6f0	0x0024bb30	1088	.bss	UNCLASSIFIED (.bss)	eligible	UNCLASSIFIED (.bss)		no oracle names this zero-fill run
0x0024bb3c	0x0024bb40	4	.bss	padding / alignment (zero)	excluded	padding / alignment (zero)		slack below the 0x8-aligned claim at 0x0024bb40
0x0024bb4c	0x0024bb50	4	.bss	padding / alignment (zero)	excluded	padding / alignment (zero)		slack below the 0x8-aligned claim at 0x0024bb50
0x0024bb5c	0x0024bb60	4	.bss	padding / alignment (zero)	excluded	padding / alignment (zero)		slack below the 0x8-aligned claim at 0x0024bb60
0x0024bb6c	0x0024bb70	4	.bss	padding / alignment (zero)	excluded	padding / alignment (zero)		slack below the 0x8-aligned claim at 0x0024bb70
0x0024bb7c	0x0024bd20	420	.bss	UNCLASSIFIED (.bss)	eligible	UNCLASSIFIED (.bss)		no oracle names this zero-fill run
0x0024bd2c	0x0024bd30	4	.bss	padding / alignment (zero)	excluded	padding / alignment (zero)		slack below the 0x8-aligned claim at 0x0024bd30
0x0024bd3c	0x0024bd40	4	.bss	padding / alignment (zero)	excluded	padding / alignment (zero)		slack below the 0x8-aligned claim at 0x0024bd40
0x0024bd4c	0x0024bd50	4	.bss	padding / alignment (zero)	excluded	padding / alignment (zero)		slack below the 0x8-aligned claim at 0x0024bd50
0x0024bd6c	0x0024bd70	4	.bss	padding / alignment (zero)	excluded	padding / alignment (zero)		slack below the 0x8-aligned claim at 0x0024bd70
0x0024bd7c	0x0024bd80	4	.bss	padding / alignment (zero)	excluded	padding / alignment (zero)		slack below the 0x8-aligned claim at 0x0024bd80
0x0024bd8c	0x0024bd90	4	.bss	padding / alignment (zero)	excluded	padding / alignment (zero)		slack below the 0x8-aligned claim at 0x0024bd90
0x0024bd9c	0x0024bda0	4	.bss	padding / alignment (zero)	excluded	padding / alignment (zero)		slack below the 0x8-aligned claim at 0x0024bda0
0x0024bdac	0x0024bdb0	4	.bss	padding / alignment (zero)	excluded	padding / alignment (zero)		slack below the 0x8-aligned claim at 0x0024bdb0
0x0024bdd0	0x0024be20	80	.bss	UNCLASSIFIED (.bss)	eligible	UNCLASSIFIED (.bss)		no oracle names this zero-fill run
0x0024be2c	0x0024be30	4	.bss	padding / alignment (zero)	excluded	padding / alignment (zero)		slack below the 0x8-aligned claim at 0x0024be30
0x0024be3c	0x0024be40	4	.bss	padding / alignment (zero)	excluded	padding / alignment (zero)		slack below the 0x8-aligned claim at 0x0024be40
0x0024be4c	0x0024be50	4	.bss	padding / alignment (zero)	excluded	padding / alignment (zero)		slack below the 0x8-aligned claim at 0x0024be50
0x0024be5c	0x0024be60	4	.bss	padding / alignment (zero)	excluded	padding / alignment (zero)		slack below the 0x8-aligned claim at 0x0024be60
0x0024be6c	0x0024be70	4	.bss	padding / alignment (zero)	excluded	padding / alignment (zero)		slack below the 0x8-aligned claim at 0x0024be70
0x0024be7c	0x0024be80	4	.bss	padding / alignment (zero)	excluded	padding / alignment (zero)		slack below the 0x8-aligned claim at 0x0024be80
0x0024be8c	0x0024be90	4	.bss	padding / alignment (zero)	excluded	padding / alignment (zero)		slack below the 0x8-aligned claim at 0x0024be90
0x0024beb4	0x0024beb8	4	.bss	padding / alignment (zero)	excluded	padding / alignment (zero)		slack below the 0x8-aligned claim at 0x0024beb8
0x0024bec4	0x0024bec8	4	.bss	padding / alignment (zero)	excluded	padding / alignment (zero)		slack below the 0x8-aligned claim at 0x0024bec8
0x0024bed4	0x0024bed8	4	.bss	padding / alignment (zero)	excluded	padding / alignment (zero)		slack below the 0x8-aligned claim at 0x0024bed8
0x0024befc	0x0024bf00	4	.bss	padding / alignment (zero)	excluded	padding / alignment (zero)		slack below the 0x8-aligned claim at 0x0024bf00
0x0024bf24	0x0024bfe0	188	.bss	UNCLASSIFIED (.bss)	eligible	UNCLASSIFIED (.bss)		no oracle names this zero-fill run
0x0024bfec	0x0024bff0	4	.bss	padding / alignment (zero)	excluded	padding / alignment (zero)		slack below the 0x8-aligned claim at 0x0024bff0
0x0024bffc	0x0024c000	4	.bss	padding / alignment (zero)	excluded	padding / alignment (zero)		slack below the 0x8-aligned claim at 0x0024c000
0x0024c00c	0x0024c010	4	.bss	padding / alignment (zero)	excluded	padding / alignment (zero)		slack below the 0x8-aligned claim at 0x0024c010
0x0024c01d	0x0024c020	3	.bss	padding / alignment (zero)	excluded	padding / alignment (zero)		slack below the 0x8-aligned claim at 0x0024c020
0x0024c22d	0x0024c230	3	.bss	padding / alignment (zero)	excluded	padding / alignment (zero)		slack below the 0x8-aligned claim at 0x0024c230
0x0024c23c	0x0024c240	4	.bss	padding / alignment (zero)	excluded	padding / alignment (zero)		slack below the 0x8-aligned claim at 0x0024c240
0x0024c24c	0x0024c250	4	.bss	padding / alignment (zero)	excluded	padding / alignment (zero)		slack below the 0x8-aligned claim at 0x0024c250
0x0024c25c	0x0024c260	4	.bss	padding / alignment (zero)	excluded	padding / alignment (zero)		slack below the 0x8-aligned claim at 0x0024c260
0x0024c278	0x0024c27c	4	.bss	UNCLASSIFIED (.bss)	eligible	UNCLASSIFIED (.bss)		no oracle names this zero-fill run
0x0024c280	0x0024c284	4	.bss	UNCLASSIFIED (.bss)	eligible	UNCLASSIFIED (.bss)		no oracle names this zero-fill run
0x0024c28c	0x0024c3b0	292	.bss	UNCLASSIFIED (.bss)	eligible	UNCLASSIFIED (.bss)		no oracle names this zero-fill run
0x0024c3bc	0x0024c3c0	4	.bss	padding / alignment (zero)	excluded	padding / alignment (zero)		slack below the 0x8-aligned claim at 0x0024c3c0
0x0024c3cc	0x0024c3d0	4	.bss	padding / alignment (zero)	excluded	padding / alignment (zero)		slack below the 0x8-aligned claim at 0x0024c3d0
0x0024c3dc	0x0024c3e0	4	.bss	padding / alignment (zero)	excluded	padding / alignment (zero)		slack below the 0x8-aligned claim at 0x0024c3e0
0x0024c3ec	0x0024c3f0	4	.bss	padding / alignment (zero)	excluded	padding / alignment (zero)		slack below the 0x8-aligned claim at 0x0024c3f0
0x0024c444	0x0024c448	4	.bss	padding / alignment (zero)	excluded	padding / alignment (zero)		slack below the 0x8-aligned claim at 0x0024c448
0x0024c454	0x0024c458	4	.bss	padding / alignment (zero)	excluded	padding / alignment (zero)		slack below the 0x8-aligned claim at 0x0024c458
0x0024c464	0x0024c468	4	.bss	padding / alignment (zero)	excluded	padding / alignment (zero)		slack below the 0x8-aligned claim at 0x0024c468
0x0024c474	0x0024c478	4	.bss	padding / alignment (zero)	excluded	padding / alignment (zero)		slack below the 0x8-aligned claim at 0x0024c478
0x0024c484	0x0024c548	196	.bss	UNCLASSIFIED (.bss)	eligible	UNCLASSIFIED (.bss)		no oracle names this zero-fill run
0x0024c554	0x0024c558	4	.bss	padding / alignment (zero)	excluded	padding / alignment (zero)		slack below the 0x8-aligned claim at 0x0024c558
0x0024c564	0x0024c568	4	.bss	padding / alignment (zero)	excluded	padding / alignment (zero)		slack below the 0x8-aligned claim at 0x0024c568
0x0024c574	0x0024c578	4	.bss	padding / alignment (zero)	excluded	padding / alignment (zero)		slack below the 0x8-aligned claim at 0x0024c578
0x0024c584	0x0024c588	4	.bss	padding / alignment (zero)	excluded	padding / alignment (zero)		slack below the 0x8-aligned claim at 0x0024c588
0x0024c594	0x0024c598	4	.bss	padding / alignment (zero)	excluded	padding / alignment (zero)		slack below the 0x8-aligned claim at 0x0024c598
0x0024c5a4	0x0024c5a8	4	.bss	padding / alignment (zero)	excluded	padding / alignment (zero)		slack below the 0x8-aligned claim at 0x0024c5a8
0x0024c5b4	0x0024c5b8	4	.bss	padding / alignment (zero)	excluded	padding / alignment (zero)		slack below the 0x8-aligned claim at 0x0024c5b8
0x0024c5c4	0x0024c5c8	4	.bss	padding / alignment (zero)	excluded	padding / alignment (zero)		slack below the 0x8-aligned claim at 0x0024c5c8
0x0024c5d4	0x0024c610	60	.bss	UNCLASSIFIED (.bss)	eligible	UNCLASSIFIED (.bss)		no oracle names this zero-fill run
0x0024c61c	0x0024c620	4	.bss	padding / alignment (zero)	excluded	padding / alignment (zero)		slack below the 0x8-aligned claim at 0x0024c620
0x0024c62c	0x0024c630	4	.bss	padding / alignment (zero)	excluded	padding / alignment (zero)		slack below the 0x8-aligned claim at 0x0024c630
0x0024c63c	0x0024c640	4	.bss	padding / alignment (zero)	excluded	padding / alignment (zero)		slack below the 0x8-aligned claim at 0x0024c640
0x0024c64c	0x0024c650	4	.bss	padding / alignment (zero)	excluded	padding / alignment (zero)		slack below the 0x8-aligned claim at 0x0024c650
0x0024c65c	0x0024c660	4	.bss	padding / alignment (zero)	excluded	padding / alignment (zero)		slack below the 0x8-aligned claim at 0x0024c660
0x0024c66c	0x0024c670	4	.bss	padding / alignment (zero)	excluded	padding / alignment (zero)		slack below the 0x8-aligned claim at 0x0024c670
0x0024c67c	0x0024c680	4	.bss	padding / alignment (zero)	excluded	padding / alignment (zero)		slack below the 0x8-aligned claim at 0x0024c680
0x0024c68c	0x0024c690	4	.bss	padding / alignment (zero)	excluded	padding / alignment (zero)		slack below the 0x8-aligned claim at 0x0024c690
0x0024c6a0	0x0024c6c4	36	.bss	UNCLASSIFIED (.bss)	eligible	UNCLASSIFIED (.bss)		no oracle names this zero-fill run
0x0024c6c4	0x0024c6c8	4	.bss	padding / alignment (zero)	excluded	padding / alignment (zero)		slack below the 0x8-aligned claim at 0x0024c6c8
0x0024c6d4	0x0024c6d8	4	.bss	padding / alignment (zero)	excluded	padding / alignment (zero)		slack below the 0x8-aligned claim at 0x0024c6d8
0x0024c6e4	0x0024c6e8	4	.bss	padding / alignment (zero)	excluded	padding / alignment (zero)		slack below the 0x8-aligned claim at 0x0024c6e8
0x0024c6f4	0x0024c6f8	4	.bss	padding / alignment (zero)	excluded	padding / alignment (zero)		slack below the 0x8-aligned claim at 0x0024c6f8
0x0024c704	0x0024c708	4	.bss	padding / alignment (zero)	excluded	padding / alignment (zero)		slack below the 0x8-aligned claim at 0x0024c708
0x0024c714	0x0024c718	4	.bss	padding / alignment (zero)	excluded	padding / alignment (zero)		slack below the 0x8-aligned claim at 0x0024c718
0x0024c724	0x0024c728	4	.bss	padding / alignment (zero)	excluded	padding / alignment (zero)		slack below the 0x8-aligned claim at 0x0024c728
0x0024c734	0x0024c738	4	.bss	padding / alignment (zero)	excluded	padding / alignment (zero)		slack below the 0x8-aligned claim at 0x0024c738
0x0024c744	0x0024c748	4	.bss	padding / alignment (zero)	excluded	padding / alignment (zero)		slack below the 0x8-aligned claim at 0x0024c748
0x0024c754	0x0024c758	4	.bss	padding / alignment (zero)	excluded	padding / alignment (zero)		slack below the 0x8-aligned claim at 0x0024c758
0x0024c77c	0x0024c780	4	.bss	padding / alignment (zero)	excluded	padding / alignment (zero)		slack below the 0x8-aligned claim at 0x0024c780
0x0024c7a4	0x0024c7d8	52	.bss	UNCLASSIFIED (.bss)	eligible	UNCLASSIFIED (.bss)		no oracle names this zero-fill run
0x0024c7e4	0x0024c7e8	4	.bss	padding / alignment (zero)	excluded	padding / alignment (zero)		slack below the 0x8-aligned claim at 0x0024c7e8
0x0024c7f4	0x0024c7f8	4	.bss	padding / alignment (zero)	excluded	padding / alignment (zero)		slack below the 0x8-aligned claim at 0x0024c7f8
0x0024c804	0x0024c808	4	.bss	padding / alignment (zero)	excluded	padding / alignment (zero)		slack below the 0x8-aligned claim at 0x0024c808
0x0024c824	0x0024c828	4	.bss	padding / alignment (zero)	excluded	padding / alignment (zero)		slack below the 0x8-aligned claim at 0x0024c828
0x0024c834	0x0024c838	4	.bss	padding / alignment (zero)	excluded	padding / alignment (zero)		slack below the 0x8-aligned claim at 0x0024c838
0x0024c844	0x0024c848	4	.bss	padding / alignment (zero)	excluded	padding / alignment (zero)		slack below the 0x8-aligned claim at 0x0024c848
0x0024c854	0x0024c858	4	.bss	padding / alignment (zero)	excluded	padding / alignment (zero)		slack below the 0x8-aligned claim at 0x0024c858
0x0024c870	0x0024c890	32	.bss	UNCLASSIFIED (.bss)	eligible	UNCLASSIFIED (.bss)		no oracle names this zero-fill run
0x0024c89c	0x0024c8a0	4	.bss	padding / alignment (zero)	excluded	padding / alignment (zero)		slack below the 0x8-aligned claim at 0x0024c8a0
0x0024c8ac	0x0024c8b0	4	.bss	padding / alignment (zero)	excluded	padding / alignment (zero)		slack below the 0x8-aligned claim at 0x0024c8b0
0x0024c8bc	0x0024c8c0	4	.bss	padding / alignment (zero)	excluded	padding / alignment (zero)		slack below the 0x8-aligned claim at 0x0024c8c0
0x0024c8cc	0x0024c8d0	4	.bss	padding / alignment (zero)	excluded	padding / alignment (zero)		slack below the 0x8-aligned claim at 0x0024c8d0
0x0024c8dc	0x0024c8e0	4	.bss	padding / alignment (zero)	excluded	padding / alignment (zero)		slack below the 0x8-aligned claim at 0x0024c8e0
0x0024c8ec	0x0024c8f0	4	.bss	padding / alignment (zero)	excluded	padding / alignment (zero)		slack below the 0x8-aligned claim at 0x0024c8f0
0x0024c8fc	0x0024c900	4	.bss	padding / alignment (zero)	excluded	padding / alignment (zero)		slack below the 0x8-aligned claim at 0x0024c900
0x0024c90c	0x0024c910	4	.bss	padding / alignment (zero)	excluded	padding / alignment (zero)		slack below the 0x8-aligned claim at 0x0024c910
0x0024c91c	0x0024c938	28	.bss	UNCLASSIFIED (.bss)	eligible	UNCLASSIFIED (.bss)		no oracle names this zero-fill run
0x0024c944	0x0024c948	4	.bss	padding / alignment (zero)	excluded	padding / alignment (zero)		slack below the 0x8-aligned claim at 0x0024c948
0x0024c954	0x0024c958	4	.bss	padding / alignment (zero)	excluded	padding / alignment (zero)		slack below the 0x8-aligned claim at 0x0024c958
0x0024c964	0x0024c968	4	.bss	padding / alignment (zero)	excluded	padding / alignment (zero)		slack below the 0x8-aligned claim at 0x0024c968
0x0024c974	0x0024c978	4	.bss	padding / alignment (zero)	excluded	padding / alignment (zero)		slack below the 0x8-aligned claim at 0x0024c978
0x0024c984	0x0024c988	4	.bss	padding / alignment (zero)	excluded	padding / alignment (zero)		slack below the 0x8-aligned claim at 0x0024c988
0x0024c994	0x0024c998	4	.bss	padding / alignment (zero)	excluded	padding / alignment (zero)		slack below the 0x8-aligned claim at 0x0024c998
0x0024c9a4	0x0024c9a8	4	.bss	padding / alignment (zero)	excluded	padding / alignment (zero)		slack below the 0x8-aligned claim at 0x0024c9a8
0x0024c9b4	0x0024c9b8	4	.bss	padding / alignment (zero)	excluded	padding / alignment (zero)		slack below the 0x8-aligned claim at 0x0024c9b8
0x0024c9c4	0x0024c9e0	28	.bss	UNCLASSIFIED (.bss)	eligible	UNCLASSIFIED (.bss)		no oracle names this zero-fill run
0x0024c9ec	0x0024c9f0	4	.bss	padding / alignment (zero)	excluded	padding / alignment (zero)		slack below the 0x8-aligned claim at 0x0024c9f0
0x0024c9fc	0x0024ca00	4	.bss	padding / alignment (zero)	excluded	padding / alignment (zero)		slack below the 0x8-aligned claim at 0x0024ca00
0x0024ca0c	0x0024ca10	4	.bss	padding / alignment (zero)	excluded	padding / alignment (zero)		slack below the 0x8-aligned claim at 0x0024ca10
0x0024ca1c	0x0024ca20	4	.bss	padding / alignment (zero)	excluded	padding / alignment (zero)		slack below the 0x8-aligned claim at 0x0024ca20
0x0024ca2c	0x0024ca30	4	.bss	padding / alignment (zero)	excluded	padding / alignment (zero)		slack below the 0x8-aligned claim at 0x0024ca30
0x0024ca3c	0x0024ca40	4	.bss	padding / alignment (zero)	excluded	padding / alignment (zero)		slack below the 0x8-aligned claim at 0x0024ca40
0x0024ca4c	0x0024ca50	4	.bss	padding / alignment (zero)	excluded	padding / alignment (zero)		slack below the 0x8-aligned claim at 0x0024ca50
0x0024ca5c	0x0024ca60	4	.bss	padding / alignment (zero)	excluded	padding / alignment (zero)		slack below the 0x8-aligned claim at 0x0024ca60
0x0024ca6c	0x0024ca88	28	.bss	UNCLASSIFIED (.bss)	eligible	UNCLASSIFIED (.bss)		no oracle names this zero-fill run
0x0024ca94	0x0024ca98	4	.bss	padding / alignment (zero)	excluded	padding / alignment (zero)		slack below the 0x8-aligned claim at 0x0024ca98
0x0024caa4	0x0024caa8	4	.bss	padding / alignment (zero)	excluded	padding / alignment (zero)		slack below the 0x8-aligned claim at 0x0024caa8
0x0024cab4	0x0024cab8	4	.bss	padding / alignment (zero)	excluded	padding / alignment (zero)		slack below the 0x8-aligned claim at 0x0024cab8
0x0024cac4	0x0024cac8	4	.bss	padding / alignment (zero)	excluded	padding / alignment (zero)		slack below the 0x8-aligned claim at 0x0024cac8
0x0024cad4	0x0024cad8	4	.bss	padding / alignment (zero)	excluded	padding / alignment (zero)		slack below the 0x8-aligned claim at 0x0024cad8
0x0024cae4	0x0024cae8	4	.bss	padding / alignment (zero)	excluded	padding / alignment (zero)		slack below the 0x8-aligned claim at 0x0024cae8
0x0024caf4	0x0024caf8	4	.bss	padding / alignment (zero)	excluded	padding / alignment (zero)		slack below the 0x8-aligned claim at 0x0024caf8
0x0024cb04	0x0024cb08	4	.bss	padding / alignment (zero)	excluded	padding / alignment (zero)		slack below the 0x8-aligned claim at 0x0024cb08
0x0024cb14	0x0024cb30	28	.bss	UNCLASSIFIED (.bss)	eligible	UNCLASSIFIED (.bss)		no oracle names this zero-fill run
0x0024cb3c	0x0024cb40	4	.bss	padding / alignment (zero)	excluded	padding / alignment (zero)		slack below the 0x8-aligned claim at 0x0024cb40
0x0024cb4c	0x0024cb50	4	.bss	padding / alignment (zero)	excluded	padding / alignment (zero)		slack below the 0x8-aligned claim at 0x0024cb50
0x0024cb5c	0x0024cb60	4	.bss	padding / alignment (zero)	excluded	padding / alignment (zero)		slack below the 0x8-aligned claim at 0x0024cb60
0x0024cb6c	0x0024cb70	4	.bss	padding / alignment (zero)	excluded	padding / alignment (zero)		slack below the 0x8-aligned claim at 0x0024cb70
0x0024cb7c	0x0024cb80	4	.bss	padding / alignment (zero)	excluded	padding / alignment (zero)		slack below the 0x8-aligned claim at 0x0024cb80
0x0024cb8c	0x0024cb90	4	.bss	padding / alignment (zero)	excluded	padding / alignment (zero)		slack below the 0x8-aligned claim at 0x0024cb90
0x0024cb9c	0x0024cba0	4	.bss	padding / alignment (zero)	excluded	padding / alignment (zero)		slack below the 0x8-aligned claim at 0x0024cba0
0x0024cbac	0x0024cbb0	4	.bss	padding / alignment (zero)	excluded	padding / alignment (zero)		slack below the 0x8-aligned claim at 0x0024cbb0
0x0024cbbc	0x0024cbd8	28	.bss	UNCLASSIFIED (.bss)	eligible	UNCLASSIFIED (.bss)		no oracle names this zero-fill run
0x0024cbe4	0x0024cbe8	4	.bss	padding / alignment (zero)	excluded	padding / alignment (zero)		slack below the 0x8-aligned claim at 0x0024cbe8
0x0024cbf4	0x0024cbf8	4	.bss	padding / alignment (zero)	excluded	padding / alignment (zero)		slack below the 0x8-aligned claim at 0x0024cbf8
0x0024cc04	0x0024cc08	4	.bss	padding / alignment (zero)	excluded	padding / alignment (zero)		slack below the 0x8-aligned claim at 0x0024cc08
0x0024cc14	0x0024cc18	4	.bss	padding / alignment (zero)	excluded	padding / alignment (zero)		slack below the 0x8-aligned claim at 0x0024cc18
0x0024cc24	0x0024cc28	4	.bss	padding / alignment (zero)	excluded	padding / alignment (zero)		slack below the 0x8-aligned claim at 0x0024cc28
0x0024cc34	0x0024cc38	4	.bss	padding / alignment (zero)	excluded	padding / alignment (zero)		slack below the 0x8-aligned claim at 0x0024cc38
0x0024cc44	0x0024cc48	4	.bss	padding / alignment (zero)	excluded	padding / alignment (zero)		slack below the 0x8-aligned claim at 0x0024cc48
0x0024cc54	0x0024cc58	4	.bss	padding / alignment (zero)	excluded	padding / alignment (zero)		slack below the 0x8-aligned claim at 0x0024cc58
0x0024cc64	0x0024cc80	28	.bss	UNCLASSIFIED (.bss)	eligible	UNCLASSIFIED (.bss)		no oracle names this zero-fill run
0x0024cc8c	0x0024cc90	4	.bss	padding / alignment (zero)	excluded	padding / alignment (zero)		slack below the 0x8-aligned claim at 0x0024cc90
0x0024cc9c	0x0024cca0	4	.bss	padding / alignment (zero)	excluded	padding / alignment (zero)		slack below the 0x8-aligned claim at 0x0024cca0
0x0024ccac	0x0024ccb0	4	.bss	padding / alignment (zero)	excluded	padding / alignment (zero)		slack below the 0x8-aligned claim at 0x0024ccb0
0x0024ccbc	0x0024ccc0	4	.bss	padding / alignment (zero)	excluded	padding / alignment (zero)		slack below the 0x8-aligned claim at 0x0024ccc0
0x0024cccc	0x0024ccd0	4	.bss	padding / alignment (zero)	excluded	padding / alignment (zero)		slack below the 0x8-aligned claim at 0x0024ccd0
0x0024ccdc	0x0024cce0	4	.bss	padding / alignment (zero)	excluded	padding / alignment (zero)		slack below the 0x8-aligned claim at 0x0024cce0
0x0024ccec	0x0024ccf0	4	.bss	padding / alignment (zero)	excluded	padding / alignment (zero)		slack below the 0x8-aligned claim at 0x0024ccf0
0x0024ccfc	0x0024cd00	4	.bss	padding / alignment (zero)	excluded	padding / alignment (zero)		slack below the 0x8-aligned claim at 0x0024cd00
0x0024cd0c	0x0024cd28	28	.bss	UNCLASSIFIED (.bss)	eligible	UNCLASSIFIED (.bss)		no oracle names this zero-fill run
0x0024cd34	0x0024cd38	4	.bss	padding / alignment (zero)	excluded	padding / alignment (zero)		slack below the 0x8-aligned claim at 0x0024cd38
0x0024cd44	0x0024cd48	4	.bss	padding / alignment (zero)	excluded	padding / alignment (zero)		slack below the 0x8-aligned claim at 0x0024cd48
0x0024cd54	0x0024cd58	4	.bss	padding / alignment (zero)	excluded	padding / alignment (zero)		slack below the 0x8-aligned claim at 0x0024cd58
0x0024cd64	0x0024cd68	4	.bss	padding / alignment (zero)	excluded	padding / alignment (zero)		slack below the 0x8-aligned claim at 0x0024cd68
0x0024cd74	0x0024cd78	4	.bss	padding / alignment (zero)	excluded	padding / alignment (zero)		slack below the 0x8-aligned claim at 0x0024cd78
0x0024cd84	0x0024cd88	4	.bss	padding / alignment (zero)	excluded	padding / alignment (zero)		slack below the 0x8-aligned claim at 0x0024cd88
0x0024cd94	0x0024cd98	4	.bss	padding / alignment (zero)	excluded	padding / alignment (zero)		slack below the 0x8-aligned claim at 0x0024cd98
0x0024cda4	0x0024cda8	4	.bss	padding / alignment (zero)	excluded	padding / alignment (zero)		slack below the 0x8-aligned claim at 0x0024cda8
0x0024cdb4	0x0024cdd0	28	.bss	UNCLASSIFIED (.bss)	eligible	UNCLASSIFIED (.bss)		no oracle names this zero-fill run
0x0024cddc	0x0024cde0	4	.bss	padding / alignment (zero)	excluded	padding / alignment (zero)		slack below the 0x8-aligned claim at 0x0024cde0
0x0024cdec	0x0024cdf0	4	.bss	padding / alignment (zero)	excluded	padding / alignment (zero)		slack below the 0x8-aligned claim at 0x0024cdf0
0x0024cdfc	0x0024ce00	4	.bss	padding / alignment (zero)	excluded	padding / alignment (zero)		slack below the 0x8-aligned claim at 0x0024ce00
0x0024ce0c	0x0024ce10	4	.bss	padding / alignment (zero)	excluded	padding / alignment (zero)		slack below the 0x8-aligned claim at 0x0024ce10
0x0024ce1c	0x0024ce20	4	.bss	padding / alignment (zero)	excluded	padding / alignment (zero)		slack below the 0x8-aligned claim at 0x0024ce20
0x0024ce2c	0x0024ce30	4	.bss	padding / alignment (zero)	excluded	padding / alignment (zero)		slack below the 0x8-aligned claim at 0x0024ce30
0x0024ce3c	0x0024ce40	4	.bss	padding / alignment (zero)	excluded	padding / alignment (zero)		slack below the 0x8-aligned claim at 0x0024ce40
0x0024ce4c	0x0024ce50	4	.bss	padding / alignment (zero)	excluded	padding / alignment (zero)		slack below the 0x8-aligned claim at 0x0024ce50
0x0024ce5c	0x0024ce78	28	.bss	UNCLASSIFIED (.bss)	eligible	UNCLASSIFIED (.bss)		no oracle names this zero-fill run
0x0024ce84	0x0024ce88	4	.bss	padding / alignment (zero)	excluded	padding / alignment (zero)		slack below the 0x8-aligned claim at 0x0024ce88
0x0024ce94	0x0024ce98	4	.bss	padding / alignment (zero)	excluded	padding / alignment (zero)		slack below the 0x8-aligned claim at 0x0024ce98
0x0024cea4	0x0024cea8	4	.bss	padding / alignment (zero)	excluded	padding / alignment (zero)		slack below the 0x8-aligned claim at 0x0024cea8
0x0024ceb4	0x0024ceb8	4	.bss	padding / alignment (zero)	excluded	padding / alignment (zero)		slack below the 0x8-aligned claim at 0x0024ceb8
0x0024cec4	0x0024cec8	4	.bss	padding / alignment (zero)	excluded	padding / alignment (zero)		slack below the 0x8-aligned claim at 0x0024cec8
0x0024ced4	0x0024ced8	4	.bss	padding / alignment (zero)	excluded	padding / alignment (zero)		slack below the 0x8-aligned claim at 0x0024ced8
0x0024cee4	0x0024cee8	4	.bss	padding / alignment (zero)	excluded	padding / alignment (zero)		slack below the 0x8-aligned claim at 0x0024cee8
0x0024cef4	0x0024cef8	4	.bss	padding / alignment (zero)	excluded	padding / alignment (zero)		slack below the 0x8-aligned claim at 0x0024cef8
0x0024cf04	0x0024cf20	28	.bss	UNCLASSIFIED (.bss)	eligible	UNCLASSIFIED (.bss)		no oracle names this zero-fill run
0x0024cf2c	0x0024cf30	4	.bss	padding / alignment (zero)	excluded	padding / alignment (zero)		slack below the 0x8-aligned claim at 0x0024cf30
0x0024cf3c	0x0024cf40	4	.bss	padding / alignment (zero)	excluded	padding / alignment (zero)		slack below the 0x8-aligned claim at 0x0024cf40
0x0024cf4c	0x0024cf50	4	.bss	padding / alignment (zero)	excluded	padding / alignment (zero)		slack below the 0x8-aligned claim at 0x0024cf50
0x0024cf5c	0x0024cf60	4	.bss	padding / alignment (zero)	excluded	padding / alignment (zero)		slack below the 0x8-aligned claim at 0x0024cf60
0x0024cf6c	0x0024cf70	4	.bss	padding / alignment (zero)	excluded	padding / alignment (zero)		slack below the 0x8-aligned claim at 0x0024cf70
0x0024cf7c	0x0024cf80	4	.bss	padding / alignment (zero)	excluded	padding / alignment (zero)		slack below the 0x8-aligned claim at 0x0024cf80
0x0024cf8c	0x0024cf90	4	.bss	padding / alignment (zero)	excluded	padding / alignment (zero)		slack below the 0x8-aligned claim at 0x0024cf90
0x0024cf9c	0x0024cfa0	4	.bss	padding / alignment (zero)	excluded	padding / alignment (zero)		slack below the 0x8-aligned claim at 0x0024cfa0
0x0024cfac	0x0024cfb0	4	.bss	padding / alignment (zero)	excluded	padding / alignment (zero)		slack below the 0x8-aligned claim at 0x0024cfb0
0x0024cfd8	0x0024d000	40	.bss	UNCLASSIFIED (.bss)	eligible	UNCLASSIFIED (.bss)		no oracle names this zero-fill run
0x0024d00c	0x0024d010	4	.bss	padding / alignment (zero)	excluded	padding / alignment (zero)		slack below the 0x8-aligned claim at 0x0024d010
0x0024d01c	0x0024d020	4	.bss	padding / alignment (zero)	excluded	padding / alignment (zero)		slack below the 0x8-aligned claim at 0x0024d020
0x0024d02c	0x0024d030	4	.bss	padding / alignment (zero)	excluded	padding / alignment (zero)		slack below the 0x8-aligned claim at 0x0024d030
0x0024d03c	0x0024d040	4	.bss	padding / alignment (zero)	excluded	padding / alignment (zero)		slack below the 0x8-aligned claim at 0x0024d040
0x0024d04c	0x0024d050	4	.bss	padding / alignment (zero)	excluded	padding / alignment (zero)		slack below the 0x8-aligned claim at 0x0024d050
0x0024d05c	0x0024d060	4	.bss	padding / alignment (zero)	excluded	padding / alignment (zero)		slack below the 0x8-aligned claim at 0x0024d060
0x0024d06c	0x0024d070	4	.bss	padding / alignment (zero)	excluded	padding / alignment (zero)		slack below the 0x8-aligned claim at 0x0024d070
0x0024d07c	0x0024d080	4	.bss	padding / alignment (zero)	excluded	padding / alignment (zero)		slack below the 0x8-aligned claim at 0x0024d080
0x0024d08c	0x0024d0a8	28	.bss	UNCLASSIFIED (.bss)	eligible	UNCLASSIFIED (.bss)		no oracle names this zero-fill run
0x0024d0b4	0x0024d0b8	4	.bss	padding / alignment (zero)	excluded	padding / alignment (zero)		slack below the 0x8-aligned claim at 0x0024d0b8
0x0024d0c4	0x0024d0c8	4	.bss	padding / alignment (zero)	excluded	padding / alignment (zero)		slack below the 0x8-aligned claim at 0x0024d0c8
0x0024d0d4	0x0024d0d8	4	.bss	padding / alignment (zero)	excluded	padding / alignment (zero)		slack below the 0x8-aligned claim at 0x0024d0d8
0x0024d0e4	0x0024d0e8	4	.bss	padding / alignment (zero)	excluded	padding / alignment (zero)		slack below the 0x8-aligned claim at 0x0024d0e8
0x0024d0f4	0x0024d0f8	4	.bss	padding / alignment (zero)	excluded	padding / alignment (zero)		slack below the 0x8-aligned claim at 0x0024d0f8
0x0024d104	0x0024d108	4	.bss	padding / alignment (zero)	excluded	padding / alignment (zero)		slack below the 0x8-aligned claim at 0x0024d108
0x0024d114	0x0024d118	4	.bss	padding / alignment (zero)	excluded	padding / alignment (zero)		slack below the 0x8-aligned claim at 0x0024d118
0x0024d124	0x0024d128	4	.bss	padding / alignment (zero)	excluded	padding / alignment (zero)		slack below the 0x8-aligned claim at 0x0024d128
0x0024d134	0x0024d150	28	.bss	UNCLASSIFIED (.bss)	eligible	UNCLASSIFIED (.bss)		no oracle names this zero-fill run
0x0024d15c	0x0024d160	4	.bss	padding / alignment (zero)	excluded	padding / alignment (zero)		slack below the 0x8-aligned claim at 0x0024d160
0x0024d16c	0x0024d170	4	.bss	padding / alignment (zero)	excluded	padding / alignment (zero)		slack below the 0x8-aligned claim at 0x0024d170
0x0024d17c	0x0024d180	4	.bss	padding / alignment (zero)	excluded	padding / alignment (zero)		slack below the 0x8-aligned claim at 0x0024d180
0x0024d18c	0x0024d190	4	.bss	padding / alignment (zero)	excluded	padding / alignment (zero)		slack below the 0x8-aligned claim at 0x0024d190
0x0024d19c	0x0024d1a0	4	.bss	padding / alignment (zero)	excluded	padding / alignment (zero)		slack below the 0x8-aligned claim at 0x0024d1a0
0x0024d1ac	0x0024d1b0	4	.bss	padding / alignment (zero)	excluded	padding / alignment (zero)		slack below the 0x8-aligned claim at 0x0024d1b0
0x0024d1bc	0x0024d1c0	4	.bss	padding / alignment (zero)	excluded	padding / alignment (zero)		slack below the 0x8-aligned claim at 0x0024d1c0
0x0024d1cc	0x0024d1d0	4	.bss	padding / alignment (zero)	excluded	padding / alignment (zero)		slack below the 0x8-aligned claim at 0x0024d1d0
0x0024d1dc	0x0024d1f8	28	.bss	UNCLASSIFIED (.bss)	eligible	UNCLASSIFIED (.bss)		no oracle names this zero-fill run
0x0024d204	0x0024d208	4	.bss	padding / alignment (zero)	excluded	padding / alignment (zero)		slack below the 0x8-aligned claim at 0x0024d208
0x0024d214	0x0024d218	4	.bss	padding / alignment (zero)	excluded	padding / alignment (zero)		slack below the 0x8-aligned claim at 0x0024d218
0x0024d224	0x0024d228	4	.bss	padding / alignment (zero)	excluded	padding / alignment (zero)		slack below the 0x8-aligned claim at 0x0024d228
0x0024d234	0x0024d238	4	.bss	padding / alignment (zero)	excluded	padding / alignment (zero)		slack below the 0x8-aligned claim at 0x0024d238
0x0024d244	0x0024d248	4	.bss	padding / alignment (zero)	excluded	padding / alignment (zero)		slack below the 0x8-aligned claim at 0x0024d248
0x0024d254	0x0024d258	4	.bss	padding / alignment (zero)	excluded	padding / alignment (zero)		slack below the 0x8-aligned claim at 0x0024d258
0x0024d264	0x0024d268	4	.bss	padding / alignment (zero)	excluded	padding / alignment (zero)		slack below the 0x8-aligned claim at 0x0024d268
0x0024d274	0x0024d278	4	.bss	padding / alignment (zero)	excluded	padding / alignment (zero)		slack below the 0x8-aligned claim at 0x0024d278
0x0024d284	0x0024d2a0	28	.bss	UNCLASSIFIED (.bss)	eligible	UNCLASSIFIED (.bss)		no oracle names this zero-fill run
0x0024d2ac	0x0024d2b0	4	.bss	padding / alignment (zero)	excluded	padding / alignment (zero)		slack below the 0x8-aligned claim at 0x0024d2b0
0x0024d2bc	0x0024d2c0	4	.bss	padding / alignment (zero)	excluded	padding / alignment (zero)		slack below the 0x8-aligned claim at 0x0024d2c0
0x0024d2cc	0x0024d2d0	4	.bss	padding / alignment (zero)	excluded	padding / alignment (zero)		slack below the 0x8-aligned claim at 0x0024d2d0
0x0024d2dc	0x0024d2e0	4	.bss	padding / alignment (zero)	excluded	padding / alignment (zero)		slack below the 0x8-aligned claim at 0x0024d2e0
0x0024d2ec	0x0024d2f0	4	.bss	padding / alignment (zero)	excluded	padding / alignment (zero)		slack below the 0x8-aligned claim at 0x0024d2f0
0x0024d2fc	0x0024d300	4	.bss	padding / alignment (zero)	excluded	padding / alignment (zero)		slack below the 0x8-aligned claim at 0x0024d300
0x0024d30c	0x0024d310	4	.bss	padding / alignment (zero)	excluded	padding / alignment (zero)		slack below the 0x8-aligned claim at 0x0024d310
0x0024d31c	0x0024d320	4	.bss	padding / alignment (zero)	excluded	padding / alignment (zero)		slack below the 0x8-aligned claim at 0x0024d320
0x0024d32c	0x0024d348	28	.bss	UNCLASSIFIED (.bss)	eligible	UNCLASSIFIED (.bss)		no oracle names this zero-fill run
0x0024d354	0x0024d358	4	.bss	padding / alignment (zero)	excluded	padding / alignment (zero)		slack below the 0x8-aligned claim at 0x0024d358
0x0024d364	0x0024d368	4	.bss	padding / alignment (zero)	excluded	padding / alignment (zero)		slack below the 0x8-aligned claim at 0x0024d368
0x0024d374	0x0024d378	4	.bss	padding / alignment (zero)	excluded	padding / alignment (zero)		slack below the 0x8-aligned claim at 0x0024d378
0x0024d384	0x0024d388	4	.bss	padding / alignment (zero)	excluded	padding / alignment (zero)		slack below the 0x8-aligned claim at 0x0024d388
0x0024d394	0x0024d398	4	.bss	padding / alignment (zero)	excluded	padding / alignment (zero)		slack below the 0x8-aligned claim at 0x0024d398
0x0024d3a4	0x0024d3a8	4	.bss	padding / alignment (zero)	excluded	padding / alignment (zero)		slack below the 0x8-aligned claim at 0x0024d3a8
0x0024d3b4	0x0024d3b8	4	.bss	padding / alignment (zero)	excluded	padding / alignment (zero)		slack below the 0x8-aligned claim at 0x0024d3b8
0x0024d3c4	0x0024d3c8	4	.bss	padding / alignment (zero)	excluded	padding / alignment (zero)		slack below the 0x8-aligned claim at 0x0024d3c8
0x0024d3d4	0x0024d3f0	28	.bss	UNCLASSIFIED (.bss)	eligible	UNCLASSIFIED (.bss)		no oracle names this zero-fill run
0x0024d3fc	0x0024d400	4	.bss	padding / alignment (zero)	excluded	padding / alignment (zero)		slack below the 0x8-aligned claim at 0x0024d400
0x0024d40c	0x0024d410	4	.bss	padding / alignment (zero)	excluded	padding / alignment (zero)		slack below the 0x8-aligned claim at 0x0024d410
0x0024d41c	0x0024d420	4	.bss	padding / alignment (zero)	excluded	padding / alignment (zero)		slack below the 0x8-aligned claim at 0x0024d420
0x0024d42c	0x0024d430	4	.bss	padding / alignment (zero)	excluded	padding / alignment (zero)		slack below the 0x8-aligned claim at 0x0024d430
0x0024d43c	0x0024d440	4	.bss	padding / alignment (zero)	excluded	padding / alignment (zero)		slack below the 0x8-aligned claim at 0x0024d440
0x0024d44c	0x0024d450	4	.bss	padding / alignment (zero)	excluded	padding / alignment (zero)		slack below the 0x8-aligned claim at 0x0024d450
0x0024d45c	0x0024d460	4	.bss	padding / alignment (zero)	excluded	padding / alignment (zero)		slack below the 0x8-aligned claim at 0x0024d460
0x0024d46c	0x0024d470	4	.bss	padding / alignment (zero)	excluded	padding / alignment (zero)		slack below the 0x8-aligned claim at 0x0024d470
0x0024d47c	0x0024d498	28	.bss	UNCLASSIFIED (.bss)	eligible	UNCLASSIFIED (.bss)		no oracle names this zero-fill run
0x0024d4a4	0x0024d4a8	4	.bss	padding / alignment (zero)	excluded	padding / alignment (zero)		slack below the 0x8-aligned claim at 0x0024d4a8
0x0024d4b4	0x0024d4b8	4	.bss	padding / alignment (zero)	excluded	padding / alignment (zero)		slack below the 0x8-aligned claim at 0x0024d4b8
0x0024d4c4	0x0024d4c8	4	.bss	padding / alignment (zero)	excluded	padding / alignment (zero)		slack below the 0x8-aligned claim at 0x0024d4c8
0x0024d4d4	0x0024d4d8	4	.bss	padding / alignment (zero)	excluded	padding / alignment (zero)		slack below the 0x8-aligned claim at 0x0024d4d8
0x0024d4e4	0x0024d4e8	4	.bss	padding / alignment (zero)	excluded	padding / alignment (zero)		slack below the 0x8-aligned claim at 0x0024d4e8
0x0024d4f4	0x0024d4f8	4	.bss	padding / alignment (zero)	excluded	padding / alignment (zero)		slack below the 0x8-aligned claim at 0x0024d4f8
0x0024d504	0x0024d508	4	.bss	padding / alignment (zero)	excluded	padding / alignment (zero)		slack below the 0x8-aligned claim at 0x0024d508
0x0024d514	0x0024d518	4	.bss	padding / alignment (zero)	excluded	padding / alignment (zero)		slack below the 0x8-aligned claim at 0x0024d518
0x0024d524	0x0024d540	28	.bss	UNCLASSIFIED (.bss)	eligible	UNCLASSIFIED (.bss)		no oracle names this zero-fill run
0x0024d54c	0x0024d550	4	.bss	padding / alignment (zero)	excluded	padding / alignment (zero)		slack below the 0x8-aligned claim at 0x0024d550
0x0024d55c	0x0024d560	4	.bss	padding / alignment (zero)	excluded	padding / alignment (zero)		slack below the 0x8-aligned claim at 0x0024d560
0x0024d56c	0x0024d570	4	.bss	padding / alignment (zero)	excluded	padding / alignment (zero)		slack below the 0x8-aligned claim at 0x0024d570
0x0024d57c	0x0024d580	4	.bss	padding / alignment (zero)	excluded	padding / alignment (zero)		slack below the 0x8-aligned claim at 0x0024d580
0x0024d58c	0x0024d590	4	.bss	padding / alignment (zero)	excluded	padding / alignment (zero)		slack below the 0x8-aligned claim at 0x0024d590
0x0024d59c	0x0024d5a0	4	.bss	padding / alignment (zero)	excluded	padding / alignment (zero)		slack below the 0x8-aligned claim at 0x0024d5a0
0x0024d5ac	0x0024d5b0	4	.bss	padding / alignment (zero)	excluded	padding / alignment (zero)		slack below the 0x8-aligned claim at 0x0024d5b0
0x0024d5bc	0x0024d5c0	4	.bss	padding / alignment (zero)	excluded	padding / alignment (zero)		slack below the 0x8-aligned claim at 0x0024d5c0
0x0024d5cc	0x0024d5e8	28	.bss	UNCLASSIFIED (.bss)	eligible	UNCLASSIFIED (.bss)		no oracle names this zero-fill run
0x0024d5f4	0x0024d5f8	4	.bss	padding / alignment (zero)	excluded	padding / alignment (zero)		slack below the 0x8-aligned claim at 0x0024d5f8
0x0024d604	0x0024d608	4	.bss	padding / alignment (zero)	excluded	padding / alignment (zero)		slack below the 0x8-aligned claim at 0x0024d608
0x0024d614	0x0024d618	4	.bss	padding / alignment (zero)	excluded	padding / alignment (zero)		slack below the 0x8-aligned claim at 0x0024d618
0x0024d624	0x0024d628	4	.bss	padding / alignment (zero)	excluded	padding / alignment (zero)		slack below the 0x8-aligned claim at 0x0024d628
0x0024d634	0x0024d638	4	.bss	padding / alignment (zero)	excluded	padding / alignment (zero)		slack below the 0x8-aligned claim at 0x0024d638
0x0024d644	0x0024d648	4	.bss	padding / alignment (zero)	excluded	padding / alignment (zero)		slack below the 0x8-aligned claim at 0x0024d648
0x0024d654	0x0024d658	4	.bss	padding / alignment (zero)	excluded	padding / alignment (zero)		slack below the 0x8-aligned claim at 0x0024d658
0x0024d664	0x0024d668	4	.bss	padding / alignment (zero)	excluded	padding / alignment (zero)		slack below the 0x8-aligned claim at 0x0024d668
0x0024d674	0x0024d690	28	.bss	UNCLASSIFIED (.bss)	eligible	UNCLASSIFIED (.bss)		no oracle names this zero-fill run
0x0024d69c	0x0024d6a0	4	.bss	padding / alignment (zero)	excluded	padding / alignment (zero)		slack below the 0x8-aligned claim at 0x0024d6a0
0x0024d6ac	0x0024d6b0	4	.bss	padding / alignment (zero)	excluded	padding / alignment (zero)		slack below the 0x8-aligned claim at 0x0024d6b0
0x0024d6bc	0x0024d6c0	4	.bss	padding / alignment (zero)	excluded	padding / alignment (zero)		slack below the 0x8-aligned claim at 0x0024d6c0
0x0024d6cc	0x0024d6d0	4	.bss	padding / alignment (zero)	excluded	padding / alignment (zero)		slack below the 0x8-aligned claim at 0x0024d6d0
0x0024d6dc	0x0024d6e0	4	.bss	padding / alignment (zero)	excluded	padding / alignment (zero)		slack below the 0x8-aligned claim at 0x0024d6e0
0x0024d6ec	0x0024d6f0	4	.bss	padding / alignment (zero)	excluded	padding / alignment (zero)		slack below the 0x8-aligned claim at 0x0024d6f0
0x0024d6fc	0x0024d700	4	.bss	padding / alignment (zero)	excluded	padding / alignment (zero)		slack below the 0x8-aligned claim at 0x0024d700
0x0024d70c	0x0024d710	4	.bss	padding / alignment (zero)	excluded	padding / alignment (zero)		slack below the 0x8-aligned claim at 0x0024d710
0x0024d71c	0x0024d738	28	.bss	UNCLASSIFIED (.bss)	eligible	UNCLASSIFIED (.bss)		no oracle names this zero-fill run
0x0024d744	0x0024d748	4	.bss	padding / alignment (zero)	excluded	padding / alignment (zero)		slack below the 0x8-aligned claim at 0x0024d748
0x0024d754	0x0024d758	4	.bss	padding / alignment (zero)	excluded	padding / alignment (zero)		slack below the 0x8-aligned claim at 0x0024d758
0x0024d764	0x0024d768	4	.bss	padding / alignment (zero)	excluded	padding / alignment (zero)		slack below the 0x8-aligned claim at 0x0024d768
0x0024d774	0x0024d778	4	.bss	padding / alignment (zero)	excluded	padding / alignment (zero)		slack below the 0x8-aligned claim at 0x0024d778
0x0024d784	0x0024d788	4	.bss	padding / alignment (zero)	excluded	padding / alignment (zero)		slack below the 0x8-aligned claim at 0x0024d788
0x0024d794	0x0024d798	4	.bss	padding / alignment (zero)	excluded	padding / alignment (zero)		slack below the 0x8-aligned claim at 0x0024d798
0x0024d7a4	0x0024d7a8	4	.bss	padding / alignment (zero)	excluded	padding / alignment (zero)		slack below the 0x8-aligned claim at 0x0024d7a8
0x0024d7b4	0x0024d7b8	4	.bss	padding / alignment (zero)	excluded	padding / alignment (zero)		slack below the 0x8-aligned claim at 0x0024d7b8
0x0024d7c4	0x0024d7e0	28	.bss	UNCLASSIFIED (.bss)	eligible	UNCLASSIFIED (.bss)		no oracle names this zero-fill run
0x0024d7ec	0x0024d7f0	4	.bss	padding / alignment (zero)	excluded	padding / alignment (zero)		slack below the 0x8-aligned claim at 0x0024d7f0
0x0024d7fc	0x0024d800	4	.bss	padding / alignment (zero)	excluded	padding / alignment (zero)		slack below the 0x8-aligned claim at 0x0024d800
0x0024d80c	0x0024d810	4	.bss	padding / alignment (zero)	excluded	padding / alignment (zero)		slack below the 0x8-aligned claim at 0x0024d810
0x0024d81c	0x0024d820	4	.bss	padding / alignment (zero)	excluded	padding / alignment (zero)		slack below the 0x8-aligned claim at 0x0024d820
0x0024d82c	0x0024d830	4	.bss	padding / alignment (zero)	excluded	padding / alignment (zero)		slack below the 0x8-aligned claim at 0x0024d830
0x0024d83c	0x0024d840	4	.bss	padding / alignment (zero)	excluded	padding / alignment (zero)		slack below the 0x8-aligned claim at 0x0024d840
0x0024d84c	0x0024d850	4	.bss	padding / alignment (zero)	excluded	padding / alignment (zero)		slack below the 0x8-aligned claim at 0x0024d850
0x0024d85c	0x0024d860	4	.bss	padding / alignment (zero)	excluded	padding / alignment (zero)		slack below the 0x8-aligned claim at 0x0024d860
0x0024d86c	0x0024d888	28	.bss	UNCLASSIFIED (.bss)	eligible	UNCLASSIFIED (.bss)		no oracle names this zero-fill run
0x0024d894	0x0024d898	4	.bss	padding / alignment (zero)	excluded	padding / alignment (zero)		slack below the 0x8-aligned claim at 0x0024d898
0x0024d8a4	0x0024d8a8	4	.bss	padding / alignment (zero)	excluded	padding / alignment (zero)		slack below the 0x8-aligned claim at 0x0024d8a8
0x0024d8b4	0x0024d8b8	4	.bss	padding / alignment (zero)	excluded	padding / alignment (zero)		slack below the 0x8-aligned claim at 0x0024d8b8
0x0024d8c4	0x0024d8c8	4	.bss	padding / alignment (zero)	excluded	padding / alignment (zero)		slack below the 0x8-aligned claim at 0x0024d8c8
0x0024d8d4	0x0024d8d8	4	.bss	padding / alignment (zero)	excluded	padding / alignment (zero)		slack below the 0x8-aligned claim at 0x0024d8d8
0x0024d8e4	0x0024d8e8	4	.bss	padding / alignment (zero)	excluded	padding / alignment (zero)		slack below the 0x8-aligned claim at 0x0024d8e8
0x0024d8f4	0x0024d8f8	4	.bss	padding / alignment (zero)	excluded	padding / alignment (zero)		slack below the 0x8-aligned claim at 0x0024d8f8
0x0024d904	0x0024d908	4	.bss	padding / alignment (zero)	excluded	padding / alignment (zero)		slack below the 0x8-aligned claim at 0x0024d908
0x0024d914	0x0024d930	28	.bss	UNCLASSIFIED (.bss)	eligible	UNCLASSIFIED (.bss)		no oracle names this zero-fill run
0x0024d93c	0x0024d940	4	.bss	padding / alignment (zero)	excluded	padding / alignment (zero)		slack below the 0x8-aligned claim at 0x0024d940
0x0024d94c	0x0024d950	4	.bss	padding / alignment (zero)	excluded	padding / alignment (zero)		slack below the 0x8-aligned claim at 0x0024d950
0x0024d95c	0x0024d960	4	.bss	padding / alignment (zero)	excluded	padding / alignment (zero)		slack below the 0x8-aligned claim at 0x0024d960
0x0024d96c	0x0024d970	4	.bss	padding / alignment (zero)	excluded	padding / alignment (zero)		slack below the 0x8-aligned claim at 0x0024d970
0x0024d97c	0x0024d980	4	.bss	padding / alignment (zero)	excluded	padding / alignment (zero)		slack below the 0x8-aligned claim at 0x0024d980
0x0024d98c	0x0024d990	4	.bss	padding / alignment (zero)	excluded	padding / alignment (zero)		slack below the 0x8-aligned claim at 0x0024d990
0x0024d99c	0x0024d9a0	4	.bss	padding / alignment (zero)	excluded	padding / alignment (zero)		slack below the 0x8-aligned claim at 0x0024d9a0
0x0024d9ac	0x0024d9b0	4	.bss	padding / alignment (zero)	excluded	padding / alignment (zero)		slack below the 0x8-aligned claim at 0x0024d9b0
0x0024d9bc	0x0024d9d8	28	.bss	UNCLASSIFIED (.bss)	eligible	UNCLASSIFIED (.bss)		no oracle names this zero-fill run
0x0024d9e4	0x0024d9e8	4	.bss	padding / alignment (zero)	excluded	padding / alignment (zero)		slack below the 0x8-aligned claim at 0x0024d9e8
0x0024d9f4	0x0024d9f8	4	.bss	padding / alignment (zero)	excluded	padding / alignment (zero)		slack below the 0x8-aligned claim at 0x0024d9f8
0x0024da04	0x0024da08	4	.bss	padding / alignment (zero)	excluded	padding / alignment (zero)		slack below the 0x8-aligned claim at 0x0024da08
0x0024da14	0x0024da18	4	.bss	padding / alignment (zero)	excluded	padding / alignment (zero)		slack below the 0x8-aligned claim at 0x0024da18
0x0024da24	0x0024da28	4	.bss	padding / alignment (zero)	excluded	padding / alignment (zero)		slack below the 0x8-aligned claim at 0x0024da28
0x0024da34	0x0024da38	4	.bss	padding / alignment (zero)	excluded	padding / alignment (zero)		slack below the 0x8-aligned claim at 0x0024da38
0x0024da44	0x0024da48	4	.bss	padding / alignment (zero)	excluded	padding / alignment (zero)		slack below the 0x8-aligned claim at 0x0024da48
0x0024da54	0x0024da58	4	.bss	padding / alignment (zero)	excluded	padding / alignment (zero)		slack below the 0x8-aligned claim at 0x0024da58
0x0024da64	0x0024da80	28	.bss	UNCLASSIFIED (.bss)	eligible	UNCLASSIFIED (.bss)		no oracle names this zero-fill run
0x0024da82	0x0024da84	2	.bss	padding / alignment (zero)	excluded	padding / alignment (zero)		slack below the 0x4-aligned claim at 0x0024da84
0x0024da8c	0x0024da90	4	.bss	padding / alignment (zero)	excluded	padding / alignment (zero)		slack below the 0x8-aligned claim at 0x0024da90
0x0024dade	0x0024dae0	2	.bss	padding / alignment (zero)	excluded	padding / alignment (zero)		slack below the 0x8-aligned claim at 0x0024dae0
0x0024dbe4	0x0024dc28	68	.bss	UNCLASSIFIED (.bss)	eligible	UNCLASSIFIED (.bss)		no oracle names this zero-fill run
0x0024dd2a	0x0024dd30	6	.bss	padding / alignment (zero)	excluded	padding / alignment (zero)		slack below the 0x8-aligned claim at 0x0024dd30
0x0024df96	0x0024df98	2	.bss	padding / alignment (zero)	excluded	padding / alignment (zero)		slack below the 0x4-aligned claim at 0x0024df98
0x0024df9a	0x0024df9c	2	.bss	padding / alignment (zero)	excluded	padding / alignment (zero)		slack below the 0x4-aligned claim at 0x0024df9c
0x0024e0a6	0x0024e0a8	2	.bss	padding / alignment (zero)	excluded	padding / alignment (zero)		slack below the 0x4-aligned claim at 0x0024e0a8
0x0024e0b4	0x0024e0b8	4	.bss	UNCLASSIFIED (.bss)	eligible	UNCLASSIFIED (.bss)		no oracle names this zero-fill run
0x0024e0bc	0x0024e0c0	4	.bss	padding / alignment (zero)	excluded	padding / alignment (zero)		slack below the 0x8-aligned claim at 0x0024e0c0
0x0024e218	0x0024e220	8	.bss	UNCLASSIFIED (.bss)	eligible	UNCLASSIFIED (.bss)		no oracle names this zero-fill run
0x0024e22c	0x0024e230	4	.bss	padding / alignment (zero)	excluded	padding / alignment (zero)		slack below the 0x8-aligned claim at 0x0024e230
0x0024e23c	0x0024e240	4	.bss	padding / alignment (zero)	excluded	padding / alignment (zero)		slack below the 0x8-aligned claim at 0x0024e240
0x0024e24c	0x0024e250	4	.bss	padding / alignment (zero)	excluded	padding / alignment (zero)		slack below the 0x8-aligned claim at 0x0024e250
0x0024e26c	0x0024e270	4	.bss	padding / alignment (zero)	excluded	padding / alignment (zero)		slack below the 0x8-aligned claim at 0x0024e270
0x0024e27c	0x0024e280	4	.bss	padding / alignment (zero)	excluded	padding / alignment (zero)		slack below the 0x8-aligned claim at 0x0024e280
0x0024e28c	0x0024e290	4	.bss	padding / alignment (zero)	excluded	padding / alignment (zero)		slack below the 0x8-aligned claim at 0x0024e290
0x0024e29c	0x0024e2a0	4	.bss	padding / alignment (zero)	excluded	padding / alignment (zero)		slack below the 0x8-aligned claim at 0x0024e2a0
0x0024e2ac	0x0024e2d0	36	.bss	UNCLASSIFIED (.bss)	eligible	UNCLASSIFIED (.bss)		no oracle names this zero-fill run
0x0024e2dc	0x0024e2e0	4	.bss	padding / alignment (zero)	excluded	padding / alignment (zero)		slack below the 0x8-aligned claim at 0x0024e2e0
0x0024e2ec	0x0024e2f0	4	.bss	padding / alignment (zero)	excluded	padding / alignment (zero)		slack below the 0x8-aligned claim at 0x0024e2f0
0x0024e2fc	0x0024e300	4	.bss	padding / alignment (zero)	excluded	padding / alignment (zero)		slack below the 0x8-aligned claim at 0x0024e300
0x0024e30c	0x0024e310	4	.bss	padding / alignment (zero)	excluded	padding / alignment (zero)		slack below the 0x8-aligned claim at 0x0024e310
0x0024e31c	0x0024e320	4	.bss	padding / alignment (zero)	excluded	padding / alignment (zero)		slack below the 0x8-aligned claim at 0x0024e320
0x0024e32c	0x0024e330	4	.bss	padding / alignment (zero)	excluded	padding / alignment (zero)		slack below the 0x8-aligned claim at 0x0024e330
0x0024e33c	0x0024e340	4	.bss	padding / alignment (zero)	excluded	padding / alignment (zero)		slack below the 0x8-aligned claim at 0x0024e340
0x0024e34c	0x0024e350	4	.bss	padding / alignment (zero)	excluded	padding / alignment (zero)		slack below the 0x8-aligned claim at 0x0024e350
0x0024e364	0x0024e390	44	.bss	UNCLASSIFIED (.bss)	eligible	UNCLASSIFIED (.bss)		no oracle names this zero-fill run
0x0024e39c	0x0024e3a0	4	.bss	padding / alignment (zero)	excluded	padding / alignment (zero)		slack below the 0x8-aligned claim at 0x0024e3a0
0x0024e3ac	0x0024e3b0	4	.bss	padding / alignment (zero)	excluded	padding / alignment (zero)		slack below the 0x8-aligned claim at 0x0024e3b0
0x0024e3bc	0x0024e3c0	4	.bss	padding / alignment (zero)	excluded	padding / alignment (zero)		slack below the 0x8-aligned claim at 0x0024e3c0
0x0024e3cc	0x0024e3d0	4	.bss	padding / alignment (zero)	excluded	padding / alignment (zero)		slack below the 0x8-aligned claim at 0x0024e3d0
0x0024e3f4	0x0024e3f8	4	.bss	padding / alignment (zero)	excluded	padding / alignment (zero)		slack below the 0x8-aligned claim at 0x0024e3f8
0x0024e404	0x0024e408	4	.bss	padding / alignment (zero)	excluded	padding / alignment (zero)		slack below the 0x8-aligned claim at 0x0024e408
0x0024e414	0x0024e418	4	.bss	padding / alignment (zero)	excluded	padding / alignment (zero)		slack below the 0x8-aligned claim at 0x0024e418
0x0024e424	0x0024e428	4	.bss	padding / alignment (zero)	excluded	padding / alignment (zero)		slack below the 0x8-aligned claim at 0x0024e428
0x0024e434	0x0024e438	4	.bss	padding / alignment (zero)	excluded	padding / alignment (zero)		slack below the 0x8-aligned claim at 0x0024e438
0x0024e444	0x0024e470	44	.bss	UNCLASSIFIED (.bss)	eligible	UNCLASSIFIED (.bss)		no oracle names this zero-fill run
0x0024e47c	0x0024e480	4	.bss	padding / alignment (zero)	excluded	padding / alignment (zero)		slack below the 0x8-aligned claim at 0x0024e480
0x0024e48c	0x0024e490	4	.bss	padding / alignment (zero)	excluded	padding / alignment (zero)		slack below the 0x8-aligned claim at 0x0024e490
0x0024e49c	0x0024e4a0	4	.bss	padding / alignment (zero)	excluded	padding / alignment (zero)		slack below the 0x8-aligned claim at 0x0024e4a0
0x0024e4ac	0x0024e4b0	4	.bss	padding / alignment (zero)	excluded	padding / alignment (zero)		slack below the 0x8-aligned claim at 0x0024e4b0
0x0024e4bc	0x0024e4c0	4	.bss	padding / alignment (zero)	excluded	padding / alignment (zero)		slack below the 0x8-aligned claim at 0x0024e4c0
0x0024e4cc	0x0024e4d0	4	.bss	padding / alignment (zero)	excluded	padding / alignment (zero)		slack below the 0x8-aligned claim at 0x0024e4d0
0x0024e4dc	0x0024e4e0	4	.bss	padding / alignment (zero)	excluded	padding / alignment (zero)		slack below the 0x8-aligned claim at 0x0024e4e0
0x0024e4ec	0x0024e4f0	4	.bss	padding / alignment (zero)	excluded	padding / alignment (zero)		slack below the 0x8-aligned claim at 0x0024e4f0
0x0024e4fc	0x0024e518	28	.bss	UNCLASSIFIED (.bss)	eligible	UNCLASSIFIED (.bss)		no oracle names this zero-fill run
0x0024e524	0x0024e528	4	.bss	padding / alignment (zero)	excluded	padding / alignment (zero)		slack below the 0x8-aligned claim at 0x0024e528
0x0024e534	0x0024e538	4	.bss	padding / alignment (zero)	excluded	padding / alignment (zero)		slack below the 0x8-aligned claim at 0x0024e538
0x0024e544	0x0024e548	4	.bss	padding / alignment (zero)	excluded	padding / alignment (zero)		slack below the 0x8-aligned claim at 0x0024e548
0x0024e554	0x0024e558	4	.bss	padding / alignment (zero)	excluded	padding / alignment (zero)		slack below the 0x8-aligned claim at 0x0024e558
0x0024e564	0x0024e568	4	.bss	padding / alignment (zero)	excluded	padding / alignment (zero)		slack below the 0x8-aligned claim at 0x0024e568
0x0024e574	0x0024e578	4	.bss	padding / alignment (zero)	excluded	padding / alignment (zero)		slack below the 0x8-aligned claim at 0x0024e578
0x0024e584	0x0024e588	4	.bss	padding / alignment (zero)	excluded	padding / alignment (zero)		slack below the 0x8-aligned claim at 0x0024e588
0x0024e594	0x0024e598	4	.bss	padding / alignment (zero)	excluded	padding / alignment (zero)		slack below the 0x8-aligned claim at 0x0024e598
0x0024e5a4	0x0024e5c0	28	.bss	UNCLASSIFIED (.bss)	eligible	UNCLASSIFIED (.bss)		no oracle names this zero-fill run
0x0024e5cc	0x0024e5d0	4	.bss	padding / alignment (zero)	excluded	padding / alignment (zero)		slack below the 0x8-aligned claim at 0x0024e5d0
0x0024e5dc	0x0024e5e0	4	.bss	padding / alignment (zero)	excluded	padding / alignment (zero)		slack below the 0x8-aligned claim at 0x0024e5e0
0x0024e5ec	0x0024e5f0	4	.bss	padding / alignment (zero)	excluded	padding / alignment (zero)		slack below the 0x8-aligned claim at 0x0024e5f0
0x0024e5fc	0x0024e600	4	.bss	padding / alignment (zero)	excluded	padding / alignment (zero)		slack below the 0x8-aligned claim at 0x0024e600
0x0024e60c	0x0024e610	4	.bss	padding / alignment (zero)	excluded	padding / alignment (zero)		slack below the 0x8-aligned claim at 0x0024e610
0x0024e61c	0x0024e620	4	.bss	padding / alignment (zero)	excluded	padding / alignment (zero)		slack below the 0x8-aligned claim at 0x0024e620
0x0024e62c	0x0024e630	4	.bss	padding / alignment (zero)	excluded	padding / alignment (zero)		slack below the 0x8-aligned claim at 0x0024e630
0x0024e63c	0x0024e640	4	.bss	padding / alignment (zero)	excluded	padding / alignment (zero)		slack below the 0x8-aligned claim at 0x0024e640
0x0024e64c	0x0024e670	36	.bss	UNCLASSIFIED (.bss)	eligible	UNCLASSIFIED (.bss)		no oracle names this zero-fill run
0x0024e694	0x0024e6a0	12	.bss	UNCLASSIFIED (.bss)	eligible	UNCLASSIFIED (.bss)		no oracle names this zero-fill run
0x0024e6c4	0x0024e6d0	12	.bss	UNCLASSIFIED (.bss)	eligible	UNCLASSIFIED (.bss)		no oracle names this zero-fill run
0x0024e6dc	0x0024e6f0	20	.bss	UNCLASSIFIED (.bss)	eligible	UNCLASSIFIED (.bss)		no oracle names this zero-fill run
0x0024e6fc	0x0024e700	4	.bss	padding / alignment (zero)	excluded	padding / alignment (zero)		slack below the 0x8-aligned claim at 0x0024e700
0x0024e70c	0x0024e710	4	.bss	padding / alignment (zero)	excluded	padding / alignment (zero)		slack below the 0x8-aligned claim at 0x0024e710
0x0024e71c	0x0024e720	4	.bss	padding / alignment (zero)	excluded	padding / alignment (zero)		slack below the 0x8-aligned claim at 0x0024e720
0x0024e744	0x0024e748	4	.bss	padding / alignment (zero)	excluded	padding / alignment (zero)		slack below the 0x8-aligned claim at 0x0024e748
0x0024e754	0x0024e758	4	.bss	padding / alignment (zero)	excluded	padding / alignment (zero)		slack below the 0x8-aligned claim at 0x0024e758
0x0024e764	0x0024e768	4	.bss	padding / alignment (zero)	excluded	padding / alignment (zero)		slack below the 0x8-aligned claim at 0x0024e768
0x0024e774	0x0024e778	4	.bss	padding / alignment (zero)	excluded	padding / alignment (zero)		slack below the 0x8-aligned claim at 0x0024e778
0x0024e784	0x0024e788	4	.bss	padding / alignment (zero)	excluded	padding / alignment (zero)		slack below the 0x8-aligned claim at 0x0024e788
0x0024e794	0x0024e798	4	.bss	padding / alignment (zero)	excluded	padding / alignment (zero)		slack below the 0x8-aligned claim at 0x0024e798
0x0024e7bc	0x0024e7c0	4	.bss	padding / alignment (zero)	excluded	padding / alignment (zero)		slack below the 0x8-aligned claim at 0x0024e7c0
0x0024e7e4	0x0024e7e8	4	.bss	padding / alignment (zero)	excluded	padding / alignment (zero)		slack below the 0x8-aligned claim at 0x0024e7e8
0x0024e80c	0x0024e810	4	.bss	padding / alignment (zero)	excluded	padding / alignment (zero)		slack below the 0x8-aligned claim at 0x0024e810
0x0024e834	0x0024e888	84	.bss	UNCLASSIFIED (.bss)	eligible	UNCLASSIFIED (.bss)		no oracle names this zero-fill run
0x0024e894	0x0024e898	4	.bss	padding / alignment (zero)	excluded	padding / alignment (zero)		slack below the 0x8-aligned claim at 0x0024e898
0x0024e8a4	0x0024e8a8	4	.bss	padding / alignment (zero)	excluded	padding / alignment (zero)		slack below the 0x8-aligned claim at 0x0024e8a8
0x0024e8b4	0x0024e8b8	4	.bss	padding / alignment (zero)	excluded	padding / alignment (zero)		slack below the 0x8-aligned claim at 0x0024e8b8
0x0024e8c4	0x0024e8c8	4	.bss	padding / alignment (zero)	excluded	padding / alignment (zero)		slack below the 0x8-aligned claim at 0x0024e8c8
0x0024e8d4	0x0024e8d8	4	.bss	padding / alignment (zero)	excluded	padding / alignment (zero)		slack below the 0x8-aligned claim at 0x0024e8d8
0x0024e8e4	0x0024e8e8	4	.bss	padding / alignment (zero)	excluded	padding / alignment (zero)		slack below the 0x8-aligned claim at 0x0024e8e8
0x0024e8f4	0x0024e8f8	4	.bss	padding / alignment (zero)	excluded	padding / alignment (zero)		slack below the 0x8-aligned claim at 0x0024e8f8
0x0024e904	0x0024e908	4	.bss	padding / alignment (zero)	excluded	padding / alignment (zero)		slack below the 0x8-aligned claim at 0x0024e908
0x0024e914	0x0024e938	36	.bss	UNCLASSIFIED (.bss)	eligible	UNCLASSIFIED (.bss)		no oracle names this zero-fill run
0x0024e944	0x0024e948	4	.bss	padding / alignment (zero)	excluded	padding / alignment (zero)		slack below the 0x8-aligned claim at 0x0024e948
0x0024e954	0x0024e958	4	.bss	padding / alignment (zero)	excluded	padding / alignment (zero)		slack below the 0x8-aligned claim at 0x0024e958
0x0024e964	0x0024e968	4	.bss	padding / alignment (zero)	excluded	padding / alignment (zero)		slack below the 0x8-aligned claim at 0x0024e968
0x0024e974	0x0024e978	4	.bss	padding / alignment (zero)	excluded	padding / alignment (zero)		slack below the 0x8-aligned claim at 0x0024e978
0x0024e99c	0x0024e9a0	4	.bss	padding / alignment (zero)	excluded	padding / alignment (zero)		slack below the 0x8-aligned claim at 0x0024e9a0
0x0024e9ac	0x0024e9b0	4	.bss	padding / alignment (zero)	excluded	padding / alignment (zero)		slack below the 0x8-aligned claim at 0x0024e9b0
0x0024e9bc	0x0024e9c0	4	.bss	padding / alignment (zero)	excluded	padding / alignment (zero)		slack below the 0x8-aligned claim at 0x0024e9c0
0x0024e9cc	0x0024e9d0	4	.bss	padding / alignment (zero)	excluded	padding / alignment (zero)		slack below the 0x8-aligned claim at 0x0024e9d0
0x0024e9dc	0x0024e9e0	4	.bss	padding / alignment (zero)	excluded	padding / alignment (zero)		slack below the 0x8-aligned claim at 0x0024e9e0
0x0024e9ec	0x0024ea18	44	.bss	UNCLASSIFIED (.bss)	eligible	UNCLASSIFIED (.bss)		no oracle names this zero-fill run
0x0024ea24	0x0024ea28	4	.bss	padding / alignment (zero)	excluded	padding / alignment (zero)		slack below the 0x8-aligned claim at 0x0024ea28
0x0024ea34	0x0024ea38	4	.bss	padding / alignment (zero)	excluded	padding / alignment (zero)		slack below the 0x8-aligned claim at 0x0024ea38
0x0024ea44	0x0024ea48	4	.bss	padding / alignment (zero)	excluded	padding / alignment (zero)		slack below the 0x8-aligned claim at 0x0024ea48
0x0024ea54	0x0024ea58	4	.bss	padding / alignment (zero)	excluded	padding / alignment (zero)		slack below the 0x8-aligned claim at 0x0024ea58
0x0024ea6c	0x0024ea70	4	.bss	padding / alignment (zero)	excluded	padding / alignment (zero)		slack below the 0x8-aligned claim at 0x0024ea70
0x0024ea7c	0x0024ea80	4	.bss	padding / alignment (zero)	excluded	padding / alignment (zero)		slack below the 0x8-aligned claim at 0x0024ea80
0x0024ea8c	0x0024ea90	4	.bss	padding / alignment (zero)	excluded	padding / alignment (zero)		slack below the 0x8-aligned claim at 0x0024ea90
0x0024ea9c	0x0024eaa0	4	.bss	padding / alignment (zero)	excluded	padding / alignment (zero)		slack below the 0x8-aligned claim at 0x0024eaa0
0x0024eaac	0x0024eab0	4	.bss	padding / alignment (zero)	excluded	padding / alignment (zero)		slack below the 0x8-aligned claim at 0x0024eab0
0x0024eabc	0x0024eac0	4	.bss	padding / alignment (zero)	excluded	padding / alignment (zero)		slack below the 0x8-aligned claim at 0x0024eac0
0x0024ead4	0x0024ead8	4	.bss	padding / alignment (zero)	excluded	padding / alignment (zero)		slack below the 0x8-aligned claim at 0x0024ead8
0x0024eafc	0x0024eb00	4	.bss	padding / alignment (zero)	excluded	padding / alignment (zero)		slack below the 0x8-aligned claim at 0x0024eb00
0x0024eb18	0x0024eb50	56	.bss	UNCLASSIFIED (.bss)	eligible	UNCLASSIFIED (.bss)		no oracle names this zero-fill run
0x0024eb5c	0x0024eb60	4	.bss	padding / alignment (zero)	excluded	padding / alignment (zero)		slack below the 0x8-aligned claim at 0x0024eb60
0x0024eb6c	0x0024eb70	4	.bss	padding / alignment (zero)	excluded	padding / alignment (zero)		slack below the 0x8-aligned claim at 0x0024eb70
0x0024eb7c	0x0024eb80	4	.bss	padding / alignment (zero)	excluded	padding / alignment (zero)		slack below the 0x8-aligned claim at 0x0024eb80
0x0024eb8c	0x0024eb90	4	.bss	padding / alignment (zero)	excluded	padding / alignment (zero)		slack below the 0x8-aligned claim at 0x0024eb90
0x0024eb9c	0x0024eba0	4	.bss	padding / alignment (zero)	excluded	padding / alignment (zero)		slack below the 0x8-aligned claim at 0x0024eba0
0x0024ebac	0x0024ebb0	4	.bss	padding / alignment (zero)	excluded	padding / alignment (zero)		slack below the 0x8-aligned claim at 0x0024ebb0
0x0024ebbc	0x0024ebc0	4	.bss	padding / alignment (zero)	excluded	padding / alignment (zero)		slack below the 0x8-aligned claim at 0x0024ebc0
0x0024ebcc	0x0024ebd0	4	.bss	padding / alignment (zero)	excluded	padding / alignment (zero)		slack below the 0x8-aligned claim at 0x0024ebd0
0x0024ebdc	0x0024ebf8	28	.bss	UNCLASSIFIED (.bss)	eligible	UNCLASSIFIED (.bss)		no oracle names this zero-fill run
0x0024f4f8	0x00251398	7840	.bss	UNCLASSIFIED (.bss)	eligible	UNCLASSIFIED (.bss)		no oracle names this zero-fill run
0x002513a4	0x002513a8	4	.bss	padding / alignment (zero)	excluded	padding / alignment (zero)		slack below the 0x8-aligned claim at 0x002513a8
0x002513b4	0x002513b8	4	.bss	padding / alignment (zero)	excluded	padding / alignment (zero)		slack below the 0x8-aligned claim at 0x002513b8
0x002513c4	0x002513c8	4	.bss	padding / alignment (zero)	excluded	padding / alignment (zero)		slack below the 0x8-aligned claim at 0x002513c8
0x002513d4	0x002513d8	4	.bss	padding / alignment (zero)	excluded	padding / alignment (zero)		slack below the 0x8-aligned claim at 0x002513d8
0x002513e4	0x002513e8	4	.bss	padding / alignment (zero)	excluded	padding / alignment (zero)		slack below the 0x8-aligned claim at 0x002513e8
0x002513f4	0x002513f8	4	.bss	padding / alignment (zero)	excluded	padding / alignment (zero)		slack below the 0x8-aligned claim at 0x002513f8
0x00251404	0x00251408	4	.bss	padding / alignment (zero)	excluded	padding / alignment (zero)		slack below the 0x8-aligned claim at 0x00251408
0x00251414	0x00251418	4	.bss	padding / alignment (zero)	excluded	padding / alignment (zero)		slack below the 0x8-aligned claim at 0x00251418
0x00251424	0x00251448	36	.bss	UNCLASSIFIED (.bss)	eligible	UNCLASSIFIED (.bss)		no oracle names this zero-fill run
0x00251454	0x00251458	4	.bss	padding / alignment (zero)	excluded	padding / alignment (zero)		slack below the 0x8-aligned claim at 0x00251458
0x00251464	0x00251468	4	.bss	padding / alignment (zero)	excluded	padding / alignment (zero)		slack below the 0x8-aligned claim at 0x00251468
0x00251474	0x00251478	4	.bss	padding / alignment (zero)	excluded	padding / alignment (zero)		slack below the 0x8-aligned claim at 0x00251478
0x00251484	0x00251488	4	.bss	padding / alignment (zero)	excluded	padding / alignment (zero)		slack below the 0x8-aligned claim at 0x00251488
0x00251494	0x00251498	4	.bss	padding / alignment (zero)	excluded	padding / alignment (zero)		slack below the 0x8-aligned claim at 0x00251498
0x002514a4	0x002514a8	4	.bss	padding / alignment (zero)	excluded	padding / alignment (zero)		slack below the 0x8-aligned claim at 0x002514a8
0x002514b4	0x002514b8	4	.bss	padding / alignment (zero)	excluded	padding / alignment (zero)		slack below the 0x8-aligned claim at 0x002514b8
0x002514c4	0x002514c8	4	.bss	padding / alignment (zero)	excluded	padding / alignment (zero)		slack below the 0x8-aligned claim at 0x002514c8
0x002514d4	0x002514d8	4	.bss	padding / alignment (zero)	excluded	padding / alignment (zero)		slack below the 0x8-aligned claim at 0x002514d8
0x002514fc	0x00251500	4	.bss	padding / alignment (zero)	excluded	padding / alignment (zero)		slack below the 0x8-aligned claim at 0x00251500
0x00251524	0x00251558	52	.bss	UNCLASSIFIED (.bss)	eligible	UNCLASSIFIED (.bss)		no oracle names this zero-fill run
0x00251564	0x00251568	4	.bss	padding / alignment (zero)	excluded	padding / alignment (zero)		slack below the 0x8-aligned claim at 0x00251568
0x00251574	0x00251578	4	.bss	padding / alignment (zero)	excluded	padding / alignment (zero)		slack below the 0x8-aligned claim at 0x00251578
0x00251584	0x00251588	4	.bss	padding / alignment (zero)	excluded	padding / alignment (zero)		slack below the 0x8-aligned claim at 0x00251588
0x00251594	0x00251598	4	.bss	padding / alignment (zero)	excluded	padding / alignment (zero)		slack below the 0x8-aligned claim at 0x00251598
0x002515a4	0x002515a8	4	.bss	padding / alignment (zero)	excluded	padding / alignment (zero)		slack below the 0x8-aligned claim at 0x002515a8
0x002515b4	0x002515b8	4	.bss	padding / alignment (zero)	excluded	padding / alignment (zero)		slack below the 0x8-aligned claim at 0x002515b8
0x002515c4	0x002515c8	4	.bss	padding / alignment (zero)	excluded	padding / alignment (zero)		slack below the 0x8-aligned claim at 0x002515c8
0x002515d4	0x002515d8	4	.bss	padding / alignment (zero)	excluded	padding / alignment (zero)		slack below the 0x8-aligned claim at 0x002515d8
0x002515e4	0x00251600	28	.bss	UNCLASSIFIED (.bss)	eligible	UNCLASSIFIED (.bss)		no oracle names this zero-fill run
0x00251604	0x00251608	4	.bss	UNCLASSIFIED (.bss)	eligible	UNCLASSIFIED (.bss)		no oracle names this zero-fill run
0x0025161c	0x0025162c	16	.bss	UNCLASSIFIED (.bss)	eligible	UNCLASSIFIED (.bss)		no oracle names this zero-fill run
0x0025162c	0x00252e40	6164	.bss	library-private data	excluded	library-private data		NAFXCW
0x00252e40	0x00252e80	64	.bss	library-private data	excluded	library-private data		MSVC-THUNK,NAFXCW
0x00252e80	0x00252f3c	188	.bss	library-private data	excluded	library-private data		NAFXCW
0x00252f3c	0x00252f40	4	.bss	game-visible unenrolled data	eligible	library-private data	pointer from enrolled data (1)	NAFXCW
0x00252f40	0x00252fd8	152	.bss	library-private data	excluded	library-private data		MSVC-THUNK,NAFXCW
0x00252fd8	0x00253070	152	.bss	library-private data	excluded	library-private data		MSVC-EH,NAFXCW
0x00253070	0x00253074	4	.bss	library-private data	excluded	library-private data		MSVC-THUNK,NAFXCW
0x00253074	0x00253080	12	.bss	library-private data	excluded	library-private data		NAFXCW
0x00253080	0x00253084	4	.bss	library-private data	excluded	library-private data		MSVC-EH,NAFXCW
0x00253084	0x00253098	20	.bss	library-private data	excluded	library-private data		NAFXCW
0x00253098	0x00253130	152	.bss	library-private data	excluded	library-private data		MSVC-THUNK,NAFXCW
0x00253130	0x002531c8	152	.bss	library-private data	excluded	library-private data		MSVC-EH,NAFXCW
0x002531c8	0x00253208	64	.bss	library-private data	excluded	library-private data		NAFXCW
0x00253208	0x0025320c	4	.bss	library-private data	excluded	library-private data		MSVC-EH,NAFXCW
0x0025320c	0x00253210	4	.bss	library-private data	excluded	library-private data		NAFXCW
0x00253210	0x00253214	4	.bss	library-private data	excluded	library-private data		MSVC-THUNK,NAFXCW
0x00253214	0x00253494	640	.bss	library-private data	excluded	library-private data		NAFXCW
0x00253494	0x002534a0	12	.bss	library-private data	excluded	library-private data		MSVC-THUNK,NAFXCW
0x002534a0	0x002534b4	20	.bss	library-private data	excluded	library-private data		NAFXCW
0x002534b4	0x002534f8	68	.bss	library-private data	excluded	library-private data		LIBCMT
0x002534f8	0x00253504	12	.bss	library-private data	excluded	library-private data		LIBCMT,NAFXCW
0x00253504	0x00253551	77	.bss	library-private data	excluded	library-private data		LIBCMT
0x00253551	0x00253658	263	.bss	library-private data	excluded	library-private data		LIBCMT,NAFXCW
0x00253658	0x00253778	288	.bss	library-private data	excluded	library-private data		LIBCMT
0x00253778	0x002537d8	96	.bss	library-private data	excluded	library-private data		pointer from library-private data (LIBCMT)
0x002537d8	0x00253aa4	716	.bss	library-private data	excluded	library-private data		LIBCMT
0x00253ab4	0x00253ab8	4	.bss	padding / alignment (zero)	excluded	padding / alignment (zero)		slack below the 0x8-aligned claim at 0x00253ab8
0x00253c84	0x00253c88	4	.bss	padding / alignment (zero)	excluded	padding / alignment (zero)		slack below the 0x8-aligned claim at 0x00253c88
0x00253c9c	0x00253c9e	2	.bss	UNCLASSIFIED (.bss)	eligible	UNCLASSIFIED (.bss)		no oracle names this zero-fill run
0x00253c9e	0x00253ca0	2	.bss	game-visible unenrolled data	eligible	padding / alignment (zero)	direct game/compiler code (2)	slack below the 0x8-aligned claim at 0x00253ca0
0x00283eec	0x00283ef0	4	.bss	padding / alignment (zero)	excluded	padding / alignment (zero)		slack below the 0x8-aligned claim at 0x00283ef0
0x002a1704	0x002a1708	4	.bss	padding / alignment (zero)	excluded	padding / alignment (zero)		slack below the 0x8-aligned claim at 0x002a1708
0x002a2cec	0x002a2cf0	4	.bss	padding / alignment (zero)	excluded	padding / alignment (zero)		slack below the 0x8-aligned claim at 0x002a2cf0
0x002becfe	0x002bed00	2	.bss	padding / alignment (zero)	excluded	padding / alignment (zero)		slack below the 0x4-aligned claim at 0x002bed00
0x002bed04	0x002bed06	2	.bss	UNCLASSIFIED (.bss)	eligible	UNCLASSIFIED (.bss)		no oracle names this zero-fill run
0x002bed06	0x002bed07	1	.bss	game-visible unenrolled data	eligible	UNCLASSIFIED (.bss)	direct game/compiler code (12)	no oracle names this zero-fill run
0x002bed07	0x002bed08	1	.bss	game-visible unenrolled data	eligible	padding / alignment (zero)	direct game/compiler code (10)	slack below the 0x8-aligned claim at 0x002bed08
0x002bf228	0x002bf28c	100	.bss	game-visible unenrolled data	eligible	UNCLASSIFIED (.bss)	direct game/compiler code (3)	no oracle names this zero-fill run
0x002bf28c	0x002bf29c	16	.bss	game-visible unenrolled data	eligible	UNCLASSIFIED (.bss)	direct game/compiler code (1)	no oracle names this zero-fill run
0x002bf29d	0x002bf2a0	3	.bss	padding / alignment (zero)	excluded	padding / alignment (zero)		slack below the 0x8-aligned claim at 0x002bf2a0
0x002bf315	0x002bf318	3	.bss	padding / alignment (zero)	excluded	padding / alignment (zero)		slack below the 0x8-aligned claim at 0x002bf318
0x002bf384	0x002bf388	4	.bss	UNCLASSIFIED (.bss)	eligible	UNCLASSIFIED (.bss)		no oracle names this zero-fill run
0x002bf389	0x002bf390	7	.bss	padding / alignment (zero)	excluded	padding / alignment (zero)		slack below the 0x8-aligned claim at 0x002bf390
0x002bf3a4	0x002bf3a8	4	.bss	padding / alignment (zero)	excluded	padding / alignment (zero)		slack below the 0x8-aligned claim at 0x002bf3a8
0x002bf3c8	0x002bf400	56	.bss	library-private data	excluded	library-private data		LIBCIMT,LIBCMT
0x002bf404	0x002bf408	4	.bss	padding / alignment (zero)	excluded	padding / alignment (zero)		slack below the 0x8-aligned claim at 0x002bf408
0x002bf420	0x002bf428	8	.bss	UNCLASSIFIED (.bss)	eligible	UNCLASSIFIED (.bss)		no oracle names this zero-fill run
0x002bf42c	0x002bf430	4	.bss	padding / alignment (zero)	excluded	padding / alignment (zero)		slack below the 0x8-aligned claim at 0x002bf430
0x002bf61c	0x002bf620	4	.bss	padding / alignment (zero)	excluded	padding / alignment (zero)		slack below the 0x8-aligned claim at 0x002bf620
0x002bf64c	0x002bf650	4	.bss	padding / alignment (zero)	excluded	padding / alignment (zero)		slack below the 0x8-aligned claim at 0x002bf650
0x002bf67a	0x002bf67c	2	.bss	padding / alignment (zero)	excluded	padding / alignment (zero)		slack below the 0x4-aligned claim at 0x002bf67c
0x002bf67d	0x002bf680	3	.bss	padding / alignment (zero)	excluded	padding / alignment (zero)		slack below the 0x4-aligned claim at 0x002bf680
0x002bf681	0x002bf684	3	.bss	padding / alignment (zero)	excluded	padding / alignment (zero)		slack below the 0x4-aligned claim at 0x002bf684
0x002bf685	0x002bf688	3	.bss	padding / alignment (zero)	excluded	padding / alignment (zero)		slack below the 0x4-aligned claim at 0x002bf688
0x002bf689	0x002bf690	7	.bss	UNCLASSIFIED (.bss)	eligible	UNCLASSIFIED (.bss)		no oracle names this zero-fill run
0x002bf69c	0x002bf6a0	4	.bss	padding / alignment (zero)	excluded	padding / alignment (zero)		slack below the 0x8-aligned claim at 0x002bf6a0
0x002bf6b9	0x002bf6c0	7	.bss	padding / alignment (zero)	excluded	padding / alignment (zero)		slack below the 0x8-aligned claim at 0x002bf6c0
0x002bf6e4	0x002bf6e8	4	.bss	UNCLASSIFIED (.bss)	eligible	UNCLASSIFIED (.bss)		no oracle names this zero-fill run
0x002bf844	0x002bf848	4	.bss	UNCLASSIFIED (.bss)	eligible	UNCLASSIFIED (.bss)		no oracle names this zero-fill run
0x002bf849	0x002bf84c	3	.bss	padding / alignment (zero)	excluded	padding / alignment (zero)		slack below the 0x4-aligned claim at 0x002bf84c
0x002bf8e4	0x002bf8e7	3	.bss	UNCLASSIFIED (.bss)	eligible	UNCLASSIFIED (.bss)		no oracle names this zero-fill run
0x002bf8e7	0x002bf8e8	1	.bss	game-visible unenrolled data	eligible	padding / alignment (zero)	direct game/compiler code (1)	slack below the 0x8-aligned claim at 0x002bf8e8
0x002bfa5c	0x002bfa60	4	.bss	padding / alignment (zero)	excluded	padding / alignment (zero)		slack below the 0x8-aligned claim at 0x002bfa60
0x002c01d4	0x002c01d8	4	.bss	UNCLASSIFIED (.bss)	eligible	UNCLASSIFIED (.bss)		no oracle names this zero-fill run
0x002c127c	0x002c127d	1	.bss	library-private data	excluded	library-private data		NAFXCW
0x002c127e	0x002c1288	10	.bss	UNCLASSIFIED (.bss)	eligible	UNCLASSIFIED (.bss)		no oracle names this zero-fill run
0x002c128c	0x002c15e0	852	.bss	library-private data	excluded	library-private data		LIBCMT
0x002c15e0	0x002c25e0	4096	.bss	library-private data	excluded	library-private data		pointer from library-private data (LIBCMT)
0x002c25e0	0x002c2600	32	.bss	library-private data	excluded	library-private data		LIBCMT
0x002c2600	0x002c2604	4	.bss	library-private data	excluded	library-private data		LIBCIMT,LIBCMT
0x002c2604	0x002c278c	392	.bss	library-private data	excluded	library-private data		LIBCMT
0x002c278d	0x002c2798	11	.bss	UNCLASSIFIED (.bss)	eligible	UNCLASSIFIED (.bss)		no oracle names this zero-fill run
0x002c279d	0x002c27a8	11	.bss	UNCLASSIFIED (.bss)	eligible	UNCLASSIFIED (.bss)		no oracle names this zero-fill run
