# Statically-linked library FUNCTION labels (NAFXCW, LIBCMT, LIBCIMT,
# DINPUT, DPLAYX, MSVC-EH/THUNK asm carve-outs, GAME-ASM): RVAs proven NOT
# reconstructable game C++, excluded from the match denominator. Label-only -
# no sizes; extents come from functions.tsv. HIGH/MED/AMBIG/CRUNTIME rows are
# active claims; LOW rows are diagnostic leads only (core/library_labels.py).
# An rva may carry SEVERAL rows: alias spellings / independent provenance for
# the same body. Rows sorted by rva; merge per ROW, never wholesale.
# HAND-OWNED: the FID regeneration pipeline is retired (it was not
# reproducible on Ghidra 12 anyway); edit rows directly, merge per ROW.
rva	name	lib	confidence	source
0x0019f1	Ilt_RegionLeave_19f1	MSVC-THUNK	HIGH	asm-carveout
0x001ba4	Ilt_RegionEnter_1ba4	MSVC-THUNK	HIGH	asm-carveout
0x002e73	Ilt_CheckExePath_2e73	MSVC-THUNK	HIGH	asm-carveout
0x002f5e	Ilt_StartupGate_2f5e	MSVC-THUNK	HIGH	asm-carveout
0x00393b	Ilt_EngRegionCueA_393b	MSVC-THUNK	HIGH	asm-carveout
0x003cb0	Ilt_MultiDispatch_3cb0	MSVC-THUNK	HIGH	asm-carveout
0x007c30	??_H@YGXPAXIHP6EX0@Z@Z	NAFXCW	HIGH	vector-ctor-iterator
0x021290	?out_waiting@streambuf@@QBEHXZ	LIBCIMT	HIGH	manual-crt-reclass
0x0213b0	?rdbuf@ostrstream@@QBEPAVstrstreambuf@@XZ	LIBCIMT	HIGH	manual-crt-reclass
0x029a50	??0CRect@@QAE@HHHH@Z	NAFXCW	HIGH	mfc-4.2-header-inline
0x0852f0	??3CObject@@SGXPAX@Z	NAFXCW	MED	manual-unmatched-library-audit
0x08c2a0	?SetRect@CRect@@QAEXHHHH@Z	NAFXCW	HIGH	mfc-4.2-header-inline
0x08c2d0	??0CRgn@@QAE@XZ	NAFXCW	MED	manual-stub-reclass
0x11d06a	??_9@$BNA@AE	NAFXCW	HIGH	vtable-slot-oracle: CDialog::_messageEntries[2] (WM_COMMAND id=2 IDCANCEL) pfn; vcall thunk to ??_7CDialog@@6B@+0xd0 = CDialog::OnCancel
0x11d072	??_9@$BMM@AE	NAFXCW	HIGH	vtable-slot-oracle: CDialog::_messageEntries[1] (WM_COMMAND id=1 IDOK) pfn; vcall thunk to ??_7CDialog@@6B@+0xcc = CDialog::OnOK
0x11d07a	?AfxGetMainWnd@@YGPAVCWnd@@XZ	NAFXCW	HIGH	anchored
0x11d096	?GetOwner@CWnd@@QBEPAV1@XZ	NAFXCW	HIGH	anchored
0x11d0ad	??0CMemoryException@@QAE@HI@Z	NAFXCW	AMBIG	anchored
0x11d0d7	??_GCWinApp@@UAEPAXI@Z	NAFXCW	AMBIG	anchored
0x11d0f3	mfc_exception_base_dtor_11d0f3	NAFXCW	MED	manual-stub-reclass
0x11d0fa	??0CMemoryException@@QAE@HI@Z	NAFXCW	AMBIG	anchored
0x11d124	??_GCWinApp@@UAEPAXI@Z	NAFXCW	AMBIG	anchored
0x11d140	mfc_exception_base_dtor_11d140	NAFXCW	MED	manual-stub-reclass
0x11d147	??_GCWinApp@@UAEPAXI@Z	NAFXCW	AMBIG	anchored
0x11d163	?PtVisible@CDC@@UBEHHH@Z	NAFXCW	AMBIG	anchored
0x11d177	?RectVisible@CDC@@UBEHPBUtagRECT@@@Z	NAFXCW	AMBIG	anchored
0x11d187	?SetOption@CInternetConnection@@QAEHKPAXKK@Z	NAFXCW	AMBIG	anchored
0x11d1a3	?ExtTextOutA@CDC@@UAEHHHIPBUtagRECT@@PBDIPAH@Z	NAFXCW	HIGH	anchored
0x11d1c8	?TabbedTextOutA@CDC@@UAE?AVCSize@@HHPBDHHPAHH@Z	NAFXCW	HIGH	anchored
0x11d200	?SetOption@CInternetConnection@@QAEHKPAXKK@Z	NAFXCW	AMBIG	anchored
0x11d21c	?GrayStringA@CDC@@UAEHPAVCBrush@@P6GHPAUHDC__@@JH@ZJHHHHH@Z	NAFXCW	HIGH	anchored
0x11d24c	?SetOption@CInternetConnection@@QAEHKPAXKK@Z	NAFXCW	AMBIG	anchored
0x11d268	??_GCWinApp@@UAEPAXI@Z	NAFXCW	AMBIG	anchored
0x11d284	??_GCWinApp@@UAEPAXI@Z	NAFXCW	AMBIG	anchored
0x11d2a0	??_GCWinApp@@UAEPAXI@Z	NAFXCW	AMBIG	anchored
0x11d2bc	??_GCWinApp@@UAEPAXI@Z	NAFXCW	AMBIG	anchored
0x11d2d8	??_GCWinApp@@UAEPAXI@Z	NAFXCW	AMBIG	anchored
0x11d2f4	??_GCWinApp@@UAEPAXI@Z	NAFXCW	AMBIG	anchored
0x11d310	??1CNoTrackObject@@UAE@XZ	NAFXCW	HIGH	anchored
0x11d317	??_GCNoTrackObject@@UAEPAXI@Z	NAFXCW	HIGH	anchored
0x11d333	??1CHandleMap@@QAE@XZ	NAFXCW	HIGH	anchored
0x11d374	??1CDialogBar@@UAE@XZ	NAFXCW	AMBIG	anchored
0x11d3ac	?PreSubclassWindow@CDragListBox@@UAEXXZ	NAFXCW	MEDIUM	anchored
0x11d3b6	?BeginDrag@CDragListBox@@UAEHVCPoint@@@Z	NAFXCW	HIGH	anchored
0x11d3e2	?CancelDrag@CDragListBox@@UAEXVCPoint@@@Z	NAFXCW	MEDIUM	anchored
0x11d3ef	?Dragging@CDragListBox@@UAEIVCPoint@@@Z	NAFXCW	HIGH	anchored
0x11d439	?Dropped@CDragListBox@@UAEXHVCPoint@@@Z	NAFXCW	HIGH	anchored
0x11d518	?DrawInsert@CDragListBox@@UAEXH@Z	NAFXCW	HIGH	anchored
0x11d53d	?DrawSingle@CDragListBox@@QAEXH@Z	NAFXCW	HIGH	anchored
0x11d634	?OnChildNotify@CDragListBox@@MAEHIIJPAJ@Z	NAFXCW	HIGH	anchored
0x11d6f6	?Create@CToolBarCtrl@@QAEHKABUtagRECT@@PAVCWnd@@I@Z	NAFXCW	AMBIG	anchored
0x11d72f	??1CDialogBar@@UAE@XZ	NAFXCW	AMBIG	anchored
0x11d767	?AddBitmap@CToolBarCtrl@@QAEHHPAVCBitmap@@@Z	NAFXCW	HIGH	anchored
0x11d79b	?AddBitmap@CToolBarCtrl@@QAEHHI@Z	NAFXCW	HIGH	anchored
0x11d7d2	?SaveState@CToolBarCtrl@@QAEXPAUHKEY__@@PBD1@Z	NAFXCW	HIGH	anchored
0x11d802	?RestoreState@CToolBarCtrl@@QAEXPAUHKEY__@@PBD1@Z	NAFXCW	HIGH	anchored
0x11d832	?AddString@CToolBarCtrl@@QAEHI@Z	NAFXCW	HIGH	anchored
0x11d858	?OnCreate@CToolBarCtrl@@IAEHPAUtagCREATESTRUCTA@@@Z	NAFXCW	HIGH	anchored
0x11d881	?Create@CToolBarCtrl@@QAEHKABUtagRECT@@PAVCWnd@@I@Z	NAFXCW	AMBIG	anchored
0x11d8ba	??1CDialogBar@@UAE@XZ	NAFXCW	AMBIG	anchored
0x11d8f2	?GetText@CStatusBarCtrl@@QBEHPBDHPAH@Z	NAFXCW	HIGH	offstart-ghidra-missed
0x11d91d	?GetText@CStatusBarCtrl@@QBE?AVCString@@HPAH@Z	NAFXCW	HIGH	anchored
0x11d9bc	?GetTextLength@CStatusBarCtrl@@QBEHHPAH@Z	NAFXCW	HIGH	offstart-ghidra-missed
0x11d9e5	?GetBorders@CStatusBarCtrl@@QBEHAAH00@Z	NAFXCW	HIGH	anchored
0x11da22	?OnChildNotify@CButton@@MAEHIIJPAJ@Z	NAFXCW	AMBIG	anchored
0x11da56	?Create@CToolBarCtrl@@QAEHKABUtagRECT@@PAVCWnd@@I@Z	NAFXCW	AMBIG	anchored
0x11da8f	??1CDialogBar@@UAE@XZ	NAFXCW	AMBIG	anchored
0x11dac7	?GetItemRect@CListCtrl@@QBEHHPAUtagRECT@@I@Z	NAFXCW	HIGH	offstart-ghidra-missed
0x11dae7	?InsertColumn@CListCtrl@@QAEHHPBDHHH@Z	NAFXCW	HIGH	anchored
0x11db3a	?InsertItem@CListCtrl@@QAEHIHPBDIIHJ@Z	NAFXCW	HIGH	anchored
0x11db86	?HitTest@CListCtrl@@QBEHVCPoint@@PAI@Z	NAFXCW	HIGH	anchored
0x11dbbc	?SetItem@CListCtrl@@QAEHHHIPBDHIIJ@Z	NAFXCW	HIGH	anchored
0x11dc0a	?GetItemText@CListCtrl@@QBE?AVCString@@HH@Z	NAFXCW	HIGH	anchored
0x11dcaf	?GetItemText@CListCtrl@@QBEHHHPADH@Z	NAFXCW	HIGH	anchored
0x11dcf4	?GetItemData@CListCtrl@@QBEKH@Z	NAFXCW	HIGH	anchored
0x11dd39	?OnChildNotify@CButton@@MAEHIIJPAJ@Z	NAFXCW	AMBIG	anchored
0x11dd67	?RemoveImageList@CListView@@IAEXH@Z	NAFXCW	AMBIG	anchored
0x11dda0	?OnNcDestroy@CListView@@QAEXXZ	NAFXCW	AMBIG	anchored
0x11ddc5	?CreateDragImage@CListCtrl@@QAEPAVCImageList@@HPAUtagPOINT@@@Z	NAFXCW	HIGH	offstart-ghidra-missed
0x11de30	?Create@CToolBarCtrl@@QAEHKABUtagRECT@@PAVCWnd@@I@Z	NAFXCW	AMBIG	anchored
0x11de69	??1CDialogBar@@UAE@XZ	NAFXCW	AMBIG	anchored
0x11dea1	?GetItemRect@CTreeCtrl@@QBEHPAU_TREEITEM@@PAUtagRECT@@H@Z	NAFXCW	HIGH	offstart-ghidra-missed
0x11dec1	?GetItemText@CTreeCtrl@@QBE?AVCString@@PAU_TREEITEM@@@Z	NAFXCW	HIGH	anchored
0x11df61	?GetItemImage@CTreeCtrl@@QBEHPAU_TREEITEM@@AAH1@Z	NAFXCW	HIGH	anchored
0x11dfa0	?GetItemState@CTreeCtrl@@QBEIPAU_TREEITEM@@I@Z	NAFXCW	HIGH	anchored
0x11dfd8	?GetItemData@CTreeCtrl@@QBEKPAU_TREEITEM@@@Z	NAFXCW	HIGH	anchored
0x11e006	?ItemHasChildren@CTreeCtrl@@QBEHPAU_TREEITEM@@@Z	NAFXCW	HIGH	anchored
0x11e034	?SetItem@CTreeCtrl@@QAEHPAU_TREEITEM@@IPBDHHIIJ@Z	NAFXCW	HIGH	anchored
0x11e082	?InsertItem@CTreeCtrl@@QAEPAU_TREEITEM@@IPBDHHIIJPAU2@1@Z	NAFXCW	HIGH	anchored
0x11e0d6	?HitTest@CTreeCtrl@@QBEPAU_TREEITEM@@VCPoint@@PAI@Z	NAFXCW	HIGH	anchored
0x11e10c	?RemoveImageList@CTreeView@@IAEXH@Z	NAFXCW	AMBIG	anchored
0x11e145	?OnDestroy@CTreeView@@QAEXXZ	NAFXCW	AMBIG	anchored
0x11e161	?CreateDragImage@CTreeCtrl@@QAEPAVCImageList@@PAU_TREEITEM@@@Z	NAFXCW	HIGH	offstart-ghidra-missed
0x11e1c4	?Create@CToolBarCtrl@@QAEHKABUtagRECT@@PAVCWnd@@I@Z	NAFXCW	AMBIG	anchored
0x11e1fd	??1CDialogBar@@UAE@XZ	NAFXCW	AMBIG	anchored
0x11e235	?GetRange@CSpinButtonCtrl@@QBEXAAH0@Z	NAFXCW	HIGH	offstart-ghidra-missed
0x11e261	?Create@CToolBarCtrl@@QAEHKABUtagRECT@@PAVCWnd@@I@Z	NAFXCW	AMBIG	anchored
0x11e29a	??1CDialogBar@@UAE@XZ	NAFXCW	AMBIG	anchored
0x11e2d2	?GetRange@CSliderCtrl@@QBEXAAH0@Z	NAFXCW	HIGH	offstart-ghidra-missed
0x11e309	?SetRange@CSliderCtrl@@QAEXHHH@Z	NAFXCW	HIGH	anchored
0x11e33c	?GetSelection@CSliderCtrl@@QBEXAAH0@Z	NAFXCW	HIGH	offstart-ghidra-missed
0x11e373	?SetSelection@CSliderCtrl@@QAEXHH@Z	NAFXCW	HIGH	offstart-ghidra-missed
0x11e3a2	?Create@CToolBarCtrl@@QAEHKABUtagRECT@@PAVCWnd@@I@Z	NAFXCW	AMBIG	anchored
0x11e3db	??1CDialogBar@@UAE@XZ	NAFXCW	AMBIG	anchored
0x11e413	?Create@CToolBarCtrl@@QAEHKABUtagRECT@@PAVCWnd@@I@Z	NAFXCW	AMBIG	anchored
0x11e44c	??1CDialogBar@@UAE@XZ	NAFXCW	AMBIG	anchored
0x11e487	?OnChildNotify@CButton@@MAEHIIJPAJ@Z	NAFXCW	AMBIG	anchored
0x11e4b5	?Create@CToolBarCtrl@@QAEHKABUtagRECT@@PAVCWnd@@I@Z	NAFXCW	AMBIG	anchored
0x11e4ee	??1CDialogBar@@UAE@XZ	NAFXCW	AMBIG	anchored
0x11e526	?GetHotKey@CHotKeyCtrl@@QBEXAAG0@Z	NAFXCW	HIGH	offstart-ghidra-missed
0x11e55b	?Create@CToolBarCtrl@@QAEHKABUtagRECT@@PAVCWnd@@I@Z	NAFXCW	AMBIG	anchored
0x11e594	??1CDialogBar@@UAE@XZ	NAFXCW	AMBIG	anchored
0x11e5cf	?OnChildNotify@CButton@@MAEHIIJPAJ@Z	NAFXCW	AMBIG	anchored
0x11e5fd	?OnDestroy@CTabCtrl@@IAEXXZ	NAFXCW	HIGH	anchored
0x11e637	?Create@CToolBarCtrl@@QAEHKABUtagRECT@@PAVCWnd@@I@Z	NAFXCW	AMBIG	anchored
0x11e670	??1CDialogBar@@UAE@XZ	NAFXCW	AMBIG	anchored
0x11e6a8	??1CDialogBar@@UAE@XZ	NAFXCW	AMBIG	anchored
0x11e6e0	??0CImageList@@QAE@XZ	NAFXCW	HIGH	manual-stub-reclass
0x11e6ed	??_GCWinApp@@UAEPAXI@Z	NAFXCW	AMBIG	anchored
0x11e709	??1CInternetSession@@UAE@XZ	NAFXCW	AMBIG	anchored
0x11e73c	?Detach@CImageList@@QAEPAU_IMAGELIST@@XZ	NAFXCW	AMBIG	anchored
0x11e766	?afxMapHIMAGELIST@@YAPAVCHandleMap@@H@Z	NAFXCW	HIGH	anchored
0x11e7d6	?DeleteImageList@CImageList@@QAEHXZ	NAFXCW	AMBIG	anchored
0x11e7ec	?DeleteTempMap@CWnd@@SGXXZ	NAFXCW	AMBIG	anchored
0x11e816	?FromHandlePermanent@CWnd@@SGPAV1@PAUHWND__@@@Z	NAFXCW	AMBIG	anchored
0x11e832	?Create@CImageList@@QAEHHHIHH@Z	NAFXCW	HIGH	anchored
0x11e85a	?Create@CImageList@@QAEHIHHK@Z	NAFXCW	AMBIG	anchored
0x11e88c	?Create@CImageList@@QAEHIHHK@Z	NAFXCW	AMBIG	anchored
0x11e8be	?Create@CImageList@@QAEHAAV1@H0HHH@Z	NAFXCW	HIGH	anchored
0x11e8ef	?Attach@CImageList@@QAEHPAU_IMAGELIST@@@Z	NAFXCW	AMBIG	anchored
0x11e91c	?Read@CImageList@@QAEHPAVCArchive@@@Z	NAFXCW	HIGH	anchored
0x11e949	?Write@CImageList@@QAEHPAVCArchive@@@Z	NAFXCW	HIGH	anchored
0x11e96d	?GetCurSel@CListBox@@QBEHXZ	NAFXCW	HIGH	anchored
0x11e980	??_GCWinApp@@UAEPAXI@Z	NAFXCW	AMBIG	anchored
0x11e99c	??_GCWinApp@@UAEPAXI@Z	NAFXCW	AMBIG	anchored
0x11e9b8	??_GCWinApp@@UAEPAXI@Z	NAFXCW	AMBIG	anchored
0x11e9d4	??_GCWinApp@@UAEPAXI@Z	NAFXCW	AMBIG	anchored
0x11e9f0	??_GCWinApp@@UAEPAXI@Z	NAFXCW	AMBIG	anchored
0x11ea0c	??_GCWinApp@@UAEPAXI@Z	NAFXCW	AMBIG	anchored
0x11ea28	??_GCWinApp@@UAEPAXI@Z	NAFXCW	AMBIG	anchored
0x11ea44	??_GCWinApp@@UAEPAXI@Z	NAFXCW	AMBIG	anchored
0x11ea60	??_GCWinApp@@UAEPAXI@Z	NAFXCW	AMBIG	anchored
0x11ea7c	??_GCWinApp@@UAEPAXI@Z	NAFXCW	AMBIG	anchored
0x11ea98	??_GCWinApp@@UAEPAXI@Z	NAFXCW	AMBIG	anchored
0x11eab4	??_GCWinApp@@UAEPAXI@Z	NAFXCW	AMBIG	anchored
0x11ead0	??_GCWinApp@@UAEPAXI@Z	NAFXCW	AMBIG	anchored
0x11eaec	??1CException@@UAE@XZ	NAFXCW	HIGH	anchored
0x11eaf3	??_GCWinApp@@UAEPAXI@Z	NAFXCW	AMBIG	anchored
0x11eb0f	??1CFileException@@UAE@XZ	NAFXCW	HIGH	anchored
0x11eb43	?SetFilePath@CFile@@UAEXPBD@Z	NAFXCW	MEDIUM	anchored
0x11eb52	??6CArchive@@QAEAAV0@E@Z	NAFXCW	HIGH	anchored
0x11eb75	??6CArchive@@QAEAAV0@G@Z	NAFXCW	HIGH	anchored
0x11eb9c	??6CArchive@@QAEAAV0@K@Z	NAFXCW	AMBIG	anchored
0x11ebc2	??5CArchive@@QAEAAV0@AAE@Z	NAFXCW	HIGH	anchored
0x11ebf1	??5CArchive@@QAEAAV0@AAG@Z	NAFXCW	HIGH	anchored
0x11ec24	??5CArchive@@QAEAAV0@AAK@Z	NAFXCW	AMBIG	anchored
0x11ec56	??_GCWinApp@@UAEPAXI@Z	NAFXCW	AMBIG	anchored
0x11ec72	??0CMemoryException@@QAE@HI@Z	NAFXCW	AMBIG	anchored
0x11ec9c	??_GCWinApp@@UAEPAXI@Z	NAFXCW	AMBIG	anchored
0x11ecb8	mfc_exception_base_dtor_11ecb8	NAFXCW	MED	manual-stub-reclass
0x11ecbf	??0CMemoryException@@QAE@HI@Z	NAFXCW	AMBIG	anchored
0x11ece9	??_GCWinApp@@UAEPAXI@Z	NAFXCW	AMBIG	anchored
0x11ed05	mfc_exception_base_dtor_11ed05	NAFXCW	MED	manual-stub-reclass
0x11ed0c	??_GCWinApp@@UAEPAXI@Z	NAFXCW	AMBIG	anchored
0x11ed28	??1CInternetSession@@UAE@XZ	NAFXCW	AMBIG	anchored
0x11ed5b	??0CLongBinary@@QAE@XZ	NAFXCW	MED	manual-unmatched-library-audit
0x11ed68	??0CArchiveStream@@QAE@PAVCArchive@@@Z	NAFXCW	AMBIG	anchored
0x11ed85	?QueryInterface@CArchiveStream@@UAGJABU_GUID@@PAPAX@Z	NAFXCW	HIGH	anchored
0x11edc9	?Read@CArchiveStream@@UAGJPAXKPAK@Z	NAFXCW	MED	manual-unmatched-library-audit
0x11edfd	Funclet_11edfd	MSVC-EH	HIGH	asm-carveout
0x11ee10	Unmatched_11ee10	MSVC-EH	HIGH	asm-carveout
0x11ee21	?Write@CArchiveStream@@UAGJPBXKPAK@Z	NAFXCW	MED	manual-unmatched-library-audit
0x11ee56	Funclet_11ee56	MSVC-EH	HIGH	asm-carveout
0x11ee69	Funclet_11ee69	MSVC-EH	HIGH	asm-carveout
0x11ee7a	?Seek@CArchiveStream@@UAGJT_LARGE_INTEGER@@KPAT_ULARGE_INTEGER@@@Z	NAFXCW	MED	manual-unmatched-library-audit
0x11eed8	Unmatched_11eed8	MSVC-EH	HIGH	asm-carveout
0x11eeeb	Funclet_11eeeb	MSVC-EH	HIGH	asm-carveout
0x11eefc	?SetSize@CArchiveStream@@UAGJT_ULARGE_INTEGER@@@Z	NAFXCW	HIGH	vtable-slot-oracle: ??_7CArchiveStream@@6B@ slot 6 (IStream::SetSize); ret 0xc = this+ULARGE_INTEGER
0x11ef04	?CopyTo@CArchiveStream@@UAGJPAUIStream@@T_ULARGE_INTEGER@@PAT3@2@Z	NAFXCW	HIGH	vtable-slot-oracle: slot 7 (IStream::CopyTo); ret 0x18 = this+IStream*+ULARGE_INTEGER+2 ptrs
0x11ef0c	?Commit@CArchiveStream@@UAGJK@Z	NAFXCW	HIGH	vtable-slot-oracle: slot 8 (IStream::Commit); ret 0x8 = this+DWORD
0x11ef14	?Revert@CArchiveStream@@UAGJXZ	NAFXCW	HIGH	vtable-slot-oracle: slot 9 (IStream::Revert); ret 0x4 = this only
0x11ef1c	?LockRegion@CArchiveStream@@UAGJT_ULARGE_INTEGER@@0K@Z	NAFXCW	HIGH	vtable-slot-oracle: slot 10 (IStream::LockRegion); ret 0x18 = this+2 ULARGE_INTEGER+DWORD
0x11ef24	?UnlockRegion@CArchiveStream@@UAGJT_ULARGE_INTEGER@@0K@Z	NAFXCW	HIGH	vtable-slot-oracle: slot 11 (IStream::UnlockRegion); ret 0x18 = this+2 ULARGE_INTEGER+DWORD
0x11ef2c	?Stat@CArchiveStream@@UAGJPAUtagSTATSTG@@K@Z	NAFXCW	HIGH	vtable-slot-oracle: slot 12 (IStream::Stat); ret 0xc = this+STATSTG*+DWORD
0x11ef34	?Clone@CArchiveStream@@UAGJPAPAUIStream@@@Z	NAFXCW	HIGH	vtable-slot-oracle: slot 13 (IStream::Clone); ret 0x8 = this+IStream**
0x11ef3c	??_GCWinApp@@UAEPAXI@Z	NAFXCW	AMBIG	anchored
0x11ef58	??1CArchiveException@@UAE@XZ	NAFXCW	AMBIG	anchored
0x11ef8c	??_9@$BOI@AE	NAFXCW	MEDIUM	anchored
0x11ef94	??1CListView@@UAE@XZ	NAFXCW	AMBIG	anchored
0x11efc9	?SetModifiedFlag@CDocument@@UAEXH@Z	NAFXCW	MEDIUM	anchored
0x11efe0	?_JumpToContinuation@@YGXPAXPAUEHRegistrationNode@@@Z	LIBCMT	HIGH	anchored
0x11f050	?_UnwindNestedFrames@@YGXPAUEHRegistrationNode@@PAUEHExceptionRecord@@@Z	LIBCMT	HIGH	anchored
0x11f0b0	___CxxFrameHandler	LIBCMT	HIGH	anchored
0x11f0f0	___CxxLongjmpUnwind@4	LIBCMT	HIGH	offstart-ghidra-missed
0x11f110	?_CallCatchBlock2@@YAPAXPAUEHRegistrationNode@@PBU_s_FuncInfo@@PAXHK@Z	LIBCMT	HIGH	anchored
0x11f170	?CatchGuardHandler@@YA?AW4_EXCEPTION_DISPOSITION@@PAUEHExceptionRecord@@PAUCatchGuardRN@@PAX2@Z	LIBCMT	HIGH	anchored
0x11f1a0	?_CallSETranslator@@YAHPAUEHExceptionRecord@@PAUEHRegistrationNode@@PAX2PBU_s_FuncInfo@@H1@Z	LIBCMT	HIGH	anchored
0x11f270	?TranslatorGuardHandler@@YA?AW4_EXCEPTION_DISPOSITION@@PAUEHExceptionRecord@@PAUTranslatorGuardRN@@PAX2@Z	LIBCMT	HIGH	anchored
0x11f300	?_GetRangeOfTrysToCheck@@YAPBU_s_TryBlockMapEntry@@PBU_s_FuncInfo@@HHPAI1@Z	LIBCMT	HIGH	anchored
0x11f380	__global_unwind2	LIBCMT	HIGH	anchored
0x11f3a0	__unwind_handler	LIBCMT	HIGH	anchored
0x11f3c2	__local_unwind2	LIBCMT	HIGH	anchored
0x11f42a	__abnormal_termination	LIBCMT	HIGH	anchored
0x11f44d	Unmatched_11f44d	MSVC-EH	HIGH	asm-carveout
0x11f456	__NLG_Notify	LIBCMT	HIGH	anchored
0x11f470	??1type_info@@UAE@XZ	LIBCMT	HIGH	anchored
0x11f4a0	??_Gtype_info@@UAEPAXI@Z	LIBCMT	HIGH	deleting-dtor-calls-??1type_info-0x11f470
0x11f4c0	??8type_info@@QBEHABV0@@Z	LIBCMT	HIGH	offstart-ghidra-missed
0x11f520	??9type_info@@QBEHABV0@@Z	LIBCMT	HIGH	offstart-ghidra-missed
0x11f580	?before@type_info@@QBEHABV1@@Z	LIBCMT	HIGH	offstart-ghidra-missed
0x11f610	__onexit	LIBCMT	HIGH	anchored
0x11f6a0	_atexit	LIBCMT	HIGH	anchored
0x11f6c0	___onexitinit	LIBCMT	HIGH	anchored
0x11f700	__fpmath	LIBCMT	HIGH	anchored
0x11f720	__fpclear	LIBCMT	LOW	anchored
0x11f730	__cfltcvt_init	LIBCMT	HIGH	anchored
0x11f780	__ftol	LIBCMT	HIGH	anchored
0x11f7b0	??_L@YGXPAXIHP6EX0@Z1@Z	LIBCMT	MED	manual-unmatched-library-audit
0x11f828	crt_ehvec_ctor_unwind_11f828	LIBCMT	HIGH	manual-stub-reclass
0x11f850	??_M@YGXPAXIHP6EX0@Z@Z	LIBCMT	MED	manual-unmatched-library-audit
0x11f850	?Tm_DestroyArray@@YGXPAXHIP6AXXZ@Z	LIBCMT	LOW	reloc-alias
0x11f8c9	crt_eh_funclet_11f8c9	LIBCMT	MED	manual-stub-reclass
0x11f900	?__ArrayUnwind@@YGXPAXIHP6EX0@Z@Z	LIBCMT	MED	manual-unmatched-library-audit
0x11f970	Unmatched_11f970	MSVC-EH	HIGH	asm-carveout
0x11f990	_fclose	LIBCMT	HIGH	anchored
0x11f9d0	__fclose_lk	LIBCMT	HIGH	anchored
0x11fa40	__fsopen	LIBCMT	AMBIG	anchored
0x11fa80	_fopen	LIBCMT	AMBIG	anchored
0x11faa0	_sprintf	LIBCMT	HIGH	anchored
0x11fb10	__findfirst	LIBCMT	HIGH	anchored
0x11fc40	__findnext	LIBCMT	HIGH	anchored
0x11fd60	__findclose	LIBCMT	HIGH	anchored
0x11fd90	___timet_from_ft	LIBCMT	HIGH	anchored
0x11fe20	__getcwd	LIBCMT	AMBIG	anchored
0x11fe50	__getdcwd	LIBCMT	AMBIG	offstart-ghidra-missed
0x11fe90	__getdcwd_lk	LIBCMT	HIGH	anchored
0x11ffc0	__validdrive	LIBCMT	HIGH	anchored
0x120000	__strcmpi	LIBCMT	AMBIG	anchored
0x1200d0	__purecall	LIBCMT	MEDIUM	anchored
0x1200e0	_srand	LIBCMT	MEDIUM	anchored
0x1200f0	_rand	LIBCMT	HIGH	anchored
0x120120	_atol	LIBCMT	HIGH	anchored
0x1201c0	_atoi	LIBCMT	MED	manual-unmatched-library-audit
0x1201d0	__atoi64	LIBCMT	HIGH	offstart-ghidra-missed
0x1202a0	_strstr	LIBCMT	HIGH	anchored
0x120330	_strchr	LIBCMT	HIGH	anchored
0x1203f0	__chkstk	LIBCMT	AMBIG	anchored
0x120420	_time	LIBCMT	HIGH	anchored
0x120550	_strncpy	LIBCMT	HIGH	anchored
0x120650	_strncmp	LIBCMT	HIGH	anchored
0x120690	_ceil	LIBCMT	HIGH	anchored
0x120790	_floor	LIBCMT	HIGH	anchored
0x120890	_strrchr	LIBCMT	HIGH	anchored
0x1208c0	__heapwalk	LIBCMT	MED	manual-unmatched-library-audit
0x120a90	__heapchk	LIBCMT	HIGH	anchored
0x120b10	_sscanf	LIBCMT	HIGH	anchored
0x120b60	_WinMainCRTStartup	LIBCMT	MED	manual-unmatched-library-audit
0x120d10	__amsg_exit	LIBCMT	HIGH	anchored
0x120d40	_fast_error_exit	LIBCMT	HIGH	anchored
0x120d70	_malloc	LIBCMT	HIGH	anchored
0x120d90	__nh_malloc	LIBCMT	HIGH	anchored
0x120de0	__heap_alloc	LIBCMT	HIGH	anchored
0x120e40	_free	LIBCMT	HIGH	anchored
0x120eb0	_memcpy	LIBCMT	AMBIG	anchored
0x1211cc	TrailDown3	LIBCMT	AMBIG	offstart-ghidra-missed
0x1211f0	_wcslen	LIBCMT	HIGH	anchored
0x121210	__EH_prolog	LIBCMT	HIGH	anchored
0x121230	__mbschr	LIBCMT	HIGH	anchored
0x121300	__mbspbrk	LIBCMT	HIGH	anchored
0x1213b0	__mbsupr	LIBCMT	HIGH	anchored
0x121460	__mbslwr	LIBCMT	HIGH	anchored
0x121510	__mbsrev	LIBCMT	HIGH	anchored
0x121590	_memset	LIBCMT	HIGH	anchored
0x1215f0	__mbscmp	LIBCMT	HIGH	anchored
0x1216f0	__mbsspn	LIBCMT	HIGH	anchored
0x1217a0	__mbscspn	LIBCMT	HIGH	anchored
0x121850	__mbsrchr	LIBCMT	HIGH	anchored
0x1218e0	__mbsstr	LIBCMT	HIGH	anchored
0x121980	_vsprintf	LIBCMT	HIGH	anchored
0x1219f0	__mbclen	LIBCMT	HIGH	anchored
0x121a10	__ismbcdigit	LIBCMT	HIGH	anchored
0x121ab0	__mbsinc	LIBCMT	HIGH	anchored
0x121ad0	__ismbcspace	LIBCMT	HIGH	anchored
0x121b70	_memcpy	LIBCMT	AMBIG	anchored
0x121e8c	TrailDown3	LIBCMT	AMBIG	offstart-ghidra-missed
0x121eb0	__CxxThrowException@8	LIBCMT	HIGH	anchored
0x121f00	_memcmp	LIBCMT	HIGH	anchored
0x121fb0	_abs	LIBCMT	MED	manual-unmatched-library-audit
0x121fc0	__mbsdup	LIBCMT	AMBIG	anchored
0x122010	__cinit	LIBCMT	HIGH	anchored
0x122040	_exit	LIBCMT	HIGH	anchored
0x122060	__exit	LIBCMT	HIGH	anchored
0x1220a0	_doexit	LIBCMT	HIGH	anchored
0x122160	__lockexit	LIBCMT	MED	manual-unmatched-library-audit
0x122170	__lockexit	LIBCMT	MED	manual-unmatched-library-audit
0x122180	__initterm	LIBCMT	HIGH	anchored
0x1221a0	_iswupper	LIBCMT	AMBIG	anchored
0x1221c0	__make_time_t	LIBCMT	HIGH	anchored
0x122400	_gmtime	LIBCMT	HIGH	anchored
0x122570	_localtime	LIBCMT	HIGH	anchored
0x122760	__setmbcp	LIBCMT	HIGH	anchored
0x122990	_getSystemCP	LIBCMT	HIGH	anchored
0x1229e0	_CPtoLCID	LIBCMT	HIGH	anchored
0x122a40	_setSBCS	LIBCMT	HIGH	anchored
0x122a80	_setSBUpLow	LIBCMT	HIGH	anchored
0x122c80	___initmbctable	LIBCMT	MEDIUM	anchored
0x122c90	__Getdays	LIBCMT	HIGH	offstart-ghidra-missed
0x122d80	__Getmonths	LIBCMT	HIGH	offstart-ghidra-missed
0x122e70	__Gettnames	LIBCMT	HIGH	offstart-ghidra-missed
0x1231e0	_strftime	LIBCMT	HIGH	anchored
0x123200	__Strftime	LIBCMT	HIGH	anchored
0x123350	__expandtime	LIBCMT	HIGH	anchored
0x1238f0	__store_str	LIBCMT	HIGH	anchored
0x123920	__store_num	LIBCMT	HIGH	anchored
0x1239c0	__store_number	LIBCMT	HIGH	anchored
0x123a30	__store_winword	LIBCMT	HIGH	anchored
0x123d80	__expand	LIBCMT	HIGH	anchored
0x123e30	__msize	LIBCMT	HIGH	anchored
0x123ea0	__beginthreadex	LIBCMT	HIGH	anchored
0x123f20	__threadstartex@4	LIBCMT	MED	manual-unmatched-library-audit
0x123fd0	__endthreadex	LIBCMT	HIGH	anchored
0x124010	__spawnv	LIBCMT	AMBIG	anchored
0x124030	_strtoxl	LIBCMT	HIGH	anchored
0x1242c0	_strtoul	LIBCMT	AMBIG	anchored
0x1242e0	__dosmaperr	LIBCMT	HIGH	anchored
0x124360	__errno	LIBCMT	MEDIUM	anchored
0x124370	___doserrno	LIBCMT	MEDIUM	anchored
0x124380	___InternalCxxFrameHandler	LIBCMT	HIGH	anchored
0x124450	?FindHandler@@YAXPAUEHExceptionRecord@@PAUEHRegistrationNode@@PAU_CONTEXT@@PAXPBU_s_FuncInfo@@EH1@Z	LIBCMT	HIGH	anchored
0x124710	?FindHandlerForForeignException@@YAXPAUEHExceptionRecord@@PAUEHRegistrationNode@@PAU_CONTEXT@@PAXPBU_s_FuncInfo@@HH1@Z	LIBCMT	HIGH	anchored
0x1247f0	___FrameUnwindToState	LIBCMT	MED	manual-unmatched-library-audit
0x1248d0	?CatchIt@@YAXPAUEHExceptionRecord@@PAUEHRegistrationNode@@PAU_CONTEXT@@PAXPBU_s_FuncInfo@@PBU_s_HandlerType@@PBU_s_CatchableType@@PBU_s_TryBlockMapEntry@@H1@Z	LIBCMT	HIGH	anchored
0x124960	?CallCatchBlock@@YAPAXPAUEHExceptionRecord@@PAUEHRegistrationNode@@PAU_CONTEXT@@PBU_s_FuncInfo@@PAXHK@Z	LIBCMT	MED	manual-unmatched-library-audit
0x124a58	__DestructExceptionObject	LIBCMT	HIGH	manual-crt-reclass
0x124ac0	?ExFilterRethrow@@YAHPAU_EXCEPTION_POINTERS@@@Z	LIBCMT	HIGH	offstart-ghidra-missed
0x124af0	?BuildCatchObject@@YAXPAUEHExceptionRecord@@PAUEHRegistrationNode@@PBU_s_HandlerType@@PBU_s_CatchableType@@@Z	LIBCMT	MED	manual-unmatched-library-audit
0x124d00	?_DestructExceptionObject@@YAXPAUEHExceptionRecord@@E@Z	LIBCMT	MED	manual-unmatched-library-audit
0x124d80	?AdjustPointer@@YAPAXPAXABUPMD@@@Z	LIBCMT	HIGH	anchored
0x124db0	__CallSettingFrame@12	LIBCMT	HIGH	anchored
0x124e00	__mtinit	LIBCMT	HIGH	anchored
0x124e60	__mtterm	LIBCMT	HIGH	offstart-ghidra-missed
0x124e90	__initptd	LIBCMT	HIGH	anchored
0x124eb0	__getptd	LIBCMT	HIGH	anchored
0x124f30	__freeptd	LIBCMT	HIGH	anchored
0x125000	?terminate@@YAXXZ	LIBCMT	MED	manual-unmatched-library-audit
0x125077	_abort	LIBCMT	MED	carve-tiny-crt
0x125090	?unexpected@@YAXXZ	LIBCMT	HIGH	offstart-ghidra-missed
0x1250b0	?_inconsistency@@YAXXZ	LIBCMT	MED	manual-unmatched-library-audit
0x12511e	Unmatched_12511e	MSVC-EH	HIGH	asm-carveout
0x125140	__mtinitlocks	LIBCMT	HIGH	anchored
0x125170	__mtdeletelocks	LIBCMT	HIGH	offstart-ghidra-missed
0x1251f0	__lock	LIBCMT	HIGH	anchored
0x125270	__unlock	LIBCMT	HIGH	anchored
0x125290	__lock_file	LIBCMT	AMBIG	anchored
0x1252d0	__lock_file2	LIBCMT	AMBIG	anchored
0x125300	__lock_file	LIBCMT	AMBIG	anchored
0x125340	__lock_file2	LIBCMT	AMBIG	anchored
0x125370	__lockerr_exit	LIBCMT	HIGH	offstart-ghidra-missed
0x125390	_realloc	LIBCMT	HIGH	anchored
0x125540	__setdefaultprecision	LIBCMT	HIGH	anchored
0x125560	__ms_p5_test_fdiv	LIBCMT	HIGH	anchored
0x1255b0	__ms_p5_mp_test_fdiv	LIBCMT	HIGH	anchored
0x1255e0	__forcdecpt	LIBCMT	HIGH	anchored
0x125640	__cropzeros	LIBCMT	HIGH	anchored
0x1256b0	__positive	LIBCMT	HIGH	anchored
0x1256d0	__fassign	LIBCMT	HIGH	anchored
0x125730	__cftoe	LIBCMT	HIGH	anchored
0x1257b0	__cftoe2	LIBCMT	HIGH	anchored
0x1258b0	__cftof	LIBCMT	HIGH	anchored
0x125920	__cftof2	LIBCMT	HIGH	anchored
0x1259e0	__cftog	LIBCMT	HIGH	anchored
0x125aa0	__cfltcvt	LIBCMT	HIGH	anchored
0x125b10	__shift	LIBCMT	HIGH	anchored
0x125b48	__except_handler3	LIBCMT	HIGH	offstart-ghidra-missed
0x125c05	__seh_longjmp_unwind@4	LIBCMT	HIGH	anchored
0x125c20	__close	LIBCMT	HIGH	anchored
0x125c90	__close_lk	LIBCMT	HIGH	anchored
0x125d20	__freebuf	LIBCMT	HIGH	anchored
0x125d60	_fflush	LIBCMT	HIGH	anchored
0x125da0	__fflush_lk	LIBCMT	HIGH	anchored
0x125de0	__flush	LIBCMT	HIGH	anchored
0x125e60	_flsall	LIBCMT	HIGH	anchored
0x125f20	__openfile	LIBCMT	HIGH	anchored
0x1260f0	__getstream	LIBCMT	HIGH	anchored
0x1261d0	__flsbuf	LIBCMT	HIGH	anchored
0x126300	__output	LIBCMT	HIGH	anchored
0x126c90	_write_char	LIBCMT	HIGH	anchored
0x126ce0	_write_multi_char	LIBCMT	HIGH	anchored
0x126d20	_write_string	LIBCMT	HIGH	anchored
0x126d60	_get_int_arg	LIBCMT	HIGH	anchored
0x126d80	_get_int64_arg	LIBCMT	HIGH	anchored
0x126da0	_get_short_arg	LIBCMT	HIGH	anchored
0x126dc0	___loctotime_t	LIBCMT	HIGH	anchored
0x126eb0	_setlocale	LIBCMT	HIGH	offstart-ghidra-missed
0x127180	__setlocale_set_cat	LIBCMT	HIGH	offstart-ghidra-missed
0x1272e0	__setlocale_get_all	LIBCMT	HIGH	offstart-ghidra-missed
0x127400	__expandlocale	LIBCMT	HIGH	offstart-ghidra-missed
0x127600	___init_dummy	LIBCMT	MED	lc-category-table-slot: __lc_category[LC_ALL].init @0x2174b8; body `return 0`; setlocal.obj, next COMDAT after __expandlocale. Spelling from the CRT LC_ALL filler
0x127610	__strcats	LIBCMT	HIGH	offstart-ghidra-missed
0x127660	___lc_strtolc	LIBCMT	HIGH	offstart-ghidra-missed
0x127770	___lc_lctostr	LIBCMT	HIGH	offstart-ghidra-missed
0x1277f0	_tolower	LIBCMT	HIGH	anchored
0x127880	__tolower_lk	LIBCMT	HIGH	anchored
0x127980	__isctype	LIBCMT	HIGH	anchored
0x127a20	__allmul	LIBCMT	HIGH	anchored
0x127a60	__frnd	LIBCMT	HIGH	anchored
0x127a80	__handle_qnan1	LIBCMT	HIGH	anchored
0x127ad0	__handle_qnan2	LIBCMT	HIGH	offstart-ghidra-missed
0x127b50	__except1	LIBCMT	HIGH	anchored
0x127c10	__except2	LIBCMT	HIGH	offstart-ghidra-missed
0x127d00	__raise_exc	LIBCMT	HIGH	anchored
0x128040	__handle_exc	LIBCMT	HIGH	anchored
0x128370	__umatherr	LIBCMT	HIGH	anchored
0x128420	__set_errno	LIBCMT	HIGH	anchored
0x128450	__get_fname	LIBCMT	HIGH	anchored
0x128480	__errcode	LIBCMT	HIGH	anchored
0x1284c0	__set_exp	LIBCMT	HIGH	anchored
0x128520	__add_exp	LIBCMT	HIGH	offstart-ghidra-missed
0x128550	__set_bexp	LIBCMT	HIGH	offstart-ghidra-missed
0x128590	__sptype	LIBCMT	HIGH	anchored
0x1285f0	__decomp	LIBCMT	HIGH	anchored
0x128700	__statfp	LIBCMT	HIGH	anchored
0x128710	__clrfp	LIBCMT	HIGH	anchored
0x128730	__ctrlfp	LIBCMT	HIGH	anchored
0x128760	__set_statfp	LIBCMT	HIGH	anchored
0x1287c0	__heap_init	LIBCMT	HIGH	anchored
0x128800	__heap_term	LIBCMT	HIGH	offstart-ghidra-missed
0x128850	__set_sbh_threshold	LIBCMT	HIGH	offstart-ghidra-missed
0x128870	___sbh_new_region	LIBCMT	HIGH	anchored
0x1289e0	___sbh_release_region	LIBCMT	HIGH	anchored
0x128a40	___sbh_decommit_pages	LIBCMT	HIGH	anchored
0x128b10	___sbh_find_block	LIBCMT	HIGH	anchored
0x128b70	___sbh_free_block	LIBCMT	HIGH	anchored
0x128bd0	___sbh_alloc_block	LIBCMT	HIGH	anchored
0x128e10	___sbh_alloc_block_from_page	LIBCMT	HIGH	anchored
0x128f90	___sbh_resize_block	LIBCMT	HIGH	anchored
0x129060	___sbh_heap_check	LIBCMT	HIGH	anchored
0x129230	__input	LIBCMT	HIGH	anchored
0x129f70	__hextodec	LIBCMT	HIGH	anchored
0x129fb0	__inc	LIBCMT	AMBIG	anchored
0x129fe0	__un_inc	LIBCMT	HIGH	anchored
0x12a000	__whiteout	LIBCMT	HIGH	anchored
0x12a050	__XcptFilter	LIBCMT	HIGH	offstart-ghidra-missed
0x12a260	_xcptlookup	LIBCMT	HIGH	offstart-ghidra-missed
0x12a3a0	__ismbblead	LIBCMT	HIGH	anchored
0x12a3e0	__ismbbkana	LIBCMT	HIGH	offstart-ghidra-missed
0x12a410	_x_ismbbtype	LIBCMT	HIGH	anchored
0x12a450	__setenvp	LIBCMT	HIGH	anchored
0x12a540	__setargv	LIBCMT	HIGH	anchored
0x12a5e0	_parse_cmdline	LIBCMT	HIGH	anchored
0x12a7f0	___crtGetEnvironmentStringsW	LIBCMT	HIGH	offstart-ghidra-missed
0x12a9f0	___crtGetEnvironmentStringsA	LIBCMT	HIGH	anchored
0x12ab50	__ioinit	LIBCMT	HIGH	anchored
0x12ad60	__ioterm	LIBCMT	HIGH	offstart-ghidra-missed
0x12adc0	__FF_MSGBANNER	LIBCMT	HIGH	anchored
0x12ae00	__NMSG_WRITE	LIBCMT	HIGH	anchored
0x12afe0	__GET_RTERRMSG	LIBCMT	HIGH	offstart-ghidra-missed
0x12b010	?_set_new_handler@@YAP6AHI@ZP6AHI@Z@Z	LIBCMT	HIGH	offstart-ghidra-missed
0x12b050	__callnewh	LIBCMT	HIGH	anchored
0x12b070	_strpbrk	LIBCMT	HIGH	anchored
0x12b0b0	___crtLCMapStringW	LIBCMT	HIGH	offstart-ghidra-missed
0x12b2c0	_wcsncnt	LIBCMT	AMBIG	offstart-ghidra-missed
0x12b300	___crtLCMapStringA	LIBCMT	HIGH	anchored
0x12b530	_strncnt	LIBCMT	AMBIG	anchored
0x12b560	__strrev	LIBCMT	HIGH	anchored
0x12b590	_strspn	LIBCMT	HIGH	anchored
0x12b5d0	_strcspn	LIBCMT	HIGH	anchored
0x12b610	___crtGetStringTypeW	LIBCMT	HIGH	anchored
0x12b7a0	___crtGetStringTypeA	LIBCMT	HIGH	anchored
0x12b8e0	?__CxxUnhandledExceptionFilter@@YGJPAU_EXCEPTION_POINTERS@@@Z	LIBCMT	HIGH	anchored
0x12b940	?__CxxSetUnhandledExceptionFilter@@YAXXZ	LIBCMT	HIGH	anchored
0x12b960	?__CxxRestoreUnhandledExceptionFilter@@YAXXZ	LIBCMT	MEDIUM	anchored
0x12b970	___tzset	LIBCMT	HIGH	anchored
0x12b9b0	__tzset	LIBCMT	HIGH	offstart-ghidra-missed
0x12b9d0	__tzset_lk	LIBCMT	HIGH	anchored
0x12bcb0	__isindst	LIBCMT	HIGH	anchored
0x12bce0	__isindst_lk	LIBCMT	HIGH	anchored
0x12bf50	_cvtdate	LIBCMT	HIGH	anchored
0x12c0f0	_calloc	LIBCMT	HIGH	anchored
0x12c1b0	_toupper	LIBCMT	HIGH	anchored
0x12c240	__toupper_lk	LIBCMT	HIGH	anchored
0x12c340	?_ValidateRead@@YAHPBXI@Z	LIBCMT	AMBIG	anchored
0x12c360	?_ValidateRead@@YAHPBXI@Z	LIBCMT	AMBIG	anchored
0x12c380	?_ValidateExecute@@YAHP6GHXZ@Z	LIBCMT	HIGH	anchored
0x12c3a0	_abort	LIBCMT	HIGH	anchored
0x12c3c0	___initstdio	LIBCMT	HIGH	anchored
0x12c480	___endstdio	LIBCMT	HIGH	anchored
0x12c4a0	__statusfp	LIBCMT	HIGH	anchored
0x12c4c0	__clearfp	LIBCMT	HIGH	anchored
0x12c4e0	__control87	LIBCMT	HIGH	anchored
0x12c520	__controlfp	LIBCMT	HIGH	anchored
0x12c540	__fpreset	LIBCMT	HIGH	offstart-ghidra-missed
0x12c570	__abstract_cw	LIBCMT	HIGH	anchored
0x12c610	__hw_cw	LIBCMT	HIGH	anchored
0x12c6a0	__abstract_sw	LIBCMT	HIGH	anchored
0x12c6e0	__ZeroTail	LIBCMT	HIGH	anchored
0x12c750	__IncMan	LIBCMT	HIGH	anchored
0x12c7c0	__RoundMan	LIBCMT	HIGH	anchored
0x12c860	__CopyMan	LIBCMT	HIGH	anchored
0x12c880	__FillZeroMan	LIBCMT	MEDIUM	anchored
0x12c890	__IsZeroMan	LIBCMT	HIGH	anchored
0x12c8b0	__ShrMan	LIBCMT	HIGH	anchored
0x12c970	__ld12cvt	LIBCMT	HIGH	anchored
0x12cb40	__ld12tod	LIBCMT	AMBIG	anchored
0x12cb60	__ld12tod	LIBCMT	AMBIG	anchored
0x12cb80	__ld12told	LIBCMT	HIGH	offstart-ghidra-missed
0x12cc00	__atodbl	LIBCMT	AMBIG	anchored
0x12cc40	__atoldbl	LIBCMT	HIGH	offstart-ghidra-missed
0x12cc80	__atodbl	LIBCMT	AMBIG	anchored
0x12ccc0	__fptostr	LIBCMT	HIGH	anchored
0x12cd60	__fltout2	LIBCMT	HIGH	anchored
0x12cdf0	___dtold	LIBCMT	HIGH	anchored
0x12ceb0	__fptrap	LIBCMT	MEDIUM	anchored
0x12cec0	__alloc_osfhnd	LIBCMT	HIGH	anchored
0x12d030	__set_osfhnd	LIBCMT	HIGH	anchored
0x12d0e0	__free_osfhnd	LIBCMT	HIGH	anchored
0x12d180	__get_osfhandle	LIBCMT	HIGH	anchored
0x12d1d0	__open_osfhandle	LIBCMT	HIGH	offstart-ghidra-missed
0x12d280	__lock_fhandle	LIBCMT	HIGH	anchored
0x12d2f0	__unlock_fhandle	LIBCMT	HIGH	anchored
0x12d320	__commit	LIBCMT	HIGH	anchored
0x12d3c0	__write	LIBCMT	HIGH	cruntime-callee
0x12d440	__write_lk	LIBCMT	HIGH	anchored
0x12d650	__open	LIBCMT	AMBIG	offstart-ghidra-missed
0x12d670	__sopen	LIBCMT	HIGH	anchored
0x12da10	__lseek	LIBCMT	AMBIG	anchored
0x12da90	__lseek_lk	LIBCMT	HIGH	anchored
0x12db10	__getbuf	LIBCMT	HIGH	anchored
0x12db70	__isatty	LIBCMT	HIGH	anchored
0x12dba0	_wctomb	LIBCMT	HIGH	anchored
0x12dc10	__wctomb_lk	LIBCMT	HIGH	anchored
0x12dc90	__aulldiv	LIBCMT	HIGH	anchored
0x12dd00	__aullrem	LIBCMT	HIGH	anchored
0x12dd80	___init_time	LIBCMT	HIGH	anchored
0x12de30	__get_lc_time	LIBCMT	HIGH	anchored
0x12e1b0	__free_lc_time	LIBCMT	HIGH	anchored
0x12e3f0	_storeTimeFmt	LIBCMT	HIGH	anchored
0x12e4f0	___init_numeric	LIBCMT	HIGH	anchored
0x12e6f0	_fix_grouping	LIBCMT	AMBIG	anchored
0x12e730	___init_monetary	LIBCMT	HIGH	anchored
0x12e820	__get_lc_lconv	LIBCMT	HIGH	anchored
0x12e970	_fix_grouping	LIBCMT	AMBIG	anchored
0x12e9b0	__free_lc_lconv	LIBCMT	HIGH	anchored
0x12ea20	___init_ctype	LIBCMT	HIGH	anchored
0x12ece0	___init_collate	LIBCMT	HIGH	lc-category-table-slot: __lc_category[LC_COLLATE].init @0x2174c4; body `return 0`; siblings ___init_ctype/_monetary/_numeric/_time are the other five slots
0x12ecf0	___get_qualified_locale	LIBCMT	HIGH	offstart-ghidra-missed
0x12ee90	_TranslateName	LIBCMT	HIGH	offstart-ghidra-missed
0x12eef0	_GetLcidFromLangCountry	LIBCMT	HIGH	offstart-ghidra-missed
0x12ef80	_LangCountryEnumProc@4	LIBCMT	HIGH	anchored
0x12f260	_GetLcidFromLanguage	LIBCMT	HIGH	offstart-ghidra-missed
0x12f2c0	_LanguageEnumProc@4	LIBCMT	HIGH	anchored
0x12f3a0	_GetLcidFromCountry	LIBCMT	HIGH	offstart-ghidra-missed
0x12f3e0	_CountryEnumProc@4	LIBCMT	HIGH	anchored
0x12f480	_GetLcidFromDefault	LIBCMT	HIGH	offstart-ghidra-missed
0x12f4a0	_ProcessCodePage	LIBCMT	HIGH	offstart-ghidra-missed
0x12f590	_TestDefaultCountry	LIBCMT	HIGH	offstart-ghidra-missed
0x12f5c0	_TestDefaultLanguage	LIBCMT	HIGH	offstart-ghidra-missed
0x12f650	_IsThisWindowsNT	LIBCMT	HIGH	offstart-ghidra-missed
0x12f690	_crtGetLocaleInfoA@16	LIBCMT	HIGH	anchored
0x12f7c0	_LcidFromHexString	LIBCMT	HIGH	offstart-ghidra-missed
0x12f800	_GetPrimaryLen	LIBCMT	HIGH	offstart-ghidra-missed
0x12f830	___init_collate	LIBCMT	LOW	anchored
0x12f840	_mbstowcs	LIBCMT	AMBIG	anchored
0x12f8c0	__mbtowc_lk	LIBCMT	HIGH	anchored
0x12f9c0	_isalpha	LIBCMT	HIGH	offstart-ghidra-missed
0x12f9f0	_isupper	LIBCMT	HIGH	offstart-ghidra-missed
0x12fa20	_islower	LIBCMT	HIGH	offstart-ghidra-missed
0x12fa50	_isdigit	LIBCMT	HIGH	anchored
0x12fa80	_isxdigit	LIBCMT	HIGH	anchored
0x12fab0	_isspace	LIBCMT	HIGH	anchored
0x12fae0	_ispunct	LIBCMT	HIGH	offstart-ghidra-missed
0x12fb10	_isalnum	LIBCMT	HIGH	offstart-ghidra-missed
0x12fb40	_isprint	LIBCMT	HIGH	offstart-ghidra-missed
0x12fb70	_isgraph	LIBCMT	HIGH	offstart-ghidra-missed
0x12fba0	_iscntrl	LIBCMT	HIGH	offstart-ghidra-missed
0x12fbf0	___iscsymf	LIBCMT	HIGH	offstart-ghidra-missed
0x12fc40	___iscsym	LIBCMT	HIGH	offstart-ghidra-missed
0x12fc90	__allshl	LIBCMT	HIGH	anchored
0x12fcb0	__filbuf	LIBCMT	HIGH	anchored
0x12fda0	_ungetc	LIBCMT	HIGH	offstart-ghidra-missed
0x12fdd0	__ungetc_lk	LIBCMT	HIGH	anchored
0x12fe60	___crtMessageBoxA	LIBCMT	HIGH	anchored
0x12fef0	_mbstowcs	LIBCMT	AMBIG	anchored
0x12ff70	__wcstombs_lk	LIBCMT	HIGH	anchored
0x130160	_wcsncnt	LIBCMT	HIGH	anchored
0x1301a0	_getenv	LIBCMT	AMBIG	anchored
0x1301d0	__getenv_lk	LIBCMT	HIGH	anchored
0x130260	_signal	LIBCMT	HIGH	anchored
0x130490	_ctrlevent_capture@4	LIBCMT	HIGH	anchored
0x130520	_raise	LIBCMT	HIGH	anchored
0x130730	_siglookup	LIBCMT	HIGH	anchored
0x130780	__pxcptinfoptrs	LIBCMT	HIGH	manual-crt-reclass
0x130790	__fcloseall	LIBCMT	HIGH	offstart-ghidra-missed
0x130830	___addl	LIBCMT	HIGH	anchored
0x130860	___add_12	LIBCMT	HIGH	anchored
0x1308d0	___shl_12	LIBCMT	HIGH	anchored
0x130900	___shr_12	LIBCMT	HIGH	anchored
0x130930	___mtold12	LIBCMT	HIGH	anchored
0x130a30	___strgtold12	LIBCMT	HIGH	anchored
0x1311c0	___STRINGTOLD	LIBCMT	HIGH	offstart-ghidra-missed
0x131210	_$I10_OUTPUT	LIBCMT	HIGH	anchored
0x1315a0	__chsize	LIBCMT	AMBIG	offstart-ghidra-missed
0x131610	__chsize_lk	LIBCMT	HIGH	anchored
0x131760	__lseek	LIBCMT	AMBIG	anchored
0x1317e0	__read_lk	LIBCMT	HIGH	anchored
0x131a10	___getlocaleinfo	LIBCMT	HIGH	anchored
0x131bd0	__itoa	LIBCMT	HIGH	anchored
0x131c10	_xtoa	LIBCMT	HIGH	anchored
0x131c80	__ltoa	LIBCMT	HIGH	offstart-ghidra-missed
0x131cd0	__ultoa	LIBCMT	HIGH	offstart-ghidra-missed
0x131cf0	__i64toa	LIBCMT	HIGH	offstart-ghidra-missed
0x131d40	_x64toa@20	LIBCMT	HIGH	offstart-ghidra-missed
0x131dd0	__ui64toa	LIBCMT	HIGH	offstart-ghidra-missed
0x131df0	__strnicmp	LIBCMT	HIGH	anchored
0x131f00	__mbsnbicoll	LIBCMT	HIGH	anchored
0x131f40	___wtomb_environ	LIBCMT	HIGH	anchored
0x131fc0	___ld12mul	LIBCMT	HIGH	anchored
0x132280	___multtenpow12	LIBCMT	HIGH	anchored
0x132310	__chsize	LIBCMT	AMBIG	offstart-ghidra-missed
0x132380	__setmode_lk	LIBCMT	HIGH	anchored
0x1323f0	___crtGetLocaleInfoW	LIBCMT	HIGH	anchored
0x132520	___crtGetLocaleInfoA	LIBCMT	HIGH	anchored
0x132660	___crtCompareStringW	LIBCMT	HIGH	offstart-ghidra-missed
0x132870	_wcsncnt	LIBCMT	AMBIG	offstart-ghidra-missed
0x1328b0	___crtCompareStringA	LIBCMT	HIGH	anchored
0x132b80	_strncnt	LIBCMT	AMBIG	anchored
0x132bb0	___crtsetenv	LIBCMT	HIGH	anchored
0x132dc0	_findenv	LIBCMT	HIGH	anchored
0x132e40	_copy_environ	LIBCMT	HIGH	anchored
0x161840	??1CObject@@UAE@XZ	NAFXCW	HIGH	object-unwind-inlinee
0x1692e0	??0strstreambuf@@QAE@XZ	LIBCIMT	HIGH	anchored
0x169310	??_Gstrstreambuf@@UAEPAXI@Z	LIBCIMT	HIGH	deleting-dtor-calls-??1strstreambuf-0x169500
0x169330	??0strstreambuf@@QAE@H@Z	LIBCIMT	HIGH	anchored
0x169390	??0strstreambuf@@QAE@P6APAXJ@ZP6AXPAX@Z@Z	LIBCIMT	HIGH	anchored
0x1693d0	??0strstreambuf@@QAE@PAEH0@Z	LIBCIMT	HIGH	anchored
0x169440	??0strstreambuf@@QAE@PADH0@Z	LIBCIMT	HIGH	anchored
0x169500	??1strstreambuf@@UAE@XZ	LIBCIMT	HIGH	anchored
0x169570	?freeze@strstreambuf@@QAEXH@Z	LIBCIMT	HIGH	offstart-ghidra-missed
0x169590	?str@strstreambuf@@QAEPADXZ	LIBCIMT	MEDIUM	anchored
0x1695a0	strstreambuf_method_1695a0	LIBCIMT	HIGH	manual-crt-reclass
0x1696d0	strstreambuf_method_1696d0	LIBCIMT	HIGH	manual-crt-reclass
0x1696e0	strstreambuf_method_1696e0	LIBCIMT	HIGH	manual-crt-reclass
0x169770	?underflow@strstreambuf@@UAEHXZ	LIBCIMT	HIGH	anchored
0x1697c0	___init_collate	LIBCMT	LOW	anchored
0x1697d0	?seekoff@strstreambuf@@UAEJJW4seek_dir@ios@@H@Z	LIBCIMT	MEDIUM	iostream-cluster-bail
0x1698f0	??0istrstream@@QAE@PAD@Z	LIBCIMT	HIGH	anchored
0x1699b0	msc_iostream_scalardtor_1699b0	LIBCMT	LOW	iostream-cluster-bail
0x1699e0	??0istrstream@@QAE@PADH@Z	LIBCIMT	HIGH	manual-crt-reclass
0x169aa0	??1istrstream@@UAE@XZ	LIBCIMT	HIGH	vbase-dtor-stamps-5f0374-tails-to-??1istream
0x169ac0	msc_iostream_ostream_ctor_169ac0	LIBCMT	MED	manual-unmatched-library-audit
0x169b70	msc_iostream_scalardtor_169b70	LIBCMT	LOW	iostream-cluster-bail
0x169ba0	??0ostrstream@@QAE@PADHH@Z	LIBCIMT	HIGH	manual-crt-reclass
0x169c80	msc_iostream_ostream_dtor_169c80	LIBCMT	MED	manual-unmatched-library-audit
0x169ca0	??1ostrstream@@UAE@XZ	LIBCIMT	HIGH	vbase-dtor-stamps-5f0384-tails-to-??1ostream
0x169cc0	msc_iostream_iostream_ctor_169cc0	LIBCMT	MED	manual-unmatched-library-audit
0x169d80	msc_iostream_scalardtor_169d80	LIBCMT	LOW	iostream-cluster-bail
0x169db0	??0strstream@@QAE@PADHH@Z	LIBCIMT	HIGH	manual-crt-reclass
0x169ea0	??_Diostream@@QAEXXZ	LIBCIMT	HIGH	manual-unmatched-library-audit
0x169ec0	??1strstream@@UAE@XZ	LIBCIMT	HIGH	vbase-dtor-stamps-5f0394-tails-to-??1iostream
0x169ee0	msc_ios_ctor_169ee0	LIBCMT	MED	manual-unmatched-library-audit
0x169f50	??_Gios@@UAEPAXI@Z	LIBCIMT	HIGH	deleting-dtor-calls-??1ios-0x16a050
0x169f70	msc_ios_ctor_169f70	LIBCMT	LOW	iostream-cluster-bail
0x169ff0	msc_iostream_ios_ctor_169ff0	LIBCMT	MED	manual-unmatched-library-audit
0x16a050	??1ios@@UAE@XZ	LIBCMT	MED	manual-unmatched-library-audit
0x16a0b0	msc_ios_setsub_16a0b0	LIBCMT	MED	manual-unmatched-library-audit
0x16a0f0	??4ios@@IAEAAV0@ABV0@@Z	LIBCIMT	HIGH	anchored
0x16a130	msc_ios_initref_16a130	LIBCMT	LOW	iostream-cluster-bail
0x16a180	msc_ios_initref_16a180	LIBCMT	LOW	iostream-cluster-bail
0x16a1b0	??0ifstream@@QAE@XZ	LIBCIMT	HIGH	anchored
0x16a260	msc_iostream_scalardtor_16a260	LIBCIMT	LOW	iostream-cluster-bail
0x16a290	??0ifstream@@QAE@PBDHH@Z	LIBCIMT	HIGH	manual-crt-reclass
0x16a380	??_Distream@@QAEXXZ	LIBCIMT	AMBIG	anchored
0x16a3a0	??0ifstream@@QAE@H@Z	LIBCIMT	HIGH	anchored
0x16a460	??0ifstream@@QAE@HPADH@Z	LIBCIMT	HIGH	anchored
0x16a520	??1ifstream@@UAE@XZ	LIBCIMT	AMBIG	anchored
0x16a540	?setbuf@ifstream@@QAEPAVstreambuf@@PADH@Z	LIBCIMT	AMBIG	anchored
0x16a5c0	msc_ostream_opfx_16a5c0	LIBCIMT	LOW	iostream-cluster-bail
0x16a620	?open@ifstream@@QAEXPBDHH@Z	LIBCIMT	HIGH	anchored
0x16a690	?close@ifstream@@QAEXXZ	LIBCIMT	AMBIG	anchored
0x16a6f0	?get@istream@@QAEHXZ	LIBCIMT	HIGH	anchored
0x16a770	?get@istream@@QAEAAV1@AAD@Z	LIBCIMT	HIGH	manual-crt-reclass
0x16a7f0	?read@istream@@QAEAAV1@PADH@Z	LIBCIMT	HIGH	anchored
0x16a870	??0ofstream@@QAE@XZ	LIBCIMT	HIGH	anchored
0x16a920	msc_iostream_scalardtor_16a920	LIBCIMT	LOW	iostream-cluster-bail
0x16a950	??0ofstream@@QAE@PBDHH@Z	LIBCIMT	HIGH	anchored
0x16aa40	??0ofstream@@QAE@H@Z	LIBCIMT	HIGH	anchored
0x16ab00	??0ofstream@@QAE@HPADH@Z	LIBCIMT	HIGH	anchored
0x16abc0	??1ofstream@@UAE@XZ	LIBCIMT	AMBIG	anchored
0x16abe0	?setbuf@ofstream@@QAEPAVstreambuf@@PADH@Z	LIBCIMT	AMBIG	anchored
0x16ac60	msc_ostream_opfx_16ac60	LIBCIMT	LOW	iostream-cluster-bail
0x16acc0	?open@ofstream@@QAEXPBDHH@Z	LIBCIMT	HIGH	anchored
0x16ad30	?close@ofstream@@QAEXXZ	LIBCIMT	AMBIG	anchored
0x16ad90	?put@ostream@@QAEAAV1@E@Z	LIBCIMT	HIGH	anchored
0x16ae00	?write@ostream@@QAEAAV1@PBDH@Z	LIBCIMT	HIGH	anchored
0x16ae50	??0filebuf@@QAE@XZ	LIBCIMT	HIGH	anchored
0x16ae70	??_Gfilebuf@@UAEPAXI@Z	LIBCIMT	HIGH	deleting-dtor-calls-??1filebuf-0x16af30
0x16ae90	??0filebuf@@QAE@H@Z	LIBCIMT	HIGH	anchored
0x16aec0	??0filebuf@@QAE@HPADH@Z	LIBCIMT	HIGH	anchored
0x16af30	??1filebuf@@UAE@XZ	LIBCIMT	HIGH	anchored
0x16afb0	?close@filebuf@@QAEPAV1@XZ	LIBCIMT	HIGH	anchored
0x16b030	?overflow@filebuf@@UAEHH@Z	LIBCIMT	HIGH	anchored
0x16b0c0	?underflow@filebuf@@UAEHXZ	LIBCIMT	MEDIUM	iostream-cluster-bail
0x16b180	?seekoff@filebuf@@UAEJJW4seek_dir@ios@@H@Z	LIBCIMT	MEDIUM	iostream-cluster-bail
0x16b1d0	?sync@filebuf@@UAEHXZ	LIBCIMT	HIGH	anchored
0x16b2d0	?setbuf@filebuf@@UAEPAVstreambuf@@PADH@Z	LIBCIMT	HIGH	anchored
0x16b350	??0streambuf@@QAE@XZ	LIBCIMT	HIGH	manual-crt-reclass
0x16b3a0	??_Gstreambuf@@UAEPAXI@Z	LIBCIMT	HIGH	deleting-dtor-calls-??1streambuf-0x16b430
0x16b3c0	msc_streambuf_ctor_16b3c0	LIBCIMT	LOW	iostream-cluster-bail
0x16b430	??1streambuf@@QAE@XZ	LIBCIMT	HIGH	manual-crt-reclass
0x16b470	?setbuf@streambuf@@UAEPAV1@PADH@Z	LIBCIMT	MEDIUM	iostream-cluster-bail
0x16b4b0	?xsputn@streambuf@@QAEHPBDH@Z	LIBCIMT	HIGH	manual-crt-reclass
0x16b510	?xsgetn@streambuf@@UAEHPADH@Z	LIBCIMT	MEDIUM	iostream-cluster-bail
0x16b600	?sync@streambuf@@QAEHXZ	LIBCIMT	HIGH	manual-crt-reclass
0x16b620	streambuf_method_16b620	LIBCIMT	HIGH	manual-crt-reclass
0x16b640	streambuf_method_16b640	LIBCIMT	HIGH	manual-crt-reclass
0x16b680	?setb@streambuf@@IAEXPAD0H@Z	LIBCIMT	HIGH	manual-crt-reclass
0x16b6f0	?pbackfail@streambuf@@UAEHH@Z	LIBCIMT	HIGH	anchored
0x16b760	??0istream@@IAE@XZ	LIBCIMT	HIGH	anchored
0x16b7c0	??_Gistream@@UAEPAXI@Z	LIBCIMT	MEDIUM	iostream-cluster-bail
0x16b7f0	??0istream@@QAE@PAVstreambuf@@@Z	LIBCIMT	HIGH	manual-crt-reclass
0x16b890	??0istream@@IAE@ABV0@@Z	LIBCIMT	HIGH	anchored
0x16b930	??1istream@@UAE@XZ	LIBCIMT	HIGH	vbase-dtor-ecx-0xc-parallel-to-??1iostream-0x16cc30
0x16b940	msc_ostream_writeop_16b940	LIBCIMT	LOW	iostream-cluster-bail
0x16ba00	?ipfx@istream@@QAEHH@Z	LIBCIMT	HIGH	anchored
0x16bb00	??5istream@@QAEAAV0@PAD@Z	LIBCIMT	HIGH	anchored
0x16bc20	?peek@istream@@QAEHXZ	LIBCIMT	HIGH	anchored
0x16bc90	?putback@istream@@QAEAAV1@D@Z	LIBCIMT	HIGH	anchored
0x16bd50	?sync@istream@@QAEHXZ	LIBCIMT	HIGH	anchored
0x16bdf0	?eatwhite@istream@@QAEXXZ	LIBCIMT	HIGH	anchored
0x16bea0	??0istream_withassign@@QAE@XZ	LIBCIMT	HIGH	anchored
0x16bf20	??_Gifstream@@UAEPAXI@Z	LIBCIMT	MEDIUM	iostream-cluster-bail
0x16bf50	??0istream_withassign@@QAE@PAVstreambuf@@@Z	LIBCIMT	HIGH	anchored
0x16bfd0	??1ifstream@@UAE@XZ	LIBCIMT	AMBIG	anchored
0x16bff0	?opfx@ostream@@QAEHXZ	LIBCIMT	HIGH	anchored
0x16c070	?osfx@ostream@@QAEXXZ	LIBCIMT	HIGH	anchored
0x16c140	??6ostream@@QAEAAV0@PBD@Z	LIBCIMT	HIGH	anchored
0x16c170	?flush@ostream@@QAEAAV1@XZ	LIBCIMT	HIGH	anchored
0x16c210	??0ostream@@IAE@XZ	LIBCIMT	HIGH	anchored
0x16c250	??_Gostream@@UAEPAXI@Z	LIBCIMT	MEDIUM	iostream-cluster-bail
0x16c280	??0ostream@@QAE@PAVstreambuf@@@Z	LIBCIMT	HIGH	manual-crt-reclass
0x16c310	??0ostream@@IAE@ABV0@@Z	LIBCIMT	HIGH	anchored
0x16c3a0	??1ostream@@UAE@XZ	LIBCIMT	HIGH	vbase-dtor-ecx-0x8-parallel-to-??1iostream-0x16cc30
0x16c3b0	msc_ostream_writeop_16c3b0	LIBCIMT	LOW	iostream-cluster-bail
0x16c460	??0ostream_withassign@@QAE@XZ	LIBCIMT	HIGH	anchored
0x16c4e0	??_Gofstream@@UAEPAXI@Z	LIBCIMT	MEDIUM	iostream-cluster-bail
0x16c510	??0ostream_withassign@@QAE@PAVstreambuf@@@Z	LIBCIMT	HIGH	anchored
0x16c590	??1ofstream@@UAE@XZ	LIBCIMT	AMBIG	anchored
0x16c5b0	?writepad@ostream@@AAEAAV1@PBD0@Z	LIBCIMT	HIGH	anchored
0x16c7b0	?seekp@ostream@@QAEAAV1@J@Z	LIBCIMT	HIGH	anchored
0x16c850	?seekp@ostream@@QAEAAV1@JW4seek_dir@ios@@@Z	LIBCIMT	HIGH	manual-crt-reclass
0x16c8f0	?tellp@ostream@@QAEJXZ	LIBCIMT	HIGH	anchored
0x16c990	??6ostream@@QAEAAV0@PAVstreambuf@@@Z	LIBCIMT	HIGH	anchored
0x16ca20	??0iostream@@IAE@XZ	LIBCIMT	HIGH	anchored
0x16cab0	??_Gfstream@@UAEPAXI@Z	LIBCIMT	MEDIUM	iostream-cluster-bail
0x16cae0	??0iostream@@QAE@PAVstreambuf@@@Z	LIBCIMT	HIGH	anchored
0x16cb80	??0iostream@@IAE@ABV0@@Z	LIBCIMT	HIGH	anchored
0x16cc30	??1iostream@@UAE@XZ	LIBCIMT	HIGH	anchored
0x16cca0	msc_lock_init_16cca0	LIBCIMT	HIGH	manual-stub-reclass
0x16ccb0	msc_lock_term_16ccb0	LIBCIMT	HIGH	manual-stub-reclass
0x16ccc0	__mtlock	LIBCIMT	HIGH	manual-stub-reclass
0x16ccd0	__mtunlock	LIBCIMT	HIGH	manual-stub-reclass
0x16cce0	?attach@filebuf@@QAEPAV1@H@Z	LIBCIMT	HIGH	anchored
0x16cd60	?open@filebuf@@QAEPAV1@PBDHH@Z	LIBCIMT	HIGH	anchored
0x16cf00	?overflow@filebuf@@UAEHH@Z	LIBCIMT	MEDIUM	iostream-cluster-bail
0x16cf80	?snextc@streambuf@@QAEHXZ	LIBCIMT	HIGH	manual-crt-reclass
0x16cfe0	?sbumpc@streambuf@@QAEHXZ	LIBCIMT	HIGH	manual-crt-reclass
0x16d030	?stossc@streambuf@@QAEHXZ	LIBCIMT	HIGH	manual-crt-reclass
0x16d080	?sgetc@streambuf@@QAEHXZ	LIBCIMT	HIGH	manual-crt-reclass
0x174610	__fpclear	LIBCMT	LOW	anchored
0x174b70	__fpclear	LIBCMT	LOW	anchored
0x177940	_DirectPlayLobbyCreateA@20	DPLAYX	HIGH	reloc-R24
0x17b7e0	?Width@CRect@@QBEHXZ	NAFXCW	HIGH	mfc-4.2-header-inline
0x18c210	__CIacos	LIBCMT	AMBIG	anchored
0x18c22d	crt_fp_math_18c22d	LIBCMT	HIGH	manual-crt-reclass
0x18c2e0	__CIpow	LIBCMT	HIGH	anchored
0x18c302	crt_pow_18c302	LIBCMT	HIGH	manual-stub-reclass
0x18c4d5	IntegerScale	GAME-ASM	HIGH	asm-carveout
0x18c500	_fread	LIBCMT	AMBIG	anchored
0x18c540	__fread_lk	LIBCMT	HIGH	anchored
0x18c680	_fseek	LIBCMT	HIGH	anchored
0x18c6c0	__fseek_lk	LIBCMT	HIGH	anchored
0x18c760	__filelength	LIBCMT	HIGH	anchored
0x18c810	__splitpath	LIBCMT	HIGH	anchored
0x18c990	___dtoxmode	LIBCMT	HIGH	anchored
0x18ca60	__stat	LIBCMT	HIGH	anchored
0x18cda0	_IsRootUNCName	LIBCMT	HIGH	anchored
0x18ce20	_fwrite	LIBCMT	HIGH	anchored
0x18ce60	__fwrite_lk	LIBCMT	HIGH	anchored
0x18cfb0	_ftell	LIBCMT	HIGH	anchored
0x18cfe0	__ftell_lk	LIBCMT	HIGH	anchored
0x18d190	_qsort	LIBCMT	HIGH	anchored
0x18d340	_shortsort	LIBCMT	HIGH	anchored
0x18d3a0	_swap	LIBCMT	HIGH	anchored
0x18d3d0	_strncat	LIBCMT	HIGH	anchored
0x18d500	_atof	LIBCMT	HIGH	anchored
0x18d570	__chdir	LIBCMT	HIGH	anchored
0x18d610	__strupr	LIBCMT	HIGH	anchored
0x18d790	__CIacos	LIBCMT	AMBIG	anchored
0x18d7ad	crt_fp_math_18d7ad	LIBCMT	HIGH	manual-crt-reclass
0x18d871	__fFEXP	LIBCMT	AMBIG	anchored
0x18d8ea	__fFLN	LIBCMT	HIGH	offstart-ghidra-missed
0x18d9b1	_rtforexpinf	LIBCMT	MEDIUM	anchored
0x18d9be	__ffexpm1	LIBCMT	HIGH	offstart-ghidra-missed
0x18da70	__trandisp1	LIBCMT	HIGH	offstart-ghidra-missed
0x18dad7	__trandisp2	LIBCMT	HIGH	offstart-ghidra-missed
0x18db82	__tosnan1	LIBCMT	HIGH	anchored
0x18dbaf	__tosnan2	LIBCMT	AMBIG	offstart-ghidra-missed
0x18dbd7	__nan2	LIBCMT	HIGH	offstart-ghidra-missed
0x18dbee	__tosnan2	LIBCMT	AMBIG	offstart-ghidra-missed
0x18dc40	__twoToTOS	LIBCMT	HIGH	anchored
0x18dc55	__load_CW	LIBCMT	HIGH	anchored
0x18dc6c	__convertTOStoQNaN	LIBCMT	HIGH	anchored
0x18dc85	__fload_withFB	LIBCMT	HIGH	anchored
0x18dcc8	__checkTOS_withFB	LIBCMT	HIGH	anchored
0x18dcde	__fast_exit	LIBCMT	MEDIUM	anchored
0x18dceb	__math_exit	LIBCMT	HIGH	anchored
0x18dd29	__check_range_exit	LIBCMT	HIGH	anchored
0x18ddd0	__startTwoArgErrorHandling	LIBCMT	HIGH	anchored
0x18dde7	__startOneArgErrorHandling	LIBCMT	HIGH	anchored
0x18de30	__powhlp	LIBCMT	HIGH	anchored
0x18e060	__d_inttype	LIBCMT	HIGH	anchored
0x18e0f0	__mbsnbcpy	LIBCMT	HIGH	anchored
0x18e1a0	__mbsicmp	LIBCMT	HIGH	anchored
0x18e350	__fullpath	LIBCMT	HIGH	anchored
0x18e420	__getdrive	LIBCMT	HIGH	anchored
0x18e470	__chdrive	LIBCMT	HIGH	offstart-ghidra-missed
0x18e4f0	__mbctolower	LIBCMT	HIGH	anchored
0x18e590	__fltin2	LIBCMT	HIGH	anchored
0x18e630	__mbctoupper	LIBCMT	HIGH	anchored
0x18e6d0	_fdiv_main_routine	LIBCMT	HIGH	offstart-ghidra-missed
0x18e822	label8	LIBCMT	HIGH	anchored
0x18e85e	label12	LIBCMT	HIGH	offstart-ghidra-missed
0x18e87a	label13	LIBCMT	HIGH	anchored
0x18e88a	label14	LIBCMT	HIGH	anchored
0x18e89e	label15	LIBCMT	HIGH	anchored
0x18e8ae	label16	LIBCMT	HIGH	anchored
0x18e8d3	label18	LIBCMT	HIGH	offstart-ghidra-missed
0x18e8f2	label20	LIBCMT	HIGH	offstart-ghidra-missed
0x18e912	label21	LIBCMT	HIGH	anchored
0x18e926	label22	LIBCMT	HIGH	anchored
0x18e93e	label23	LIBCMT	HIGH	anchored
0x18e952	label24	LIBCMT	HIGH	anchored
0x18e977	label26	LIBCMT	HIGH	offstart-ghidra-missed
0x18e996	label28	LIBCMT	HIGH	offstart-ghidra-missed
0x18e9b6	label29	LIBCMT	HIGH	anchored
0x18e9ca	label30	LIBCMT	HIGH	anchored
0x18e9e2	label31	LIBCMT	HIGH	anchored
0x18e9f6	label32	LIBCMT	HIGH	anchored
0x18ea1b	label34	LIBCMT	HIGH	offstart-ghidra-missed
0x18ea3a	label36	LIBCMT	HIGH	offstart-ghidra-missed
0x18ea5a	label37	LIBCMT	HIGH	anchored
0x18ea6e	label38	LIBCMT	HIGH	anchored
0x18ea86	label39	LIBCMT	HIGH	anchored
0x18ea9a	label40	LIBCMT	HIGH	anchored
0x18eabf	label42	LIBCMT	HIGH	offstart-ghidra-missed
0x18eade	label44	LIBCMT	HIGH	offstart-ghidra-missed
0x18eafe	label45	LIBCMT	HIGH	anchored
0x18eb12	label46	LIBCMT	HIGH	anchored
0x18eb2a	label47	LIBCMT	HIGH	anchored
0x18eb3e	label48	LIBCMT	HIGH	anchored
0x18eb63	label50	LIBCMT	HIGH	offstart-ghidra-missed
0x18eb82	label52	LIBCMT	HIGH	offstart-ghidra-missed
0x18eba2	label53	LIBCMT	HIGH	anchored
0x18ebb6	label54	LIBCMT	HIGH	anchored
0x18ebce	label55	LIBCMT	HIGH	anchored
0x18ebe2	label56	LIBCMT	HIGH	anchored
0x18ec07	label58	LIBCMT	HIGH	offstart-ghidra-missed
0x18ec26	label60	LIBCMT	HIGH	offstart-ghidra-missed
0x18ec46	label61	LIBCMT	HIGH	anchored
0x18ec5a	label62	LIBCMT	HIGH	anchored
0x18ec72	label63	LIBCMT	HIGH	anchored
0x18ecac	__adj_fdiv_m32	LIBCMT	HIGH	offstart-ghidra-missed
0x18ecf8	__adj_fdiv_m64	LIBCMT	HIGH	offstart-ghidra-missed
0x18ed44	__adj_fdiv_m16i	LIBCMT	HIGH	offstart-ghidra-missed
0x18ed78	__adj_fdiv_m32i	LIBCMT	HIGH	offstart-ghidra-missed
0x18edac	__adj_fdivr_m32	LIBCMT	HIGH	offstart-ghidra-missed
0x18edf8	__adj_fdivr_m64	LIBCMT	HIGH	offstart-ghidra-missed
0x18ee44	__adj_fdivr_m16i	LIBCMT	HIGH	offstart-ghidra-missed
0x18ee78	__adj_fdivr_m32i	LIBCMT	HIGH	offstart-ghidra-missed
0x18eed6	__fprem_common	LIBCMT	HIGH	offstart-ghidra-missed
0x18f0dc	__adj_fprem	LIBCMT	HIGH	offstart-ghidra-missed
0x18f18e	__fprem1_common	LIBCMT	HIGH	offstart-ghidra-missed
0x18f394	__adj_fprem1	LIBCMT	HIGH	offstart-ghidra-missed
0x18f460	__87except	LIBCMT	HIGH	anchored
0x18f580	__copysign	LIBCMT	HIGH	offstart-ghidra-missed
0x18f5b0	__chgsign	LIBCMT	HIGH	offstart-ghidra-missed
0x18f5e0	__scalb	LIBCMT	HIGH	offstart-ghidra-missed
0x18f600	__logb	LIBCMT	HIGH	offstart-ghidra-missed
0x18f720	__nextafter	LIBCMT	HIGH	offstart-ghidra-missed
0x18fa40	__isnan	LIBCMT	HIGH	offstart-ghidra-missed
0x18fa70	__fpclass	LIBCMT	HIGH	anchored
0x18fb10	_ldexp	LIBCMT	HIGH	offstart-ghidra-missed
0x18fd70	_DirectInputCreateA@16	DINPUT	HIGH	dinput-import-thunk
0x190d80	_c_dfDIKeyboard	DINPUT	HIGH	didataformat-header-decoded
0x190e10	_c_dfDIMouse	DINPUT	HIGH	didataformat-header-decoded
0x191870	_c_dfDIJoystick2	DINPUT	HIGH	didataformat-header-decoded
0x191888	_DirectSoundCreate@12	MSVC-THUNK	HIGH	dsound-import-thunk
0x191894	_DirectDrawEnumerateA@8	DDRAW	HIGH	reloc-R21
0x192000	??6ostream@@QAEAAV0@H@Z	LIBCIMT	HIGH	anchored
0x1920d0	??6ostream@@QAEAAV0@N@Z	LIBCIMT	HIGH	anchored
0x192210	??5istream@@QAEAAV0@AAH@Z	LIBCIMT	HIGH	anchored
0x192210	?ReadInt@CConfigReader@@QAEXPAX@Z	LIBCIMT	HIGH	reloc-alias
0x1922c0	??5istream@@QAEAAV0@AAN@Z	LIBCIMT	HIGH	anchored
0x1922c0	?ReadDouble@CConfigReader@@QAEXPAX@Z	LIBCIMT	HIGH	reloc-alias
0x192340	??6ostream@@QAEAAV0@E@Z	LIBCIMT	HIGH	anchored
0x192400	??6ostream@@QAEAAV0@J@Z	LIBCIMT	HIGH	anchored
0x1924c0	??6ostream@@QAEAAV0@K@Z	LIBCIMT	HIGH	anchored
0x192580	??0fstream@@QAE@XZ	LIBCIMT	HIGH	anchored
0x192640	??_Gfstream@@UAEPAXI@Z	LIBCIMT	HIGH	manual-crt-reclass
0x192670	??0fstream@@QAE@PBDHH@Z	LIBCIMT	HIGH	manual-crt-reclass
0x192760	??0fstream@@QAE@H@Z	LIBCIMT	HIGH	anchored
0x192820	??0fstream@@QAE@HPADH@Z	LIBCIMT	HIGH	anchored
0x1928f0	??1fstream@@UAE@XZ	LIBCIMT	AMBIG	anchored
0x192910	?setbuf@fstream@@QAEPAVstreambuf@@PADH@Z	LIBCIMT	HIGH	anchored
0x1929c0	?attach@fstream@@QAEXH@Z	LIBCIMT	HIGH	anchored
0x192a60	?open@fstream@@QAEXPBDHH@Z	LIBCIMT	HIGH	anchored
0x192b10	?close@fstream@@QAEXXZ	LIBCIMT	HIGH	anchored
0x192c10	??5istream@@QAEAAV0@PAVstreambuf@@@Z	LIBCIMT	HIGH	anchored
0x192cd0	?get@istream@@QAEAAV1@AAVstreambuf@@D@Z	LIBCIMT	HIGH	anchored
0x192dd0	?seekg@istream@@QAEAAV1@J@Z	LIBCIMT	HIGH	anchored
0x192e70	?seekg@istream@@QAEAAV1@JW4seek_dir@ios@@@Z	LIBCIMT	HIGH	anchored
0x192f10	?tellg@istream@@QAEJXZ	LIBCIMT	HIGH	anchored
0x192fb0	?getint@istream@@AAEHPAD@Z	LIBCIMT	HIGH	anchored
0x1931b0	?getdouble@istream@@AAEHPADH@Z	LIBCIMT	HIGH	anchored
0x193aa6	_DirectPlayEnumerateA@8	DPLAYX	HIGH	reloc-R26
0x193ac0	_strtod	LIBCMT	HIGH	anchored
0x193be0	__access	LIBCMT	AMBIG	anchored
0x193c30	??6ostream@@QAEAAV0@I@Z	LIBCIMT	HIGH	anchored
0x193d00	??5istream@@QAEAAV0@AAD@Z	LIBCIMT	HIGH	anchored
0x1b29e7	??0CString@@QAE@DH@Z	NAFXCW	HIGH	anchored
0x1b2a1f	??0CString@@QAE@PBDH@Z	NAFXCW	HIGH	anchored
0x1b2a6a	??H@YG?AVCString@@ABV0@D@Z	NAFXCW	HIGH	anchored
0x1b2acc	??H@YG?AVCString@@DABV0@@Z	NAFXCW	HIGH	anchored
0x1b2b2e	?Mid@CString@@QBE?AV1@H@Z	NAFXCW	HIGH	anchored
0x1b2b51	?Mid@CString@@QBE?AV1@HH@Z	NAFXCW	HIGH	anchored
0x1b2bdc	?Right@CString@@QBE?AV1@H@Z	NAFXCW	HIGH	anchored
0x1b2c59	?Left@CString@@QBE?AV1@H@Z	NAFXCW	HIGH	anchored
0x1b2cd0	?SpanIncluding@CString@@QBE?AV1@PBD@Z	NAFXCW	AMBIG	anchored
0x1b2cfa	?SpanIncluding@CString@@QBE?AV1@PBD@Z	NAFXCW	AMBIG	anchored
0x1b2d24	?ReverseFind@CString@@QBEHD@Z	NAFXCW	HIGH	cruntime-callee
0x1b2d45	?Find@CString@@QBEHPBD@Z	NAFXCW	HIGH	cruntime-callee
0x1b2d64	?FormatV@CString@@IAEXPBDPAD@Z	NAFXCW	HIGH	anchored
0x1b300a	?Format@CString@@QAAXPBDZZ	NAFXCW	HIGH	anchored
0x1b301d	?Format@CString@@QAAXIZZ	NAFXCW	HIGH	offstart-ghidra-missed
0x1b3066	?FormatMessageA@CString@@QAAXPBDZZ	NAFXCW	HIGH	anchored
0x1b30b2	?FormatMessageA@CString@@QAAXIZZ	NAFXCW	HIGH	anchored
0x1b3135	?TrimRight@CString@@QAEXXZ	NAFXCW	HIGH	anchored
0x1b317e	?TrimLeft@CString@@QAEXXZ	NAFXCW	HIGH	anchored
0x1b31c3	?ConstructElements@@YGXPAVCString@@H@Z	NAFXCW	HIGH	offstart-ghidra-missed
0x1b31f2	?DestructElements@@YGXPAVCString@@H@Z	NAFXCW	HIGH	offstart-ghidra-missed
0x1b3216	?CopyElements@@YGXPAVCString@@PBV1@H@Z	NAFXCW	HIGH	anchored
0x1b3242	?HashKey@@YGIPBG@Z	NAFXCW	HIGH	offstart-ghidra-missed
0x1b325f	?HashKey@@YGIPBD@Z	NAFXCW	HIGH	offstart-ghidra-missed
0x1b3279	??0CTime@@QAE@HHHHHHH@Z	NAFXCW	HIGH	anchored
0x1b32c5	??0CTime@@QAE@GGH@Z	NAFXCW	HIGH	anchored
0x1b332e	??0CTime@@QAE@ABU_SYSTEMTIME@@H@Z	NAFXCW	HIGH	anchored
0x1b337a	??0CTime@@QAE@ABU_FILETIME@@H@Z	NAFXCW	HIGH	anchored
0x1b33c6	?GetTickCount@CTime@@SG?AV1@XZ	NAFXCW	HIGH	anchored
0x1b33d9	?GetGmtTm@CTime@@QBEPAUtm@@PAU2@@Z	NAFXCW	HIGH	anchored
0x1b3405	?GetLocalTm@CTime@@QBEPAUtm@@PAU2@@Z	NAFXCW	HIGH	anchored
0x1b3474	?Format@CTimeSpan@@QBE?AVCString@@PBD@Z	NAFXCW	HIGH	anchored
0x1b35a0	?Format@COleDateTime@@QBE?AVCString@@I@Z	NAFXCW	AMBIG	anchored
0x1b35fc	?Format@CTime@@QBE?AVCString@@PBD@Z	NAFXCW	AMBIG	anchored
0x1b364d	?Format@CTime@@QBE?AVCString@@PBD@Z	NAFXCW	AMBIG	anchored
0x1b369e	?Format@COleDateTime@@QBE?AVCString@@I@Z	NAFXCW	AMBIG	anchored
0x1b36fa	?Format@COleDateTime@@QBE?AVCString@@I@Z	NAFXCW	AMBIG	anchored
0x1b3756	?InitString@CSimpleException@@QAEXXZ	NAFXCW	HIGH	anchored
0x1b377f	?GetErrorMessage@CSimpleException@@UAEHPADIPAI@Z	NAFXCW	HIGH	anchored
0x1b37c2	?AfxThrowMemoryException@@YGXXZ	NAFXCW	AMBIG	anchored
0x1b37dd	?AfxThrowMemoryException@@YGXXZ	NAFXCW	AMBIG	anchored
0x1b4b7c	??0CPtrList@@QAE@H@Z	NAFXCW	CRUNTIME	anchored
0x1b4b7c	??0CPtrList@@QAE@H@Z	NAFXCW	CRUNTIME	reloc-R21
0x1b4b9f	??_GCPtrList@@UAEPAXI@Z	NAFXCW	CRUNTIME	anchored
0x1b4bbb	?RemoveAll@CPtrList@@QAEXXZ	NAFXCW	CRUNTIME	anchored
0x1b4bbb	?RemoveAll@CPtrList@@QAEXXZ	NAFXCW	CRUNTIME	reloc-R21
0x1b4bdb	??1CPtrList@@UAE@XZ	NAFXCW	CRUNTIME	anchored
0x1b4bdb	??1CPtrList@@UAE@XZ	NAFXCW	CRUNTIME	reloc-R21
0x1b4c0e	?NewNode@CPtrList@@IAEPAUCNode@1@PAU21@0@Z	NAFXCW	CRUNTIME	anchored
0x1b4c63	?FreeNode@CPtrList@@IAEXPAUCNode@1@@Z	NAFXCW	CRUNTIME	anchored
0x1b4c7c	?AddHead@CPtrList@@QAEPAU__POSITION@@PAX@Z	NAFXCW	CRUNTIME	anchored
0x1b4c7c	?AddHead@CPtrList@@QAEPAU__POSITION@@PAX@Z	NAFXCW	CRUNTIME	reloc-R30
0x1b4ca6	?AddTail@CPtrList@@QAEPAU__POSITION@@PAX@Z	NAFXCW	CRUNTIME	anchored
0x1b4ca6	?AddTail@CPtrList@@QAEPAU__POSITION@@PAX@Z	NAFXCW	CRUNTIME	reloc-R21
0x1b4ccf	?AddHead@CPtrList@@QAEXPAV1@@Z	NAFXCW	CRUNTIME	offstart-ghidra-missed
0x1b4cf4	?AddTail@CPtrList@@QAEXPAV1@@Z	NAFXCW	CRUNTIME	offstart-ghidra-missed
0x1b4d18	?RemoveHead@CPtrList@@QAEPAXXZ	NAFXCW	CRUNTIME	anchored
0x1b4d18	?RemoveHead@CPtrList@@QAEPAXXZ	NAFXCW	CRUNTIME	reloc-R30
0x1b4d3c	?RemoveTail@CPtrList@@QAEPAXXZ	NAFXCW	CRUNTIME	anchored
0x1b4d3c	?RemoveTail@CPtrList@@QAEPAXXZ	NAFXCW	CRUNTIME	reloc-R34
0x1b4d60	?InsertBefore@CPtrList@@QAEPAU__POSITION@@PAU2@PAX@Z	NAFXCW	CRUNTIME	anchored
0x1b4d9f	?InsertAfter@CPtrList@@QAEPAU__POSITION@@PAU2@PAX@Z	NAFXCW	CRUNTIME	anchored
0x1b4ddc	?RemoveAt@CPtrList@@QAEXPAU__POSITION@@@Z	NAFXCW	CRUNTIME	anchored
0x1b4ddc	?RemoveAt@CPtrList@@QAEXPAU__POSITION@@@Z	NAFXCW	CRUNTIME	reloc-R21
0x1b4e13	?FindIndex@CPtrList@@QBEPAU__POSITION@@H@Z	NAFXCW	CRUNTIME	anchored
0x1b4e35	?Find@CPtrList@@QBEPAU__POSITION@@PAXPAU2@@Z	NAFXCW	CRUNTIME	anchored
0x1b4e58	??0CDWordArray@@QAE@XZ	NAFXCW	CRUNTIME	anchored
0x1b4e6f	??_GCDWordArray@@UAEPAXI@Z	NAFXCW	CRUNTIME	anchored
0x1b4e8b	??1CDWordArray@@UAE@XZ	NAFXCW	CRUNTIME	alias
0x1b4e8b	??1CDWordArray@@UAE@XZ	NAFXCW	CRUNTIME	anchored
0x1b4ec2	?SetSize@CDWordArray@@QAEXHH@Z	NAFXCW	CRUNTIME	anchored
0x1b4fe5	?Append@CDWordArray@@QAEHABV1@@Z	NAFXCW	CRUNTIME	anchored
0x1b501f	?Copy@CDWordArray@@QAEXABV1@@Z	NAFXCW	CRUNTIME	anchored
0x1b504b	?FreeExtra@CDWordArray@@QAEXXZ	NAFXCW	CRUNTIME	anchored
0x1b5091	?SetAtGrow@CDWordArray@@QAEXHK@Z	NAFXCW	CRUNTIME	anchored
0x1b50b8	?InsertAt@CDWordArray@@QAEXHKH@Z	NAFXCW	CRUNTIME	anchored
0x1b514d	?RemoveAt@CDWordArray@@QAEXHH@Z	NAFXCW	CRUNTIME	anchored
0x1b5184	?InsertAt@CDWordArray@@QAEXHPAV1@@Z	NAFXCW	CRUNTIME	offstart-ghidra-missed
0x1b51cb	?Serialize@CDWordArray@@UAEXAAVCArchive@@@Z	NAFXCW	CRUNTIME	offstart-ghidra-missed
0x1b5220	??0CPtrArray@@QAE@XZ	NAFXCW	CRUNTIME	anchored
0x1b5220	??0CPtrArray@@QAE@XZ	NAFXCW	CRUNTIME	reloc-R21
0x1b5237	??_GCPtrArray@@UAEPAXI@Z	NAFXCW	CRUNTIME	anchored
0x1b5253	??1CPtrArray@@UAE@XZ	NAFXCW	CRUNTIME	anchored
0x1b5253	??1CPtrArray@@UAE@XZ	NAFXCW	CRUNTIME	reloc-R21
0x1b528a	?SetSize@CPtrArray@@QAEXHH@Z	NAFXCW	CRUNTIME	alias
0x1b528a	?SetSize@CPtrArray@@QAEXHH@Z	NAFXCW	CRUNTIME	anchored
0x1b528a	?SetSize@CPtrArray@@QAEXHH@Z	NAFXCW	CRUNTIME	reloc-R21
0x1b53ad	?Append@CPtrArray@@QAEHABV1@@Z	NAFXCW	CRUNTIME	anchored
0x1b53e7	?Copy@CPtrArray@@QAEXABV1@@Z	NAFXCW	CRUNTIME	anchored
0x1b5413	?FreeExtra@CPtrArray@@QAEXXZ	NAFXCW	CRUNTIME	anchored
0x1b5459	?SetAtGrow@CPtrArray@@QAEXHPAX@Z	NAFXCW	CRUNTIME	anchored
0x1b5459	?SetAtGrow@CPtrArray@@QAEXHPAX@Z	NAFXCW	CRUNTIME	reloc-R53
0x1b5480	?InsertAt@CPtrArray@@QAEXHPAXH@Z	NAFXCW	CRUNTIME	anchored
0x1b5515	?RemoveAt@CPtrArray@@QAEXHH@Z	NAFXCW	CRUNTIME	anchored
0x1b554c	?InsertAt@CPtrArray@@QAEXHPAV1@@Z	NAFXCW	CRUNTIME	offstart-ghidra-missed
0x1b5593	??0CByteArray@@QAE@XZ	NAFXCW	CRUNTIME	anchored
0x1b55aa	??_GCByteArray@@UAEPAXI@Z	NAFXCW	CRUNTIME	anchored
0x1b55c6	??1CByteArray@@UAE@XZ	NAFXCW	CRUNTIME	anchored
0x1b55fd	?SetSize@CByteArray@@QAEXHH@Z	NAFXCW	CRUNTIME	anchored
0x1b56fe	?Append@CByteArray@@QAEHABV1@@Z	NAFXCW	CRUNTIME	anchored
0x1b5733	?Copy@CByteArray@@QAEXABV1@@Z	NAFXCW	CRUNTIME	anchored
0x1b575b	?FreeExtra@CByteArray@@QAEXXZ	NAFXCW	CRUNTIME	anchored
0x1b579a	?SetAtGrow@CByteArray@@QAEXHE@Z	NAFXCW	CRUNTIME	anchored
0x1b57c1	?InsertAt@CByteArray@@QAEXHEH@Z	NAFXCW	CRUNTIME	anchored
0x1b583a	?RemoveAt@CByteArray@@QAEXHH@Z	NAFXCW	CRUNTIME	anchored
0x1b586c	?InsertAt@CByteArray@@QAEXHPAV1@@Z	NAFXCW	CRUNTIME	anchored
0x1b58b1	?Serialize@CByteArray@@UAEXAAVCArchive@@@Z	NAFXCW	CRUNTIME	anchored
0x1b58fe	??0CObArray@@QAE@XZ	NAFXCW	CRUNTIME	anchored
0x1b5915	??_GCObArray@@UAEPAXI@Z	NAFXCW	CRUNTIME	anchored
0x1b5931	??1CObArray@@UAE@XZ	NAFXCW	CRUNTIME	alias
0x1b5931	??1CObArray@@UAE@XZ	NAFXCW	CRUNTIME	anchored
0x1b5968	?SetSize@CObArray@@QAEXHH@Z	NAFXCW	CRUNTIME	anchored
0x1b5a8b	?Append@CObArray@@QAEHABV1@@Z	NAFXCW	CRUNTIME	anchored
0x1b5ac5	?Copy@CObArray@@QAEXABV1@@Z	NAFXCW	CRUNTIME	anchored
0x1b5af1	?FreeExtra@CObArray@@QAEXXZ	NAFXCW	CRUNTIME	anchored
0x1b5b37	?SetAtGrow@CObArray@@QAEXHPAVCObject@@@Z	NAFXCW	CRUNTIME	anchored
0x1b5b5e	?InsertAt@CObArray@@QAEXHPAVCObject@@H@Z	NAFXCW	CRUNTIME	anchored
0x1b5bf3	?RemoveAt@CObArray@@QAEXHH@Z	NAFXCW	CRUNTIME	offstart-ghidra-missed
0x1b5c2a	?InsertAt@CObArray@@QAEXHPAV1@@Z	NAFXCW	CRUNTIME	offstart-ghidra-missed
0x1b5c71	?Serialize@CObArray@@UAEXAAVCArchive@@@Z	NAFXCW	CRUNTIME	anchored
0x1b5ce1	??0CObList@@QAE@H@Z	NAFXCW	CRUNTIME	anchored
0x1b5d04	??_GCObList@@UAEPAXI@Z	NAFXCW	CRUNTIME	anchored
0x1b5d20	?RemoveAll@CObList@@QAEXXZ	NAFXCW	CRUNTIME	anchored
0x1b5d40	??1CObList@@UAE@XZ	NAFXCW	CRUNTIME	anchored
0x1b5d73	?NewNode@CObList@@IAEPAUCNode@1@PAU21@0@Z	NAFXCW	CRUNTIME	anchored
0x1b5dc8	?FreeNode@CObList@@IAEXPAUCNode@1@@Z	NAFXCW	CRUNTIME	anchored
0x1b5de1	?AddHead@CObList@@QAEPAU__POSITION@@PAVCObject@@@Z	NAFXCW	CRUNTIME	anchored
0x1b5e0b	?AddTail@CObList@@QAEPAU__POSITION@@PAVCObject@@@Z	NAFXCW	CRUNTIME	anchored
0x1b5e34	?AddHead@CObList@@QAEXPAV1@@Z	NAFXCW	CRUNTIME	offstart-ghidra-missed
0x1b5e59	?AddTail@CObList@@QAEXPAV1@@Z	NAFXCW	CRUNTIME	offstart-ghidra-missed
0x1b5e7d	?RemoveHead@CObList@@QAEPAVCObject@@XZ	NAFXCW	CRUNTIME	offstart-ghidra-missed
0x1b5ea1	?RemoveTail@CObList@@QAEPAVCObject@@XZ	NAFXCW	CRUNTIME	offstart-ghidra-missed
0x1b5ec5	?InsertBefore@CObList@@QAEPAU__POSITION@@PAU2@PAVCObject@@@Z	NAFXCW	CRUNTIME	anchored
0x1b5f04	?InsertAfter@CObList@@QAEPAU__POSITION@@PAU2@PAVCObject@@@Z	NAFXCW	CRUNTIME	anchored
0x1b5f41	?RemoveAt@CObList@@QAEXPAU__POSITION@@@Z	NAFXCW	CRUNTIME	anchored
0x1b5f78	?FindIndex@CObList@@QBEPAU__POSITION@@H@Z	NAFXCW	CRUNTIME	offstart-ghidra-missed
0x1b5f9a	?Find@CObList@@QBEPAU__POSITION@@PAVCObject@@PAU2@@Z	NAFXCW	CRUNTIME	offstart-ghidra-missed
0x1b5fbd	?Serialize@CObList@@UAEXAAVCArchive@@@Z	NAFXCW	CRUNTIME	anchored
0x1b6019	??0CStringList@@QAE@H@Z	NAFXCW	CRUNTIME	anchored
0x1b603c	??_GCStringList@@UAEPAXI@Z	NAFXCW	CRUNTIME	anchored
0x1b6058	?RemoveAll@CStringList@@QAEXXZ	NAFXCW	CRUNTIME	anchored
0x1b608d	??1CStringList@@UAE@XZ	NAFXCW	CRUNTIME	anchored
0x1b60c0	?NewNode@CStringList@@IAEPAUCNode@1@PAU21@0@Z	NAFXCW	CRUNTIME	anchored
0x1b6129	?FreeNode@CStringList@@IAEXPAUCNode@1@@Z	NAFXCW	CRUNTIME	anchored
0x1b6152	?AddHead@CStringList@@QAEPAU__POSITION@@PBD@Z	NAFXCW	CRUNTIME	anchored
0x1b6187	?AddTail@CStringList@@QAEPAU__POSITION@@PBD@Z	NAFXCW	CRUNTIME	anchored
0x1b61bb	?AddHead@CStringList@@QAEXPAV1@@Z	NAFXCW	CRUNTIME	offstart-ghidra-missed
0x1b61e0	?AddTail@CStringList@@QAEXPAV1@@Z	NAFXCW	CRUNTIME	offstart-ghidra-missed
0x1b6204	?RemoveHead@CStringList@@QAE?AVCString@@XZ	NAFXCW	CRUNTIME	anchored
0x1b6278	?RemoveTail@CStringList@@QAE?AVCString@@XZ	NAFXCW	CRUNTIME	anchored
0x1b62ec	?InsertBefore@CStringList@@QAEPAU__POSITION@@PAU2@PBD@Z	NAFXCW	CRUNTIME	offstart-ghidra-missed
0x1b6336	?InsertAfter@CStringList@@QAEPAU__POSITION@@PAU2@PBD@Z	NAFXCW	CRUNTIME	offstart-ghidra-missed
0x1b637e	?RemoveAt@CStringList@@QAEXPAU__POSITION@@@Z	NAFXCW	CRUNTIME	offstart-ghidra-missed
0x1b63b5	?FindIndex@CStringList@@QBEPAU__POSITION@@H@Z	NAFXCW	CRUNTIME	offstart-ghidra-missed
0x1b63d7	?Find@CStringList@@QBEPAU__POSITION@@PBDPAU2@@Z	NAFXCW	CRUNTIME	offstart-ghidra-missed
0x1b6410	?Serialize@CStringList@@UAEXAAVCArchive@@@Z	NAFXCW	CRUNTIME	anchored
0x1b649b	?Create@CPlex@@SGPAU1@AAPAU1@II@Z	NAFXCW	HIGH	anchored
0x1b64bb	?FreeDataChain@CPlex@@QAEXXZ	NAFXCW	HIGH	anchored
0x1b64d1	??0CStringArray@@QAE@XZ	NAFXCW	CRUNTIME	anchored
0x1b64e8	??_GCStringArray@@UAEPAXI@Z	NAFXCW	CRUNTIME	anchored
0x1b6504	??1CStringArray@@UAE@XZ	NAFXCW	CRUNTIME	anchored
0x1b6548	?DestructElements@@YAXPAVCString@@H@Z	NAFXCW	HIGH	anchored
0x1b656a	?SetSize@CStringArray@@QAEXHH@Z	NAFXCW	CRUNTIME	anchored
0x1b6690	?ConstructElements@@YAXPAVCString@@H@Z	NAFXCW	HIGH	anchored
0x1b66bd	?Append@CStringArray@@QAEHABV1@@Z	NAFXCW	CRUNTIME	anchored
0x1b66f3	?CopyElements@@YAXPAVCString@@0H@Z	NAFXCW	HIGH	anchored
0x1b671d	?Copy@CStringArray@@QAEXABV1@@Z	NAFXCW	CRUNTIME	anchored
0x1b6745	?FreeExtra@CStringArray@@QAEXXZ	NAFXCW	CRUNTIME	anchored
0x1b678b	?SetAtGrow@CStringArray@@QAEXHPBD@Z	NAFXCW	CRUNTIME	anchored
0x1b67b7	?InsertAt@CStringArray@@QAEXHPBDH@Z	NAFXCW	CRUNTIME	anchored
0x1b6844	?RemoveAt@CStringArray@@QAEXHH@Z	NAFXCW	CRUNTIME	anchored
0x1b68a0	?InsertAt@CStringArray@@QAEXHPAV1@@Z	NAFXCW	CRUNTIME	anchored
0x1b693a	?Serialize@CStringArray@@UAEXAAVCArchive@@@Z	NAFXCW	CRUNTIME	anchored
0x1b812c	??0CMapStringToOb@@QAE@H@Z	NAFXCW	CRUNTIME	anchored
0x1b8153	??_GCMapStringToOb@@UAEPAXI@Z	NAFXCW	CRUNTIME	anchored
0x1b816f	?InitHashTable@CMapStringToOb@@QAEXIH@Z	NAFXCW	CRUNTIME	anchored
0x1b81b5	?RemoveAll@CMapStringToOb@@QAEXXZ	NAFXCW	CRUNTIME	anchored
0x1b8207	??1CMapStringToOb@@UAE@XZ	NAFXCW	CRUNTIME	anchored
0x1b823a	?NewAssoc@CMapStringToOb@@IAEPAUCAssoc@1@XZ	NAFXCW	CRUNTIME	anchored
0x1b829a	?FreeAssoc@CMapStringToOb@@IAEXPAUCAssoc@1@@Z	NAFXCW	CRUNTIME	anchored
0x1b82c3	?GetAssocAt@CMapStringToOb@@IBEPAUCAssoc@1@PBDAAI@Z	NAFXCW	CRUNTIME	anchored
0x1b831d	?Lookup@CMapStringToOb@@QBEHPBDAAPAVCObject@@@Z	NAFXCW	CRUNTIME	anchored
0x1b833f	?Lookup@CMapStringToOb@@QBEHPBDAAPAVCObject@@@Z	NAFXCW	CRUNTIME	anchored
0x1b8361	??ACMapStringToOb@@QAEAAPAVCObject@@PBD@Z	NAFXCW	AMBIG	anchored
0x1b83c3	?RemoveKey@CMapStringToOb@@QAEHPBD@Z	NAFXCW	CRUNTIME	anchored
0x1b842b	?GetNextAssoc@CMapStringToOb@@QBEXAAPAU__POSITION@@AAVCString@@AAPAVCObject@@@Z	NAFXCW	CRUNTIME	anchored
0x1b8496	?Serialize@CMapStringToOb@@UAEXAAVCArchive@@@Z	NAFXCW	CRUNTIME	anchored
0x1b855c	??0CMapStringToPtr@@QAE@H@Z	NAFXCW	CRUNTIME	anchored
0x1b8583	??_GCMapStringToPtr@@UAEPAXI@Z	NAFXCW	CRUNTIME	anchored
0x1b859f	?InitHashTable@CMapStringToPtr@@QAEXIH@Z	NAFXCW	CRUNTIME	anchored
0x1b85e5	?RemoveAll@CMapStringToPtr@@QAEXXZ	NAFXCW	CRUNTIME	anchored
0x1b85e5	?RemoveAll@CMapStringToPtr@@QAEXXZ	NAFXCW	CRUNTIME	reloc-R24
0x1b8637	??1CMapStringToPtr@@UAE@XZ	NAFXCW	CRUNTIME	anchored
0x1b8637	??1CMapStringToPtr@@UAE@XZ	NAFXCW	CRUNTIME	reloc-R24
0x1b8637	??1CMapStringToPtr@@UAE@XZ	NAFXCW	CRUNTIME	reloc-R45
0x1b866a	?NewAssoc@CMapStringToPtr@@IAEPAUCAssoc@1@XZ	NAFXCW	CRUNTIME	anchored
0x1b86ca	?FreeAssoc@CMapStringToPtr@@IAEXPAUCAssoc@1@@Z	NAFXCW	CRUNTIME	anchored
0x1b86f3	?GetAssocAt@CMapStringToPtr@@IBEPAUCAssoc@1@PBDAAI@Z	NAFXCW	CRUNTIME	anchored
0x1b874d	?Lookup@CMapStringToPtr@@QBEHPBDAAPAX@Z	NAFXCW	CRUNTIME	anchored
0x1b876f	?Lookup@CMapStringToPtr@@QBEHPBDAAPAX@Z	NAFXCW	CRUNTIME	anchored
0x1b8791	??ACMapStringToPtr@@QAEAAPAXPBD@Z	NAFXCW	AMBIG	anchored
0x1b87f3	?RemoveKey@CMapStringToPtr@@QAEHPBD@Z	NAFXCW	CRUNTIME	anchored
0x1b885b	?GetNextAssoc@CMapStringToPtr@@QBEXAAPAU__POSITION@@AAVCString@@AAPAX@Z	NAFXCW	CRUNTIME	anchored
0x1b885b	?GetNextAssoc@CMapStringToPtr@@QBEXAAPAU__POSITION@@AAVCString@@AAPAX@Z	NAFXCW	CRUNTIME	reloc-R24
0x1b88c6	??0CMapPtrToPtr@@QAE@H@Z	NAFXCW	CRUNTIME	anchored
0x1b88ed	??_GCMapPtrToPtr@@UAEPAXI@Z	NAFXCW	CRUNTIME	anchored
0x1b8909	?InitHashTable@CMapPtrToPtr@@QAEXIH@Z	NAFXCW	CRUNTIME	anchored
0x1b894f	?RemoveAll@CMapPtrToPtr@@QAEXXZ	NAFXCW	CRUNTIME	anchored
0x1b897a	??1CMapPtrToPtr@@UAE@XZ	NAFXCW	CRUNTIME	anchored
0x1b89ad	?NewAssoc@CMapPtrToPtr@@IAEPAUCAssoc@1@XZ	NAFXCW	CRUNTIME	anchored
0x1b89f7	?FreeAssoc@CMapPtrToPtr@@IAEXPAUCAssoc@1@@Z	NAFXCW	CRUNTIME	anchored
0x1b8a10	?GetAssocAt@CMapPtrToPtr@@IBEPAUCAssoc@1@PAXAAI@Z	NAFXCW	CRUNTIME	anchored
0x1b8a42	?GetValueAt@CMapPtrToPtr@@QBEPAXPAX@Z	NAFXCW	CRUNTIME	anchored
0x1b8a75	?Lookup@CMapPtrToPtr@@QBEHPAXAAPAX@Z	NAFXCW	CRUNTIME	anchored
0x1b8a97	??ACMapPtrToPtr@@QAEAAPAXPAX@Z	NAFXCW	AMBIG	anchored
0x1b8ae7	?RemoveKey@CMapPtrToPtr@@QAEHPAX@Z	NAFXCW	CRUNTIME	anchored
0x1b8b29	?GetNextAssoc@CMapPtrToPtr@@QBEXAAPAU__POSITION@@AAPAX1@Z	NAFXCW	CRUNTIME	anchored
0x1b9e47	?AfxSetNewHandler@@YGP6AHI@ZP6AHI@Z@Z	NAFXCW	HIGH	anchored
0x1b9e5b	??2@YAPAXI@Z	NAFXCW	AMBIG	anchored
0x1b9e97	??3@YAXPAX@Z	NAFXCW	MED	derecon-waveO
0x1b9ea2	Get_1b9ea2	NAFXCW	LOW	derecon-waveO
0x1b9ea8	??0CString@@QAE@XZ	NAFXCW	HIGH	anchored
0x1b9eb8	??0CString@@QAE@ABV0@@Z	NAFXCW	HIGH	anchored
0x1b9eef	?AllocBuffer@CString@@IAEXH@Z	NAFXCW	HIGH	anchored
0x1b9f29	?Release@CString@@IAEXXZ	NAFXCW	HIGH	anchored
0x1b9f5b	?Release@CString@@KGXPAUCStringData@@@Z	NAFXCW	HIGH	anchored
0x1b9f7e	?Empty@CString@@QAEXXZ	NAFXCW	HIGH	anchored
0x1b9f9c	?CopyBeforeWrite@CString@@IAEXXZ	NAFXCW	HIGH	anchored
0x1b9fca	?AllocBeforeWrite@CString@@IAEXH@Z	NAFXCW	HIGH	anchored
0x1b9ff3	??1CString@@QAE@XZ	NAFXCW	HIGH	anchored
0x1ba01c	?AllocCopy@CString@@IBEXAAV1@HHH@Z	NAFXCW	HIGH	anchored
0x1ba061	??0CString@@QAE@PBD@Z	NAFXCW	HIGH	anchored
0x1ba0bf	??0CString@@QAE@PBG@Z	NAFXCW	HIGH	anchored
0x1ba10d	?AssignCopy@CString@@IAEXHPBD@Z	NAFXCW	HIGH	anchored
0x1ba13a	??4CString@@QAEABV0@ABV0@@Z	NAFXCW	HIGH	anchored
0x1ba189	??4CString@@QAEABV0@PBD@Z	NAFXCW	AMBIG	anchored
0x1ba1b0	??4CString@@QAEABV0@PBG@Z	NAFXCW	HIGH	anchored
0x1ba1f1	?ConcatCopy@CString@@IAEXHPBDH0@Z	NAFXCW	HIGH	anchored
0x1ba230	??H@YG?AVCString@@ABV0@0@Z	NAFXCW	HIGH	anchored
0x1ba296	??H@YG?AVCString@@ABV0@PBD@Z	NAFXCW	HIGH	anchored
0x1ba30a	??H@YG?AVCString@@PBDABV0@@Z	NAFXCW	HIGH	anchored
0x1ba37e	?ConcatInPlace@CString@@IAEXHPBD@Z	NAFXCW	HIGH	anchored
0x1ba3dd	??YCString@@QAEABV0@PBD@Z	NAFXCW	HIGH	reloc-R23-append
0x1ba404	??YCString@@QAEABV0@D@Z	NAFXCW	AMBIG	anchored
0x1ba419	??YCString@@QAEABV0@ABV0@@Z	NAFXCW	HIGH	anchored
0x1ba431	?GetBuffer@CString@@QAEPADH@Z	NAFXCW	HIGH	anchored
0x1ba480	?ReleaseBuffer@CString@@QAEXH@Z	NAFXCW	HIGH	anchored
0x1ba4a8	?GetBufferSetLength@CString@@QAEPADH@Z	NAFXCW	HIGH	anchored
0x1ba4c8	?FreeExtra@CString@@QAEXXZ	NAFXCW	HIGH	offstart-ghidra-missed
0x1ba4fb	?LockBuffer@CString@@QAEPADXZ	NAFXCW	HIGH	anchored
0x1ba521	?Find@CString@@QBEHD@Z	NAFXCW	AMBIG	anchored
0x1ba542	?FindOneOf@CString@@QBEHPBD@Z	NAFXCW	AMBIG	anchored
0x1ba561	?MakeUpper@CString@@QAEXXZ	NAFXCW	AMBIG	anchored
0x1ba573	?MakeUpper@CString@@QAEXXZ	NAFXCW	AMBIG	anchored
0x1ba585	?MakeUpper@CString@@QAEXXZ	NAFXCW	AMBIG	anchored
0x1ba597	?SetAt@CString@@QAEXHD@Z	NAFXCW	HIGH	anchored
0x1ba5b0	?CharToOemA@CString@@QAEXXZ	NAFXCW	AMBIG	anchored
0x1ba5c4	?CharToOemA@CString@@QAEXXZ	NAFXCW	AMBIG	anchored
0x1ba5d8	?_wcstombsz@@YAHPADPBGI@Z	NAFXCW	HIGH	anchored
0x1ba60e	?_mbstowcsz@@YAHPAGPBDI@Z	NAFXCW	HIGH	anchored
0x1ba643	?AfxA2WHelper@@YGPAGPAGPBDH@Z	NAFXCW	HIGH	anchored
0x1ba66c	?AfxW2AHelper@@YGPADPADPBGH@Z	NAFXCW	HIGH	offstart-ghidra-missed
0x1ba696	?AfxDlgProc@@YGHPAUHWND__@@IIJ@Z	NAFXCW	HIGH	offstart-ghidra-missed
0x1ba6d6	?PreTranslateMessage@CDialog@@UAEHPAUtagMSG@@@Z	NAFXCW	HIGH	anchored
0x1ba76f	?OnCmdMsg@CDialog@@UAEHIHPAXPAUAFX_CMDHANDLERINFO@@@Z	NAFXCW	AMBIG	anchored
0x1ba7f4	??0CDialog@@QAE@XZ	NAFXCW	HIGH	anchored
0x1ba816	??_GCDialog@@UAEPAXI@Z	NAFXCW	HIGH	vtable-slot
0x1ba832	??1CDialog@@UAE@XZ	NAFXCW	AMBIG	anchored
0x1ba832	??1CDialog@@UAE@XZ	NAFXCW	HIGH	reloc-R44
0x1ba870	?Create@CDialog@@QAEHPBDPAVCWnd@@@Z	NAFXCW	HIGH	anchored
0x1ba8d2	?CreateIndirect@CDialog@@IAEHPAXPAVCWnd@@PAUHINSTANCE__@@@Z	NAFXCW	HIGH	anchored
0x1ba90b	?CreateIndirect@CDialog@@IAEHPBUDLGTEMPLATE@@PAVCWnd@@PAXPAUHINSTANCE__@@@Z	NAFXCW	HIGH	anchored
0x1ba936	?CreateDlg@CWnd@@IAEHPBDPAV1@@Z	NAFXCW	HIGH	anchored
0x1ba98c	?CreateDlgIndirect@CWnd@@IAEHPBUDLGTEMPLATE@@PAV1@PAUHINSTANCE__@@@Z	NAFXCW	MED	manual-unmatched-library-audit
0x1bab14	Funclet_1bab14	MSVC-EH	HIGH	asm-carveout
0x1bab2e	mfc_dialog_teardown_1bab2e	NAFXCW	HIGH	manual-stub-reclass
0x1babaf	?SetOccDialogInfo@CDialog@@MAEHPAU_AFX_OCC_DIALOG_INFO@@@Z	NAFXCW	MEDIUM	anchored
0x1babbc	??0CDialog@@QAE@PBDPAVCWnd@@@Z	NAFXCW	HIGH	anchored
0x1babfe	??0CDialog@@QAE@IPAVCWnd@@@Z	NAFXCW	HIGH	anchored
0x1bac37	?InitModalIndirect@CDialog@@QAEHPAXPAVCWnd@@@Z	NAFXCW	HIGH	offstart-ghidra-missed
0x1bac51	?InitModalIndirect@CDialog@@QAEHPBUDLGTEMPLATE@@PAVCWnd@@PAX@Z	NAFXCW	HIGH	offstart-ghidra-missed
0x1bac72	?PreModal@CDialog@@IAEPAUHWND__@@XZ	NAFXCW	HIGH	anchored
0x1baca9	?PostModal@CDialog@@IAEXXZ	NAFXCW	HIGH	anchored
0x1bace7	?DoModal@CDialog@@UAEHXZ	NAFXCW	MED	manual-unmatched-library-audit
0x1bade7	Funclet_1bade7	MSVC-EH	HIGH	asm-carveout
0x1bae04	mfc_modal_activate_1bae04	NAFXCW	HIGH	manual-stub-reclass
0x1bae4c	?EndDialog@CDialog@@QAEXH@Z	NAFXCW	HIGH	anchored
0x1bae6f	?HandleSetFont@CDialog@@IAEJIJ@Z	NAFXCW	HIGH	anchored
0x1bae93	?PreInitDialog@CDialog@@MAEXXZ	NAFXCW	HIGH	vtable-slot-oracle
0x1bae94	?HandleInitDialog@CDialog@@IAEJIJ@Z	NAFXCW	HIGH	anchored
0x1baf1c	?AfxHelpEnabled@@YGHXZ	NAFXCW	HIGH	anchored
0x1baf70	?OnSetFont@CDialog@@UAEXPAVCFont@@@Z	NAFXCW	HIGH	vtable-slot-oracle
0x1baf73	?OnInitDialog@CDialog@@UAEHXZ	NAFXCW	HIGH	anchored
0x1bafd8	?OnOK@CDialog@@MAEXXZ	NAFXCW	HIGH	anchored
0x1baff1	?OnCancel@CDialog@@MAEXXZ	NAFXCW	HIGH	vtable-slot-oracle
0x1baff9	?CheckAutoCenter@CDialog@@UAEHXZ	NAFXCW	HIGH	anchored
0x1bb075	?OnCtlColor@CDialog@@IAEPAUHBRUSH__@@PAVCDC@@PAVCWnd@@I@Z	NAFXCW	AMBIG	anchored
0x1bb089	?OnCommandHelp@CDialog@@IAEJIJ@Z	NAFXCW	HIGH	anchored
0x1bb0c3	?OnHelpHitTest@CDialog@@IAEJIJ@Z	NAFXCW	HIGH	anchored
0x1bb0f6	Thunk_1bb0f6	MSVC-THUNK	HIGH	asm-carveout
0x1bb103	crt_E_static_dtor_1bb103	LIBCMT	HIGH	manual-crt-reclass
0x1bb10f	_$E362	NAFXCW	HIGH	anchored
0x1bb134	_$E_com653e58	NAFXCW	HIGH	derecon-waveO
0x1bb141	crt_E_static_dtor_1bb141	LIBCMT	HIGH	manual-crt-reclass
0x1bb14d	_$E368	NAFXCW	HIGH	anchored
0x1bb172	_$E_653dd8	NAFXCW	HIGH	derecon-waveO
0x1bb17f	crt_E_static_dtor_1bb17f	LIBCMT	HIGH	manual-crt-reclass
0x1bb18b	_$E373	NAFXCW	HIGH	anchored
0x1bb1b0	msc_cwnd_static_init_1bb1b0	NAFXCW	MEDIUM	manual-stub-reclass
0x1bb1bd	crt_E_static_dtor_1bb1bd	LIBCMT	HIGH	manual-crt-reclass
0x1bb1c9	_$E378	NAFXCW	HIGH	anchored
0x1bb1e4	??0CWnd@@QAE@XZ	NAFXCW	HIGH	anchored
0x1bb20e	??_GCWinApp@@UAEPAXI@Z	NAFXCW	AMBIG	anchored
0x1bb22a	??0CWnd@@AAE@PAUHWND__@@@Z	NAFXCW	HIGH	anchored
0x1bb25e	?ModifyStyle@CWnd@@SGHPAUHWND__@@KKI@Z	NAFXCW	HIGH	offstart-ghidra-missed
0x1bb278	?_AfxModifyStyle@@YGHPAUHWND__@@HKKI@Z	NAFXCW	HIGH	anchored
0x1bb2c9	?ModifyStyleEx@CWnd@@SGHPAUHWND__@@KKI@Z	NAFXCW	HIGH	anchored
0x1bb2e3	?AfxCallWndProc@@YGJPAVCWnd@@PAUHWND__@@IIJ@Z	NAFXCW	MED	manual-unmatched-library-audit
0x1bb38a	Funclet_1bb38a	MSVC-EH	HIGH	asm-carveout
0x1bb3b4	Funclet_1bb3b4	MSVC-EH	HIGH	asm-carveout
0x1bb3d3	?_AfxPreInitDialog@@YGXPAVCWnd@@PAUtagRECT@@PAK@Z	NAFXCW	HIGH	anchored
0x1bb3f6	?_AfxPostInitDialog@@YGXPAVCWnd@@ABUtagRECT@@K@Z	NAFXCW	HIGH	anchored
0x1bb46f	?GetCurrentMessage@CWnd@@KGPBUtagMSG@@XZ	NAFXCW	HIGH	anchored
0x1bb4a4	?Default@CWnd@@IAEJXZ	NAFXCW	HIGH	anchored
0x1bb4cb	?DeleteTempMap@CWnd@@SGXXZ	NAFXCW	AMBIG	anchored
0x1bb4df	?afxMapHWND@@YAPAVCHandleMap@@H@Z	NAFXCW	HIGH	anchored
0x1bb54f	?FromHandle@CWnd@@SGPAV1@PAUHWND__@@@Z	NAFXCW	HIGH	anchored
0x1bb577	?FromHandlePermanent@CWnd@@SGPAV1@PAUHWND__@@@Z	NAFXCW	AMBIG	anchored
0x1bb593	?Attach@CWnd@@QAEHPAUHWND__@@@Z	NAFXCW	HIGH	anchored
0x1bb5cc	?Detach@CWnd@@QAEPAUHWND__@@XZ	NAFXCW	HIGH	anchored
0x1bb5fa	?PreSubclassWindow@CWnd@@UAEXXZ	NAFXCW	HIGH	vtable-slot-oracle
0x1bb5fb	?AfxWndProc@@YGJPAUHWND__@@IIJ@Z	NAFXCW	HIGH	anchored
0x1bb62a	crt_static_ptr_1bb62a	LIBCMT	HIGH	manual-crt-reclass
0x1bb630	?_AfxActivationWndProc@@YGJPAUHWND__@@IIJ@Z	NAFXCW	MED	manual-unmatched-library-audit
0x1bb741	Funclet_1bb741	MSVC-EH	HIGH	asm-carveout
0x1bb77d	?_AfxHandleActivate@@YGXPAVCWnd@@I0@Z	NAFXCW	HIGH	anchored
0x1bb7de	?_AfxHandleSetCursor@@YGHPAVCWnd@@II@Z	NAFXCW	HIGH	anchored
0x1bb856	?_AfxGrayBackgroundWndProc@@YGJPAUHWND__@@IIJ@Z	NAFXCW	HIGH	anchored
0x1bb8d2	?_AfxCbtFilterHook@@YGJHIJ@Z	NAFXCW	HIGH	anchored
0x1bbab5	?AfxHookWindowCreate@@YGXPAVCWnd@@@Z	NAFXCW	HIGH	anchored
0x1bbb01	?AfxUnhookWindowCreate@@YGHXZ	NAFXCW	HIGH	anchored
0x1bbb43	?CreateEx@CWnd@@QAEHKPBD0KABUtagRECT@@PAV1@IPAX@Z	NAFXCW	HIGH	anchored
0x1bbb8a	?CreateEx@CWnd@@QAEHKPBD0KHHHHPAUHWND__@@PAUHMENU__@@PAX@Z	NAFXCW	HIGH	anchored
0x1bbc50	?PreCreateWindow@CWnd@@UAEHAAUtagCREATESTRUCTA@@@Z	NAFXCW	HIGH	anchored
0x1bbc82	?Create@CWnd@@UAEHPBD0KABUtagRECT@@PAV1@IPAUCCreateContext@@@Z	NAFXCW	HIGH	anchored
0x1bbcce	??1CWnd@@UAE@XZ	NAFXCW	HIGH	anchored
0x1bbd4a	?OnDestroy@CWnd@@IAEXXZ	NAFXCW	HIGH	anchored
0x1bbd68	?OnNcDestroy@CWnd@@IAEXXZ	NAFXCW	HIGH	anchored
0x1bbe7f	?PostNcDestroy@CWnd@@MAEXXZ	NAFXCW	HIGH	vtable-slot-oracle
0x1bbe80	?OnFinalRelease@CWnd@@UAEXXZ	NAFXCW	HIGH	anchored
0x1bbe91	?DestroyWindow@CWnd@@UAEHXZ	NAFXCW	HIGH	anchored
0x1bbede	?DefWindowProcA@CWnd@@MAEJIIJ@Z	NAFXCW	HIGH	anchored
0x1bbf25	?GetSuperWndProcAddr@CWnd@@MAEPAP6GJPAUHWND__@@IIJ@ZXZ	NAFXCW	HIGH	vtable-slot-oracle
0x1bbf29	?PreTranslateMessage@CWnd@@UAEHPAUtagMSG@@@Z	NAFXCW	HIGH	anchored
0x1bbf48	?CancelToolTips@CWnd@@SGXH@Z	NAFXCW	HIGH	anchored
0x1bbfa5	?OnToolHitTest@CWnd@@UBEHVCPoint@@PAUtagTOOLINFOA@@@Z	NAFXCW	HIGH	anchored
0x1bc016	?GetWindowTextA@CWnd@@QBEXAAVCString@@@Z	NAFXCW	HIGH	anchored
0x1bc05e	?GetDlgItemTextA@CWnd@@QBEHHAAVCString@@@Z	NAFXCW	HIGH	offstart-ghidra-missed
0x1bc0fc	?OnDrawItem@CWnd@@IAEXHPAUtagDRAWITEMSTRUCT@@@Z	NAFXCW	HIGH	anchored
0x1bc139	?OnCompareItem@CWnd@@IAEHHPAUtagCOMPAREITEMSTRUCT@@@Z	NAFXCW	HIGH	anchored
0x1bc163	?OnDeleteItem@CWnd@@IAEXHPAUtagDELETEITEMSTRUCT@@@Z	NAFXCW	HIGH	anchored
0x1bc183	?OnCharToItem@CWnd@@IAEHIPAVCListBox@@I@Z	NAFXCW	AMBIG	anchored
0x1bc1ae	?OnCharToItem@CWnd@@IAEHIPAVCListBox@@I@Z	NAFXCW	AMBIG	anchored
0x1bc1d9	?TrackPopupMenu@CMenu@@QAEHIHHPAVCWnd@@PBUtagRECT@@@Z	NAFXCW	HIGH	anchored
0x1bc22d	?OnMeasureItem@CWnd@@IAEXHPAUtagMEASUREITEMSTRUCT@@@Z	NAFXCW	HIGH	anchored
0x1bc2a6	?FindPopupMenuFromID@@YAPAVCMenu@@PAV1@I@Z	NAFXCW	HIGH	anchored
0x1bc309	?AfxRegisterClass@@YGHPAUtagWNDCLASSA@@@Z	NAFXCW	MED	manual-unmatched-library-audit
0x1bc39c	Funclet_1bc39c	MSVC-EH	HIGH	asm-carveout
0x1bc3b2	?AfxRegisterWndClass@@YGPBDIPAUHICON__@@PAUHBRUSH__@@0@Z	NAFXCW	HIGH	anchored
0x1bc466	?OnNTCtlColor@CWnd@@IAEJIJ@Z	NAFXCW	HIGH	anchored
0x1bc4a2	?WinHelpA@CWnd@@UAEXKI@Z	NAFXCW	HIGH	anchored
0x1bc58a	?AfxFindMessageEntry@@YGPBUAFX_MSGMAP_ENTRY@@PBU1@III@Z	NAFXCW	HIGH	anchored
0x1bc5df	?WindowProc@CWnd@@MAEJIIJ@Z	NAFXCW	HIGH	anchored
0x1bc623	?OnWndMsg@CWnd@@MAEHIIJPAJ@Z	NAFXCW	HIGH	anchored
0x1bcb95	??0CTestCmdUI@@QAE@XZ	NAFXCW	HIGH	anchored
0x1bcbae	?Enable@CTestCmdUI@@UAEXH@Z	NAFXCW	HIGH	anchored
0x1bcbc8	?OnCommand@CWnd@@MAEHIJ@Z	NAFXCW	HIGH	anchored
0x1bcc54	?OnNotify@CWnd@@MAEHIJPAJ@Z	NAFXCW	HIGH	anchored
0x1bccce	?GetParentFrame@CWnd@@QBEPAVCFrameWnd@@XZ	NAFXCW	HIGH	anchored
0x1bcd12	?AfxGetParentOwner@@YGPAUHWND__@@PAU1@@Z	NAFXCW	HIGH	anchored
0x1bcd57	?GetTopLevelParent@CWnd@@QBEPAV1@XZ	NAFXCW	HIGH	anchored
0x1bcd83	?GetTopLevelOwner@CWnd@@QBEPAV1@XZ	NAFXCW	HIGH	offstart-ghidra-missed
0x1bcdb6	?GetParentOwner@CWnd@@QBEPAV1@XZ	NAFXCW	HIGH	offstart-ghidra-missed
0x1bcdfd	?IsTopParentActive@CWnd@@QBEHXZ	NAFXCW	HIGH	anchored
0x1bce31	?ActivateTopParent@CWnd@@QAEXXZ	NAFXCW	HIGH	anchored
0x1bce6e	?GetTopLevelFrame@CWnd@@QBEPAVCFrameWnd@@XZ	NAFXCW	HIGH	anchored
0x1bceb2	?GetSafeOwner@CWnd@@SGPAV1@PAV1@PAPAUHWND__@@@Z	NAFXCW	HIGH	anchored
0x1bcf52	?GetDescendantWindow@CWnd@@SGPAV1@PAUHWND__@@HH@Z	NAFXCW	HIGH	anchored
0x1bcfcb	?SendMessageToDescendants@CWnd@@SGXPAUHWND__@@IIJHH@Z	NAFXCW	HIGH	anchored
0x1bd048	?GetScrollBarCtrl@CWnd@@UBEPAVCScrollBar@@H@Z	NAFXCW	HIGH	vtable-slot-oracle
0x1bd04d	?SetScrollPos@CWnd@@QAEHHHH@Z	NAFXCW	AMBIG	anchored
0x1bd07d	?GetScrollPos@CWnd@@QBEHH@Z	NAFXCW	HIGH	anchored
0x1bd0a5	?SetScrollRange@CWnd@@QAEXHHHH@Z	NAFXCW	HIGH	anchored
0x1bd0d8	?SetScrollPos@CWnd@@QAEHHHH@Z	NAFXCW	AMBIG	anchored
0x1bd108	?EnableScrollBarCtrl@CWnd@@QAEXHH@Z	NAFXCW	HIGH	anchored
0x1bd14b	?SetScrollInfo@CWnd@@QAEHHPAUtagSCROLLINFO@@H@Z	NAFXCW	HIGH	anchored
0x1bd198	?GetScrollInfo@CWnd@@QAEHHPAUtagSCROLLINFO@@I@Z	NAFXCW	HIGH	anchored
0x1bd1e5	?GetScrollLimit@CWnd@@QAEHH@Z	NAFXCW	HIGH	anchored
0x1bd229	?ScrollWindow@CWnd@@QAEXHHPBUtagRECT@@0@Z	NAFXCW	HIGH	anchored
0x1bd2e6	?RepositionBars@CWnd@@QAEXIIIIPAUtagRECT@@PBU2@H@Z	NAFXCW	HIGH	anchored
0x1bd420	?AfxRepositionWindow@@YGXPAUAFX_SIZEPARENTPARAMS@@PAUHWND__@@PBUtagRECT@@@Z	NAFXCW	HIGH	anchored
0x1bd4ba	?CalcWindowRect@CWnd@@UAEXPAUtagRECT@@I@Z	NAFXCW	HIGH	anchored
0x1bd4e5	?HandleFloatingSysCommand@CWnd@@QAEHIJ@Z	NAFXCW	HIGH	anchored
0x1bd59f	?WalkPreTranslateTree@CWnd@@SGHPAUHWND__@@PAUtagMSG@@@Z	NAFXCW	HIGH	anchored
0x1bd5e1	?SendChildNotifyLastMsg@CWnd@@QAEHPAJ@Z	NAFXCW	HIGH	anchored
0x1bd60e	?ReflectLastMsg@CWnd@@KGHPAUHWND__@@PAJ@Z	NAFXCW	HIGH	anchored
0x1bd6b2	?OnChildNotify@CWnd@@MAEHIIJPAJ@Z	NAFXCW	HIGH	anchored
0x1bd70d	?ReflectChildNotify@CWnd@@IAEHIIJPAJ@Z	NAFXCW	HIGH	anchored
0x1bd803	?OnParentNotify@CWnd@@IAEXIJ@Z	NAFXCW	HIGH	anchored
0x1bd830	?OnActivateTopLevel@CWnd@@IAEJIJ@Z	NAFXCW	HIGH	anchored
0x1bd852	?OnSysColorChange@CWnd@@IAEXXZ	NAFXCW	HIGH	anchored
0x1bd8dc	?OnSettingChange@CWnd@@IAEXIPBD@Z	NAFXCW	HIGH	anchored
0x1bd930	?OnWinIniChange@CWnd@@IAEXPBD@Z	NAFXCW	HIGH	anchored
0x1bd97c	?OnDevModeChange@CWnd@@IAEXPAD@Z	NAFXCW	HIGH	anchored
0x1bd9d1	?OnHelpInfo@CWnd@@IAEHPAUtagHELPINFO@@@Z	NAFXCW	HIGH	anchored
0x1bda35	?OnDisplayChange@CWnd@@IAEJIJ@Z	NAFXCW	HIGH	anchored
0x1bda82	?OnDragList@CWnd@@IAEJIJ@Z	NAFXCW	HIGH	anchored
0x1bdaac	?OnHScroll@CWnd@@IAEXIIPAVCScrollBar@@@Z	NAFXCW	AMBIG	anchored
0x1bdacd	?OnHScroll@CWnd@@IAEXIIPAVCScrollBar@@@Z	NAFXCW	AMBIG	anchored
0x1bdaee	?OnEnterIdle@CWnd@@IAEXIPAV1@@Z	NAFXCW	HIGH	anchored
0x1bdb38	?OnCtlColor@CWnd@@IAEPAUHBRUSH__@@PAVCDC@@PAV1@I@Z	NAFXCW	HIGH	anchored
0x1bdb5f	?OnGrayCtlColor@CWnd@@QAEPAUHBRUSH__@@PAVCDC@@PAV1@I@Z	NAFXCW	HIGH	anchored
0x1bdbc2	?GrayCtlColor@CWnd@@SGHPAUHDC__@@PAUHWND__@@IPAUHBRUSH__@@K@Z	NAFXCW	HIGH	anchored
0x1bdc37	?OnQuery3dControls@CWnd@@IAEJIJ@Z	NAFXCW	MEDIUM	anchored
0x1bdc3f	?UpdateData@CWnd@@QAEHH@Z	NAFXCW	MED	manual-unmatched-library-audit
0x1bdc9e	Funclet_1bdc9e	MSVC-EH	HIGH	asm-carveout
0x1bdca4	Funclet_1bdca4	MSVC-EH	HIGH	asm-carveout
0x1bdcc5	Funclet_1bdcc5	MSVC-EH	HIGH	asm-carveout
0x1bdce2	??0CDataExchange@@QAE@PAVCWnd@@H@Z	NAFXCW	HIGH	anchored
0x1bdcf8	?CenterWindow@CWnd@@QAEXPAV1@@Z	NAFXCW	HIGH	anchored
0x1bde76	?ExecuteDlgInit@CWnd@@QAEHPBD@Z	NAFXCW	HIGH	anchored
0x1bdec6	?ExecuteDlgInit@CWnd@@QAEHPAX@Z	NAFXCW	HIGH	anchored
0x1bdf50	?UpdateDialogControls@CWnd@@QAEXPAVCCmdTarget@@H@Z	NAFXCW	HIGH	anchored
0x1be055	?PreTranslateInput@CWnd@@QAEHPAUtagMSG@@@Z	NAFXCW	HIGH	anchored
0x1be085	?RunModalLoop@CWnd@@QAEHK@Z	NAFXCW	HIGH	anchored
0x1be1e4	?ContinueModal@CWnd@@UAEHXZ	NAFXCW	HIGH	vtable-slot-oracle
0x1be1eb	?EndModalLoop@CWnd@@UAEXH@Z	NAFXCW	HIGH	anchored
0x1be20f	?AfxEndDeferRegisterClass@@YGHF@Z	NAFXCW	HIGH	anchored
0x1be349	?RegisterWithIcon@@YGHPAUtagWNDCLASSA@@PBDI@Z	NAFXCW	HIGH	anchored
0x1be38a	?IsFrameWnd@CWnd@@UBEHXZ	NAFXCW	HIGH	vtable-slot-oracle
0x1be391	?IsTracking@CFrameWnd@@QBEHXZ	NAFXCW	HIGH	anchored
0x1be3b0	?SubclassCtl3d@CWnd@@QAEHH@Z	NAFXCW	HIGH	anchored
0x1be3fa	?SubclassDlg3d@CWnd@@QAEHK@Z	NAFXCW	HIGH	anchored
0x1be43f	?SubclassWindow@CWnd@@QAEHPAUHWND__@@@Z	NAFXCW	HIGH	anchored
0x1be482	?SubclassDlgItem@CWnd@@QAEHIPAV1@@Z	NAFXCW	HIGH	offstart-ghidra-missed
0x1be4e9	?UnsubclassWindow@CWnd@@QAEPAUHWND__@@XZ	NAFXCW	HIGH	anchored
0x1be511	?OnAmbientProperty@CWnd@@UAEHPAVCOleControlSite@@JPAUtagVARIANT@@@Z	NAFXCW	HIGH	anchored
0x1be534	?CheckDlgButton@CWnd@@QAEXHI@Z	NAFXCW	HIGH	offstart-ghidra-missed
0x1be560	?CheckRadioButton@CWnd@@QAEXHHH@Z	NAFXCW	HIGH	anchored
0x1be592	?GetDlgItem@CWnd@@QBEPAV1@H@Z	NAFXCW	HIGH	anchored
0x1be5bc	?GetDlgItem@CWnd@@QBEXHPAPAUHWND__@@@Z	NAFXCW	HIGH	offstart-ghidra-missed
0x1be5ea	?GetDlgItemInt@CWnd@@QBEIHPAHH@Z	NAFXCW	HIGH	anchored
0x1be61c	?GetDlgItemTextA@CWnd@@QBEHHPADH@Z	NAFXCW	HIGH	anchored
0x1be651	?SendDlgItemMessageA@CWnd@@QAEJHIIJ@Z	NAFXCW	HIGH	anchored
0x1be68c	?SetDlgItemInt@CWnd@@QAEXHIH@Z	NAFXCW	HIGH	anchored
0x1be6c1	?SetDlgItemTextA@CWnd@@QAEXHPBD@Z	NAFXCW	HIGH	offstart-ghidra-missed
0x1be6f0	?IsDlgButtonChecked@CWnd@@QBEIH@Z	NAFXCW	HIGH	anchored
0x1be717	?ScrollWindowEx@CWnd@@QAEHHHPBUtagRECT@@0PAVCRgn@@PAU2@I@Z	NAFXCW	HIGH	anchored
0x1be766	?IsDialogMessageA@CWnd@@QAEHPAUtagMSG@@@Z	NAFXCW	HIGH	anchored
0x1be799	?GetStyle@CWnd@@QBEKXZ	NAFXCW	HIGH	anchored
0x1be7b3	?GetExStyle@CWnd@@QBEKXZ	NAFXCW	HIGH	anchored
0x1be7cd	?ModifyStyle@CWnd@@QAEHKKI@Z	NAFXCW	HIGH	offstart-ghidra-missed
0x1be801	?ModifyStyleEx@CWnd@@QAEHKKI@Z	NAFXCW	HIGH	anchored
0x1be835	?SetWindowTextA@CWnd@@QAEXPBD@Z	NAFXCW	HIGH	anchored
0x1be85c	?GetWindowTextA@CWnd@@QBEHPADH@Z	NAFXCW	HIGH	offstart-ghidra-missed
0x1be88b	?GetWindowTextLengthA@CWnd@@QBEHXZ	NAFXCW	HIGH	offstart-ghidra-missed
0x1be8a6	?GetDlgCtrlID@CWnd@@QBEHXZ	NAFXCW	HIGH	offstart-ghidra-missed
0x1be8c1	?SetDlgCtrlID@CWnd@@QAEHH@Z	NAFXCW	HIGH	offstart-ghidra-missed
0x1be8ea	?MoveWindow@CWnd@@QAEXHHHHH@Z	NAFXCW	HIGH	anchored
0x1be92b	?SetWindowPos@CWnd@@QAEHPBV1@HHHHI@Z	NAFXCW	HIGH	anchored
0x1be97a	?ShowWindow@CWnd@@QAEHH@Z	NAFXCW	HIGH	anchored
0x1be9a1	?IsWindowEnabled@CWnd@@QBEHXZ	NAFXCW	HIGH	anchored
0x1be9bc	?EnableWindow@CWnd@@QAEHH@Z	NAFXCW	HIGH	anchored
0x1be9e3	?SetFocus@CWnd@@QAEPAV1@XZ	NAFXCW	HIGH	anchored
0x1bea04	?InvokeHelper@CWnd@@QAAXJGGPAXPBEZZ	NAFXCW	HIGH	offstart-ghidra-missed
0x1bea2b	?GetProperty@CWnd@@QBEXJGPAX@Z	NAFXCW	HIGH	offstart-ghidra-missed
0x1bea31	?GetProperty@COleDispatchDriver@@QBEXJGPAX@Z	NAFXCW	HIGH	offstart-ghidra-missed
0x1bea4d	?SetProperty@CWnd@@QAAXJGZZ	NAFXCW	HIGH	offstart-ghidra-missed
0x1bea6b	?GetDSCCursor@CWnd@@QAEPAUIUnknown@@XZ	NAFXCW	HIGH	anchored
0x1bea90	?BindDefaultProperty@CWnd@@QAEXJGPBDPAV1@@Z	NAFXCW	HIGH	offstart-ghidra-missed
0x1beac4	?AttachControlSite@CWnd@@IAEXPAVCHandleMap@@@Z	NAFXCW	HIGH	anchored
0x1beaf4	?AttachControlSite@CWnd@@QAEXPAV1@@Z	NAFXCW	HIGH	anchored
0x1beb39	??0CCmdTarget@@QAE@XZ	NAFXCW	HIGH	anchored
0x1beb59	??_GCWinApp@@UAEPAXI@Z	NAFXCW	AMBIG	anchored
0x1beb75	??1CCmdTarget@@UAE@XZ	NAFXCW	HIGH	anchored
0x1bebb0	?OnCmdMsg@CCmdTarget@@UAEHIHPAXPAUAFX_CMDHANDLERINFO@@@Z	NAFXCW	HIGH	anchored
0x1becc8	?DispatchCmdMsg@@YAHPAVCCmdTarget@@IHP81@AEXXZPAXIPAUAFX_CMDHANDLERINFO@@@Z	NAFXCW	HIGH	anchored
0x1bedf7	?IsInvokeAllowed@CCmdTarget@@UAEHJ@Z	NAFXCW	HIGH	vtable-slot-oracle
0x1bedfd	?GetDispatchIID@CCmdTarget@@UAEHPAU_GUID@@@Z	NAFXCW	HIGH	vtable-slot-oracle
0x1bee02	?GetTypeInfoCount@CCmdTarget@@UAEIXZ	NAFXCW	HIGH	vtable-slot-oracle
0x1bee05	?GetTypeLibCache@CCmdTarget@@UAEPAVCTypeLibCache@@XZ	NAFXCW	HIGH	vtable-slot-oracle
0x1bee08	?GetTypeLib@CCmdTarget@@UAEJKPAPAUITypeLib@@@Z	NAFXCW	MEDIUM	anchored
0x1bee10	?BeginWaitCursor@CCmdTarget@@QAEXXZ	NAFXCW	HIGH	anchored
0x1bee25	?EndWaitCursor@CCmdTarget@@QAEXXZ	NAFXCW	HIGH	anchored
0x1bee55	?GetDispatchMap@CCmdTarget@@MBEPBUAFX_DISPMAP@@XZ	NAFXCW	HIGH	vtable-slot-oracle
0x1bee5b	?GetEventSinkMap@CCmdTarget@@MBEPBUAFX_EVENTSINKMAP@@XZ	NAFXCW	HIGH	vtable-slot-oracle
0x1bee61	?GetInterfaceMap@CCmdTarget@@MBEPBUAFX_INTERFACEMAP@@XZ	NAFXCW	HIGH	vtable-slot-oracle
0x1bee67	?OnFinalRelease@CCmdTarget@@UAEXXZ	NAFXCW	HIGH	anchored
0x1bee99	?OnCreateAggregates@CCmdTarget@@UAEHXZ	NAFXCW	HIGH	vtable-slot-oracle
0x1bee9d	?GetInterfaceHook@CCmdTarget@@UAEPAUIUnknown@@PBX@Z	NAFXCW	HIGH	vtable-slot-oracle
0x1beea2	?GetConnectionMap@CCmdTarget@@MBEPBUAFX_CONNECTIONMAP@@XZ	NAFXCW	HIGH	vtable-slot-oracle
0x1beea8	?GetConnectionHook@CCmdTarget@@MAEPAUIConnectionPoint@@ABU_GUID@@@Z	NAFXCW	HIGH	vtable-slot-oracle
0x1beead	?GetExtraConnectionPoints@CCmdTarget@@MAEHPAVCPtrArray@@@Z	NAFXCW	HIGH	vtable-slot-oracle
0x1beeb2	?GetCommandMap@CCmdTarget@@MBEPBUAFX_OLECMDMAP@@XZ	NAFXCW	HIGH	vtable-slot-oracle
0x1beec4	?GetRoutingFrame@CCmdTarget@@IAEPAVCFrameWnd@@XZ	NAFXCW	MEDIUM	anchored
0x1beed0	??0CCmdUI@@QAE@XZ	NAFXCW	HIGH	anchored
0x1beef6	?Enable@CCmdUI@@UAEXH@Z	NAFXCW	HIGH	anchored
0x1bef86	?SetCheck@CCmdUI@@UAEXH@Z	NAFXCW	HIGH	anchored
0x1befe8	?SetRadio@CCmdUI@@UAEXH@Z	NAFXCW	HIGH	anchored
0x1bf03a	?SetText@CCmdUI@@UAEXPBD@Z	NAFXCW	HIGH	anchored
0x1bf090	?DoUpdate@CCmdUI@@QAEHPAVCCmdTarget@@H@Z	NAFXCW	HIGH	anchored
0x1bf0f3	?LoadStringA@CString@@QAEHI@Z	NAFXCW	HIGH	anchored
0x1bf177	?AfxLoadString@@YGHIPADI@Z	NAFXCW	HIGH	anchored
0x1bf19e	?AfxExtractSubString@@YGHAAVCString@@PBDHD@Z	NAFXCW	HIGH	anchored
0x1bf216	?GetRuntimeClass@CObject@@UBEPAUCRuntimeClass@@XZ	NAFXCW	HIGH	vtable-slot-oracle
0x1bf21c	?IsKindOf@CObject@@QBEHPBUCRuntimeClass@@@Z	NAFXCW	HIGH	anchored
0x1bf22e	?AfxDynamicDownCast@@YAPAVCObject@@PAUCRuntimeClass@@PAV1@@Z	NAFXCW	HIGH	anchored
0x1bf24e	?CreateObject@CRuntimeClass@@QAEPAVCObject@@XZ	NAFXCW	MED	manual-unmatched-library-audit
0x1bf286	Funclet_1bf286	MSVC-EH	HIGH	asm-carveout
0x1bf2a7	??0AFX_CLASSINIT@@QAE@PAUCRuntimeClass@@@Z	NAFXCW	HIGH	anchored
0x1bf2d3	?IsDerivedFrom@CRuntimeClass@@QBEHPBU1@@Z	NAFXCW	HIGH	anchored
0x1bf2ec	??0CFile@@QAE@XZ	NAFXCW	HIGH	anchored
0x1bf2ec	??0CFile@@QAE@XZ	NAFXCW	HIGH	reloc-R23
0x1bf32c	??_GCFile@@UAEPAXI@Z	NAFXCW	AMBIG	anchored
0x1bf348	??0CFile@@QAE@H@Z	NAFXCW	HIGH	anchored
0x1bf38c	??0CFile@@QAE@PBDI@Z	NAFXCW	HIGH	anchored
0x1bf436	??1CFile@@UAE@XZ	NAFXCW	HIGH	anchored
0x1bf436	??1CFile@@UAE@XZ	NAFXCW	HIGH	reloc-R23
0x1bf484	?Duplicate@CFile@@UBEPAV1@XZ	NAFXCW	HIGH	anchored
0x1bf515	?Open@CFile@@UAEHPBDIPAVCFileException@@@Z	NAFXCW	HIGH	anchored
0x1bf515	?Open@CFile@@UAEHPBDIPAVCFileException@@@Z	NAFXCW	HIGH	reloc-R23
0x1bf63d	?Read@CFile@@UAEIPAXI@Z	NAFXCW	HIGH	anchored
0x1bf63d	?Read@CFile@@UAEIPAXI@Z	NAFXCW	HIGH	reloc-R23
0x1bf677	?Write@CFile@@UAEXPBXI@Z	NAFXCW	HIGH	anchored
0x1bf6c2	?Seek@CFile@@UAEJJI@Z	NAFXCW	HIGH	anchored
0x1bf6f1	?GetPosition@CFile@@UBEKXZ	NAFXCW	HIGH	anchored
0x1bf71a	?Flush@CFile@@UAEXXZ	NAFXCW	HIGH	anchored
0x1bf73b	?Close@CFile@@UAEXXZ	NAFXCW	HIGH	anchored
0x1bf73b	?Close@CFile@@UAEXXZ	NAFXCW	HIGH	reloc-R40
0x1bf77c	?Abort@CFile@@UAEXXZ	NAFXCW	HIGH	anchored
0x1bf79c	?LockRange@CFile@@UAEXKK@Z	NAFXCW	AMBIG	anchored
0x1bf7c5	?LockRange@CFile@@UAEXKK@Z	NAFXCW	AMBIG	anchored
0x1bf7ee	?SetLength@CFile@@UAEXK@Z	NAFXCW	HIGH	anchored
0x1bf81a	?GetLength@CFile@@UBEKXZ	NAFXCW	HIGH	anchored
0x1bf81a	?GetLength@CFile@@UBEKXZ	NAFXCW	HIGH	reloc-R23
0x1bf84c	?Rename@CFile@@SGXPBD0@Z	NAFXCW	HIGH	anchored
0x1bf86e	?Remove@CFile@@SGXPBD@Z	NAFXCW	HIGH	anchored
0x1bf88c	??1AFX_COM@@QAE@XZ	NAFXCW	HIGH	derecon-waveO
0x1bf89a	?CreateInstance@AFX_COM@@QAEJABU_GUID@@PAUIUnknown@@0PAPAX@Z	NAFXCW	HIGH	anchored
0x1bf8dc	?GetClassObject@AFX_COM@@QAEJABU_GUID@@0PAPAX@Z	NAFXCW	HIGH	anchored
0x1bf9a8	?AfxStringFromCLSID@@YG?AVCString@@ABU_GUID@@@Z	NAFXCW	HIGH	anchored
0x1bfa17	?AfxGetInProcServer@@YGHPBDAAVCString@@@Z	NAFXCW	HIGH	anchored
0x1bfac3	?AfxResolveShortcut@@YGHPAVCWnd@@PBDPADH@Z	NAFXCW	HIGH	anchored
0x1bfc0d	?AfxFullPath@@YGHPADPBD@Z	NAFXCW	HIGH	anchored
0x1bfce6	?AfxGetRoot@@YGXPBDAAVCString@@@Z	NAFXCW	HIGH	anchored
0x1bfdac	?AfxComparePath@@YGHPBD0@Z	NAFXCW	HIGH	anchored
0x1bfe6f	?AfxGetFileTitle@@YGIPBDPADI@Z	NAFXCW	HIGH	anchored
0x1bfec5	?AfxGetModuleShortFileName@@YGXPAUHINSTANCE__@@AAVCString@@@Z	NAFXCW	HIGH	anchored
0x1bff25	?Run@CWinApp@@UAEHXZ	NAFXCW	HIGH	anchored
0x1bff47	?WinHelpA@CWinApp@@UAEXKI@Z	NAFXCW	HIGH	anchored
0x1bff7e	?ProcessWndProcException@CWinApp@@UAEJPAVCException@@PBUtagMSG@@@Z	NAFXCW	HIGH	anchored
0x1bfff5	?OnIdle@CWinApp@@UAEHJ@Z	NAFXCW	HIGH	anchored
0x1c005b	?DevModeChange@CWinApp@@QAEXPAD@Z	NAFXCW	HIGH	anchored
0x1c0108	??0CException@@QAE@XZ	NAFXCW	HIGH	anchored
0x1c0118	??0CArchiveStream@@QAE@PAVCArchive@@@Z	NAFXCW	AMBIG	anchored
0x1c012a	?Delete@CException@@QAEXXZ	NAFXCW	HIGH	anchored
0x1c013c	?GetErrorMessage@CException@@UAEHPADIPAI@Z	NAFXCW	HIGH	anchored
0x1c015d	?ReportError@CException@@UAEHII@Z	NAFXCW	HIGH	anchored
0x1c01b2	??0AFX_EXCEPTION_LINK@@QAE@XZ	NAFXCW	HIGH	anchored
0x1c01c8	?AfxGetExceptionContext@@YAPAUAFX_EXCEPTION_CONTEXT@@XZ	NAFXCW	HIGH	anchored
0x1c01f0	?AfxTryCleanup@@YGXXZ	NAFXCW	HIGH	offstart-ghidra-missed
0x1c02ae	Funclet_1c02ae	MSVC-EH	HIGH	asm-carveout
0x1c0355	?AfxGetThread@@YGPAVCWinThread@@XZ	NAFXCW	HIGH	anchored
0x1c036a	?AfxBeginThread@@YGPAVCWinThread@@P6AIPAX@Z0HIKPAU_SECURITY_ATTRIBUTES@@@Z	NAFXCW	HIGH	offstart-ghidra-missed
0x1c03ee	?AfxBeginThread@@YGPAVCWinThread@@PAUCRuntimeClass@@HIKPAU_SECURITY_ATTRIBUTES@@@Z	NAFXCW	HIGH	anchored
0x1c0450	?AfxEndThread@@YGXIH@Z	NAFXCW	HIGH	anchored
0x1c0498	?AfxInitThread@@YGXXZ	NAFXCW	HIGH	anchored
0x1c04f7	?AfxTermThread@@YGXPAUHINSTANCE__@@@Z	NAFXCW	HIGH	anchored
0x1c055b	?CreateThread@CWinThread@@QAEHKIPAU_SECURITY_ATTRIBUTES@@@Z	NAFXCW	HIGH	anchored
0x1c0651	?Delete@CWinThread@@UAEXXZ	NAFXCW	HIGH	anchored
0x1c0666	?Run@CWinThread@@UAEHXZ	NAFXCW	HIGH	anchored
0x1c06e5	?IsIdleMessage@CWinThread@@UAEHPAUtagMSG@@@Z	NAFXCW	HIGH	anchored
0x1c0744	?OnIdle@CWinThread@@UAEHJ@Z	NAFXCW	HIGH	anchored
0x1c085b	?DispatchThreadMessageEx@CWinThread@@IAEHPAUtagMSG@@@Z	NAFXCW	HIGH	anchored
0x1c08d4	?PreTranslateMessage@CWinThread@@UAEHPAUtagMSG@@@Z	NAFXCW	HIGH	anchored
0x1c09b9	?ProcessWndProcException@CWinThread@@UAEJPAVCException@@PBUtagMSG@@@Z	NAFXCW	HIGH	anchored
0x1c09de	?_AfxMsgFilterHook@@YGJHIJ@Z	NAFXCW	HIGH	anchored
0x1c0a36	?ProcessMessageFilter@CWinThread@@UAEHHPAUtagMSG@@@Z	NAFXCW	HIGH	anchored
0x1c0b7d	?IsHelpKey@@YGHPAUtagMSG@@@Z	NAFXCW	HIGH	anchored
0x1c0bc8	?GetMainWnd@CWinThread@@UAEPAVCWnd@@XZ	NAFXCW	HIGH	anchored
0x1c0be3	?PumpMessage@CWinThread@@UAEHXZ	NAFXCW	HIGH	anchored
0x1c0c23	??0CDialogTemplate@@QAE@PBUDLGTEMPLATE@@@Z	NAFXCW	HIGH	anchored
0x1c0c52	??0CDialogTemplate@@QAE@PAX@Z	NAFXCW	HIGH	anchored
0x1c0c93	?SetTemplate@CDialogTemplate@@IAEHPBUDLGTEMPLATE@@I@Z	NAFXCW	HIGH	anchored
0x1c0cf3	??1CDialogTemplate@@QAE@XZ	NAFXCW	HIGH	derecon-waveO
0x1c0d01	?Load@CDialogTemplate@@QAEHPBD@Z	NAFXCW	HIGH	anchored
0x1c0d56	ComDetach_1c0d56	GAME-ASM	HIGH	asm-carveout
0x1c0d5c	?HasFont@CDialogTemplate@@QBEHXZ	NAFXCW	HIGH	anchored
0x1c0d87	?GetFontSizeField@CDialogTemplate@@KAPAEPBUDLGTEMPLATE@@@Z	NAFXCW	HIGH	anchored
0x1c0ddd	?GetTemplateSize@CDialogTemplate@@KAIPBUDLGTEMPLATE@@@Z	NAFXCW	HIGH	anchored
0x1c0e94	?GetFont@CDialogTemplate@@SAHPBUDLGTEMPLATE@@AAVCString@@AAG@Z	NAFXCW	HIGH	anchored
0x1c0f03	?GetFont@CDialogTemplate@@QBEHAAVCString@@AAG@Z	NAFXCW	HIGH	anchored
0x1c0f31	?SetFont@CDialogTemplate@@QAEHPBDG@Z	NAFXCW	HIGH	anchored
0x1c1048	?SetSystemFont@CDialogTemplate@@QAEHG@Z	NAFXCW	HIGH	anchored
0x1c10d9	?GetSizeInDialogUnits@CDialogTemplate@@QBEXPAUtagSIZE@@@Z	NAFXCW	HIGH	anchored
0x1c1119	?GetSizeInPixels@CDialogTemplate@@QBEXPAUtagSIZE@@@Z	NAFXCW	HIGH	anchored
0x1c11bc	?ConvertDialogUnitsToPixels@@YAXPBDGHHPAUtagSIZE@@@Z	NAFXCW	HIGH	anchored
0x1c12bd	?AfxLockTempMaps@@YGXXZ	NAFXCW	HIGH	manual-stub-reclass
0x1c12c6	?AfxUnlockTempMaps@@YGHH@Z	NAFXCW	HIGH	anchored
0x1c13b4	??0CHandleMap@@QAE@PAUCRuntimeClass@@IH@Z	NAFXCW	HIGH	anchored
0x1c1410	?FromHandle@CHandleMap@@QAEPAVCObject@@PAX@Z	NAFXCW	MED	manual-unmatched-library-audit
0x1c149d	Funclet_1c149d	MSVC-EH	HIGH	asm-carveout
0x1c14ba	Unmatched_1c14ba	MSVC-EH	HIGH	asm-carveout
0x1c14eb	?DeleteTemp@CHandleMap@@QAEXXZ	NAFXCW	HIGH	anchored
0x1c154c	?UpdateSysColors@AUX_DATA@@QAEXXZ	NAFXCW	HIGH	anchored
0x1c1590	?UpdateSysMetrics@AUX_DATA@@QAEXXZ	NAFXCW	HIGH	anchored
0x1c15e8	?DeleteTempMap@CWnd@@SGXXZ	NAFXCW	AMBIG	anchored
0x1c15fc	?afxMapHMENU@@YAPAVCHandleMap@@H@Z	NAFXCW	HIGH	anchored
0x1c166c	?FromHandle@CImageList@@SGPAV1@PAU_IMAGELIST@@@Z	NAFXCW	AMBIG	anchored
0x1c1682	?FromHandlePermanent@CWnd@@SGPAV1@PAUHWND__@@@Z	NAFXCW	AMBIG	anchored
0x1c169e	?Attach@CImageList@@QAEHPAU_IMAGELIST@@@Z	NAFXCW	AMBIG	offstart-ghidra-missed
0x1c16cb	?Detach@CImageList@@QAEPAU_IMAGELIST@@XZ	NAFXCW	AMBIG	anchored
0x1c16f5	?DeleteImageList@CImageList@@QAEHXZ	NAFXCW	AMBIG	anchored
0x1c1711	?GetFileName@CFile@@UBE?AVCString@@XZ	NAFXCW	AMBIG	anchored
0x1c1793	?GetFileName@CFile@@UBE?AVCString@@XZ	NAFXCW	AMBIG	anchored
0x1c1815	?GetFilePath@CFile@@UBE?AVCString@@XZ	NAFXCW	HIGH	anchored
0x1c1844	?GetStatus@CFile@@QBEHAAUCFileStatus@@@Z	NAFXCW	HIGH	anchored
0x1c191e	?GetStatus@CFile@@SGHPBDAAUCFileStatus@@@Z	NAFXCW	HIGH	anchored
0x1c19d0	?AfxTimeToFileTime@@YAXABVCTime@@PAU_FILETIME@@@Z	NAFXCW	HIGH	anchored
0x1c1a7f	?SetStatus@CFile@@SGXPBDABUCFileStatus@@@Z	NAFXCW	HIGH	anchored
0x1c1bac	?GetStatus@CMemFile@@QBEHAAUCFileStatus@@@Z	NAFXCW	HIGH	offstart-ghidra-missed
0x1c1bcc	?ThrowOsError@CFileException@@SGXJPBD@Z	NAFXCW	HIGH	anchored
0x1c1bed	?ThrowErrno@CFileException@@SGXHPBD@Z	NAFXCW	HIGH	offstart-ghidra-missed
0x1c1c11	?GetErrorMessage@CFileException@@UAEHPADIPAI@Z	NAFXCW	HIGH	anchored
0x1c1cb1	?AfxThrowFileException@@YGXHJPBD@Z	NAFXCW	HIGH	anchored
0x1c1d32	?ErrnoToException@CFileException@@SGHH@Z	NAFXCW	HIGH	offstart-ghidra-missed
0x1c1d86	?OsErrorToException@CFileException@@SGHJ@Z	NAFXCW	HIGH	anchored
0x1c1fbb	??0CRecentFileList@@QAE@IPBD0HH@Z	NAFXCW	HIGH	offstart-ghidra-missed
0x1c2077	??_GCWinApp@@UAEPAXI@Z	NAFXCW	AMBIG	anchored
0x1c2093	??_ECString@@QAEPAXI@Z	NAFXCW	HIGH	anchored
0x1c20cf	??1CRecentFileList@@UAE@XZ	NAFXCW	HIGH	anchored
0x1c212c	?Add@CRecentFileList@@UAEXPBD@Z	NAFXCW	HIGH	anchored
0x1c2198	?Remove@CRecentFileList@@UAEXH@Z	NAFXCW	HIGH	anchored
0x1c21d3	?GetDisplayName@CRecentFileList@@QBEHAAVCString@@HPBDHH@Z	NAFXCW	HIGH	anchored
0x1c22dc	?UpdateMenu@CRecentFileList@@UAEXPAVCCmdUI@@@Z	NAFXCW	HIGH	anchored
0x1c2526	?WriteList@CRecentFileList@@UAEXXZ	NAFXCW	HIGH	anchored
0x1c25a4	?ReadList@CRecentFileList@@UAEXXZ	NAFXCW	HIGH	anchored
0x1c2640	?AbbreviateName@@YAXPADHH@Z	NAFXCW	HIGH	anchored
0x1c5950	??0CDC@@QAE@XZ	NAFXCW	HIGH	anchored
0x1c5964	??_GCWinApp@@UAEPAXI@Z	NAFXCW	AMBIG	anchored
0x1c5980	?DeleteTempMap@CWnd@@SGXXZ	NAFXCW	AMBIG	anchored
0x1c5994	?afxMapHDC@@YAPAVCHandleMap@@H@Z	NAFXCW	HIGH	anchored
0x1c5a04	?FromHandle@CDC@@SGPAV1@PAUHDC__@@@Z	NAFXCW	HIGH	anchored
0x1c5a1a	?Attach@CDC@@QAEHPAUHDC__@@@Z	NAFXCW	HIGH	anchored
0x1c5a51	?Detach@CDC@@QAEPAUHDC__@@XZ	NAFXCW	HIGH	anchored
0x1c5a98	??1CDC@@UAE@XZ	NAFXCW	HIGH	anchored
0x1c5ad8	?SetAttribDC@CDC@@UAEXPAUHDC__@@@Z	NAFXCW	MEDIUM	anchored
0x1c5ae2	?SetpThis@CInnerUnknown@_AfxBindStatusCallback@@QAEXPAV2@@Z	NAFXCW	LOW	anchored
0x1c5af6	?StartDocA@CDC@@QAEHPBD@Z	NAFXCW	HIGH	anchored
0x1c5b2e	?SaveDC@CDC@@UAEHXZ	NAFXCW	HIGH	anchored
0x1c5b65	?RestoreDC@CDC@@UAEHH@Z	NAFXCW	HIGH	anchored
0x1c5bba	?SelectStockObject@CDC@@UAEPAVCGdiObject@@H@Z	NAFXCW	HIGH	anchored
0x1c5bff	?SelectObject@CDC@@QAEPAVCPen@@PAV2@@Z	NAFXCW	AMBIG	anchored
0x1c5c52	?SelectObject@CDC@@QAEPAVCPen@@PAV2@@Z	NAFXCW	AMBIG	anchored
0x1c5ca5	?SelectObject@CDC@@QAEPAVCPen@@PAV2@@Z	NAFXCW	AMBIG	anchored
0x1c5cf8	?SelectObject@CDC@@QAEHPAVCRgn@@@Z	NAFXCW	AMBIG	anchored
0x1c5d46	?SelectPalette@CDC@@QAEPAVCPalette@@PAV2@H@Z	NAFXCW	HIGH	offstart-ghidra-missed
0x1c5d68	?SetBkColor@CDC@@UAEKK@Z	NAFXCW	AMBIG	anchored
0x1c5da0	?SetBkColor@CDC@@UAEKK@Z	NAFXCW	AMBIG	anchored
0x1c5dd8	?SetBkColor@CDC@@UAEKK@Z	NAFXCW	AMBIG	anchored
0x1c5e10	?SetBkColor@CDC@@UAEKK@Z	NAFXCW	AMBIG	anchored
0x1c5e48	?SetBkColor@CDC@@UAEKK@Z	NAFXCW	AMBIG	anchored
0x1c5e80	?SetBkColor@CDC@@UAEKK@Z	NAFXCW	AMBIG	anchored
0x1c5eb8	?SetBkColor@CDC@@UAEKK@Z	NAFXCW	AMBIG	anchored
0x1c5ef0	?SetViewportOrg@CDC@@UAE?AVCPoint@@HH@Z	NAFXCW	AMBIG	anchored
0x1c5f3c	?SetViewportOrg@CDC@@UAE?AVCPoint@@HH@Z	NAFXCW	AMBIG	anchored
0x1c5f88	?SetViewportOrg@CDC@@UAE?AVCPoint@@HH@Z	NAFXCW	AMBIG	anchored
0x1c5fd4	?ScaleViewportExt@CDC@@UAE?AVCSize@@HHHH@Z	NAFXCW	AMBIG	anchored
0x1c602c	?SetViewportOrg@CDC@@UAE?AVCPoint@@HH@Z	NAFXCW	AMBIG	anchored
0x1c6078	?SetViewportOrg@CDC@@UAE?AVCPoint@@HH@Z	NAFXCW	AMBIG	anchored
0x1c60c4	?SetViewportOrg@CDC@@UAE?AVCPoint@@HH@Z	NAFXCW	AMBIG	anchored
0x1c6110	?ScaleViewportExt@CDC@@UAE?AVCSize@@HHHH@Z	NAFXCW	AMBIG	anchored
0x1c6168	?RectVisible@CDC@@UBEHPBUtagRECT@@@Z	NAFXCW	AMBIG	anchored
0x1c6178	?SelectObject@CDC@@QAEHPAVCRgn@@@Z	NAFXCW	AMBIG	anchored
0x1c61c6	?ExcludeClipRect@CDC@@QAEHHHHH@Z	NAFXCW	AMBIG	anchored
0x1c6210	?ExcludeClipRect@CDC@@QAEHPBUtagRECT@@@Z	NAFXCW	AMBIG	anchored
0x1c625c	?ExcludeClipRect@CDC@@QAEHHHHH@Z	NAFXCW	AMBIG	anchored
0x1c62a6	?ExcludeClipRect@CDC@@QAEHPBUtagRECT@@@Z	NAFXCW	AMBIG	anchored
0x1c62f2	?OffsetClipRgn@CDC@@QAEHHH@Z	NAFXCW	AMBIG	anchored
0x1c6330	?OffsetClipRgn@CDC@@QAEHHH@Z	NAFXCW	AMBIG	anchored
0x1c636e	?MoveTo@CDC@@QAE?AVCPoint@@HH@Z	NAFXCW	HIGH	anchored
0x1c63ba	?LineTo@CDC@@QAEHHH@Z	NAFXCW	HIGH	anchored
0x1c63ef	?SetTextAlign@CDC@@QAEII@Z	NAFXCW	HIGH	anchored
0x1c6423	?OffsetClipRgn@CDC@@QAEHHH@Z	NAFXCW	AMBIG	anchored
0x1c6461	?SetBkColor@CDC@@UAEKK@Z	NAFXCW	AMBIG	anchored
0x1c6499	?SetBkColor@CDC@@UAEKK@Z	NAFXCW	AMBIG	anchored
0x1c64d1	?ArcTo@CDC@@QAEHHHHHHHHH@Z	NAFXCW	HIGH	anchored
0x1c6529	?SetBkColor@CDC@@UAEKK@Z	NAFXCW	AMBIG	anchored
0x1c6561	?PolyDraw@CDC@@QAEHPBUtagPOINT@@PBEH@Z	NAFXCW	HIGH	anchored
0x1c65aa	?PolylineTo@CDC@@QAEHPBUtagPOINT@@H@Z	NAFXCW	AMBIG	anchored
0x1c65f0	?SetBkColor@CDC@@UAEKK@Z	NAFXCW	AMBIG	anchored
0x1c6628	?PolylineTo@CDC@@QAEHPBUtagPOINT@@H@Z	NAFXCW	AMBIG	anchored
0x1c666e	?SelectClipPath@CDC@@QAEHH@Z	NAFXCW	HIGH	anchored
0x1c66cc	?SelectClipRgn@CDC@@QAEHPAVCRgn@@H@Z	NAFXCW	HIGH	anchored
0x1c6720	?AfxEnumMetaFileProc@@YGHPAUHDC__@@PAUtagHANDLETABLE@@PAUtagMETARECORD@@HJ@Z	NAFXCW	HIGH	anchored
0x1c6954	?PlayMetaFile@CDC@@QAEHPAUHMETAFILE__@@@Z	NAFXCW	HIGH	anchored
0x1c698d	?LPtoDP@CDC@@QBEXPAUtagSIZE@@@Z	NAFXCW	HIGH	anchored
0x1c69f6	?DPtoLP@CDC@@QBEXPAUtagSIZE@@@Z	NAFXCW	HIGH	anchored
0x1c6a5f	??0CClientDC@@QAE@PAVCWnd@@@Z	NAFXCW	AMBIG	anchored
0x1c6ab5	??_GCWinApp@@UAEPAXI@Z	NAFXCW	AMBIG	anchored
0x1c6ad1	??1CClientDC@@UAE@XZ	NAFXCW	AMBIG	anchored
0x1c6b13	??0CClientDC@@QAE@PAVCWnd@@@Z	NAFXCW	AMBIG	anchored
0x1c6b69	??_GCWinApp@@UAEPAXI@Z	NAFXCW	AMBIG	anchored
0x1c6b85	??1CClientDC@@UAE@XZ	NAFXCW	AMBIG	anchored
0x1c6bc7	??0CPaintDC@@QAE@PAVCWnd@@@Z	NAFXCW	HIGH	anchored
0x1c6c1d	??_GCWinApp@@UAEPAXI@Z	NAFXCW	AMBIG	anchored
0x1c6c39	??1CPaintDC@@UAE@XZ	NAFXCW	HIGH	anchored
0x1c6c80	?DeleteTempMap@CWnd@@SGXXZ	NAFXCW	AMBIG	anchored
0x1c6c94	?afxMapHGDIOBJ@@YAPAVCHandleMap@@H@Z	NAFXCW	HIGH	anchored
0x1c6d04	?FromHandle@CGdiObject@@SGPAV1@PAX@Z	NAFXCW	AMBIG	anchored
0x1c6d1a	?Attach@CGdiObject@@QAEHPAX@Z	NAFXCW	AMBIG	anchored
0x1c6d47	?Detach@CGdiObject@@QAEPAXXZ	NAFXCW	AMBIG	anchored
0x1c6d71	?DeleteObject@CGdiObject@@QAEHXZ	NAFXCW	HIGH	anchored
0x1c6d87	??0CPen@@QAE@HHK@Z	NAFXCW	HIGH	anchored
0x1c6dd7	??0CPen@@QAE@HHPBUtagLOGBRUSH@@HPBK@Z	NAFXCW	HIGH	anchored
0x1c6e2d	??0CBrush@@QAE@K@Z	NAFXCW	HIGH	anchored
0x1c6e77	??0CBrush@@QAE@HK@Z	NAFXCW	HIGH	anchored
0x1c6ec4	??0CBrush@@QAE@PAVCBitmap@@@Z	NAFXCW	HIGH	anchored
0x1c6f11	?CreateDIBPatternBrush@CBrush@@QAEHPAXI@Z	NAFXCW	HIGH	anchored
0x1c6f43	?AfxThrowMemoryException@@YGXXZ	NAFXCW	AMBIG	anchored
0x1c6f5e	?AfxThrowMemoryException@@YGXXZ	NAFXCW	AMBIG	anchored
0x1c6f79	??6@YGAAVCArchive@@AAV0@ABVCString@@@Z	NAFXCW	HIGH	anchored
0x1c6ff3	??5@YGAAVCArchive@@AAV0@AAVCString@@@Z	NAFXCW	HIGH	anchored
0x1c7090	?ReadStringLength@@YGIAAVCArchive@@@Z	NAFXCW	HIGH	anchored
0x1c70e7	?SerializeElements@@YGXAAVCArchive@@PAVCString@@H@Z	NAFXCW	HIGH	anchored
0x1c7135	?Load@CRuntimeClass@@SGPAU1@AAVCArchive@@PAI@Z	NAFXCW	HIGH	anchored
0x1c71c5	?Store@CRuntimeClass@@QBEXAAVCArchive@@@Z	NAFXCW	HIGH	anchored
0x1c71fd	??0CArchive@@QAE@PAVCFile@@IHPAX@Z	NAFXCW	HIGH	anchored
0x1c72d9	??1CArchive@@QAE@XZ	NAFXCW	HIGH	anchored
0x1c731f	?Abort@CArchive@@QAEXXZ	NAFXCW	HIGH	anchored
0x1c7361	?Close@CArchive@@QAEXXZ	NAFXCW	MEDIUM	anchored
0x1c736f	?Read@CArchive@@QAEIPAXI@Z	NAFXCW	HIGH	anchored
0x1c747d	?Write@CArchive@@QAEXPBXI@Z	NAFXCW	HIGH	anchored
0x1c750d	?Flush@CArchive@@QAEXXZ	NAFXCW	HIGH	anchored
0x1c7587	?FillBuffer@CArchive@@QAEXI@Z	NAFXCW	HIGH	anchored
0x1c7649	?WriteCount@CArchive@@QAEXK@Z	NAFXCW	HIGH	anchored
0x1c7677	?ReadCount@CArchive@@QAEKXZ	NAFXCW	HIGH	anchored
0x1c76a7	?WriteString@CArchive@@QAEXPBD@Z	NAFXCW	HIGH	anchored
0x1c76c4	?ReadString@CArchive@@QAEPADPADI@Z	NAFXCW	MED	manual-unmatched-library-audit
0x1c7731	Funclet_1c7731	MSVC-EH	HIGH	asm-carveout
0x1c7764	Unmatched_1c7764	MSVC-EH	HIGH	asm-carveout
0x1c777b	?ReadString@CArchive@@QAEHAAVCString@@@Z	NAFXCW	HIGH	anchored
0x1c7816	?CheckCount@CArchive@@QAEXXZ	NAFXCW	HIGH	anchored
0x1c782a	?WriteObject@CArchive@@QAEXPBVCObject@@@Z	NAFXCW	HIGH	anchored
0x1c78a9	?ReadObject@CArchive@@QAEPAVCObject@@PBUCRuntimeClass@@@Z	NAFXCW	HIGH	anchored
0x1c7960	?MapObject@CArchive@@QAEXPBVCObject@@@Z	NAFXCW	HIGH	anchored
0x1c7a58	?WriteClass@CArchive@@QAEXPBUCRuntimeClass@@@Z	NAFXCW	HIGH	anchored
0x1c7ae9	?ReadClass@CArchive@@QAEPAUCRuntimeClass@@PBU2@PAIPAK@Z	NAFXCW	HIGH	anchored
0x1c7cb9	?SerializeClass@CArchive@@QAEXPBUCRuntimeClass@@@Z	NAFXCW	HIGH	offstart-ghidra-missed
0x1c7cdd	?AfxCustomLogFont@@YGHIPAUtagLOGFONTA@@@Z	NAFXCW	HIGH	anchored
0x1c7d55	?_AfxIsComboBoxControl@@YGHPAUHWND__@@I@Z	NAFXCW	HIGH	anchored
0x1c7d9f	?_AfxCompareClassName@@YGHPAUHWND__@@PBD@Z	NAFXCW	HIGH	anchored
0x1c7dca	?_AfxChildWindowFromPoint@@YGPAUHWND__@@PAU1@UtagPOINT@@@Z	NAFXCW	HIGH	anchored
0x1c7e3f	?AfxSetWindowText@@YGXPAUHWND__@@PBD@Z	NAFXCW	HIGH	anchored
0x1c7e97	?AfxDeleteObject@@YGXPAPAX@Z	NAFXCW	HIGH	anchored
0x1c7eb0	?AfxCancelModes@@YGXPAUHWND__@@@Z	NAFXCW	HIGH	anchored
0x1c7f27	?AfxGlobalFree@@YGXPAX@Z	NAFXCW	HIGH	anchored
0x1c7f5d	?AfxCriticalNewHandler@@YAHI@Z	NAFXCW	HIGH	anchored
0x1c7faf	?OnAppExit@CWinApp@@IAEXXZ	NAFXCW	HIGH	anchored
0x1c7fc8	?_AfxGetMouseScrollLines@@YAIH@Z	NAFXCW	HIGH	anchored
0x1c813f	??0CScrollView@@IAE@XZ	NAFXCW	HIGH	anchored
0x1c8166	??_GCWinApp@@UAEPAXI@Z	NAFXCW	AMBIG	anchored
0x1c8182	Dtor_1c8182	GAME-ASM	HIGH	asm-carveout
0x1c818d	?OnPrepareDC@CScrollView@@UAEXPAVCDC@@PAUCPrintInfo@@@Z	NAFXCW	HIGH	anchored
0x1c8266	?SetScaleToFitSize@CScrollView@@QAEXUtagSIZE@@@Z	NAFXCW	HIGH	anchored
0x1c82f1	?SetScrollSizes@CScrollView@@QAEXHUtagSIZE@@ABU2@1@Z	NAFXCW	HIGH	anchored
0x1c8423	?GetScrollPosition@CScrollView@@QBE?AVCPoint@@XZ	NAFXCW	HIGH	anchored
0x1c84a7	?ScrollToPosition@CScrollView@@QAEXUtagPOINT@@@Z	NAFXCW	HIGH	anchored
0x1c8548	?GetDeviceScrollPosition@CScrollView@@QBE?AVCPoint@@XZ	NAFXCW	HIGH	anchored
0x1c85c1	?GetDeviceScrollSizes@CScrollView@@QBEXAAHAAUtagSIZE@@11@Z	NAFXCW	HIGH	offstart-ghidra-missed
0x1c85fa	?ScrollToDevicePosition@CScrollView@@IAEXUtagPOINT@@@Z	NAFXCW	HIGH	anchored
0x1c864c	?FillOutsideRect@CScrollView@@QAEXPAVCDC@@PAVCBrush@@@Z	NAFXCW	HIGH	anchored
0x1c86cf	?ResizeParentToFit@CScrollView@@QAEXH@Z	NAFXCW	HIGH	anchored
0x1c87e9	?OnSize@CScrollView@@QAEXIHH@Z	NAFXCW	HIGH	anchored
0x1c8811	?CenterOnPoint@CScrollView@@IAEXVCPoint@@@Z	NAFXCW	HIGH	anchored
0x1c88bf	?GetScrollBarSizes@CScrollView@@IAEXAAVCSize@@@Z	NAFXCW	HIGH	anchored
0x1c8919	?GetTrueClientSize@CScrollView@@IAEHAAVCSize@@0@Z	NAFXCW	HIGH	anchored
0x1c898e	?GetScrollBarState@CScrollView@@IAEXVCSize@@AAV2@1AAVCPoint@@H@Z	NAFXCW	HIGH	anchored
0x1c8a4a	?UpdateBars@CScrollView@@IAEXXZ	NAFXCW	HIGH	anchored
0x1c8bc0	?CalcWindowRect@CScrollView@@UAEXPAUtagRECT@@I@Z	NAFXCW	HIGH	anchored
0x1c8c47	?OnHScroll@CScrollView@@QAEXIIPAVCScrollBar@@@Z	NAFXCW	HIGH	anchored
0x1c8c8b	?OnVScroll@CScrollView@@QAEXIIPAVCScrollBar@@@Z	NAFXCW	HIGH	anchored
0x1c8cd3	?OnMouseWheel@CScrollView@@QAEHIFVCPoint@@@Z	NAFXCW	HIGH	anchored
0x1c8d07	?DoMouseWheel@CScrollView@@QAEHIFVCPoint@@@Z	NAFXCW	HIGH	anchored
0x1c8e2b	?OnScroll@CScrollView@@UAEHIIH@Z	NAFXCW	HIGH	anchored
0x1c8efb	?OnScrollBy@CScrollView@@UAEHVCSize@@H@Z	NAFXCW	HIGH	anchored
0x1c8ffc	?GetErrorMessage@CArchiveException@@UAEHPADIPAI@Z	NAFXCW	HIGH	anchored
0x1c909c	?AfxThrowArchiveException@@YGXHPBD@Z	NAFXCW	HIGH	anchored
0x1c911d	??0CView@@IAE@XZ	NAFXCW	HIGH	anchored
0x1c9133	??_GCWinApp@@UAEPAXI@Z	NAFXCW	AMBIG	anchored
0x1c914f	??1CView@@UAE@XZ	NAFXCW	HIGH	anchored
0x1c918f	?PreCreateWindow@CView@@MAEHAAUtagCREATESTRUCTA@@@Z	NAFXCW	HIGH	anchored
0x1c91e2	?OnCreate@CView@@IAEHPAUtagCREATESTRUCTA@@@Z	NAFXCW	HIGH	anchored
0x1c9212	?OnDestroy@CView@@IAEXXZ	NAFXCW	HIGH	anchored
0x1c9241	?PostNcDestroy@CFindReplaceDialog@@MAEXXZ	NAFXCW	LOW	anchored
0x1c924d	?CalcWindowRect@CView@@UAEXPAUtagRECT@@I@Z	NAFXCW	HIGH	anchored
0x1c92b5	?OnCmdMsg@CView@@MAEHIHPAXPAUAFX_CMDHANDLERINFO@@@Z	NAFXCW	HIGH	anchored
0x1c931c	?OnPaint@CView@@IAEXXZ	NAFXCW	HIGH	anchored
0x1c9370	?OnInitialUpdate@CView@@UAEXXZ	NAFXCW	MEDIUM	anchored
0x1c937e	?OnUpdate@CView@@MAEXPAV1@JPAVCObject@@@Z	NAFXCW	HIGH	anchored
0x1c938e	?OnPrint@CView@@MAEXPAVCDC@@PAUCPrintInfo@@@Z	NAFXCW	MEDIUM	anchored
0x1c93a5	?OnActivateView@CView@@MAEXHPAV1@0@Z	NAFXCW	HIGH	anchored
0x1c93c6	?OnMouseActivate@CView@@IAEHPAVCWnd@@II@Z	NAFXCW	HIGH	anchored
0x1c943d	?OnDragScroll@CView@@UAEKKVCPoint@@@Z	NAFXCW	MEDIUM	anchored
0x1c945b	?GetParentSplitter@CView@@SGPAVCSplitterWnd@@PBVCWnd@@H@Z	NAFXCW	HIGH	anchored
0x1c94b9	?GetScrollBarCtrl@CView@@UBEPAVCScrollBar@@H@Z	NAFXCW	HIGH	anchored
0x1c952e	?OnUpdateSplitCmd@CView@@IAEXPAVCCmdUI@@@Z	NAFXCW	HIGH	anchored
0x1c9556	?OnSplitCmd@CView@@IAEHI@Z	NAFXCW	HIGH	anchored
0x1c9572	?OnUpdateNextPaneMenu@CView@@IAEXPAVCCmdUI@@@Z	NAFXCW	HIGH	anchored
0x1c95b0	?OnNextPaneCmd@CView@@IAEHI@Z	NAFXCW	HIGH	anchored
0x1c95da	?OnPrepareDC@CView@@UAEXPAVCDC@@PAUCPrintInfo@@@Z	NAFXCW	HIGH	anchored
0x1c960b	?OnEndPrintPreview@CView@@MAEXPAVCDC@@PAUCPrintInfo@@UtagPOINT@@PAVCPreviewView@@@Z	NAFXCW	HIGH	anchored
0x1c96dc	??0CCtrlView@@QAE@PBDK@Z	NAFXCW	HIGH	offstart-ghidra-missed
0x1c972d	??_GCWinApp@@UAEPAXI@Z	NAFXCW	AMBIG	anchored
0x1c9749	?PreCreateWindow@CCtrlView@@MAEHAAUtagCREATESTRUCTA@@@Z	NAFXCW	HIGH	anchored
0x1c97a4	??0CDocument@@QAE@XZ	NAFXCW	HIGH	offstart-ghidra-missed
0x1c9808	??_GCWinApp@@UAEPAXI@Z	NAFXCW	AMBIG	anchored
0x1c9824	??1CDocument@@UAE@XZ	NAFXCW	HIGH	anchored
0x1c9890	?OnFinalRelease@CDocument@@UAEXXZ	NAFXCW	MEDIUM	anchored
0x1c9898	?DisconnectViews@CDocument@@QAEXXZ	NAFXCW	HIGH	anchored
0x1c98b9	?SetTitle@CDocument@@UAEXPBD@Z	NAFXCW	HIGH	anchored
0x1c98d7	?OnChangedViewList@CDocument@@UAEXXZ	NAFXCW	HIGH	anchored
0x1c98f3	?UpdateFrameCounts@CDocument@@UAEXXZ	NAFXCW	HIGH	anchored
0x1c99e5	?CanCloseFrame@CDocument@@UAEHPAVCFrameWnd@@@Z	NAFXCW	HIGH	anchored
0x1c9a31	?SetPathName@CDocument@@UAEXPBDH@Z	NAFXCW	HIGH	anchored
0x1c9aad	?OnFileClose@CDocument@@IAEXXZ	NAFXCW	HIGH	anchored
0x1c9ac8	?OnFileSave@CDocument@@IAEXXZ	NAFXCW	MEDIUM	anchored
0x1c9ad0	?OnFileSaveAs@CDocument@@IAEXXZ	NAFXCW	MEDIUM	anchored
0x1c9add	?DoFileSave@CDocument@@UAEHXZ	NAFXCW	HIGH	anchored
0x1c9b0b	?DoSave@CDocument@@UAEHPBDH@Z	NAFXCW	LOW	anchored
0x1c9c1f	Funclet_1c9c1f	MSVC-EH	HIGH	asm-carveout
0x1c9c97	?SaveModified@CDocument@@UAEHXZ	NAFXCW	HIGH	anchored
0x1c9dad	?ReportSaveLoadException@CDocument@@UAEXPBDPAVCException@@HI@Z	NAFXCW	HIGH	anchored
0x1c9f1d	?Open@CMirrorFile@@UAEHPBDIPAVCFileException@@@Z	NAFXCW	HIGH	anchored
0x1ca0e4	?Abort@CMirrorFile@@UAEXXZ	NAFXCW	HIGH	anchored
0x1ca0fd	?Close@CMirrorFile@@UAEXXZ	NAFXCW	HIGH	anchored
0x1ca157	?GetFile@CDocument@@UAEPAVCFile@@PBDIPAVCFileException@@@Z	NAFXCW	HIGH	anchored
0x1ca1cd	??_GCWinApp@@UAEPAXI@Z	NAFXCW	AMBIG	anchored
0x1ca1e9	??1CMirrorFile@@UAE@XZ	NAFXCW	HIGH	anchored
0x1ca21a	?ReleaseFile@CDocument@@UAEXPAVCFile@@H@Z	NAFXCW	HIGH	anchored
0x1ca243	?OnNewDocument@CDocument@@UAEHXZ	NAFXCW	HIGH	anchored
0x1ca268	?OnOpenDocument@CDocument@@UAEHPBD@Z	NAFXCW	LOW	anchored
0x1ca3aa	Unmatched_1ca3aa	MSVC-EH	HIGH	asm-carveout
0x1ca42b	Funclet_1ca42b	MSVC-EH	HIGH	asm-carveout
0x1ca439	?OnSaveDocument@CDocument@@UAEHPBD@Z	NAFXCW	LOW	anchored
0x1ca55e	Funclet_1ca55e	MSVC-EH	HIGH	asm-carveout
0x1ca5d8	Unmatched_1ca5d8	MSVC-EH	HIGH	asm-carveout
0x1ca5e6	?OnCloseDocument@CDocument@@UAEXXZ	NAFXCW	HIGH	anchored
0x1ca63b	?AddView@CDocument@@QAEXPAVCView@@@Z	NAFXCW	HIGH	anchored
0x1ca65b	?RemoveView@CDocument@@QAEXPAVCView@@@Z	NAFXCW	HIGH	anchored
0x1ca68e	?GetNextView@CDocument@@UBEPAVCView@@AAPAU__POSITION@@@Z	NAFXCW	AMBIG	anchored
0x1ca6a2	?UpdateAllViews@CDocument@@QAEXPAVCView@@JPAVCObject@@@Z	NAFXCW	HIGH	anchored
0x1ca6e3	?SendInitialUpdate@CDocument@@QAEXXZ	NAFXCW	HIGH	anchored
0x1ca714	?OnCmdMsg@CDocument@@UAEHIHPAXPAUAFX_CMDHANDLERINFO@@@Z	NAFXCW	HIGH	anchored
0x1ccad8	?HideApplication@CWinApp@@QAEXXZ	NAFXCW	HIGH	anchored
0x1ccb0a	?DoWaitCursor@CWinApp@@UAEXH@Z	NAFXCW	HIGH	anchored
0x1ccb69	?EnableModeless@CWinApp@@QAEXH@Z	NAFXCW	HIGH	anchored
0x1ccb97	?DoMessageBox@CWinApp@@UAEHPBDII@Z	NAFXCW	HIGH	anchored
0x1ccc51	?AfxMessageBox@@YGHPBDII@Z	NAFXCW	HIGH	anchored
0x1ccc72	?AfxMessageBox@@YGHIII@Z	NAFXCW	HIGH	anchored
0x1cccd8	?MessageBoxA@CWnd@@QAEHPBD0I@Z	NAFXCW	HIGH	offstart-ghidra-missed
0x1ccd24	?AddToRecentFileList@CWinApp@@UAEXPBD@Z	NAFXCW	HIGH	anchored
0x1ccd5f	?OpenDocumentFile@CWinApp@@UAEPAVCDocument@@PBD@Z	NAFXCW	HIGH	anchored
0x1ccd71	?CloseAllDocuments@CWinApp@@QAEXH@Z	NAFXCW	HIGH	anchored
0x1ccd87	?OnUpdateRecentFileMenu@CWinApp@@IAEXPAVCCmdUI@@@Z	NAFXCW	HIGH	anchored
0x1ccda9	?OnDDECommand@CWinApp@@UAEHPAD@Z	NAFXCW	HIGH	anchored
0x1ccdc3	?OnOpenRecentFile@CWinApp@@IAEHI@Z	NAFXCW	HIGH	anchored
0x1ccdfc	?WriteProfileInt@CWinApp@@QAEHPBD0H@Z	NAFXCW	HIGH	anchored
0x1cce71	?WriteProfileStringA@CWinApp@@QAEHPBD00@Z	NAFXCW	HIGH	anchored
0x1ccf11	?WriteProfileBinary@CWinApp@@QAEHPBD0PAEI@Z	NAFXCW	HIGH	anchored
0x1ccfb2	?AfxFormatStrings@@YGXAAVCString@@IPBQBDH@Z	NAFXCW	HIGH	anchored
0x1ccfec	?AfxFormatStrings@@YGXAAVCString@@PBDPBQBDH@Z	NAFXCW	HIGH	anchored
0x1cd0eb	?AfxFormatString1@@YGXAAVCString@@IPBD@Z	NAFXCW	HIGH	anchored
0x1cd102	?AfxFormatString2@@YGXAAVCString@@IPBD1@Z	NAFXCW	HIGH	anchored
0x1cd143	?DoPromptFileName@CWinApp@@QAEHAAVCString@@IKHPAVCDocTemplate@@@Z	NAFXCW	HIGH	anchored
0x1cd164	??0CMemFile@@QAE@I@Z	NAFXCW	HIGH	anchored
0x1cd194	??_GCWinApp@@UAEPAXI@Z	NAFXCW	AMBIG	anchored
0x1cd1b0	??0CMemFile@@QAE@PAEII@Z	NAFXCW	HIGH	anchored
0x1cd1ec	?Attach@CMemFile@@QAEXPAEII@Z	NAFXCW	HIGH	anchored
0x1cd229	??1CMemFile@@UAE@XZ	NAFXCW	HIGH	anchored
0x1cd275	??3CObject@@SGXPAX@Z	NAFXCW	LOW	anchored
0x1cd282	?Realloc@CMemFile@@MAEPAEPAEK@Z	NAFXCW	HIGH	anchored
0x1cd294	?Memcpy@CMemFile@@MAEPAEPAEPBEI@Z	NAFXCW	HIGH	anchored
0x1cd2b9	??3CObject@@SGXPAX@Z	NAFXCW	LOW	anchored
0x1cd2ca	?GrowFile@CMemFile@@MAEXK@Z	NAFXCW	HIGH	anchored
0x1cd323	?SetLength@CMemFile@@UAEXK@Z	NAFXCW	HIGH	anchored
0x1cd346	?Read@CMemFile@@UAEIPAXI@Z	NAFXCW	HIGH	anchored
0x1cd387	?Write@CMemFile@@UAEXPBXI@Z	NAFXCW	HIGH	anchored
0x1cd3c9	?Seek@CMemFile@@UAEJJI@Z	NAFXCW	HIGH	anchored
0x1cd410	?Close@CMemFile@@UAEXXZ	NAFXCW	HIGH	anchored
0x1cd457	?GetBufferPtr@CMemFile@@UAEIIIPAPAX0@Z	NAFXCW	HIGH	anchored
0x1ce78a	?Create@CStatic@@QAEHPBDKABUtagRECT@@PAVCWnd@@I@Z	NAFXCW	AMBIG	anchored
0x1ce7ac	??1CDialogBar@@UAE@XZ	NAFXCW	AMBIG	anchored
0x1ce7e4	?Create@CStatic@@QAEHPBDKABUtagRECT@@PAVCWnd@@I@Z	NAFXCW	AMBIG	anchored
0x1ce806	??1CDialogBar@@UAE@XZ	NAFXCW	AMBIG	anchored
0x1ce83e	?GetCheckedRadioButton@CWnd@@QAEHHH@Z	NAFXCW	HIGH	anchored
0x1ce869	?OnChildNotify@CButton@@MAEHIIJPAJ@Z	NAFXCW	AMBIG	anchored
0x1ce897	?Create@CListBox@@QAEHKABUtagRECT@@PAVCWnd@@I@Z	NAFXCW	AMBIG	offstart-ghidra-missed
0x1ce8b8	??1CDialogBar@@UAE@XZ	NAFXCW	AMBIG	anchored
0x1ce90e	?OnChildNotify@CListBox@@MAEHIIJPAJ@Z	NAFXCW	HIGH	anchored
0x1ce9a7	?GetText@CListBox@@QBEXHAAVCString@@@Z	NAFXCW	HIGH	anchored
0x1ce9ea	?ItemFromPoint@CListBox@@QBEIVCPoint@@AAH@Z	NAFXCW	HIGH	offstart-ghidra-missed
0x1cea22	?Create@CListBox@@QAEHKABUtagRECT@@PAVCWnd@@I@Z	NAFXCW	AMBIG	offstart-ghidra-missed
0x1cea43	??1CDialogBar@@UAE@XZ	NAFXCW	AMBIG	anchored
0x1cea89	?OnChildNotify@CComboBox@@MAEHIIJPAJ@Z	NAFXCW	HIGH	anchored
0x1ceaf0	?GetLBText@CComboBox@@QBEXHAAVCString@@@Z	NAFXCW	HIGH	anchored
0x1ceb33	?Create@CListBox@@QAEHKABUtagRECT@@PAVCWnd@@I@Z	NAFXCW	AMBIG	offstart-ghidra-missed
0x1ceb54	??1CDialogBar@@UAE@XZ	NAFXCW	AMBIG	anchored
0x1ceb8c	?Create@CListBox@@QAEHKABUtagRECT@@PAVCWnd@@I@Z	NAFXCW	AMBIG	offstart-ghidra-missed
0x1cebad	??1CDialogBar@@UAE@XZ	NAFXCW	AMBIG	anchored
0x1cebe5	?AfxOleOnReleaseAllObjects@@YGXXZ	NAFXCW	HIGH	offstart-ghidra-missed
0x1cec2c	?AfxOleCanExitApp@@YGHXZ	NAFXCW	HIGH	anchored
0x1cec65	?AfxOleSetUserCtrl@@YGXH@Z	NAFXCW	MEDIUM	anchored
0x1cec74	?AfxOleGetUserCtrl@@YGHXZ	NAFXCW	HIGH	derecon-waveO
0x1cec88	ComAtexit_5cec94	MSVC-THUNK	HIGH	asm-carveout
0x1cec9f	?DPtoHIMETRIC@CDC@@QBEXPAUtagSIZE@@@Z	NAFXCW	HIGH	anchored
0x1ced31	?HIMETRICtoDP@CDC@@QBEXPAUtagSIZE@@@Z	NAFXCW	HIGH	anchored
0x1cedc3	?LPtoHIMETRIC@CDC@@QBEXPAUtagSIZE@@@Z	NAFXCW	AMBIG	anchored
0x1cedde	?LPtoHIMETRIC@CDC@@QBEXPAUtagSIZE@@@Z	NAFXCW	AMBIG	anchored
0x1cedf9	?GetHalftoneBrush@CDC@@SGPAVCBrush@@XZ	NAFXCW	HIGH	anchored
0x1cee6c	?DrawDragRect@CDC@@QAEXPBUtagRECT@@UtagSIZE@@01PAVCBrush@@2@Z	NAFXCW	HIGH	anchored
0x1cf181	?FillSolidRect@CDC@@QAEXPBUtagRECT@@K@Z	NAFXCW	HIGH	anchored
0x1cf1ab	?FillSolidRect@CDC@@QAEXHHHHK@Z	NAFXCW	HIGH	anchored
0x1cf1f7	?Draw3dRect@CDC@@QAEXPBUtagRECT@@KK@Z	NAFXCW	HIGH	offstart-ghidra-missed
0x1cf222	?Draw3dRect@CDC@@QAEXHHHHKK@Z	NAFXCW	HIGH	anchored
0x1cf28c	?CreatePointFont@CFont@@QAEHHPBDPAVCDC@@@Z	NAFXCW	HIGH	anchored
0x1cf2d1	?CreatePointFontIndirect@CFont@@QAEHPBUtagLOGFONTA@@PAVCDC@@@Z	NAFXCW	HIGH	anchored
0x1cf36f	?NormalizeRect@CRect@@QAEXXZ	NAFXCW	HIGH	offstart-ghidra-missed
0x1cf38e	?InflateRect@CRect@@QAEXPBUtagRECT@@@Z	NAFXCW	HIGH	offstart-ghidra-missed
0x1cf3ab	?InflateRect@CRect@@QAEXHHHH@Z	NAFXCW	HIGH	offstart-ghidra-missed
0x1cf3c9	?DeflateRect@CRect@@QAEXPBUtagRECT@@@Z	NAFXCW	HIGH	offstart-ghidra-missed
0x1cf3e6	?DeflateRect@CRect@@QAEXHHHH@Z	NAFXCW	HIGH	offstart-ghidra-missed
0x1cf404	?MulDiv@CRect@@QBE?AV1@HH@Z	NAFXCW	HIGH	anchored
0x1cf468	_$E350	NAFXCW	AMBIG	anchored
0x1cf48b	_$E353	NAFXCW	HIGH	anchored
0x1cf4e6	??0CFrameWnd@@QAE@XZ	NAFXCW	HIGH	anchored
0x1cf5ac	??_GCWinApp@@UAEPAXI@Z	NAFXCW	AMBIG	anchored
0x1cf5c8	??1CFrameWnd@@UAE@XZ	NAFXCW	HIGH	anchored
0x1cf62f	?AddFrameWnd@CFrameWnd@@IAEXXZ	NAFXCW	AMBIG	anchored
0x1cf653	?AddFrameWnd@CFrameWnd@@IAEXXZ	NAFXCW	AMBIG	anchored
0x1cf677	?LoadAccelTable@CFrameWnd@@QAEHPBD@Z	NAFXCW	HIGH	anchored
0x1cf69d	?GetDefaultAccelerator@CFrameWnd@@UAEPAUHACCEL__@@XZ	NAFXCW	HIGH	anchored
0x1cf6c1	?PreTranslateMessage@CFrameWnd@@UAEHPAUtagMSG@@@Z	NAFXCW	HIGH	anchored
0x1cf738	?PostNcDestroy@CFindReplaceDialog@@MAEXXZ	NAFXCW	LOW	anchored
0x1cf744	?OnPaletteChanged@CFrameWnd@@IAEXPAVCWnd@@@Z	NAFXCW	HIGH	anchored
0x1cf760	?OnQueryNewPalette@CFrameWnd@@IAEHXZ	NAFXCW	HIGH	anchored
0x1cf781	?ExitHelpMode@CFrameWnd@@UAEXXZ	NAFXCW	HIGH	anchored
0x1cf7ec	?OnSetCursor@CFrameWnd@@IAEHPAVCWnd@@II@Z	NAFXCW	HIGH	anchored
0x1cf816	?OnCommandHelp@CFrameWnd@@IAEJIJ@Z	NAFXCW	HIGH	anchored
0x1cf86a	?OnHelpHitTest@CFrameWnd@@IAEJIJ@Z	NAFXCW	HIGH	anchored
0x1cf880	?OnCommand@CFrameWnd@@MAEHIJ@Z	NAFXCW	HIGH	anchored
0x1cf8f7	?AfxIsDescendant@@YGHPAUHWND__@@0@Z	NAFXCW	HIGH	anchored
0x1cf917	?BeginModalState@CFrameWnd@@UAEXXZ	NAFXCW	HIGH	anchored
0x1cfa44	?EndModalState@CFrameWnd@@UAEXXZ	NAFXCW	HIGH	anchored
0x1cfab3	?ShowOwnedWindows@CFrameWnd@@QAEXH@Z	NAFXCW	HIGH	anchored
0x1cfb55	?OnEnable@CFrameWnd@@IAEXH@Z	NAFXCW	HIGH	anchored
0x1cfc13	?NotifyFloatingWindows@CFrameWnd@@QAEXK@Z	NAFXCW	HIGH	anchored
0x1cfcbd	?PreCreateWindow@CFrameWnd@@MAEHAAUtagCREATESTRUCTA@@@Z	NAFXCW	HIGH	anchored
0x1cfd15	?Create@CFrameWnd@@QAEHPBD0KABUtagRECT@@PAVCWnd@@0KPAUCCreateContext@@@Z	NAFXCW	HIGH	anchored
0x1cfdad	?CreateView@CFrameWnd@@QAEPAVCWnd@@PAUCCreateContext@@I@Z	NAFXCW	HIGH	anchored
0x1cfe25	?OnCreateClient@CFrameWnd@@MAEHPAUtagCREATESTRUCTA@@PAUCCreateContext@@@Z	NAFXCW	HIGH	anchored
0x1cfe47	?OnCreate@CFrameWnd@@IAEHPAUtagCREATESTRUCTA@@@Z	NAFXCW	MEDIUM	anchored
0x1cfe56	?OnCreateHelper@CFrameWnd@@IAEHPAUtagCREATESTRUCTA@@PAUCCreateContext@@@Z	NAFXCW	HIGH	anchored
0x1cfea5	?GetIconWndClass@CFrameWnd@@IAEPBDKI@Z	NAFXCW	HIGH	anchored
0x1cff28	?LoadFrame@CFrameWnd@@UAEHIKPAVCWnd@@PAUCCreateContext@@@Z	NAFXCW	HIGH	anchored
0x1d0013	?OnUpdateFrameMenu@CFrameWnd@@UAEXPAUHMENU__@@@Z	NAFXCW	HIGH	anchored
0x1d004d	?InitialUpdateFrame@CFrameWnd@@QAEXPAVCDocument@@H@Z	NAFXCW	HIGH	anchored
0x1d010f	?OnClose@CFrameWnd@@IAEXXZ	NAFXCW	HIGH	anchored
0x1d020d	?OnDestroy@CFrameWnd@@IAEXXZ	NAFXCW	HIGH	anchored
0x1d025c	?RemoveControlBar@CFrameWnd@@QAEXPAVCControlBar@@@Z	NAFXCW	HIGH	offstart-ghidra-missed
0x1d027d	?OnCmdMsg@CFrameWnd@@UAEHIHPAXPAUAFX_CMDHANDLERINFO@@@Z	NAFXCW	HIGH	anchored
0x1d02e9	?OnHScroll@CFrameWnd@@IAEXIIPAVCScrollBar@@@Z	NAFXCW	HIGH	anchored
0x1d0312	?OnVScroll@CFrameWnd@@IAEXIIPAVCScrollBar@@@Z	NAFXCW	HIGH	anchored
0x1d033b	?OnActivateTopLevel@CFrameWnd@@IAEJIJ@Z	NAFXCW	HIGH	anchored
0x1d03b7	?OnActivate@CFrameWnd@@IAEXIPAVCWnd@@H@Z	NAFXCW	HIGH	anchored
0x1d048b	?OnNcActivate@CFrameWnd@@IAEHH@Z	NAFXCW	HIGH	anchored
0x1d04c2	?OnSysCommand@CFrameWnd@@IAEXIJ@Z	NAFXCW	HIGH	anchored
0x1d0559	?OnDropFiles@CFrameWnd@@IAEXPAUHDROP__@@@Z	NAFXCW	HIGH	anchored
0x1d05ce	?OnQueryEndSession@CFrameWnd@@IAEHXZ	NAFXCW	HIGH	anchored
0x1d05ef	?OnEndSession@CFrameWnd@@IAEXH@Z	NAFXCW	HIGH	anchored
0x1d0623	?OnDDEInitiate@CFrameWnd@@IAEJIJ@Z	NAFXCW	HIGH	anchored
0x1d06de	?OnDDEExecute@CFrameWnd@@IAEJIJ@Z	NAFXCW	HIGH	anchored
0x1d0779	?OnDDETerminate@CFrameWnd@@IAEJIJ@Z	NAFXCW	HIGH	anchored
0x1d0794	?GetActiveView@CFrameWnd@@QBEPAVCView@@XZ	NAFXCW	HIGH	derecon-waveO
0x1d079b	?SetActiveView@CFrameWnd@@QAEXPAVCView@@H@Z	NAFXCW	HIGH	anchored
0x1d07f5	?OnSetFocus@CFrameWnd@@IAEXPAVCWnd@@@Z	NAFXCW	HIGH	anchored
0x1d0810	?GetActiveDocument@CFrameWnd@@UAEPAVCDocument@@XZ	NAFXCW	HIGH	anchored
0x1d0820	?ShowControlBar@CFrameWnd@@QAEXPAVCControlBar@@HH@Z	NAFXCW	HIGH	anchored
0x1d091b	?OnInitMenuPopup@CFrameWnd@@IAEXPAVCMenu@@IH@Z	NAFXCW	HIGH	anchored
0x1d0a80	?OnMenuSelect@CFrameWnd@@IAEXIIPAUHMENU__@@@Z	NAFXCW	HIGH	anchored
0x1d0b6f	?GetMessageString@CFrameWnd@@UBEXIAAVCString@@@Z	NAFXCW	HIGH	anchored
0x1d0bb3	?OnPopMessageString@CFrameWnd@@IAEJIJ@Z	NAFXCW	HIGH	anchored
0x1d0bd6	?OnSetMessageString@CFrameWnd@@IAEJIJ@Z	NAFXCW	HIGH	anchored
0x1d0c9f	?GetMessageBar@CFrameWnd@@UAEPAVCWnd@@XZ	NAFXCW	HIGH	anchored
0x1d0caf	?OnEnterIdle@CFrameWnd@@IAEXIPAVCWnd@@@Z	NAFXCW	HIGH	anchored
0x1d0cf7	?SetMessageText@CFrameWnd@@QAEXI@Z	NAFXCW	HIGH	anchored
0x1d0d0e	?DestroyDockBars@CFrameWnd@@QAEXXZ	NAFXCW	HIGH	anchored
0x1d0d97	?GetControlBar@CFrameWnd@@QAEPAVCControlBar@@I@Z	NAFXCW	HIGH	offstart-ghidra-missed
0x1d0dcb	?OnUpdateControlBarMenu@CFrameWnd@@QAEXPAVCCmdUI@@@Z	NAFXCW	HIGH	anchored
0x1d0e00	?OnBarCheck@CFrameWnd@@QAEHI@Z	NAFXCW	HIGH	anchored
0x1d0e39	?OnToolTipText@CFrameWnd@@IAEHIPAUtagNMHDR@@PAJ@Z	NAFXCW	HIGH	anchored
0x1d0f1a	?OnUpdateKeyIndicator@CFrameWnd@@IAEXPAVCCmdUI@@@Z	NAFXCW	HIGH	anchored
0x1d0f7b	?OnUpdateContextHelp@CFrameWnd@@IAEXPAVCCmdUI@@@Z	NAFXCW	HIGH	anchored
0x1d0faa	?OnUpdateFrameTitle@CFrameWnd@@UAEXH@Z	NAFXCW	HIGH	anchored
0x1d0fee	?UpdateFrameTitleForDocument@CFrameWnd@@IAEXPBD@Z	NAFXCW	HIGH	anchored
0x1d10eb	?OnSetPreviewMode@CFrameWnd@@UAEXHPAUCPrintPreviewState@@@Z	NAFXCW	HIGH	anchored
0x1d1306	?DelayUpdateFrameMenu@CFrameWnd@@UAEXPAUHMENU__@@@Z	NAFXCW	HIGH	anchored
0x1d131a	?OnIdleUpdateCmdUI@CFrameWnd@@IAEXXZ	NAFXCW	HIGH	anchored
0x1d138c	?RecalcLayout@CFrameWnd@@UAEXH@Z	NAFXCW	HIGH	anchored
0x1d1479	?NegotiateBorderSpace@CFrameWnd@@UAEHIPAUtagRECT@@@Z	NAFXCW	HIGH	anchored
0x1d14f3	?OnSize@CFrameWnd@@IAEXIHH@Z	NAFXCW	HIGH	anchored
0x1d1512	?OnEraseBkgnd@CFrameWnd@@IAEHPAVCDC@@@Z	NAFXCW	HIGH	anchored
0x1d1528	?OnRegisteredMouseWheel@CFrameWnd@@IAEJIJ@Z	NAFXCW	HIGH	anchored
0x1d15d0	?ActivateFrame@CFrameWnd@@UAEXH@Z	NAFXCW	HIGH	anchored
0x1d1620	?BringToTop@CFrameWnd@@IAEXH@Z	NAFXCW	HIGH	anchored
0x1d164f	?GetDockingFrame@CControlBar@@QBEPAVCFrameWnd@@XZ	NAFXCW	HIGH	anchored
0x1d1660	?IsFloating@CControlBar@@QBEHXZ	NAFXCW	HIGH	anchored
0x1d324a	?CreateObject@CMapStringToOb@@SGPAVCObject@@XZ	NAFXCW	CRUNTIME	runtime-factory
0x1d327e	?GetRuntimeClass@CMapStringToOb@@UBEPAUCRuntimeClass@@XZ	NAFXCW	HIGH	archive-coff
0x1d3284	mfc_runtime_class_init_thunk_CMapStringToOb	NAFXCW	HIGH	archive-coff
0x1d3289	mfc_runtime_class_init_CMapStringToOb	NAFXCW	HIGH	archive-coff
0x1d3299	??5@YGAAVCArchive@@AAV0@AAPAVCMapStringToOb@@@Z	NAFXCW	HIGH	archive-coff
0x1d32c0	?GetRuntimeClass@CDialog@@UBEPAUCRuntimeClass@@XZ	NAFXCW	HIGH	vtable-slot-oracle
0x1d32c6	?CreateObject@CWnd@@SGPAVCObject@@XZ	NAFXCW	HIGH	anchored
0x1d32fe	?CreateObject@?$CThreadLocal@V_AFX_THREAD_STATE@@@@SGPAVCNoTrackObject@@XZ	NAFXCW	HIGH	anchored
0x1d3332	?CreateObject@?$CProcessLocal@V_AFX_WIN_STATE@@@@SGPAVCNoTrackObject@@XZ	NAFXCW	AMBIG	anchored
0x1d3363	?CreateObject@?$CProcessLocal@V_AFX_CTL3D_STATE@@@@SGPAVCNoTrackObject@@XZ	NAFXCW	HIGH	anchored
0x1d3378	??_G_AFX_CTL3D_STATE@@UAEPAXI@Z	NAFXCW	HIGH	vtable-slot
0x1d3393	?_AfxLoadDotBitmap@@YGXXZ	NAFXCW	HIGH	anchored
0x1d3487	_$E350	NAFXCW	AMBIG	anchored
0x1d3499	Unmatched_1d3499	MSVC-EH	HIGH	asm-carveout
0x1d34bf	_$E355	NAFXCW	AMBIG	anchored
0x1d34d1	ComAtexit_5d34dd	MSVC-THUNK	HIGH	asm-carveout
0x1d34e7	?CreateObject@CDC@@SGPAVCObject@@XZ	NAFXCW	HIGH	anchored
0x1d3531	?CreateObject@CGdiObject@@SGPAVCObject@@XZ	NAFXCW	AMBIG	anchored
0x1d354b	?GetRuntimeClass@CGdiObject@@UBEPAUCRuntimeClass@@XZ	NAFXCW	HIGH	vtable-slot-oracle
0x1d3557	?GetRuntimeClass@CBrush@@UBEPAUCRuntimeClass@@XZ	NAFXCW	HIGH	vtable-slot-oracle
0x1d356f	?GetRuntimeClass@CRgn@@UBEPAUCRuntimeClass@@XZ	NAFXCW	HIGH	vtable-slot-oracle
0x1d3599	??0_AFX_THREAD_STATE@@QAE@XZ	NAFXCW	HIGH	anchored
0x1d35b0	??_G_AFX_THREAD_STATE@@UAEPAXI@Z	NAFXCW	AMBIG	anchored
0x1d35cb	??1_AFX_THREAD_STATE@@UAE@XZ	NAFXCW	HIGH	anchored
0x1d3645	Thunk_1d3645	MSVC-THUNK	HIGH	asm-carveout
0x1d367b	??0AFX_MODULE_STATE@@QAE@H@Z	NAFXCW	HIGH	anchored
0x1d36df	??_G_AFX_THREAD_STATE@@UAEPAXI@Z	NAFXCW	AMBIG	anchored
0x1d36fa	??1AFX_MODULE_STATE@@UAE@XZ	NAFXCW	HIGH	anchored
0x1d37a8	CThreadLocalObject_dtor	NAFXCW	MED	carve-tiny-crt
0x1d37ad	??0AFX_MODULE_THREAD_STATE@@QAE@XZ	NAFXCW	HIGH	anchored
0x1d3818	??_G_AFX_THREAD_STATE@@UAEPAXI@Z	NAFXCW	AMBIG	anchored
0x1d3833	??1AFX_MODULE_THREAD_STATE@@UAE@XZ	NAFXCW	HIGH	anchored
0x1d3946	?AfxGetModuleState@@YGPAVAFX_MODULE_STATE@@XZ	NAFXCW	HIGH	anchored
0x1d396c	?AfxGetModuleThreadState@@YGPAVAFX_MODULE_THREAD_STATE@@XZ	NAFXCW	HIGH	anchored
0x1d3983	?Unlock@CTypeLibCache@@QAEXXZ	NAFXCW	HIGH	anchored
0x1d39b8	?CreateObject@?$CThreadLocal@VAFX_MODULE_THREAD_STATE@@@@SGPAVCNoTrackObject@@XZ	NAFXCW	HIGH	anchored
0x1d39ec	?CreateObject@?$CProcessLocal@V_AFX_BASE_MODULE_STATE@@@@SGPAVCNoTrackObject@@XZ	NAFXCW	HIGH	anchored
0x1d3a2e	??_G_AFX_THREAD_STATE@@UAEPAXI@Z	NAFXCW	AMBIG	anchored
0x1d3a49	AFX_MODULE_STATE_dtor	NAFXCW	MED	carve-tiny-crt
0x1d3a4e	?CreateObject@CDWordArray@@SGPAVCObject@@XZ	NAFXCW	CRUNTIME	runtime-factory
0x1d3a80	?GetRuntimeClass@CDWordArray@@UBEPAUCRuntimeClass@@XZ	NAFXCW	HIGH	archive-coff
0x1d3a86	mfc_runtime_class_init_thunk_CDWordArray	NAFXCW	HIGH	archive-coff
0x1d3a8b	mfc_runtime_class_init_CDWordArray	NAFXCW	HIGH	archive-coff
0x1d3a9b	??5@YGAAVCArchive@@AAV0@AAPAVCDWordArray@@@Z	NAFXCW	HIGH	archive-coff
0x1d3b04	?CreateObject@CImageList@@SGPAVCObject@@XZ	NAFXCW	HIGH	anchored
0x1d3b4e	?CreateObject@CByteArray@@SGPAVCObject@@XZ	NAFXCW	AMBIG	anchored
0x1d3b80	?GetRuntimeClass@CByteArray@@UBEPAUCRuntimeClass@@XZ	NAFXCW	HIGH	archive-coff
0x1d3b86	mfc_runtime_class_init_thunk_CByteArray	NAFXCW	HIGH	archive-coff
0x1d3b8b	mfc_runtime_class_init_CByteArray	NAFXCW	HIGH	archive-coff
0x1d3b9b	??5@YGAAVCArchive@@AAV0@AAPAVCByteArray@@@Z	NAFXCW	HIGH	archive-coff
0x1d3bb6	mfc_afx_win_state_ctor_1d3bb6	NAFXCW	MED	manual-stub-reclass
0x1d3bbf	??_G_AFX_THREAD_STATE@@UAEPAXI@Z	NAFXCW	AMBIG	anchored
0x1d3bda	??0CWinApp@@QAE@PBD@Z	NAFXCW	HIGH	anchored
0x1d3cc4	??_GCWinApp@@UAEPAXI@Z	NAFXCW	AMBIG	anchored
0x1d3ce0	?InitApplication@CWinApp@@UAEHXZ	NAFXCW	HIGH	anchored
0x1d3d24	?LoadStdProfileSettings@CWinApp@@IAEXI@Z	NAFXCW	HIGH	offstart-ghidra-missed
0x1d3da0	?ParseCommandLine@CWinApp@@QAEXAAVCCommandLineInfo@@@Z	NAFXCW	HIGH	offstart-ghidra-missed
0x1d3df3	??0CCommandLineInfo@@QAE@XZ	NAFXCW	HIGH	anchored
0x1d3e62	??_GCWinApp@@UAEPAXI@Z	NAFXCW	AMBIG	anchored
0x1d3e7e	??1CCommandLineInfo@@UAE@XZ	NAFXCW	HIGH	anchored
0x1d3edb	?ParseParam@CCommandLineInfo@@UAEXPBDHH@Z	NAFXCW	HIGH	anchored
0x1d3f04	?ParseParamFlag@CCommandLineInfo@@IAEXPBD@Z	NAFXCW	HIGH	anchored
0x1d3fc2	?ParseParamNotFlag@CCommandLineInfo@@IAEXPBD@Z	NAFXCW	HIGH	anchored
0x1d4012	?ParseLast@CCommandLineInfo@@IAEXH@Z	NAFXCW	HIGH	anchored
0x1d4041	??1CWinApp@@UAE@XZ	NAFXCW	HIGH	anchored
0x1d4176	?SaveStdProfileSettings@CWinApp@@IAEXXZ	NAFXCW	HIGH	anchored
0x1d41b2	?ExitInstance@CWinApp@@UAEHXZ	NAFXCW	HIGH	anchored
0x1d41f9	Funclet_1d41f9	MSVC-EH	HIGH	asm-carveout
0x1d4214	?AfxWinInit@@YGHPAUHINSTANCE__@@0PADH@Z	NAFXCW	HIGH	anchored
0x1d4277	?SetCurrentHandles@CWinApp@@QAEXXZ	NAFXCW	HIGH	anchored
0x1d4394	?AfxGetFileName@@YGIPBDPADI@Z	NAFXCW	HIGH	anchored
0x1d43ea	?CreateObject@CObArray@@SGPAVCObject@@XZ	NAFXCW	CRUNTIME	runtime-factory
0x1d441c	?GetRuntimeClass@CObArray@@UBEPAUCRuntimeClass@@XZ	NAFXCW	HIGH	archive-coff
0x1d4422	mfc_runtime_class_init_thunk_CObArray	NAFXCW	HIGH	archive-coff
0x1d4427	mfc_runtime_class_init_CObArray	NAFXCW	HIGH	archive-coff
0x1d4437	??5@YGAAVCArchive@@AAV0@AAPAVCObArray@@@Z	NAFXCW	HIGH	archive-coff
0x1d4452	?CreateObject@CObList@@SGPAVCObject@@XZ	NAFXCW	AMBIG	anchored
0x1d4486	?GetRuntimeClass@CObList@@UBEPAUCRuntimeClass@@XZ	NAFXCW	HIGH	archive-coff
0x1d448c	mfc_runtime_class_init_thunk_CObList	NAFXCW	HIGH	archive-coff
0x1d4491	mfc_runtime_class_init_CObList	NAFXCW	HIGH	archive-coff
0x1d44a1	??5@YGAAVCArchive@@AAV0@AAPAVCObList@@@Z	NAFXCW	HIGH	archive-coff
0x1d44bc	?CreateObject@CStringList@@SGPAVCObject@@XZ	NAFXCW	CRUNTIME	runtime-factory
0x1d44f0	?GetRuntimeClass@CStringList@@UBEPAUCRuntimeClass@@XZ	NAFXCW	HIGH	archive-coff
0x1d44f6	mfc_runtime_class_init_thunk_CStringList	NAFXCW	HIGH	archive-coff
0x1d44fb	mfc_runtime_class_init_CStringList	NAFXCW	HIGH	archive-coff
0x1d450b	??5@YGAAVCArchive@@AAV0@AAPAVCStringList@@@Z	NAFXCW	HIGH	archive-coff
0x1d453c	_$E350	NAFXCW	AMBIG	anchored
0x1d454e	ComAtexit_5d455a	MSVC-THUNK	HIGH	asm-carveout
0x1d4574	_$E355	NAFXCW	AMBIG	anchored
0x1d4586	Unmatched_1d4586	MSVC-EH	HIGH	asm-carveout
0x1d459c	??0CWinThread@@QAE@P6AIPAX@Z0@Z	NAFXCW	HIGH	offstart-ghidra-missed
0x1d45e0	??_GCWinApp@@UAEPAXI@Z	NAFXCW	AMBIG	anchored
0x1d45fc	??0CWinThread@@QAE@XZ	NAFXCW	HIGH	anchored
0x1d4639	?CommonConstruct@CWinThread@@QAEXXZ	NAFXCW	HIGH	anchored
0x1d4671	?CreateObject@?$CProcessLocal@VCOccManager@@@@SGPAVCNoTrackObject@@XZ	NAFXCW	AMBIG	anchored
0x1d4686	??_G_AFX_THREAD_STATE@@UAEPAXI@Z	NAFXCW	AMBIG	anchored
0x1d46a1	?AddHead@CSimpleList@@QAEXPAX@Z	NAFXCW	HIGH	anchored
0x1d46b4	?Remove@CSimpleList@@QAEHPAX@Z	NAFXCW	HIGH	anchored
0x1d46ff	??2CNoTrackObject@@SGPAXI@Z	NAFXCW	HIGH	anchored
0x1d471d	??3CNoTrackObject@@SGXPAX@Z	NAFXCW	HIGH	anchored
0x1d4731	??0CThreadSlotData@@QAE@XZ	NAFXCW	HIGH	anchored
0x1d4773	??1CThreadSlotData@@QAE@XZ	NAFXCW	HIGH	anchored
0x1d47ca	?AllocSlot@CThreadSlotData@@QAEHXZ	NAFXCW	HIGH	anchored
0x1d48dc	?FreeSlot@CThreadSlotData@@QAEXH@Z	NAFXCW	HIGH	anchored
0x1d4939	?SetValue@CThreadSlotData@@QAEXHPAX@Z	NAFXCW	HIGH	anchored
0x1d4a1c	??_G_AFX_THREAD_STATE@@UAEPAXI@Z	NAFXCW	AMBIG	anchored
0x1d4a37	??1CNoTrackObject@@UAE@XZ	NAFXCW	MED	derecon-waveO
0x1d4a3e	?AssignInstance@CThreadSlotData@@QAEXPAUHINSTANCE__@@@Z	NAFXCW	HIGH	anchored
0x1d4a7f	?DeleteValues@CThreadSlotData@@QAEXPAUCThreadData@@PAUHINSTANCE__@@@Z	NAFXCW	HIGH	anchored
0x1d4b18	?DeleteValues@CThreadSlotData@@QAEXPAUHINSTANCE__@@H@Z	NAFXCW	HIGH	anchored
0x1d4b71	?GetData@CThreadLocalObject@@QAEPAVCNoTrackObject@@P6GPAV2@XZ@Z	NAFXCW	HIGH	anchored
0x1d4be8	?GetDataNA@CThreadLocalObject@@QAEPAVCNoTrackObject@@XZ	NAFXCW	HIGH	anchored
0x1d4c15	??1CThreadLocalObject@@QAE@XZ	NAFXCW	HIGH	anchored
0x1d4c33	?GetData@CProcessLocalObject@@QAEPAVCNoTrackObject@@P6GPAV2@XZ@Z	NAFXCW	MED	manual-unmatched-library-audit
0x1d4c67	Funclet_1d4c67	MSVC-EH	HIGH	asm-carveout
0x1d4c80	mfc_winapp_eh_funclet_1d4c80	NAFXCW	MED	manual-stub-reclass
0x1d4c9e	??1CProcessLocalObject@@QAE@XZ	NAFXCW	HIGH	anchored
0x1d4cd9	?AfxTermLocalData@@YGXPAUHINSTANCE__@@H@Z	NAFXCW	HIGH	offstart-ghidra-missed
0x1d4cfa	?AfxTlsRelease@@YGXXZ	NAFXCW	HIGH	offstart-ghidra-missed
0x1d4d22	??1_AFX_CTL3D_STATE@@UAE@XZ	NAFXCW	MED	manual-unmatched-library-audit
0x1d4d2d	FreeLibHost_Dtor	GAME-ASM	HIGH	asm-carveout
0x1d4d69	??1_AFX_CTL3D_THREAD@@UAE@XZ	NAFXCW	HIGH	anchored
0x1d4da9	?Enable3dControls@CWinApp@@IAEHXZ	NAFXCW	HIGH	offstart-ghidra-missed
0x1d4ed6	ComAtexit_5d4ee2	MSVC-THUNK	HIGH	asm-carveout
0x1d4efc	Funclet_1d4efc	MSVC-EH	HIGH	asm-carveout
0x1d4f21	_$E_afxData	NAFXCW	MED	derecon-waveO
0x1d4f2b	ComAtexit_5d4f37	MSVC-THUNK	HIGH	asm-carveout
0x1d4f41	?AfxEnableWin40Compatibility@@YGXXZ	NAFXCW	HIGH	anchored
0x1d4f71	?AfxEnableWin31Compatibility@@YGXXZ	NAFXCW	HIGH	anchored
0x1d4f93	??0AUX_DATA@@QAE@XZ	NAFXCW	HIGH	anchored
0x1d502e	?CreateObject@CMenu@@SGPAVCObject@@XZ	NAFXCW	CRUNTIME	runtime-factory
0x1d504e	?AfxCriticalInit@@YGHXZ	NAFXCW	HIGH	anchored
0x1d509c	?AfxCriticalTerm@@YGXXZ	NAFXCW	HIGH	offstart-ghidra-missed
0x1d50ea	?AfxLockGlobals@@YGXH@Z	NAFXCW	HIGH	anchored
0x1d515a	?AfxUnlockGlobals@@YGXH@Z	NAFXCW	HIGH	anchored
0x1d518d	?SetRegistryKey@CWinApp@@IAEXPBD@Z	NAFXCW	HIGH	anchored
0x1d51c5	?SetRegistryKey@CWinApp@@IAEXI@Z	NAFXCW	HIGH	anchored
0x1d51f8	?GetAppRegistryKey@CWinApp@@QAEPAUHKEY__@@XZ	NAFXCW	HIGH	anchored
0x1d528c	?GetSectionKey@CWinApp@@QAEPAUHKEY__@@PBD@Z	NAFXCW	HIGH	anchored
0x1d52d2	?GetProfileIntA@CWinApp@@QAEIPBD0H@Z	NAFXCW	HIGH	anchored
0x1d533e	?GetProfileStringA@CWinApp@@QAE?AVCString@@PBD00@Z	NAFXCW	HIGH	anchored
0x1d5450	?GetProfileBinary@CWinApp@@QAEHPBD0PAPAEPAI@Z	NAFXCW	HIGH	anchored
0x1d556b	?CreateObject@CFrameWnd@@SGPAVCObject@@XZ	NAFXCW	HIGH	anchored
0x1d55ca	?CreateObject@CStringArray@@SGPAVCObject@@XZ	NAFXCW	CRUNTIME	runtime-factory
0x1d55fc	?GetRuntimeClass@CStringArray@@UBEPAUCRuntimeClass@@XZ	NAFXCW	HIGH	archive-coff
0x1d5602	mfc_runtime_class_init_thunk_CStringArray	NAFXCW	HIGH	archive-coff
0x1d5607	mfc_runtime_class_init_CStringArray	NAFXCW	HIGH	archive-coff
0x1d5617	??5@YGAAVCArchive@@AAV0@AAPAVCStringArray@@@Z	NAFXCW	HIGH	archive-coff
0x1d6f2c	??1_AFX_WIN_STATE@@UAE@XZ	NAFXCW	HIGH	anchored
0x1d6f63	?AfxPostQuitMessage@@YGXH@Z	NAFXCW	HIGH	anchored
0x1d6f86	??1CWinThread@@UAE@XZ	NAFXCW	HIGH	anchored
0x1697c0	?sync@strstreambuf@@UAEHXZ	LIBCI	HIGH	archive-byte-match-1.00-plus-member-adjacency
0x1699b0	??_Gistrstream@@UAEPAXI@Z	LIBCI	MED	archive-byte-match-0.88-plus-member-adjacency
0x169f70	??0ios@@QAE@PAVstreambuf@@@Z	LIBCIMT	MED	archive-byte-match-0.97-plus-member-adjacency
0x16a130	?xalloc@ios@@SAHXZ	LIBCIMT	MED	archive-byte-match-0.93-plus-member-adjacency
0x16a180	?bitalloc@ios@@SAJXZ	LIBCIMT	MED	archive-byte-match-0.92-plus-member-adjacency
0x16a260	??_Gifstream@@UAEPAXI@Z	LIBCI	MED	archive-byte-match-0.81-plus-member-adjacency
0x16a920	??_Gofstream@@UAEPAXI@Z	LIBCI	MED	archive-byte-match-0.81-plus-member-adjacency
0x16b3c0	??0streambuf@@IAE@PADH@Z	LIBCIMT	MED	archive-byte-match-0.98-plus-member-adjacency
0x16b940	??4istream@@IAEAAV0@PAVstreambuf@@@Z	LIBCIMT	MED	archive-byte-match-0.92-plus-member-adjacency
0x16c3b0	??4ostream@@IAEAAV0@PAVstreambuf@@@Z	LIBCIMT	MED	archive-byte-match-0.91-plus-member-adjacency
0x1c9241	?PostNcDestroy@CView@@MAEXXZ	NAFXCW	HIGH	archive-byte-match-1.00-plus-member-adjacency
0x1c9b0b	?DoSave@CDocument@@UAEHPBDH@Z	NAFXCW	MED	archive-byte-match-0.82-plus-member-adjacency
0x1ca268	?OnOpenDocument@CDocument@@UAEHPBD@Z	NAFXCW	MED	archive-byte-match-0.86-plus-member-adjacency
0x1cf738	?PostNcDestroy@CFrameWnd@@MAEXXZ	NAFXCW	HIGH	archive-byte-match-1.00-plus-member-adjacency
0x169b70	msc_iostream_dtor_169b70	LIBCIMT	MED	synthetic-name-library-band: ostrstream ctor run; 0.85 archive similarity, name ties 8 ways
0x169d80	msc_iostream_dtor_169d80	LIBCIMT	MED	synthetic-name-library-band: strstream ctor run; 0.88 archive similarity, name ties 8 ways
0x16a5c0	msc_ifstream_member_16a5c0	LIBCIMT	MED	synthetic-name-library-band: between ifstream::setbuf and its siblings; 0.94, ties with the ofstream twin
0x16ac60	msc_ofstream_member_16ac60	LIBCIMT	MED	synthetic-name-library-band: between ofstream::setbuf and its siblings; 0.94, ties with the ifstream twin
0x1c5ae2	mfc_cdc_member_1c5ae2	NAFXCW	MED	synthetic-name-library-band: inside CDC's member run (after SetAttribDC); trivial setter shape
0x1ca439	mfc_cdocument_member_1ca439	NAFXCW	MED	synthetic-name-library-band: inside CDocument's doccore run; 0.85 to OnSaveDocument, ANSI/Unicode twin unresolved
0x1cd275	mfc_cmemfile_thunk_1cd275	NAFXCW	MED	synthetic-name-library-band: inside CMemFile's run; push/call forwarder, ties 136 ways
0x1cd2b9	mfc_cmemfile_thunk_1cd2b9	NAFXCW	MED	synthetic-name-library-band: inside CMemFile's run; push/call forwarder
