source_enum	members	decision	current_enums	member_reuse	reason
include/Bute/ButeLexAction.h:ButeLexAction	LEXACT_ERROR=0;LEXACT_TAKE=1;LEXACT_SKIP=2;LEXACT_ACCEPT_TAKE=3;LEXACT_ACCEPT_SKIP=4;LEXACT_ACCEPT_PUSHBACK=5	retain	include/Bute/ButeLexAction.h:ButeLexAction		All evaluated equal-value and overlapping-domain rows were reviewed; ButeLexAction has distinct producers, consumers, or encoding and does not transport another enum's values.
include/Bute/ButeMgr.h:SymTypes	INT_TYPE=0;DWORD_TYPE=1;DOUBLE_TYPE=2;FLOAT_TYPE=3;STRING_TYPE=4;RECT_TYPE=5;POINT_TYPE=6;VECTOR_TYPE=7;RANGE_TYPE=8	retain	include/Bute/ButeMgr.h:SymTypes		All evaluated equal-value and overlapping-domain rows were reviewed; SymTypes has distinct producers, consumers, or encoding and does not transport another enum's values.
include/Bute/ButeToken.h:ButeToken	BUTETOK_NONE=0;BUTETOK_END=1;BUTETOK_TAG_OPEN=2;BUTETOK_TAG_CLOSE=3;BUTETOK_NAME=4;BUTETOK_ASSIGN=5;BUTETOK_INT=6;BUTETOK_INT_SIGNED=7;BUTETOK_DOUBLE=8;BUTETOK_STRING=9;BUTETOK_RECT=10;BUTETOK_POINT=11;BUTETOK_VECTOR=12;BUTETOK_RANGE=13;BUTETOK_KEYWORD_DWORD=14;BUTETOK_KEYWORD_FLOAT=15;BUTETOK_FLOAT_SUFFIX=16	retain	include/Bute/ButeToken.h:ButeToken		All evaluated equal-value and overlapping-domain rows were reviewed; ButeToken has distinct producers, consumers, or encoding and does not transport another enum's values.
include/Bute/ButeTree.h:VariantSlotKind	VARIANT_SLOT_RECORD_VALUE=1;VARIANT_SLOT_CALLBACK=2;VARIANT_SLOT_DIRECT_VALUE=4	retain	include/Bute/ButeTree.h:VariantSlotKind		All evaluated equal-value and overlapping-domain rows were reviewed; VariantSlotKind has distinct producers, consumers, or encoding and does not transport another enum's values.
include/Bute/PTreeNode.h:PTreeBitLayout	PTREE_BITS_PER_BYTE=8;PTREE_BYTE_BIT_SHIFT=3;PTREE_BYTE_BIT_MASK=7	retain	include/Bute/PTreeNode.h:PTreeBitLayout		All evaluated equal-value and overlapping-domain rows were reviewed; PTreeBitLayout has distinct producers, consumers, or encoding and does not transport another enum's values.
include/Bute/PTreeNode.h:cleanup_behaviour	PASSIVE=0;NONE=1;ACTIVE=2	retain	include/Bute/PTreeNode.h:cleanup_behaviour		All evaluated equal-value and overlapping-domain rows were reviewed; cleanup_behaviour has distinct producers, consumers, or encoding and does not transport another enum's values.
include/Bute/PTreeNode.h:marker_validity	SUSPECT=4	retain	include/Bute/PTreeNode.h:marker_validity		All evaluated equal-value and overlapping-domain rows were reviewed; marker_validity has distinct producers, consumers, or encoding and does not transport another enum's values.
include/Crypto/FecCrypt.h:FecFormatSize	FEC_MAGIC_SIZE=3;FEC_ENTRY_NAME_CAPACITY=256;FEC_RANDOM_BYTE_MODULUS=255;FEC_SCRAMBLE_BASE=696;FEC_SCRAMBLE_RANGE=1024;FEC_COPY_BUFFER_SIZE=32768	retain	include/Crypto/FecCrypt.h:FecFormatSize		All evaluated equal-value and overlapping-domain rows were reviewed; FecFormatSize has distinct producers, consumers, or encoding and does not transport another enum's values.
include/Crypto/FecCrypt.h:FecFormatOffset	FEC_ENTRY_TABLE_OFFSET=15;FEC_FILE_COUNT_OFFSET=11;FEC_FIRST_PAYLOAD_ADJUSTMENT=413;FEC_NEXT_PAYLOAD_ADJUSTMENT=428	retain	include/Crypto/FecCrypt.h:FecFormatOffset		All evaluated equal-value and overlapping-domain rows were reviewed; FecFormatOffset has distinct producers, consumers, or encoding and does not transport another enum's values.
include/DDrawMgr/ClutTable.h:ClutTableLayout	CLUT_CHANNEL_ENTRY_COUNT=32768;CLUT_CHANNEL_COUNT=3;CLUT_ENTRY_COUNT=98304;CLUT_GREEN_OFFSET=0;CLUT_BLUE_OFFSET=32768;CLUT_RED_OFFSET=65536;CLUT_BLEND_LEVEL_COUNT=32;CLUT_BLEND_PERCENT_MAX=100;CLUT_LEVEL_BYTE_SHIFT=11;CLUT_CHANNEL_VALUE_BYTE_SHIFT=6;CLUT_ALPHA_BANK_ENTRY_COUNT=1024;CLUT_ALPHA_LEVEL_SHIFT=3;CLUT_ALPHA_NIBBLE_SHIFT=4;CLUT_ALPHA_INDEX_SHIFT=12	retain	include/DDrawMgr/ClutTable.h:ClutTableLayout		All evaluated equal-value and overlapping-domain rows were reviewed; ClutTableLayout has distinct producers, consumers, or encoding and does not transport another enum's values.
include/DDrawMgr/ColorDepth.h:ColorDepth	BPP_UNSET=0;BPP_MONO_1=1;BPP_PALETTED_2=2;BPP_PALETTED_4=4;BPP_PALETTED_8=8;BPP_RGB_16=16;BPP_RGB_24=24;BPP_RGB_32=32	retain	include/DDrawMgr/ColorDepth.h:ColorDepth		All evaluated equal-value and overlapping-domain rows were reviewed; ColorDepth has distinct producers, consumers, or encoding and does not transport another enum's values.
include/DDrawMgr/DDSurface.h:PidFlags	PID_TRANSPARENCY=1;PID_VIDEO_MEMORY=2;PID_SYSTEM_MEMORY=4;PID_GRAMMAR_SKIPRUN=32;PID_SRC_8BPP_SHADE=64;PID_EMBEDDED_PALETTE=128;PID_FILL_IS_WORD=256;PID_SRC_8BPP=512	retain	include/DDrawMgr/DDSurface.h:PidFlags		All evaluated equal-value and overlapping-domain rows were reviewed; PidFlags has distinct producers, consumers, or encoding and does not transport another enum's values.
include/DDrawMgr/DDSurface.h:FileImageFormat	FMT_BMP=1;FMT_PCX=2;FMT_RID=3;FMT_PID=4	retain	include/DDrawMgr/DDSurface.h:FileImageFormat		All evaluated equal-value and overlapping-domain rows were reviewed; FileImageFormat has distinct producers, consumers, or encoding and does not transport another enum's values.
include/DDrawMgr/DDSurface.h:DDSurfacePoolKind	POOLKIND_PLAIN=0;POOLKIND_MODE=1;POOLKIND_FILEIMAGE=2;POOLKIND_OVERLAY=3;POOLKIND_ZBUFFER=4	retain	include/DDrawMgr/DDSurface.h:DDSurfacePoolKind		All evaluated equal-value and overlapping-domain rows were reviewed; DDSurfacePoolKind has distinct producers, consumers, or encoding and does not transport another enum's values.
include/DDrawMgr/DDrawChildGroupFlags.h:DDrawChildGroupFlags	DDRAW_CHILD_GROUP_FLAG_DEBUG_HIT_RECT=65536;DDRAW_CHILD_GROUP_FLAG_DEBUG_ATTACK_RECT=131072;DDRAW_CHILD_GROUP_FLAG_DEBUG_MOVE_RECT=262144;DDRAW_CHILD_GROUP_FLAG_DEBUG_ORIGIN=1048576;DDRAW_CHILD_GROUP_FLAG_DEBUG_SORT_KEY=2097152;DDRAW_CHILD_GROUP_FLAG_DEBUG_SURFACE_MEMORY=16777216	retain	include/DDrawMgr/DDrawChildGroupFlags.h:DDrawChildGroupFlags		All evaluated equal-value and overlapping-domain rows were reviewed; DDrawChildGroupFlags has distinct producers, consumers, or encoding and does not transport another enum's values.
include/DDrawMgr/DDrawShadeBlit.h:ShadeRleLayout	SHADE_RLE_MAX_RUN=126;SHADE_RLE_TRANSPARENT_FLAG=128	retain	include/DDrawMgr/DDrawShadeBlit.h:ShadeRleLayout		All evaluated equal-value and overlapping-domain rows were reviewed; ShadeRleLayout has distinct producers, consumers, or encoding and does not transport another enum's values.
include/DDrawMgr/DDrawShadeBlit.h:ShadeLightLevel	SHADE_LIGHT_MIDPOINT=128	retain	include/DDrawMgr/DDrawShadeBlit.h:ShadeLightLevel		All evaluated equal-value and overlapping-domain rows were reviewed; ShadeLightLevel has distinct producers, consumers, or encoding and does not transport another enum's values.
include/DDrawMgr/DDrawSubMgrPages.h:DDrawPageKind	DDRAW_PAGE_BACK=1;DDRAW_PAGE_OVERLAY=2	retain	include/DDrawMgr/DDrawSubMgrPages.h:DDrawPageKind		All evaluated equal-value and overlapping-domain rows were reviewed; DDrawPageKind has distinct producers, consumers, or encoding and does not transport another enum's values.
include/DDrawMgr/DDrawSubMgrPages.h:InlineCtorTag	INLINE_CTOR=0	retain	include/DDrawMgr/DDrawSubMgrPages.h:InlineCtorTag		All evaluated equal-value and overlapping-domain rows were reviewed; InlineCtorTag has distinct producers, consumers, or encoding and does not transport another enum's values.
include/DDrawMgr/DDrawSurfaceMgr.h:DDrawSurfaceMgrFlags	SURFACEMGR_SKIP_OVERLAY=1;SURFACEMGR_TRIPLE_BUFFER=2;SURFACEMGR_DISABLE_SOUND=4;SURFACEMGR_REQUIRE_SOUND=8;SURFACEMGR_EMULATION_ONLY=16;SURFACEMGR_DIRECT_OBJECT_MOVEMENT=32;SURFACEMGR_CONSUME_ANIMATION_DRAW_VALUES=64;SURFACEMGR_SOUND_PRIORITY=128;SURFACEMGR_SINGLE_FRAME_WORKERS=256	retain	include/DDrawMgr/DDrawSurfaceMgr.h:DDrawSurfaceMgrFlags		All evaluated equal-value and overlapping-domain rows were reviewed; DDrawSurfaceMgrFlags has distinct producers, consumers, or encoding and does not transport another enum's values.
include/DDrawMgr/DDrawSurfacePair.h:DDrawSurfacePairFlags	SURFACEPAIR_SYSTEM_MEMORY=65536;SURFACEPAIR_SKIP_OVERLAY_WORKER_RENDER=131072	retain	include/DDrawMgr/DDrawSurfacePair.h:DDrawSurfacePairFlags		All evaluated equal-value and overlapping-domain rows were reviewed; DDrawSurfacePairFlags has distinct producers, consumers, or encoding and does not transport another enum's values.
include/DDrawMgr/LogicRecordFlags.h:LogicRecordFlags	LOGIC_RECORD_FLAG_LARGE_ACTIVE_REGION=1;LOGIC_RECORD_FLAG_SMALL_ACTIVE_REGION=2;LOGIC_RECORD_FLAG_KEEP_ACTIVE=4	retain	include/DDrawMgr/LogicRecordFlags.h:LogicRecordFlags		All evaluated equal-value and overlapping-domain rows were reviewed; LogicRecordFlags has distinct producers, consumers, or encoding and does not transport another enum's values.
include/DDrawMgr/PaletteSize.h:PaletteSize	PALETTE_ENTRY_COUNT=256;PALETTE_INDEX_BITS=8;PALETTE_RGB_BYTE_COUNT=768;LOGICAL_PALETTE_VERSION=768	retain	include/DDrawMgr/PaletteSize.h:PaletteSize		All evaluated equal-value and overlapping-domain rows were reviewed; PaletteSize has distinct producers, consumers, or encoding and does not transport another enum's values.
include/DDrawMgr/PixelShift.h:PixelFormat16Constants	PIXEL8_BYTES_PER_PIXEL=1;PIXEL16_BYTES_PER_PIXEL=2;PIXEL24_BYTES_PER_PIXEL=3;PIXEL32_BYTES_PER_PIXEL=4;PIXEL_BITS_PER_BYTE=8;PIXEL_BYTE_MASK=255;PIXEL_NIBBLE_BITS=4;PIXEL_NIBBLE_MASK=15;PIXEL_NIBBLE_VALUE_COUNT=16;PIXEL_NIBBLE_MIDPOINT=8;PIXEL16_VALUE_COUNT=65536;PIXEL16_VALUE_MASK=65535;PIXEL16_RED_DOWN=3;PIXEL16_BLUE_DOWN=3;PIXEL16_GREEN_UP=5;RGB555_GREEN_DOWN=3;RGB555_RED_UP=10;RGB555_CHANNEL_BITS=5;RGB555_CHANNEL_MASK=31;RGB555_RED_TO_4_SHIFT=11;RGB555_GREEN_TO_4_SHIFT=6;RGB565_GREEN_DOWN=2;RGB565_RED_UP=11;RGB565_GREEN_BITS=6;RGB565_GREEN_TO_5_SHIFT=6;RGB565_RED_TO_4_SHIFT=12;RGB565_GREEN_TO_4_SHIFT=7;RGB16_BLUE_TO_4_SHIFT=1	retain	include/DDrawMgr/PixelShift.h:PixelFormat16Constants		All evaluated equal-value and overlapping-domain rows were reviewed; PixelFormat16Constants has distinct producers, consumers, or encoding and does not transport another enum's values.
include/DDrawMgr/RasterRowOrder.h:RasterRowOrder	RASTER_ROWS_TOP_DOWN=1;RASTER_ROWS_BOTTOM_UP=2	retain	include/DDrawMgr/RasterRowOrder.h:RasterRowOrder		All evaluated equal-value and overlapping-domain rows were reviewed; RasterRowOrder has distinct producers, consumers, or encoding and does not transport another enum's values.
include/DDrawMgr/ShadeMode.h:ShadeMode	SHADE_COPY=1;SHADE_DST_BY_SRC=2;SHADE_DST_BY_LEVEL=3;SHADE_SRC_BY_LEVEL=4;SHADE_FILL_LEVEL=5;SHADE_LERP_LEVEL=6;SHADE_DST_BY_SRC_16=7;SHADE_ALPHA_16=8;SHADE_GREY_TABLE=9;SHADE_PAL_16=10;SHADE_PAL_ALPHA_16=11	retain	include/DDrawMgr/ShadeMode.h:ShadeMode		All evaluated equal-value and overlapping-domain rows were reviewed; ShadeMode has distinct producers, consumers, or encoding and does not transport another enum's values.
include/DDrawMgr/ShadeTableCache.h:FlashShadeRampDefaults	FLASH_SHADE_DARK_RAMP_STEPS=32;FLASH_SHADE_BRIGHT_RAMP_STEPS=32;FLASH_SHADE_START_PERCENT=50;FLASH_SHADE_END_PERCENT=200	retain	include/DDrawMgr/ShadeTableCache.h:FlashShadeRampDefaults		All evaluated equal-value and overlapping-domain rows were reviewed; FlashShadeRampDefaults has distinct producers, consumers, or encoding and does not transport another enum's values.
include/DDrawMgr/ShadeTableCache.h:FlashShadeChannelClamp	FLASH_SHADE_CHANNEL_BOOST=16;FLASH_SHADE_CHANNEL_MAX=255	retain	include/DDrawMgr/ShadeTableCache.h:FlashShadeChannelClamp		All evaluated equal-value and overlapping-domain rows were reviewed; FlashShadeChannelClamp has distinct producers, consumers, or encoding and does not transport another enum's values.
include/DDrawMgr/WorldInitError.h:WorldInitError	WORLDERR_NONE=0;WORLDERR_CHILD_GROUP=1001;WORLDERR_WORKER_LIST=1002;WORLDERR_IMAGE_REGISTRY=1003;WORLDERR_WORKER_CACHE=1004;WORLDERR_WORKER_MAP=1005;WORLDERR_ANIM_REGISTRY=1006;WORLDERR_LEVEL_EXTENTS=1007;WORLDERR_CREATE_PAGES=1008;WORLDERR_SOUND_OUTPUT=1009;WORLDERR_SOUND_REGISTRY=1010;WORLDERR_FRONT_SURFACE=2001;WORLDERR_BACK_SURFACE=2002;WORLDERR_OVERLAY_SURFACE=2003;WORLDERR_CREATE_DEVICE=3001;WORLDERR_CREATE_PALETTE_SURFACE=3002;WORLDERR_FRONT_DIMENSIONS=4001;WORLDERR_BACK_DIMENSIONS=4002;WORLDERR_FRONT_SURFACE_COPY=4003;WORLDERR_BACK_SURFACE_CREATE=4004;WORLDERR_DDRAW_CREATE=33001;WORLDERR_DDRAW_COOPERATIVE_LEVEL=33002;WORLDERR_DDRAW_CAPABILITIES=33003;WORLDERR_DDRAW_DISPLAY_MODE=33004;WORLDERR_DDRAW_COLOR_MASKS=33005	retain	include/DDrawMgr/WorldInitError.h:WorldInitError		All evaluated equal-value and overlapping-domain rows were reviewed; WorldInitError has distinct producers, consumers, or encoding and does not transport another enum's values.
include/DDrawMgr/WorldInitError.h:WorldInitReportTag	WORLD_REPORT_STARTUP_INIT=1031;WORLD_REPORT_COLOR_DEPTH_REINIT=1087	retain	include/DDrawMgr/WorldInitError.h:WorldInitReportTag		All evaluated equal-value and overlapping-domain rows were reviewed; WorldInitReportTag has distinct producers, consumers, or encoding and does not transport another enum's values.
include/DDrawMgr/WorldInitError.h:DDrawDeviceError	DDRAWERR_NONE=0;DDRAWERR_CREATE=1001;DDRAWERR_COOPERATIVE_LEVEL=1002;DDRAWERR_CAPABILITIES=1003;DDRAWERR_DISPLAY_MODE=1004;DDRAWERR_COLOR_MASKS=1005;DDRAWERR_QUERY_INTERFACE=1007	retain	include/DDrawMgr/WorldInitError.h:DDrawDeviceError		All evaluated equal-value and overlapping-domain rows were reviewed; DDrawDeviceError has distinct producers, consumers, or encoding and does not transport another enum's values.
include/DinMgr2/DirectInputMgr2.h:DirectInputCreateFlags	DIN_CREATE_ASYNC_KEYBOARD=1;DIN_CREATE_NO_MOUSE=2;DIN_CREATE_NO_KEYBOARD=4;DIN_CREATE_NO_JOYSTICKS=8	retain	include/DinMgr2/DirectInputMgr2.h:DirectInputCreateFlags		All evaluated equal-value and overlapping-domain rows were reviewed; DirectInputCreateFlags has distinct producers, consumers, or encoding and does not transport another enum's values.
include/DinMgr2/DirectInputMgr2.h:InputButtonFlags	INPUT_BUTTON0=1;INPUT_BUTTON1=2;INPUT_BUTTON2=4;INPUT_BUTTON3=8;INPUT_BUTTON4=16;INPUT_BUTTON5=32;INPUT_BUTTON6=64;INPUT_BUTTON7=128;INPUT_BUTTON8=256;INPUT_BUTTON9=512;INPUT_BUTTON_MASK=16777215;INPUT_LEFT=268435456;INPUT_RIGHT=536870912;INPUT_UP=1073741824;INPUT_DOWN=-2147483648	retain	include/DinMgr2/DirectInputMgr2.h:InputButtonFlags		All evaluated equal-value and overlapping-domain rows were reviewed; InputButtonFlags has distinct producers, consumers, or encoding and does not transport another enum's values.
include/DinMgr2/DirectInputMgr2.h:InputBindingSlot	INPUT_BINDING_BUTTON0=0;INPUT_BINDING_BUTTON1=1;INPUT_BINDING_BUTTON2=2;INPUT_BINDING_BUTTON3=3;INPUT_BINDING_BUTTON4=4;INPUT_BINDING_BUTTON5=5;INPUT_BINDING_BUTTON6=6;INPUT_BINDING_BUTTON7=7;INPUT_BINDING_BUTTON8=8;INPUT_BINDING_LEFT=28;INPUT_BINDING_RIGHT=29;INPUT_BINDING_UP=30;INPUT_BINDING_DOWN=31	retain	include/DinMgr2/DirectInputMgr2.h:InputBindingSlot		All evaluated equal-value and overlapping-domain rows were reviewed; InputBindingSlot has distinct producers, consumers, or encoding and does not transport another enum's values.
include/DinMgr2/DirectInputMgr2.h:InputBindingConstants	INPUT_BINDING_COUNT=32	retain	include/DinMgr2/DirectInputMgr2.h:InputBindingConstants		The binding-table extent counts keyboard and direction slots; equal value 32 in pixel, bit-array, and shade domains measures different storage.
include/Dsndmgr/SoundTask.h:SoundTaskTag	SOUND_TASK_TAG_VOLUME_RAMP=1;SOUND_TASK_TAG_ALL=65535	retain	include/Dsndmgr/SoundTask.h:SoundTaskTag		All evaluated equal-value and overlapping-domain rows were reviewed; SoundTaskTag has distinct producers, consumers, or encoding and does not transport another enum's values.
include/Dsndmgr/VolumeScale.h:VolumeScale	VOLUME_PCT_MAX=100;MIDI_VOLUME_MAX=127	retain	include/Dsndmgr/VolumeScale.h:VolumeScale		All evaluated equal-value and overlapping-domain rows were reviewed; VolumeScale has distinct producers, consumers, or encoding and does not transport another enum's values.
include/Dsndmgr/VolumeScale.h:DSoundFrequency	DSOUND_FREQUENCY_MIN=100;DSOUND_FREQUENCY_MAX=100000	retain	include/Dsndmgr/VolumeScale.h:DSoundFrequency		All evaluated equal-value and overlapping-domain rows were reviewed; DSoundFrequency has distinct producers, consumers, or encoding and does not transport another enum's values.
include/Font/FontSel.h:FontSel	FONTSEL_TINY=100;FONTSEL_SMALL=110;FONTSEL_MEDIUM=120;FONTSEL_LARGE=130	retain	include/Font/FontSel.h:FontSel		All evaluated equal-value and overlapping-domain rows were reviewed; FontSel has distinct producers, consumers, or encoding and does not transport another enum's values.
include/Gruntz/ActReg.h:ActIdRange	ACT_ID_FIRST=2000;ACT_ID_LAST=2010	retain	include/Gruntz/ActReg.h:ActIdRange		All evaluated equal-value and overlapping-domain rows were reviewed; ActIdRange has distinct producers, consumers, or encoding and does not transport another enum's values.
include/Gruntz/ActionAreaOwner.h:ActionAreaOwner	ACTION_AREA_BLUE_OWNER=1;ACTION_AREA_RED_OWNER=2	retain	include/Gruntz/ActionAreaOwner.h:ActionAreaOwner		All evaluated equal-value and overlapping-domain rows were reviewed; ActionAreaOwner has distinct producers, consumers, or encoding and does not transport another enum's values.
include/Gruntz/ActionOptionsMenuBar.h:ActionOptionButtonState	ACTIONOPTION_HIDDEN=0;ACTIONOPTION_NORMAL=1;ACTIONOPTION_SELECTED=2;ACTIONOPTION_DISABLED=3	retain	include/Gruntz/ActionOptionsMenuBar.h:ActionOptionButtonState		All evaluated equal-value and overlapping-domain rows were reviewed; ActionOptionButtonState has distinct producers, consumers, or encoding and does not transport another enum's values.
include/Gruntz/ActionOptionsMenuBar.h:ActionOptionHit	ACTIONOPTION_HIT_NONE=0;ACTIONOPTION_HIT_PRIMARY=2;ACTIONOPTION_HIT_SECONDARY=3	retain	include/Gruntz/ActionOptionsMenuBar.h:ActionOptionHit		All evaluated equal-value and overlapping-domain rows were reviewed; ActionOptionHit has distinct producers, consumers, or encoding and does not transport another enum's values.
include/Gruntz/AmbientSound.h:AmbientSoundActState	AMBIENT_SOUND_ACTIVE=30	retain	include/Gruntz/AmbientSound.h:AmbientSoundActState		All evaluated equal-value and overlapping-domain rows were reviewed; AmbientSoundActState has distinct producers, consumers, or encoding and does not transport another enum's values.
include/Gruntz/AniAdvanceCursor.h:AniAdvanceValue	ANI_SCALE_ONE_BITS=1065353216	retain	include/Gruntz/AniAdvanceCursor.h:AniAdvanceValue		All evaluated equal-value and overlapping-domain rows were reviewed; AniAdvanceValue has distinct producers, consumers, or encoding and does not transport another enum's values.
include/Gruntz/AniAdvanceCursor.h:EInlineCursor	INLINE_CURSOR=0	retain	include/Gruntz/AniAdvanceCursor.h:EInlineCursor		All evaluated equal-value and overlapping-domain rows were reviewed; EInlineCursor has distinct producers, consumers, or encoding and does not transport another enum's values.
include/Gruntz/AniRecordView.h:AniRecordFlags	ANI_RECORD_FLAG_FRAME_COUNT=1;ANI_RECORD_FLAG_HAS_CUES=2;ANI_RECORD_FLAG_POSITIONAL_CUE=4;ANI_RECORD_FLAG_CULL_CUE_WHEN_NOT_DRAWN=8	retain	include/Gruntz/AniRecordView.h:AniRecordFlags		All evaluated equal-value and overlapping-domain rows were reviewed; AniRecordFlags has distinct producers, consumers, or encoding and does not transport another enum's values.
include/Gruntz/AniRecordView.h:AniRecordTiming	ANI_FRAME_QUANTUM_MS=22	retain	include/Gruntz/AniRecordView.h:AniRecordTiming		All evaluated equal-value and overlapping-domain rows were reviewed; AniRecordTiming has distinct producers, consumers, or encoding and does not transport another enum's values.
include/Gruntz/ArrivalFlagsPreset.h:ArrivalFlagsPreset	ARRIVAL_FLAGS_PLAYER=67111169;ARRIVAL_FLAGS_PLAYER_SINGLE=67111185;ARRIVAL_FLAGS_BATTLEZ=67111299;ARRIVAL_FLAGS_ENEMY=469765507	retain	include/Gruntz/ArrivalFlagsPreset.h:ArrivalFlagsPreset		All evaluated equal-value and overlapping-domain rows were reviewed; ArrivalFlagsPreset has distinct producers, consumers, or encoding and does not transport another enum's values.
include/Gruntz/BattleStatRow.h:BattleStatRow	BATTLEROW_FORTZ=0;BATTLEROW_KILLZ=1;BATTLEROW_GRUNTZ=2;BATTLEROW_TOOLZ=3;BATTLEROW_TOYZ=4;BATTLEROW_POWERUPZ=5;BATTLEROW_CURSEZ=6;BATTLEROW_COUNT=7	retain	include/Gruntz/BattleStatRow.h:BattleStatRow		All evaluated equal-value and overlapping-domain rows were reviewed; BattleStatRow has distinct producers, consumers, or encoding and does not transport another enum's values.
include/Gruntz/BattlezDifficulty.h:BattlezDifficulty	BZDIFF_EASY=0;BZDIFF_NORMAL=1;BZDIFF_HARD=2	retain	include/Gruntz/BattlezDifficulty.h:BattlezDifficulty		All evaluated equal-value and overlapping-domain rows were reviewed; BattlezDifficulty has distinct producers, consumers, or encoding and does not transport another enum's values.
include/Gruntz/BattlezIntervalMs.h:BattlezIntervalMs	BLOCKED_VOICE_INTERVAL_MS=5000	retain	include/Gruntz/BattlezIntervalMs.h:BattlezIntervalMs		All evaluated equal-value and overlapping-domain rows were reviewed; BattlezIntervalMs has distinct producers, consumers, or encoding and does not transport another enum's values.
include/Gruntz/BattlezRouteMaskPreset.h:BattlezRouteMaskPreset	BATTLEZ_ROUTE_OTHER_TOOLS=32;BATTLEZ_ROUTE_WINGZ_SHOVEL=64;BATTLEZ_ROUTE_ALL_TOOLS=96;BATTLEZ_ROUTE_TOOB_TRAVERSAL=256;BATTLEZ_ROUTE_OTHER_TOOLS_EXPANDED=552;BATTLEZ_ROUTE_WINGZ_SHOVEL_EXPANDED=584;BATTLEZ_ROUTE_ALL_TOOLS_EXPANDED=616;BATTLEZ_ROUTE_WINGZ_TRAVERSAL=2370;BATTLEZ_ROUTE_ALL_TOOLS_WINGZ=2402;BATTLEZ_ROUTE_SPRING_TRAVERSAL=4096;BATTLEZ_ROUTE_OTHER_TOOLS_TRIGGER=16416;BATTLEZ_ROUTE_ALL_TOOLS_TRIGGER=17000;BATTLEZ_ROUTE_OTHER_TOOLS_TRIGGER_WINGZ=18786	retain	include/Gruntz/BattlezRouteMaskPreset.h:BattlezRouteMaskPreset		All evaluated equal-value and overlapping-domain rows were reviewed; BattlezRouteMaskPreset has distinct producers, consumers, or encoding and does not transport another enum's values.
include/Gruntz/BattlezTask.h:BattlezTask	BZTASK_UNASSIGNED=0;BZTASK_STEP=2;BZTASK_ASSIGNED_TARGET=3;BZTASK_ADVANCE=4;BZTASK_CARRY_GOOBER=6;BZTASK_CHECK_QUEUED_SPAWN=7;BZTASK_CARRY_SPY=9;BZTASK_CARRY_BRICK=10;BZTASK_SEEK_SWITCH=11	retain	include/Gruntz/BattlezTask.h:BattlezTask		All evaluated equal-value and overlapping-domain rows were reviewed; BattlezTask has distinct producers, consumers, or encoding and does not transport another enum's values.
include/Gruntz/BattlezTask.h:BattlezRoster	BATTLEZ_TEAM_COUNT=4;BATTLEZ_UNIT_SLOT_COUNT=15;BATTLEZ_QUEUE_POSITION_UNSET=16	reuse	include/Gruntz/BattlezTask.h:BattlezRoster;include/Gruntz/PlayerSlot.h:PlayerSlotConstants;include/Gruntz/TriggerGridDimensions.h:TriggerGridDimensions	BATTLEZ_TEAM_COUNT=include/Gruntz/PlayerSlot.h:PlayerSlotConstants::PLAYER_SLOT_COUNT;BATTLEZ_UNIT_SLOT_COUNT=include/Gruntz/TriggerGridDimensions.h:TriggerGridDimensions::TM_UNITS_PER_PLAYER	The team and unit bounds index the shared player-slot and trigger-unit registries; only the queue-position sentinel remains Battlez-specific.
include/Gruntz/BattlezUnitKind.h:BattlezUnitKind	BZUNIT_BOMB=1;BZUNIT_GUNHAT=2;BZUNIT_GAUNTLETZ=3;BZUNIT_CLUB=4;BZUNIT_SHIELD=5;BZUNIT_GLOVEZ=6;BZUNIT_BRICK=7;BZUNIT_GRAVITYBOOTZ=8;BZUNIT_BOOMERANG=9;BZUNIT_SPY=10;BZUNIT_NERFGUN=11;BZUNIT_ROCK=12;BZUNIT_GOOBER=13;BZUNIT_SWORD=14;BZUNIT_SHOVEL=15;BZUNIT_SHOVEL_MOUNTED=16	retain	include/Gruntz/BattlezUnitKind.h:BattlezUnitKind		All evaluated equal-value and overlapping-domain rows were reviewed; BattlezUnitKind has distinct producers, consumers, or encoding and does not transport another enum's values.
include/Gruntz/BootySeqPhase.h:BootySeqPhase	BOOTYSEQ_SECRET_PENDING=-2;BOOTYSEQ_WARP_CUE=100;BOOTYSEQ_GLITTER=101;BOOTYSEQ_LETTERS=102;BOOTYSEQ_WALK=103;BOOTYSEQ_PERFECT_BONUS=199;BOOTYSEQ_DONE=200	retain	include/Gruntz/BootySeqPhase.h:BootySeqPhase		All evaluated equal-value and overlapping-domain rows were reviewed; BootySeqPhase has distinct producers, consumers, or encoding and does not transport another enum's values.
include/Gruntz/BootyStatRow.h:BootyStatRow	BOOTYSTAT_TIME=0;BOOTYSTAT_GRUNTZ_EXITED=1;BOOTYSTAT_GRUNTZ_LOST=2;BOOTYSTAT_TOOLZ=3;BOOTYSTAT_TOYZ=4;BOOTYSTAT_POWERUPZ=5;BOOTYSTAT_COINZ=6;BOOTYSTAT_SECRETZ=7;BOOTYSTAT_COUNT=8	retain	include/Gruntz/BootyStatRow.h:BootyStatRow		All evaluated equal-value and overlapping-domain rows were reviewed; BootyStatRow has distinct producers, consumers, or encoding and does not transport another enum's values.
include/Gruntz/BootyStateActivate.h:SecretBonusTier	SECRET_BONUS_TIER_ONE=1;SECRET_BONUS_TIER_TWO=2;SECRET_BONUS_TIER_THREE=3	retain	include/Gruntz/BootyStateActivate.h:SecretBonusTier		All evaluated equal-value and overlapping-domain rows were reviewed; SecretBonusTier has distinct producers, consumers, or encoding and does not transport another enum's values.
include/Gruntz/BootyStateActivate.h:BootyEffectCount	BOOTY_EXPLOSION_COUNT=8	retain	include/Gruntz/BootyStateActivate.h:BootyEffectCount		All evaluated equal-value and overlapping-domain rows were reviewed; BootyEffectCount has distinct producers, consumers, or encoding and does not transport another enum's values.
include/Gruntz/BrickTileId.h:BrickTileId	BRICKTILE_CLEARED=301;BRICKTILE_BROWN_1=303;BRICKTILE_BROWN_2=304;BRICKTILE_BROWN_3=305;BRICKTILE_RED_1=306;BRICKTILE_RED_2_LOW=307;BRICKTILE_RED_2_TOP=308;BRICKTILE_RED_3_LOW=309;BRICKTILE_RED_3_MID=310;BRICKTILE_RED_3_TOP=311;BRICKTILE_BLUE_1=312;BRICKTILE_BLUE_2_LOW=313;BRICKTILE_BLUE_2_TOP=314;BRICKTILE_BLUE_3_LOW=315;BRICKTILE_BLUE_3_MID=316;BRICKTILE_BLUE_3_TOP=317;BRICKTILE_GOLD_1=318;BRICKTILE_GOLD_2_LOW=319;BRICKTILE_GOLD_2_TOP=320;BRICKTILE_GOLD_3_LOW=321;BRICKTILE_GOLD_3_MID=322;BRICKTILE_GOLD_3_TOP=323;BRICKTILE_BLACK_1=324;BRICKTILE_BLACK_2_LOW=325;BRICKTILE_BLACK_2_TOP=326;BRICKTILE_BLACK_3_LOW=327;BRICKTILE_BLACK_3_MID=328;BRICKTILE_BLACK_3_TOP=329	retain	include/Gruntz/BrickTileId.h:BrickTileId		All evaluated equal-value and overlapping-domain rows were reviewed; BrickTileId has distinct producers, consumers, or encoding and does not transport another enum's values.
include/Gruntz/Brickz.h:BrickzCellMask	BRICKZ_BLOCKED_MASK=2361;BRICKZ_CELL_ROUTE_MASKB=8192;BRICKZ_CELL_OCCUPIED=536870912;BRICKZ_CELL_UNOCCUPIED_MASK=-536870913	retain	include/Gruntz/Brickz.h:BrickzCellMask		All evaluated equal-value and overlapping-domain rows were reviewed; BrickzCellMask has distinct producers, consumers, or encoding and does not transport another enum's values.
include/Gruntz/Brickz.h:BrickStackRandomization	BRICK_COLOR_ROLL_PERCENT_MAX=100;BRICK_TWO_STACK_TOP_PERCENT=50;BRICK_THREE_STACK_LAYER_ROLL_MAX=600;BRICK_THREE_STACK_LOW_ROLL_MAX=200;BRICK_THREE_STACK_MIDDLE_ROLL_MAX=400	retain	include/Gruntz/Brickz.h:BrickStackRandomization		All evaluated equal-value and overlapping-domain rows were reviewed; BrickStackRandomization has distinct producers, consumers, or encoding and does not transport another enum's values.
include/Gruntz/BridgeTileId.h:BridgeTileId	BRIDGETILE_WATER_UP=257;BRIDGETILE_WATER_DOWN=258;BRIDGETILE_DEATH_UP=259;BRIDGETILE_DEATH_DOWN=260;BRIDGETILE_WATER_UP_ALT=261;BRIDGETILE_DEATH_UP_ALT=262;BRIDGETILE_TOGGLE_WATER_UP=263;BRIDGETILE_TOGGLE_WATER_DOWN=264;BRIDGETILE_TOGGLE_DEATH_UP=265;BRIDGETILE_TOGGLE_DEATH_DOWN=266	retain	include/Gruntz/BridgeTileId.h:BridgeTileId		All evaluated equal-value and overlapping-domain rows were reviewed; BridgeTileId has distinct producers, consumers, or encoding and does not transport another enum's values.
include/Gruntz/CardinalDir.h:CardinalDir	CARDINAL_NORTH=1;CARDINAL_EAST=2;CARDINAL_SOUTH=3;CARDINAL_WEST=4;CARDINAL_FIRST=1;CARDINAL_LAST=4;CARDINAL_COUNT=4	retain	include/Gruntz/CardinalDir.h:CardinalDir		All evaluated equal-value and overlapping-domain rows were reviewed; CardinalDir has distinct producers, consumers, or encoding and does not transport another enum's values.
include/Gruntz/ChatBoxOwner.h:ChatBoxLayout	CHATBOX_WITH_RIGHT_STATUSBAR=1;CHATBOX_WITH_LEFT_STATUSBAR=2;CHATBOX_WITH_HIDDEN_STATUSBAR=3	retain	include/Gruntz/ChatBoxOwner.h:ChatBoxLayout		All evaluated equal-value and overlapping-domain rows were reviewed; ChatBoxLayout has distinct producers, consumers, or encoding and does not transport another enum's values.
include/Gruntz/ColorTint.h:ColorTint	TINT_ORANGE=0;TINT_GREEN=1;TINT_BLUE=2;TINT_RED=3;TINT_PURPLE=4;TINT_YELLOW=5;TINT_HOTPINK=6;TINT_BLACK=7;TINT_DKBLUE=8;TINT_DKGREEN=9;TINT_TURQ=10;TINT_DKRED=11;TINT_PINK=12;TINT_DKYELLOW=13;TINT_GREY=14;TINT_CYAN=15;TINT_WHITE=16	canonical	include/Gruntz/ColorTint.h:ColorTint		Six sprite-tint consumers and the font payload switch use the same complete 17-color ordering; ColorTint is the shared semantic domain.
include/Gruntz/ColorTint.h:ColorTintConstants	TINT_COUNT=17	retain	include/Gruntz/ColorTint.h:ColorTintConstants		The count is the bound of the canonical ColorTint domain and is not a transported member of another enum.
include/Gruntz/CustomMapSelection.h:CustomMapSelection	CUSTOM_MAP_STANDARD=0;CUSTOM_MAP_SELECTED=1;CUSTOM_MAP_UNINITIALIZED=2	retain	include/Gruntz/CustomMapSelection.h:CustomMapSelection		All evaluated equal-value and overlapping-domain rows were reviewed; CustomMapSelection has distinct producers, consumers, or encoding and does not transport another enum's values.
include/Gruntz/CustomWorldDialog.h:CustomWorldCtrlId	CTRL_CUSTOM_WORLD_LIST=1020;CTRL_CUSTOM_WORLD_INFO=1066	retain	include/Gruntz/CustomWorldDialog.h:CustomWorldCtrlId		All evaluated equal-value and overlapping-domain rows were reviewed; CustomWorldCtrlId has distinct producers, consumers, or encoding and does not transport another enum's values.
include/Gruntz/DebugDisplayFlags.h:DebugDisplayFlags	DEBUG_DISPLAY_NONE=0;DEBUG_DISPLAY_OBJECT_COUNT=1;DEBUG_DISPLAY_NETWORK_COUNTERS=2;DEBUG_DISPLAY_WORLD_POSITION=4;DEBUG_DISPLAY_PROFILE_TEXT=8;DEBUG_DISPLAY_FRAME_RATE=16;DEBUG_DISPLAY_SUPPRESS=32;DEBUG_DISPLAY_TIMING=64;DEBUG_DISPLAY_ELAPSED_TIME=128;DEBUG_DISPLAY_TIMING_ALTERNATE=256;DEBUG_DISPLAY_FRAME_RATE_LIMIT=512;DEBUG_DISPLAY_BUILD_INFO=1024	retain	include/Gruntz/DebugDisplayFlags.h:DebugDisplayFlags		All evaluated equal-value and overlapping-domain rows were reviewed; DebugDisplayFlags has distinct producers, consumers, or encoding and does not transport another enum's values.
include/Gruntz/DemoMoverState.h:DemoMoverState	DEMO_MOVER_CHOOSE_TARGET=0;DEMO_MOVER_SCROLL_TO_TARGET=1	retain	include/Gruntz/DemoMoverState.h:DemoMoverState		All evaluated equal-value and overlapping-domain rows were reviewed; DemoMoverState has distinct producers, consumers, or encoding and does not transport another enum's values.
include/Gruntz/DestructWarningState.h:DestructWarningState	DESTRUCT_WARNING_INACTIVE=0;DESTRUCT_WARNING_FORWARD=1;DESTRUCT_WARNING_REVERSE=2	retain	include/Gruntz/DestructWarningState.h:DestructWarningState		All evaluated equal-value and overlapping-domain rows were reviewed; DestructWarningState has distinct producers, consumers, or encoding and does not transport another enum's values.
include/Gruntz/DestructWarningState.h:DestructButtonFrame	DESTRUCT_FRAME_IDLE=1;DESTRUCT_FRAME_WARNING_FIRST=2;DESTRUCT_FRAME_WARNING_LAST=6;DESTRUCT_FRAME_DISABLED=7	retain	include/Gruntz/DestructWarningState.h:DestructButtonFrame		All evaluated equal-value and overlapping-domain rows were reviewed; DestructButtonFrame has distinct producers, consumers, or encoding and does not transport another enum's values.
include/Gruntz/Dialogs.h:DialogCtrlId	CTRL_PLAYER_TYPE0=1280;CTRL_PLAYER_COLOR0=1281;CTRL_PLAYER_COLOR1=1283;CTRL_PLAYER_COLOR2=1285;CTRL_PLAYER_COLOR3=1287;CTRL_PLAYER_NAME0=1290;CTRL_PLAYER_NAME1=1291;CTRL_PLAYER_NAME2=1292;CTRL_PLAYER_NAME3=1293;CTRL_PLAYER_TYPE1=1294;CTRL_PLAYER_TYPE2=1295;CTRL_PLAYER_TYPE3=1296;CTRL_PLAYER_MAX_GRUNTZ0=1310;CTRL_PLAYER_READY0=1311;CTRL_PLAYER_MAX_GRUNTZ1=1312;CTRL_PLAYER_MAX_GRUNTZ2=1313;CTRL_PLAYER_MAX_GRUNTZ3=1314;CTRL_PLAYER_READY1=1315;CTRL_PLAYER_READY2=1316;CTRL_PLAYER_READY3=1317;CTRL_PLAYER_LATENCY_VALUE0=1329;CTRL_PLAYER_LATENCY_VALUE1=1330;CTRL_PLAYER_LATENCY_VALUE2=1331;CTRL_PLAYER_LATENCY_UNIT0=1332;CTRL_PLAYER_LATENCY_VALUE3=1333;CTRL_PLAYER_LATENCY_UNIT1=1334;CTRL_PLAYER_LATENCY_UNIT2=1335;CTRL_PLAYER_LATENCY_UNIT3=1336	retain	include/Gruntz/Dialogs.h:DialogCtrlId		All evaluated equal-value and overlapping-domain rows were reviewed; DialogCtrlId has distinct producers, consumers, or encoding and does not transport another enum's values.
include/Gruntz/Dialogs.h:ColorDlgCtrlId	CTRL_COLOR_LIST=1301	retain	include/Gruntz/Dialogs.h:ColorDlgCtrlId		All evaluated equal-value and overlapping-domain rows were reviewed; ColorDlgCtrlId has distinct producers, consumers, or encoding and does not transport another enum's values.
include/Gruntz/Dialogs.h:MultiStartTimerId	MULTI_START_WATCHDOG_TIMER=1	retain	include/Gruntz/Dialogs.h:MultiStartTimerId		All evaluated equal-value and overlapping-domain rows were reviewed; MultiStartTimerId has distinct producers, consumers, or encoding and does not transport another enum's values.
include/Gruntz/DirectionRingIndex.h:DirectionRingIndex	DIRECTION_RING_NORTH=0;DIRECTION_RING_NORTHEAST=1;DIRECTION_RING_EAST=2;DIRECTION_RING_SOUTHEAST=3;DIRECTION_RING_SOUTH=4;DIRECTION_RING_SOUTHWEST=5;DIRECTION_RING_WEST=6;DIRECTION_RING_NORTHWEST=7	retain	include/Gruntz/DirectionRingIndex.h:DirectionRingIndex		All evaluated equal-value and overlapping-domain rows were reviewed; DirectionRingIndex has distinct producers, consumers, or encoding and does not transport another enum's values.
include/Gruntz/EnemyAiType.h:EnemyAiType	AI_NONE=0;AI_DUMBCHASER=1;AI_SMARTCHASER=2;AI_HITANDRUNNER=3;AI_DEFENDER=4;AI_POSTGUARD=5;AI_OBJECTGUARD=6;AI_BOMBER=7;AI_BRICKLAYER=8;AI_GAUNTLETZGRUNT=9;AI_GOOSUCKER=10;AI_DIGGER=11;AI_TIMEBOMBER=12;AI_TOOLTHIEF=13;AI_TOYER=14;AI_MAGICWANDGRUNT=15;AI_SCROLLGRUNT=16;AI_BATTLEZ_PATH=17	retain	include/Gruntz/EnemyAiType.h:EnemyAiType		All evaluated equal-value and overlapping-domain rows were reviewed; EnemyAiType has distinct producers, consumers, or encoding and does not transport another enum's values.
include/Gruntz/ErrorStringId.h:ErrorStringId	IDS_SET_GAME_STATE=32773;IDS_RESTORE_GAME=32774;IDS_CHANGE_LEVEL=32775;IDS_SET_VIDEO_MODE=32776;IDS_DEFAULT_ERROR=32777;IDS_INITIALIZE_GAME=32778;IDS_LOAD_RESOURCE_FILE=32779;IDS_WORLD_UNKNOWN=32785;IDS_WORLD_SOUND_REGISTRY=32786;IDS_WORLD_SOUND_OUTPUT=32787;IDS_WORLD_CREATE_DEVICE=32788;IDS_WORLD_CREATE_PAGES=32789;IDS_WORLD_CREATE_PALETTE_SURFACE=32790;IDS_WORLD_OVERLAY_SURFACE=32791;IDS_WORLD_BACK_SURFACE=32792;IDS_WORLD_FRONT_SURFACE=32793;IDS_WORLD_DDRAW_COLOR_MASKS=32794;IDS_WORLD_DDRAW_DISPLAY_MODE=32795;IDS_WORLD_DDRAW_CAPABILITIES=32796;IDS_WORLD_DDRAW_COOPERATIVE_LEVEL=32797;IDS_WORLD_DDRAW_CREATE=32798;IDS_CHANGE_COLOR_DEPTH=32799;IDS_LOAD_VOICE_RESOURCE_FILE=33097	retain	include/Gruntz/ErrorStringId.h:ErrorStringId		All evaluated equal-value and overlapping-domain rows were reviewed; ErrorStringId has distinct producers, consumers, or encoding and does not transport another enum's values.
include/Gruntz/FaderConfigKind.h:FaderConfigKind	FADER_CONFIG_UNTAGGED=0;FADER_CONFIG_SHAPE=1;FADER_CONFIG_LIGHT=2;FADER_CONFIG_SINE=3;FADER_CONFIG_RADIAL=4;FADER_CONFIG_FLAT=5;FADER_CONFIG_MESH=6	retain	include/Gruntz/FaderConfigKind.h:FaderConfigKind		All evaluated equal-value and overlapping-domain rows were reviewed; FaderConfigKind has distinct producers, consumers, or encoding and does not transport another enum's values.
include/Gruntz/FaderKind.h:FaderKind	FADERKIND_SHAPE=0;FADERKIND_LIGHT=1;FADERKIND_SINE=2;FADERKIND_RADIAL=3;FADERKIND_FLAT=4;FADERKIND_MESH=5;FADERKIND_COUNT=6	retain	include/Gruntz/FaderKind.h:FaderKind		All evaluated equal-value and overlapping-domain rows were reviewed; FaderKind has distinct producers, consumers, or encoding and does not transport another enum's values.
include/Gruntz/FaderMode.h:FaderMode	FADER_INVALID=0;FADER_SWEEP_FORWARD=1;FADER_SWEEP_REVERSE=2;FADER_SPLIT_FROM_CENTER=3;FADER_COUNT=4	retain	include/Gruntz/FaderMode.h:FaderMode		All evaluated equal-value and overlapping-domain rows were reviewed; FaderMode has distinct producers, consumers, or encoding and does not transport another enum's values.
include/Gruntz/FinishLevelReason.h:FinishLevelReason	FINISH_REASON_NONE=0;FINISH_REASON_WARPSTONE_EXIT=1;FINISH_REASON_BATTLEZ_VICTORY=2;FINISH_REASON_NO_GRUNTZ_REMAIN=3;FINISH_REASON_TIME_EXPIRED=4;FINISH_REASON_BATTLEZ_DEFEAT=5;FINISH_REASON_WARPSTONE_RESET=6	retain	include/Gruntz/FinishLevelReason.h:FinishLevelReason		All evaluated equal-value and overlapping-domain rows were reviewed; FinishLevelReason has distinct producers, consumers, or encoding and does not transport another enum's values.
include/Gruntz/FinishLevelReason.h:FinishLevelState	FINISH_STATE_ACTIVE=0;FINISH_STATE_VICTORY=1;FINISH_STATE_DEFEAT=2	retain	include/Gruntz/FinishLevelReason.h:FinishLevelState		All evaluated equal-value and overlapping-domain rows were reviewed; FinishLevelState has distinct producers, consumers, or encoding and does not transport another enum's values.
include/Gruntz/FontConfig.h:FontItemFlags	FONT_ITEM_FLAGS_NONE=0;FONT_ITEM_PREPEND=2;FONT_ITEM_CLEAR_EXISTING=4;FONT_ITEM_COLORED=16;FONT_ITEM_SHADOW=32	retain	include/Gruntz/FontConfig.h:FontItemFlags		All evaluated equal-value and overlapping-domain rows were reviewed; FontItemFlags has distinct producers, consumers, or encoding and does not transport another enum's values.
include/Gruntz/GameIconFlashState.h:GameIconFlashState	GAME_ICON_FLASH_IDLE=0;GAME_ICON_FLASH_ACTIVE=5	retain	include/Gruntz/GameIconFlashState.h:GameIconFlashState		All evaluated equal-value and overlapping-domain rows were reviewed; GameIconFlashState has distinct producers, consumers, or encoding and does not transport another enum's values.
include/Gruntz/GameLevel.h:LevelPlaneLayout	LEVEL_EXTENDED_PLANE_COUNT=4	retain	include/Gruntz/GameLevel.h:LevelPlaneLayout		All evaluated equal-value and overlapping-domain rows were reviewed; LevelPlaneLayout has distinct producers, consumers, or encoding and does not transport another enum's values.
include/Gruntz/GameModeId.h:GameModeId	GAMEMODE_NONE=0;GAMEMODE_QUESTZ=1;GAMEMODE_MULTIPLAYER=2;GAMEMODE_BATTLEZ=3	retain	include/Gruntz/GameModeId.h:GameModeId		All evaluated equal-value and overlapping-domain rows were reviewed; GameModeId has distinct producers, consumers, or encoding and does not transport another enum's values.
include/Gruntz/GameStateId.h:GameStateId	GAMESTATE_NONE=0;GAMESTATE_BASE=1;GAMESTATE_ATTRACT=2;GAMESTATE_PLAY=3;GAMESTATE_MENU=5;GAMESTATE_CREDITS=8;GAMESTATE_BOOTY=10;GAMESTATE_CREDITS_OVER_CURRENT=11;GAMESTATE_BOOTY_OVER_CURRENT=13;GAMESTATE_DEMO=7;GAMESTATE_HELP=9;GAMESTATE_SPLASH=14;GAMESTATE_RESERVED_0F=15;GAMESTATE_LEVEL_SELECT=16;GAMESTATE_MULTI=17;GAMESTATE_MULTIBOOTY=18	retain	include/Gruntz/GameStateId.h:GameStateId		All evaluated equal-value and overlapping-domain rows were reviewed; GameStateId has distinct producers, consumers, or encoding and does not transport another enum's values.
include/Gruntz/GameStats.h:BattlezPlayerCount	BZ_PLAYER_COUNT=4	reuse	include/Gruntz/PlayerSlot.h:PlayerSlotConstants	BZ_PLAYER_COUNT=include/Gruntz/PlayerSlot.h:PlayerSlotConstants::PLAYER_SLOT_COUNT	The GameStats arrays and loops are indexed by the same four player slots used by maps, dialogs, and network players.
include/Gruntz/GameTabContent.h:GameTabContent	GAME_TAB_MENU=5;GAME_TAB_MISSION_STATUS=507	retain	include/Gruntz/GameTabContent.h:GameTabContent		All evaluated equal-value and overlapping-domain rows were reviewed; GameTabContent has distinct producers, consumers, or encoding and does not transport another enum's values.
include/Gruntz/Grunt.h:GruntCombatScan	GRUNT_COMBAT_FULL_SCAN_HITS=5	retain	include/Gruntz/Grunt.h:GruntCombatScan		All evaluated equal-value and overlapping-domain rows were reviewed; GruntCombatScan has distinct producers, consumers, or encoding and does not transport another enum's values.
include/Gruntz/Grunt.h:GruntIdleVariant	GRUNT_IDLE_VARIANT_PRIMARY=1;GRUNT_IDLE_VARIANT_SECONDARY=2	retain	include/Gruntz/Grunt.h:GruntIdleVariant		All evaluated equal-value and overlapping-domain rows were reviewed; GruntIdleVariant has distinct producers, consumers, or encoding and does not transport another enum's values.
include/Gruntz/Grunt.h:GruntDirectionGrid	GRUNT_DIRECTION_GRID_LOW=0;GRUNT_DIRECTION_GRID_CENTER=1;GRUNT_DIRECTION_GRID_HIGH=2;GRUNT_DIRECTION_GRID_WIDTH=3	retain	include/Gruntz/Grunt.h:GruntDirectionGrid		All evaluated equal-value and overlapping-domain rows were reviewed; GruntDirectionGrid has distinct producers, consumers, or encoding and does not transport another enum's values.
include/Gruntz/Grunt.h:GruntArrivalTag	ARRIVAL_TAG_NONE=0;ARRIVAL_TAG_TRIGGER_A=2;ARRIVAL_TAG_TRIGGER_B=3	retain	include/Gruntz/Grunt.h:GruntArrivalTag		All evaluated equal-value and overlapping-domain rows were reviewed; GruntArrivalTag has distinct producers, consumers, or encoding and does not transport another enum's values.
include/Gruntz/Grunt.h:NameSlot	NAME_ATTACK=0;NAME_STRUCK=1;NAME_WALK=2;NAME_IDLE=3;NAME_ITEM=4;NAME_COUNT=5	retain	include/Gruntz/Grunt.h:NameSlot		All evaluated equal-value and overlapping-domain rows were reviewed; NameSlot has distinct producers, consumers, or encoding and does not transport another enum's values.
include/Gruntz/Grunt.h:GruntAttackPose	GRUNT_ATTACK1=0;GRUNT_ATTACK2=1	retain	include/Gruntz/Grunt.h:GruntAttackPose		All evaluated equal-value and overlapping-domain rows were reviewed; GruntAttackPose has distinct producers, consumers, or encoding and does not transport another enum's values.
include/Gruntz/Grunt.h:GruntStruckPose	GRUNT_STRUCK1=0;GRUNT_STRUCK2=1	retain	include/Gruntz/Grunt.h:GruntStruckPose		All evaluated equal-value and overlapping-domain rows were reviewed; GruntStruckPose has distinct producers, consumers, or encoding and does not transport another enum's values.
include/Gruntz/Grunt.h:GruntIdlePose	GRUNT_IDLE1=0;GRUNT_IDLE2=1;GRUNT_IDLE3=2;GRUNT_IDLE4=3;GRUNT_IDLE5=4	retain	include/Gruntz/Grunt.h:GruntIdlePose		All evaluated equal-value and overlapping-domain rows were reviewed; GruntIdlePose has distinct producers, consumers, or encoding and does not transport another enum's values.
include/Gruntz/Grunt.h:GruntToyPose	GRUNT_TOY1=0;GRUNT_TOY2=1;GRUNT_TOY_BREAK=2	retain	include/Gruntz/Grunt.h:GruntToyPose		All evaluated equal-value and overlapping-domain rows were reviewed; GruntToyPose has distinct producers, consumers, or encoding and does not transport another enum's values.
include/Gruntz/Grunt.h:GruntItemPose	GRUNT_ITEM1=0;GRUNT_ITEM2=1	retain	include/Gruntz/Grunt.h:GruntItemPose		All evaluated equal-value and overlapping-domain rows were reviewed; GruntItemPose has distinct producers, consumers, or encoding and does not transport another enum's values.
include/Gruntz/GruntAiState.h:GruntDwellMs	DWELL_REPATH_MS=500;DWELL_SEEK_PATH_MS=1000;DWELL_STUCK_RESET_MS=3000;DWELL_COOLDOWN_MS=8000	retain	include/Gruntz/GruntAiState.h:GruntDwellMs		All evaluated equal-value and overlapping-domain rows were reviewed; GruntDwellMs has distinct producers, consumers, or encoding and does not transport another enum's values.
include/Gruntz/GruntAiState.h:GruntAiState	AISTATE_SEEK=0;AISTATE_CHASE=1;AISTATE_ATTACK=2;AISTATE_RETURN=3;AISTATE_COOLDOWN=4;AISTATE_RETREAT=5;AISTATE_BATTLEZ_ROUTE_TARGET=6;AISTATE_BATTLEZ_FINAL_ROUTE=7;AISTATE_PHASE_MIRROR_THEN_COOLDOWN=25;AISTATE_PHASE_MIRROR_THEN_SEEK=26	retain	include/Gruntz/GruntAiState.h:GruntAiState		All evaluated equal-value and overlapping-domain rows were reviewed; GruntAiState has distinct producers, consumers, or encoding and does not transport another enum's values.
include/Gruntz/GruntAreaEffectKind.h:GruntAreaEffectKind	GRUNT_AREA_EFFECT_DROP=1;GRUNT_AREA_EFFECT_TELEPORT=2;GRUNT_AREA_EFFECT_HEAL=3;GRUNT_AREA_EFFECT_FREEZE=4;GRUNT_AREA_EFFECT_GIVE_TOY=5;GRUNT_AREA_EFFECT_EXPLODE=6;GRUNT_AREA_EFFECT_SQUASH=7	retain	include/Gruntz/GruntAreaEffectKind.h:GruntAreaEffectKind		All evaluated equal-value and overlapping-domain rows were reviewed; GruntAreaEffectKind has distinct producers, consumers, or encoding and does not transport another enum's values.
include/Gruntz/GruntCombatDirection.h:WingzKnockbackChoice	WINGZ_KNOCKBACK_NORTHEAST=0;WINGZ_KNOCKBACK_EAST=1;WINGZ_KNOCKBACK_SOUTHEAST=2;WINGZ_KNOCKBACK_SOUTH=3;WINGZ_KNOCKBACK_SOUTHWEST=4;WINGZ_KNOCKBACK_WEST=5;WINGZ_KNOCKBACK_NORTHWEST=6	retain	include/Gruntz/GruntCombatDirection.h:WingzKnockbackChoice		All evaluated equal-value and overlapping-domain rows were reviewed; WingzKnockbackChoice has distinct producers, consumers, or encoding and does not transport another enum's values.
include/Gruntz/GruntDeathType.h:GruntDeathType	DEATH_NONE=-1;DEATH_DROP=0;DEATH_NORMAL=1;DEATH_SQUASH=2;DEATH_HOLE=3;DEATH_SINK=4;DEATH_MELT=5;DEATH_SHATTER=6;DEATH_BURN=7;DEATH_FALL=8;DEATH_ELECTROCUTE=9;DEATH_KAROKE=10;DEATH_EXPLODE=11;DEATH_DRAIN=12;DEATH_EXIT=13;DEATH_FALL2=14;DEATH_QUICKFALL=15;GRUNT_DEATH_WARPOUT=12	retain	include/Gruntz/GruntDeathType.h:GruntDeathType		All evaluated equal-value and overlapping-domain rows were reviewed; GruntDeathType has distinct producers, consumers, or encoding and does not transport another enum's values.
include/Gruntz/GruntDirection.h:GruntDirection	DIR_CENTER=0;DIR_NORTH=1;DIR_NORTHEAST=2;DIR_EAST=3;DIR_SOUTHEAST=4;DIR_SOUTH=5;DIR_SOUTHWEST=6;DIR_WEST=7;DIR_NORTHWEST=8;DIR_RING_COUNT=8;DIR_COUNT=9	retain	include/Gruntz/GruntDirection.h:GruntDirection		All evaluated equal-value and overlapping-domain rows were reviewed; GruntDirection has distinct producers, consumers, or encoding and does not transport another enum's values.
include/Gruntz/GruntEntranceMode.h:GruntEntranceMode	GRUNT_ENTRANCE_NONE=0;GRUNT_ENTRANCE_RESURRECT_DIRECT=0;GRUNT_ENTRANCE_WORMHOLE=1;GRUNT_ENTRANCE_DROP=2;GRUNT_ENTRANCE_RESURRECT=3	retain	include/Gruntz/GruntEntranceMode.h:GruntEntranceMode		All evaluated equal-value and overlapping-domain rows were reviewed; GruntEntranceMode has distinct producers, consumers, or encoding and does not transport another enum's values.
include/Gruntz/GruntIdentity.h:GruntIdentityPacking	GRUNT_IDENTITY_COMPONENT_MASK=255;GRUNT_IDENTITY_PLAYER_SHIFT=8	retain	include/Gruntz/GruntIdentity.h:GruntIdentityPacking		All evaluated equal-value and overlapping-domain rows were reviewed; GruntIdentityPacking has distinct producers, consumers, or encoding and does not transport another enum's values.
include/Gruntz/GruntVoice.h:<anonymous:VOICE_INDICATOR_AT_LOGIC_OBJECT>	VOICE_INDICATOR_AT_LOGIC_OBJECT=0;VOICE_INDICATOR_AT_IMAGE_ORIGIN=1	retain	include/Gruntz/GruntVoice.h:<anonymous:VOICE_INDICATOR_AT_LOGIC_OBJECT>		All evaluated equal-value and overlapping-domain rows were reviewed; VOICE_INDICATOR_AT_LOGIC_OBJECT> has distinct producers, consumers, or encoding and does not transport another enum's values.
include/Gruntz/GruntzCommand.h:GruntzCommandRecordKind	COMMAND_RECORD_INVALID=0;COMMAND_RECORD_SINGLE=1;COMMAND_RECORD_MULTI=2	retain	include/Gruntz/GruntzCommand.h:GruntzCommandRecordKind		All evaluated equal-value and overlapping-domain rows were reviewed; GruntzCommandRecordKind has distinct producers, consumers, or encoding and does not transport another enum's values.
include/Gruntz/GruntzCommand.h:GruntzCommandSubmitFlags	COMMAND_SUBMIT_SCHEDULED=1;COMMAND_SUBMIT_IMMEDIATE=2;COMMAND_SUBMIT_PENDING_SLOT=4	retain	include/Gruntz/GruntzCommand.h:GruntzCommandSubmitFlags		All evaluated equal-value and overlapping-domain rows were reviewed; GruntzCommandSubmitFlags has distinct producers, consumers, or encoding and does not transport another enum's values.
include/Gruntz/GruntzCommandId.h:GruntzCommandId	CMD_NEW_GAME=32773;CMD_NEW_GAME_ALT=32804;CMD_LOAD_WORLD=32895;CMD_SET_QUEST_AREA=33097;CMD_CONTINUE_AT_MAX_LEVEL=33140;CMD_START_BATTLEZ_GAME=32995;CMD_OPEN_BATTLEZ_SETUP=32993;CHEAT_PROGRAMMING_GOD=32827;CHEAT_TRAITOR_MODE=32835;CHEAT_OBJECT_COUNT_DISPLAY=32845;CHEAT_WORLD_POSITION_DISPLAY=32844;CHEAT_FRAME_RATE_DISPLAY=32843;CHEAT_DEBUG_FLAG20=32846;CHEAT_BRICK_TEXT_DISPLAY=32872;CHEAT_BRICK_TEXT_ALT_DISPLAY=32879;CHEAT_ELAPSED_TIME_DISPLAY=32878;CHEAT_MONOLITH=32902;CHEAT_NO_OP=32903;CHEAT_BRICK_GO_AWAY=32909;CHEAT_GIVE_BOMB=32997;CHEAT_GIVE_BOOMERANG=32998;CHEAT_GIVE_BRICK_LAYER=32999;CHEAT_GIVE_CLUB=33000;CHEAT_GIVE_GAUNTLET=33001;CHEAT_GIVE_GLOVE=33002;CHEAT_GIVE_GOOBER=33003;CHEAT_GIVE_GRAVITY_BOOT=33004;CHEAT_GIVE_GUN_HAT=33005;CHEAT_GIVE_SPONGE_GUN=33006;CHEAT_GIVE_ROCK=33007;CHEAT_GIVE_SHIELD=33008;CHEAT_GIVE_SHOVEL=33009;CHEAT_GIVE_SPRING=33010;CHEAT_GIVE_SPY_GEAR=33011;CHEAT_GIVE_SWORD=33012;CHEAT_GIVE_TIME_BOMB=33013;CHEAT_GIVE_TOOB=33014;CHEAT_GIVE_MAGIC_WAND=33015;CHEAT_GIVE_WARPSTONE=33016;CHEAT_GIVE_WELDERS_KIT=33017;CHEAT_GIVE_WING=33018;CHEAT_GIVE_BABY_WALKER=33019;CHEAT_GIVE_BEACH_BALL=33020;CHEAT_GIVE_MONSTER_WHEEL=33021;CHEAT_GIVE_GO_KART=33022;CHEAT_GIVE_JACK_IN_THE_BOX=33023;CHEAT_GIVE_JUMP_ROPE=33024;CHEAT_GIVE_POGO_STICK=33025;CHEAT_GIVE_SCROLL=33026;CHEAT_GIVE_SQUEAK_TOY=33027;CHEAT_GIVE_YO_YO=33028;CHEAT_NUKE=33030;CHEAT_KILL_TIMER=33031;CHEAT_GIVE_BOMB_BRICK=33064;CHEAT_GIVE_INDESTRUCTIBLE_BRICK=33065;CHEAT_GIVE_GAUNTLET_BREAKER_BRICK=33067;CHEAT_GIVE_TELEPORT_BRICK=33066;CHEAT_BRICK_ASSIMILATE=33072;CHEAT_BRICK_DEATH=33073;CHEAT_BRICK_SUPER_GRUNT=33074;CHEAT_BRICK_HURT=33075;CHEAT_BRICK_SWALLOW=33076;CHEAT_BRICK_NO_RUNNING=33077;CHEAT_COLOR_GRUNTZ=33078;CHEAT_REGION_MONITOR=33079;CHEAT_REGION_DARK=33080;CHEAT_REGION_WINDOW=33081;CHEAT_ABILITY_FREEZE=33084;CHEAT_ABILITY_HEAL=33085;CHEAT_ABILITY_ZOMBIE=33086;CHEAT_ABILITY_PARTY=33082;CHEAT_ABILITY_TELEPORT=33087;CHEAT_ABILITY_ROLL=33083;CHEAT_DEBUG_FLAG400=33135;CHEAT_WILD_WACKY=32958;CHEAT_WAWA=33141;CHEAT_KEVIN_LAMBERT=32890;CHEAT_KEVIN_LAMBERT_ALT=32891;CHEAT_KEVIN_LAMBERT_ALT2=33350;CHEAT_GOO_PUDDLEZ=33187;CHEAT_FILL_GOO=33188;CHEAT_GRUNT_CREATION=33189;CHEAT_GRUNT_DESTRUCTION=33190;CHEAT_CHEATELSON=33193;CHEAT_PSYCHE=33238;CHEAT_CLEAR_CHEATS=33239;CHEAT_WARP_TROPICZ=33344;CHEAT_WARP_SWEETZ=33345;CHEAT_WARP_ROLLERZ=33346;CHEAT_WARP_HONEY_SHRUNK=33347;CHEAT_WARP_MINIATURE_MASTERZ=33348;CHEAT_WARP_GRUNTZ_IN_SPACE=33349;CHEAT_EXPLOSIONZ=33351;CMD_LOAD_SAVED_GAME=32894;CMD_NO_OP80_8=32952;CMD_MULTI_CONNECT=32983;CMD_LOAD_GAME_DIALOG=32974;CMD_QUICK_SAVE_PROMPT=32975;CMD_QUICK_SAVE=32984;CMD_QUICK_LOAD=32985;CMD_RESTART_LEVEL=33136;CMD_RESTART_WORLD=33137;CMD_RESTART_WORLD_NO_CURSOR=33138;CMD_RESTART_GAME=33139;CMD_WARP_LEVEL1=32781;CMD_DEBUG_WARP_LEVEL37=33098;CMD_DEBUG_WARP_LEVEL38=33099;CMD_DEBUG_WARP_LEVEL39=33100;CMD_DEBUG_WARP_LEVEL40=33101;CMD_DEBUG_WARP_LEVEL1=33102;CMD_DEBUG_WARP_LEVEL2=33103;CMD_DEBUG_WARP_LEVEL3=33104;CMD_DEBUG_WARP_LEVEL4=33105;CMD_DEBUG_WARP_LEVEL5=33106;CMD_DEBUG_WARP_LEVEL6=33107;CMD_DEBUG_WARP_LEVEL7=33108;CMD_DEBUG_WARP_LEVEL8=33109;CMD_DEBUG_WARP_LEVEL9=33110;CMD_DEBUG_WARP_LEVEL10=33111;CMD_DEBUG_WARP_LEVEL11=33112;CMD_DEBUG_WARP_LEVEL12=33113;CMD_DEBUG_WARP_LEVEL13=33114;CMD_DEBUG_WARP_LEVEL14=33115;CMD_DEBUG_WARP_LEVEL15=33116;CMD_DEBUG_WARP_LEVEL16=33117;CMD_DEBUG_WARP_LEVEL17=33118;CMD_DEBUG_WARP_LEVEL18=33119;CMD_DEBUG_WARP_LEVEL19=33120;CMD_DEBUG_WARP_LEVEL20=33121;CMD_DEBUG_WARP_LEVEL21=33122;CMD_DEBUG_WARP_LEVEL22=33123;CMD_DEBUG_WARP_LEVEL23=33124;CMD_DEBUG_WARP_LEVEL24=33125;CMD_DEBUG_WARP_LEVEL25=33126;CMD_DEBUG_WARP_LEVEL26=33127;CMD_DEBUG_WARP_LEVEL27=33128;CMD_DEBUG_WARP_LEVEL28=33129;CMD_DEBUG_WARP_LEVEL29=33130;CMD_DEBUG_WARP_LEVEL30=33131;CMD_DEBUG_WARP_LEVEL31=33132;CMD_DEBUG_WARP_LEVEL32=33133;CMD_WEB_SITE=32824;CMD_MULTI_JOIN=32978;CMD_MULTI_HOST=32979;CMD_MAIN_MENU=32803;CMD_SHOW_CREDITS=32896;CMD_SHOW_BOOTY=32912;CMD_NEXT_STATE=32822;CMD_SHOW_HELP=32801;CMD_ATTRACT=32807;CMD_RETURN_TO_ATTRACT=32809;CMD_SHOW_STATE0=32939;CMD_SHOW_STATE07=32802;CMD_PAUSE_TOGGLE=32775;CMD_FINISH_LEVEL=33134;CMD_PRESENT_WORLD=32900;CMD_LOBBY_RESET=32951;CMD_EXIT_TO_ATTRACT=32782;CMD_CAPTURE_WORLD=32834;CMD_NEXT_LEVEL=32885;CMD_PREV_LEVEL=32783;CMD_RETURN_TO_MENU=32774;CMD_QUIT=32776;CMD_SHOW_BOOTY_STATE=32821;CMD_CONFIG_SETTINGS=32994;CMD_TOGGLE_MUSIC=32778;CMD_TOGGLE_SOUND=32777;CMD_RESTORE_VIDEO_MODE=32812;CMD_NEXT_RESOLUTION=32810;CMD_PREVIOUS_RESOLUTION=32811;CMD_SCREENSHOT=32880;CMD_RELOAD_LEVEL=32875;CMD_DEBUG_WARP_LEVEL101=33206;CMD_DEBUG_WARP_LEVEL102=33207;CMD_DEBUG_WARP_LEVEL103=33208;CMD_DEBUG_WARP_LEVEL104=33209;CMD_DEBUG_WARP_LEVEL105=33210;CMD_DEBUG_WARP_LEVEL106=33211;CMD_DEBUG_WARP_LEVEL107=33212;CMD_DEBUG_WARP_LEVEL108=33213;CMD_DEBUG_WARP_LEVEL109=33214;CMD_DEBUG_WARP_LEVEL110=33215;CMD_DEBUG_WARP_LEVEL111=33216;CMD_DEBUG_WARP_LEVEL112=33217;CMD_DEBUG_WARP_LEVEL113=33218;CMD_DEBUG_WARP_LEVEL114=33219;CMD_DEBUG_WARP_LEVEL115=33220;CMD_DEBUG_WARP_LEVEL116=33221;CMD_DEBUG_WARP_LEVEL117=33222;CMD_DEBUG_WARP_LEVEL118=33223;CMD_DEBUG_WARP_LEVEL119=33224;CMD_DEBUG_WARP_LEVEL120=33225;CMD_DEBUG_WARP_LEVEL121=33226;CMD_DEBUG_WARP_LEVEL122=33227;CMD_DEBUG_WARP_LEVEL123=33228;CMD_DEBUG_WARP_LEVEL124=33229;CMD_DEBUG_WARP_LEVEL125=33230;CMD_DEBUG_WARP_LEVEL126=33231;CMD_DEBUG_WARP_LEVEL127=33232;CMD_DEBUG_WARP_LEVEL128=33233;CMD_DEBUG_WARP_LEVEL129=33234;CMD_DEBUG_WARP_LEVEL130=33235;CMD_DEBUG_WARP_LEVEL131=33236;CMD_DEBUG_WARP_LEVEL132=33237	retain	include/Gruntz/GruntzCommandId.h:GruntzCommandId		All evaluated equal-value and overlapping-domain rows were reviewed; GruntzCommandId has distinct producers, consumers, or encoding and does not transport another enum's values.
include/Gruntz/HealthPct.h:HealthPct	HEALTH_EMPTY=0;HEALTH_RESPAWN=25;HEALTH_FULL=100	retain	include/Gruntz/HealthPct.h:HealthPct		All evaluated equal-value and overlapping-domain rows were reviewed; HealthPct has distinct producers, consumers, or encoding and does not transport another enum's values.
include/Gruntz/ImageSets.h:TileImageSetKind	TILE_IMAGESET_UNIFORM=1;TILE_IMAGESET_RECT=2;TILE_IMAGESET_PIXELS=3	retain	include/Gruntz/ImageSets.h:TileImageSetKind		All evaluated equal-value and overlapping-domain rows were reviewed; TileImageSetKind has distinct producers, consumers, or encoding and does not transport another enum's values.
include/Gruntz/InGameIcon.h:InGameIconGlitter	ICON_GLITTER_NONE=0;ICON_GLITTER_CURSE_GREEN=1;ICON_GLITTER_POWERUP_RED=2	retain	include/Gruntz/InGameIcon.h:InGameIconGlitter		All evaluated equal-value and overlapping-domain rows were reviewed; InGameIconGlitter has distinct producers, consumers, or encoding and does not transport another enum's values.
include/Gruntz/InGameIcon.h:InGameTextVisibility	INGAME_TEXT_ALWAYS=0;INGAME_TEXT_EASY_ONLY=1;INGAME_TEXT_NORMAL_ONLY=2	retain	include/Gruntz/InGameIcon.h:InGameTextVisibility		All evaluated equal-value and overlapping-domain rows were reviewed; InGameTextVisibility has distinct producers, consumers, or encoding and does not transport another enum's values.
include/Gruntz/InputDeviceSel.h:InputDeviceSel	INPUTDEV_NONE=0;INPUTDEV_KEYBOARD=1;INPUTDEV_JOYSTICK1=2;INPUTDEV_JOYSTICK2=3;INPUTDEV_JOYSTICK3=4;INPUTDEV_JOYSTICK4=5;INPUTDEV_SELECTABLE_END=6;INPUTDEV_KEYBOARD_JOYSTICK1=6;INPUTDEV_KEYBOARD_MOUSE=7;INPUTDEV_KEYBOARD_JOYSTICK1_MOUSE=8	retain	include/Gruntz/InputDeviceSel.h:InputDeviceSel		All evaluated equal-value and overlapping-domain rows were reviewed; InputDeviceSel has distinct producers, consumers, or encoding and does not transport another enum's values.
include/Gruntz/InputState.h:InputDirectionBits	INPUT_DIRECTION_LEFT=1;INPUT_DIRECTION_RIGHT=2;INPUT_DIRECTION_UP=4;INPUT_DIRECTION_DOWN=8	retain	include/Gruntz/InputState.h:InputDirectionBits		All evaluated equal-value and overlapping-domain rows were reviewed; InputDirectionBits has distinct producers, consumers, or encoding and does not transport another enum's values.
include/Gruntz/LevelArea.h:LevelArea	AREA_ROCKY_ROADZ=1;AREA_GRUNTZICLEZ=2;AREA_TROUBLE_IN_THE_TROPICZ=3;AREA_HIGH_ON_SWEETZ=4;AREA_HIGH_ROLLERZ=5;AREA_HONEY_I_SHRUNK_THE_GRUNTZ=6;AREA_MINIATURE_MASTERZ=7;AREA_GRUNTZ_IN_SPACE=8;AREA_LAST=8;AREA_COUNT=8;AREA_TILESET_A_LAST=4;AREA_TILESET_B_FIRST=5	retain	include/Gruntz/LevelArea.h:LevelArea		All evaluated equal-value and overlapping-domain rows were reviewed; LevelArea has distinct producers, consumers, or encoding and does not transport another enum's values.
include/Gruntz/LogicRecordState.h:LogicRecordState	LOGICREC_INIT=0;LOGICREC_OP_1D=29;LOGICREC_OP_1E=30;LOGICREC_OP_50=80;LOGICREC_OP_51=81;LOGICREC_OP_52=82;LOGICREC_OP_53=83;LOGICREC_BUILT=1000	retain	include/Gruntz/LogicRecordState.h:LogicRecordState		All evaluated equal-value and overlapping-domain rows were reviewed; LogicRecordState has distinct producers, consumers, or encoding and does not transport another enum's values.
include/Gruntz/LogicTypeId.h:LogicTypeId	LOGIC_NONE=-1;LOGIC_UNSET=0;LOGIC_STATUSBARSPRITE=1023;LOGIC_TILETRIGGERSWITCH=1024;LOGIC_TILETRIGGER=1025;LOGIC_CHECKPOINTTRIGGER=1026;LOGIC_TILESECRETTRIGGER=1027;LOGIC_COVEREDPOWERUP=1028;LOGIC_GIANTROCK=1030;LOGIC_BOOMERANG=1043;LOGIC_ANICYCLE=1002;LOGIC_DONOTHING=1004;LOGIC_FRONTCANDY=1007;LOGIC_BEHINDCANDY=1008;LOGIC_EYECANDY=1009;LOGIC_BEHINDCANDYANI=1011;LOGIC_EYECANDYANI=1012;LOGIC_EXITTRIGGER=1015;LOGIC_TELEPORTER=1020;LOGIC_TILETRIGGERTRANSITION=1029;LOGIC_BRICKZ=1033;LOGIC_OBJECTDROPPER=1039;LOGIC_GRUNTSTAMINASPRITE=1040;LOGIC_GRUNTTOYTIMESPRITE=1041;LOGIC_STATICHAZARD=1046;LOGIC_GRUNTWINGZTIMESPRITE=1047;LOGIC_TOOBSPIKEZ=1048;LOGIC_PARTICLEZ=1052;LOGIC_SPOTLIGHT=1053;LOGIC_WAYPOINT=1056;LOGIC_ACTIONAREA=1059;LOGIC_PATHHAZARD=1060;LOGIC_RAINCLOUD=1061;LOGIC_UFO=1062;LOGIC_VOICETRIGGER=1067;LOGIC_FORTRESSFLAG=1063;LOGIC_TOYPEEK=1064;LOGIC_WARPSTONEPAD=1065;LOGIC_GUARDPOINT=1066;LOGIC_GRUNT=1000;LOGIC_ROLLINGBALL=1001;LOGIC_SINGLEFRAMEMESSAGE=1003;LOGIC_DONOTHINGNORMAL=1005;LOGIC_SIMPLEANIMATION=1006;LOGIC_FRONTCANDYANI=1010;LOGIC_MENUSPARKLE=1013;LOGIC_GRUNTSTARTINGPOINT=1014;LOGIC_GRUNTCREATIONPOINT=1016;LOGIC_WORMHOLE=1018;LOGIC_GRUNTPUDDLE=1019;LOGIC_CURSORSNAPSPRITE=1021;LOGIC_LEVELTIME=1022;LOGIC_INGAMEICON=1031;LOGIC_INGAMETEXT=1032;LOGIC_GRUNTSELECTEDSPRITE=1034;LOGIC_GRUNTHEALTHSPRITE=1035;LOGIC_GRUNTTOYSPRITE=1036;LOGIC_LIGHTFX=1037;LOGIC_PROJECTILE=1042;LOGIC_DROPPEDOBJECT=1044;LOGIC_DROPPEDOBJECTSHADOW=1045;LOGIC_TIMEBOMB=1049;LOGIC_GRUNTPOWERUPSPRITE=1050;LOGIC_EXPLOSION=1051;LOGIC_SECRETTELEPORTERTRIGGER=1054;LOGIC_KITCHENSLIME=1055;LOGIC_SINGLEANIMATION=1057;LOGIC_WARLORD=1058;LOGIC_SECRETLEVELTRIGGER=1068	retain	include/Gruntz/LogicTypeId.h:LogicTypeId		All evaluated equal-value and overlapping-domain rows were reviewed; LogicTypeId has distinct producers, consumers, or encoding and does not transport another enum's values.
include/Gruntz/MapCellFlags.h:MapCellFlags	CELL_FLAG_SPECIAL=2;CELL_FLAG_REVEALED_POWERUP=64;CELL_FLAG_GAUNTLET_BRICK=16384;CELL_FLAG_HIDDEN_POWERUP=32768;CELL_FLAG_COVERED_POWERUP=65536;CELL_FLAG_CLAIM_VISITED=131072	retain	include/Gruntz/MapCellFlags.h:MapCellFlags		All evaluated equal-value and overlapping-domain rows were reviewed; MapCellFlags has distinct producers, consumers, or encoding and does not transport another enum's values.
include/Gruntz/MenuItem.h:MenuItemFlags	MENU_ITEM_FLAGS_NONE=0;MENU_ITEM_INITIAL_DISABLED=1;MENU_ITEM_HOLD_FINAL_ANIMATION_FRAME=65536	retain	include/Gruntz/MenuItem.h:MenuItemFlags		All evaluated equal-value and overlapping-domain rows were reviewed; MenuItemFlags has distinct producers, consumers, or encoding and does not transport another enum's values.
include/Gruntz/MenuItemState.h:MenuItemState	MENUSTATE_NORMAL=1;MENUSTATE_SELECTED=2;MENUSTATE_DISABLED=3	retain	include/Gruntz/MenuItemState.h:MenuItemState		All evaluated equal-value and overlapping-domain rows were reviewed; MenuItemState has distinct producers, consumers, or encoding and does not transport another enum's values.
include/Gruntz/MenuPage.h:MenuPageFlags	MENU_PAGE_FLAGS_NONE=0;MENU_PAGE_FORCE_WRAP=1;MENU_PAGE_DISABLE_WRAP=2;MENU_PAGE_MULTI_COLUMN=4;MENU_PAGE_HIDE_FOCUS_CURSORS=8	retain	include/Gruntz/MenuPage.h:MenuPageFlags		All evaluated equal-value and overlapping-domain rows were reviewed; MenuPageFlags has distinct producers, consumers, or encoding and does not transport another enum's values.
include/Gruntz/Minimap.h:MinimapTileColor	MINIMAP_TILE_COLOR_COUNT=500	retain	include/Gruntz/Minimap.h:MinimapTileColor		All evaluated equal-value and overlapping-domain rows were reviewed; MinimapTileColor has distinct producers, consumers, or encoding and does not transport another enum's values.
include/Gruntz/Minimap.h:MinimapLayout	MINIMAP_COMBAT_BLINK_PHASE_MS=50;MINIMAP_MAX_CELL_SCALE=3;MINIMAP_SNAP_MARGIN_PX=32;MINIMAP_BORDER_COLOR_16=65535	retain	include/Gruntz/Minimap.h:MinimapLayout		All evaluated equal-value and overlapping-domain rows were reviewed; MinimapLayout has distinct producers, consumers, or encoding and does not transport another enum's values.
include/Gruntz/MotionState.h:EInlineBase	INLINE_BASE=0	retain	include/Gruntz/MotionState.h:EInlineBase		All evaluated equal-value and overlapping-domain rows were reviewed; EInlineBase has distinct producers, consumers, or encoding and does not transport another enum's values.
include/Gruntz/MovieEntryId.h:MovieEntryId	MOVIE_ENTRY_LOGO=1;MOVIE_ENTRY_INTRO=2;MOVIE_ENTRY_ENDING=3;MOVIE_ENTRY_FIRST=1;MOVIE_ENTRY_LAST=3	retain	include/Gruntz/MovieEntryId.h:MovieEntryId		All evaluated equal-value and overlapping-domain rows were reviewed; MovieEntryId has distinct producers, consumers, or encoding and does not transport another enum's values.
include/Gruntz/MovieId.h:MovieId	MOVIE_LOGO=-1;MOVIE_GRUNTZ0=0;MOVIE_GRUNTZ1=2;MOVIE_GRUNTZ2=4;MOVIE_GRUNTZ3=6;MOVIE_GRUNTZ4=8;MOVIE_GRUNTZ5=10;MOVIE_GRUNTZ6=12;MOVIE_GRUNTZ7=13;MOVIE_GRUNTZ8=14	retain	include/Gruntz/MovieId.h:MovieId		All evaluated equal-value and overlapping-domain rows were reviewed; MovieId has distinct producers, consumers, or encoding and does not transport another enum's values.
include/Gruntz/MovingDeathTileId.h:MovingDeathTileSetAId	MOVING_DEATH_A_SE_1=104;MOVING_DEATH_A_S_1=105;MOVING_DEATH_A_S_2=106;MOVING_DEATH_A_SW_1=107;MOVING_DEATH_A_SE_2=108;MOVING_DEATH_A_SE_3=109;MOVING_DEATH_A_SW_2=112;MOVING_DEATH_A_SW_3=113;MOVING_DEATH_A_E_1=115;MOVING_DEATH_A_W_1=120;MOVING_DEATH_A_E_2=123;MOVING_DEATH_A_W_2=128;MOVING_DEATH_A_NE_1=130;MOVING_DEATH_A_NE_2=131;MOVING_DEATH_A_NW_1=134;MOVING_DEATH_A_NW_2=135;MOVING_DEATH_A_NE_3=136;MOVING_DEATH_A_N_1=137;MOVING_DEATH_A_N_2=138;MOVING_DEATH_A_NW_3=139	retain	include/Gruntz/MovingDeathTileId.h:MovingDeathTileSetAId		All evaluated equal-value and overlapping-domain rows were reviewed; MovingDeathTileSetAId has distinct producers, consumers, or encoding and does not transport another enum's values.
include/Gruntz/MovingDeathTileId.h:MovingDeathTileSetBId	MOVING_DEATH_B_SE_1=99;MOVING_DEATH_B_SE_2=100;MOVING_DEATH_B_S_1=101;MOVING_DEATH_B_S_2=102;MOVING_DEATH_B_SW_1=103;MOVING_DEATH_B_SW_2=104;MOVING_DEATH_B_SE_3=105;MOVING_DEATH_B_SE_4=106;MOVING_DEATH_B_SE_5=107;MOVING_DEATH_B_SW_3=108;MOVING_DEATH_B_SW_4=109;MOVING_DEATH_B_SW_5=110;MOVING_DEATH_B_E_1=111;MOVING_DEATH_B_E_2=112;MOVING_DEATH_B_SE_6=113;MOVING_DEATH_B_SW_6=116;MOVING_DEATH_B_W_1=117;MOVING_DEATH_B_W_2=118;MOVING_DEATH_B_E_3=119;MOVING_DEATH_B_E_4=120;MOVING_DEATH_B_NE_1=121;MOVING_DEATH_B_NW_1=124;MOVING_DEATH_B_W_3=125;MOVING_DEATH_B_W_4=126;MOVING_DEATH_B_NE_2=127;MOVING_DEATH_B_NE_3=128;MOVING_DEATH_B_NE_4=129;MOVING_DEATH_B_NW_2=130;MOVING_DEATH_B_NW_3=131;MOVING_DEATH_B_NW_4=132;MOVING_DEATH_B_NE_5=133;MOVING_DEATH_B_N_1=134;MOVING_DEATH_B_N_2=135;MOVING_DEATH_B_N_3=136;MOVING_DEATH_B_N_4=137;MOVING_DEATH_B_NW_5=138	retain	include/Gruntz/MovingDeathTileId.h:MovingDeathTileSetBId		All evaluated equal-value and overlapping-domain rows were reviewed; MovingDeathTileSetBId has distinct producers, consumers, or encoding and does not transport another enum's values.
include/Gruntz/MovingLogic.h:EGruntScale	GRUNT_SCALE=0	retain	include/Gruntz/MovingLogic.h:EGruntScale		All evaluated equal-value and overlapping-domain rows were reviewed; EGruntScale has distinct producers, consumers, or encoding and does not transport another enum's values.
include/Gruntz/MultiStartDlg.h:MultiplayerPlayerKind	MULTI_PLAYER_SLOT_CLOSED=0;MULTI_PLAYER_COMPUTER_EASY=1;MULTI_PLAYER_COMPUTER_NORMAL=2;MULTI_PLAYER_COMPUTER_DIFFICULT=3;MULTI_PLAYER_HUMAN=4	retain	include/Gruntz/MultiStartDlg.h:MultiplayerPlayerKind		All evaluated equal-value and overlapping-domain rows were reviewed; MultiplayerPlayerKind has distinct producers, consumers, or encoding and does not transport another enum's values.
include/Gruntz/MultiStartDlgCtrlId.h:MultiStartDlgCtrlId	IDC_MULTI_CUSTOM_WORLD=1067;IDC_MULTI_CHAT_INPUT=1069;IDC_MULTI_ECHO_LATENCY=1257;IDC_MULTI_WORLD=1279;IDC_MULTI_CHAT_LOG=1297;IDC_MULTI_GAME_NAME=1298;IDC_MULTI_LATENCY=1319	retain	include/Gruntz/MultiStartDlgCtrlId.h:MultiStartDlgCtrlId		All evaluated equal-value and overlapping-domain rows were reviewed; MultiStartDlgCtrlId has distinct producers, consumers, or encoding and does not transport another enum's values.
include/Gruntz/ObjectDropper.h:ObjectDropScope	OBJECT_DROP_ALL_PLAYERS=0;OBJECT_DROP_PLAYER_ZERO_ONLY=1	retain	include/Gruntz/ObjectDropper.h:ObjectDropScope		All evaluated equal-value and overlapping-domain rows were reviewed; ObjectDropScope has distinct producers, consumers, or encoding and does not transport another enum's values.
include/Gruntz/PathBuffer.h:GruntzPathBuffer	GRUNTZ_PATH_BUFFER_SIZE=256;GRUNTZ_PATH_BUFFER_MAX_CHARS=255	retain	include/Gruntz/PathBuffer.h:GruntzPathBuffer		All evaluated equal-value and overlapping-domain rows were reviewed; GruntzPathBuffer has distinct producers, consumers, or encoding and does not transport another enum's values.
include/Gruntz/PickupType.h:PickupType	PICKUP_INVALID=-1;PICKUP_NONE=0;PICKUP_BOMB=1;PICKUP_EQUIPPABLE_FIRST=1;PICKUP_BOOMERANG=2;PICKUP_BRICK=3;PICKUP_CLUB=4;PICKUP_GAUNTLETZ=5;PICKUP_GLOVEZ=6;PICKUP_GOOBER=7;PICKUP_GRAVITYBOOTZ=8;PICKUP_GUNHAT=9;PICKUP_NERFGUN=10;PICKUP_ROCK=11;PICKUP_SHIELD=12;PICKUP_SHOVEL=13;PICKUP_SPRING=14;PICKUP_SPY=15;PICKUP_SWORD=16;PICKUP_TIMEBOMB=17;PICKUP_MOVEICON_END=17;PICKUP_TOOB=18;PICKUP_WAND=19;PICKUP_WARPSTONE=20;PICKUP_WELDER=21;PICKUP_WINGZ=22;PICKUP_EQUIPPABLE_LAST=22;PICKUP_BABYWALKER=23;PICKUP_TOYZ_FIRST=23;PICKUP_EQUIPPABLE_END=23;PICKUP_BEACHBALL=24;PICKUP_BIGWHEEL=25;PICKUP_GOKART=26;PICKUP_JACKINTHEBOX=27;PICKUP_JUMPROPE=28;PICKUP_POGOSTICK=29;PICKUP_SCROLL=30;PICKUP_SQUEAKTOY=31;PICKUP_YOYO=32;PICKUP_TOYZ_LAST=32;PICKUP_BARE_HANDS_ICON=33;PICKUP_BROWNBRICK=34;PICKUP_BRICKZ_FIRST=34;PICKUP_REDBRICK=35;PICKUP_COLORBRICK_FIRST=35;PICKUP_BLUEBRICK=36;PICKUP_GOLDBRICK=37;PICKUP_BLACKBRICK=38;PICKUP_BRICKZ_LAST=38;PICKUP_MEGAPHONE=50;PICKUP_POWERUPZ_FIRST=50;PICKUP_HEALTH1=51;PICKUP_HEALTH2=52;PICKUP_HEALTH3=53;PICKUP_GHOST=54;PICKUP_TIMEDPOWERUP_FIRST=54;PICKUP_SUPERSPEED=55;PICKUP_INVULNERABILITY=56;PICKUP_CONVERSION=57;PICKUP_DEATHTOUCH=58;PICKUP_ROIDZ=59;PICKUP_REACTIVEARMOR=60;PICKUP_TIMEDPOWERUP_LAST=60;PICKUP_POWERUPZ_LAST=60;PICKUP_RANDOMCOLORZ=61;PICKUP_CURSEZ_FIRST=61;PICKUP_SCREENSHAKE=62;PICKUP_BLACKSCREEN=63;PICKUP_MINICAM=64;PICKUP_CURSEZ_LAST=64;PICKUP_STOPWATCH=75;PICKUP_COIN=80;PICKUP_TOYBOX=85;PICKUP_W=90;PICKUP_A=91;PICKUP_R=92;PICKUP_P=93;PICKUP_HELPBOX=94;PICKUP_COVEREDTIMEBOMB=99;GRUNT_NORMAL=0;GRUNT_BOMB=1;GRUNT_BOOMERANG=2;GRUNT_BRICK=3;GRUNT_CLUB=4;GRUNT_GAUNTLETZ=5;GRUNT_GLOVEZ=6;GRUNT_GOOBER=7;GRUNT_GRAVITYBOOTZ=8;GRUNT_GUNHAT=9;GRUNT_NERFGUN=10;GRUNT_ROCK=11;GRUNT_SHIELD=12;GRUNT_SHOVEL=13;GRUNT_SPRING=14;GRUNT_SPY=15;GRUNT_SWORD=16;GRUNT_TIMEBOMB=17;GRUNT_TOOB=18;GRUNT_WAND=19;GRUNT_WARPSTONE=20;GRUNT_WELDER=21;GRUNT_WINGZ=22;GRUNT_BABYWALKER=23;GRUNT_BEACHBALL=24;GRUNT_BIGWHEEL=25;GRUNT_GOKART=26;GRUNT_JACKINTHEBOX=27;GRUNT_JUMPROPE=28;GRUNT_POGOSTICK=29;GRUNT_SCROLL=30;GRUNT_SQUEAKTOY=31;GRUNT_YOYO=32;GRUNT_GHOST=54;GRUNT_SUPERSPEED=55;GRUNT_INVULNERABLE=56;GRUNT_CONVERSION=57;GRUNT_DEATHTOUCH=58;GRUNT_ROIDZ=59;GRUNT_REACTIVEARMOR=60;GRUNT_HAREKRISHNA=57;GRUNT_REAPER=58	retain	include/Gruntz/PickupType.h:PickupType		All evaluated equal-value and overlapping-domain rows were reviewed; PickupType has distinct producers, consumers, or encoding and does not transport another enum's values.
include/Gruntz/PlayHudLayoutPx.h:PlayHudLayoutPx	STATUSBAR_WIDTH_PX=160;TIMER_ORIGIN_X_PX=585;TIMER_ORIGIN_X_STATUSBAR_RIGHT_PX=425;TIMER_ORIGIN_Y_PX=458	retain	include/Gruntz/PlayHudLayoutPx.h:PlayHudLayoutPx		All evaluated equal-value and overlapping-domain rows were reviewed; PlayHudLayoutPx has distinct producers, consumers, or encoding and does not transport another enum's values.
include/Gruntz/PlayIntervalMs.h:PlayIntervalMs	CUE_INTERVAL_MS=500;BOOTY_INTERVAL_MS=10000;REGION_INTERVAL_MS=30000;FIXED_SUBSTEP_MS=18;AMBIENT_INTRO_INTERVAL_MS=8000;MS_PER_SECOND=1000	reuse	include/Gruntz/PlayIntervalMs.h:PlayIntervalMs;include/Utils/MillisPer.h:MillisPer	MS_PER_SECOND=include/Utils/MillisPer.h:MillisPer::MILLIS_PER_SECOND	Play-specific intervals remain local; the seconds conversion now uses the project-wide millisecond unit constant.
include/Gruntz/PlayStringId.h:PlayStringId	IDS_CONTINUE_PROMPT=33064;IDS_LEVEL_TITLE_AREA1_STAGE1=33143;IDS_LEVEL_TITLE_AREA1_STAGE2=33144;IDS_LEVEL_TITLE_AREA1_STAGE3=33145;IDS_LEVEL_TITLE_AREA1_STAGE4=33146;IDS_LEVEL_TITLE_AREA2_STAGE1=33147;IDS_LEVEL_TITLE_AREA2_STAGE2=33148;IDS_LEVEL_TITLE_AREA2_STAGE3=33149;IDS_LEVEL_TITLE_AREA2_STAGE4=33150;IDS_LEVEL_TITLE_AREA3_STAGE1=33151;IDS_LEVEL_TITLE_AREA3_STAGE2=33152;IDS_LEVEL_TITLE_AREA3_STAGE3=33153;IDS_LEVEL_TITLE_AREA3_STAGE4=33154;IDS_LEVEL_TITLE_AREA4_STAGE1=33155;IDS_LEVEL_TITLE_AREA4_STAGE2=33156;IDS_LEVEL_TITLE_AREA4_STAGE3=33157;IDS_LEVEL_TITLE_AREA4_STAGE4=33158;IDS_LEVEL_TITLE_AREA5_STAGE1=33159;IDS_LEVEL_TITLE_AREA5_STAGE2=33160;IDS_LEVEL_TITLE_AREA5_STAGE3=33161;IDS_LEVEL_TITLE_AREA5_STAGE4=33162;IDS_LEVEL_TITLE_AREA6_STAGE1=33163;IDS_LEVEL_TITLE_AREA6_STAGE2=33164;IDS_LEVEL_TITLE_AREA6_STAGE3=33165;IDS_LEVEL_TITLE_AREA6_STAGE4=33166;IDS_LEVEL_TITLE_AREA7_STAGE1=33167;IDS_LEVEL_TITLE_AREA7_STAGE2=33168;IDS_LEVEL_TITLE_AREA7_STAGE3=33169;IDS_LEVEL_TITLE_AREA7_STAGE4=33170;IDS_LEVEL_TITLE_AREA8_STAGE1=33171;IDS_LEVEL_TITLE_AREA8_STAGE2=33172;IDS_LEVEL_TITLE_AREA8_STAGE3=33173;IDS_LEVEL_TITLE_AREA8_STAGE4=33174;IDS_LEVEL_TITLE_TRAINING_STAGE1=33175;IDS_LEVEL_TITLE_TRAINING_STAGE2=33176;IDS_LEVEL_TITLE_TRAINING_STAGE3=33177;IDS_LEVEL_TITLE_TRAINING_STAGE4=33178;IDS_LOADING=33179;IDS_MULTIPLAYER_LEVEL=33180;IDS_CUSTOM_MULTIPLAYER_LEVEL=33181;IDS_BATTLEZ_LEVEL=33182;IDS_CUSTOM_BATTLEZ_LEVEL=33183;IDS_CUSTOM_QUEST_LEVEL=33184;IDS_QUEST_LEVEL=33185;IDS_TRAINING_STAGE1=33186;IDS_TRAINING_STAGE2=33187;IDS_TRAINING_STAGE3=33188;IDS_TRAINING_STAGE4=33189;IDS_PLEASE_WAIT=33193;IDS_TRAINING_WORLD_NAME=33195;IDS_SECRET_LEVEL_STAGE=33196;IDS_SECRET_LEVEL_TITLE=33197;IDS_AREA1_TITLE=33198;IDS_AREA2_TITLE=33199;IDS_AREA3_TITLE=33200;IDS_AREA4_TITLE=33201;IDS_AREA5_TITLE=33202;IDS_AREA6_TITLE=33203;IDS_AREA7_TITLE=33204;IDS_AREA8_TITLE=33205	retain	include/Gruntz/PlayStringId.h:PlayStringId		All evaluated equal-value and overlapping-domain rows were reviewed; PlayStringId has distinct producers, consumers, or encoding and does not transport another enum's values.
include/Gruntz/PlayerCommandKind.h:PlayerCommandKind	PLAYERCMD_PLACE_GRUNT=0;PLAYERCMD_MOVE=2;PLAYERCMD_USE_TOOL_AT_POINT=3;PLAYERCMD_USE_TOY_AT_POINT=4;PLAYERCMD_STOP=5;PLAYERCMD_GUARD_BEGIN=6;PLAYERCMD_GUARD_END=7;PLAYERCMD_GIVE_TOOL=8;PLAYERCMD_USE_TOOL_ON_GRUNT=9;PLAYERCMD_USE_TOY_ON_GRUNT=10	retain	include/Gruntz/PlayerCommandKind.h:PlayerCommandKind		All evaluated equal-value and overlapping-domain rows were reviewed; PlayerCommandKind has distinct producers, consumers, or encoding and does not transport another enum's values.
include/Gruntz/PlayerSlot.h:PlayerSlot	PLAYER_SLOT_0=0;PLAYER_SLOT_1=1;PLAYER_SLOT_2=2;PLAYER_SLOT_3=3;PLAYER_SLOT_ALL=5	canonical	include/Gruntz/PlayerSlot.h:PlayerSlot		History and consumers identify one four-player slot domain plus the all-player selector shared by dialogs, maps, triggers, and networking.
include/Gruntz/PlayerSlot.h:PlayerSlotConstants	PLAYER_SLOT_COUNT=4	canonical	include/Gruntz/PlayerSlot.h:PlayerSlotConstants		This is the shared bound for the canonical PlayerSlot domain.
include/Gruntz/Projectile.h:<anonymous:PF_IMPACT>	PF_IMPACT=5;PF_FALL=6	retain	include/Gruntz/Projectile.h:<anonymous:PF_IMPACT>		All evaluated equal-value and overlapping-domain rows were reviewed; PF_IMPACT> has distinct producers, consumers, or encoding and does not transport another enum's values.
include/Gruntz/QuestLevel.h:QuestLevel	QUESTLEVEL_NONE=0;QUESTLEVEL_AREA1_STAGE1=1;QUESTLEVEL_AREA1_STAGE2=2;QUESTLEVEL_AREA1_STAGE3=3;QUESTLEVEL_AREA1_STAGE4=4;QUESTLEVEL_AREA2_STAGE1=5;QUESTLEVEL_AREA2_STAGE2=6;QUESTLEVEL_AREA2_STAGE3=7;QUESTLEVEL_AREA2_STAGE4=8;QUESTLEVEL_AREA3_STAGE1=9;QUESTLEVEL_AREA3_STAGE2=10;QUESTLEVEL_AREA3_STAGE3=11;QUESTLEVEL_AREA3_STAGE4=12;QUESTLEVEL_AREA4_STAGE1=13;QUESTLEVEL_AREA4_STAGE2=14;QUESTLEVEL_AREA4_STAGE3=15;QUESTLEVEL_AREA4_STAGE4=16;QUESTLEVEL_AREA5_STAGE1=17;QUESTLEVEL_AREA5_STAGE2=18;QUESTLEVEL_AREA5_STAGE3=19;QUESTLEVEL_AREA5_STAGE4=20;QUESTLEVEL_AREA6_STAGE1=21;QUESTLEVEL_AREA6_STAGE2=22;QUESTLEVEL_AREA6_STAGE3=23;QUESTLEVEL_AREA6_STAGE4=24;QUESTLEVEL_AREA7_STAGE1=25;QUESTLEVEL_AREA7_STAGE2=26;QUESTLEVEL_AREA7_STAGE3=27;QUESTLEVEL_AREA7_STAGE4=28;QUESTLEVEL_AREA8_STAGE1=29;QUESTLEVEL_AREA8_STAGE2=30;QUESTLEVEL_AREA8_STAGE3=31;QUESTLEVEL_AREA8_STAGE4=32;QUESTLEVEL_RESERVED_33=33;QUESTLEVEL_RESERVED_34=34;QUESTLEVEL_RESERVED_35=35;QUESTLEVEL_RESERVED_36=36;QUESTLEVEL_AREA1_STAGE1_END=1;QUESTLEVEL_AREA1_STAGE2_END=2;QUESTLEVEL_AREA1_STAGE3_END=3;QUESTLEVEL_AREA1_STAGE4_END=4;QUESTLEVEL_AREA2_STAGE1_END=5;QUESTLEVEL_AREA2_STAGE2_END=6;QUESTLEVEL_AREA2_STAGE3_END=7;QUESTLEVEL_AREA2_STAGE4_END=8;QUESTLEVEL_AREA3_STAGE1_END=9;QUESTLEVEL_AREA3_STAGE2_END=10;QUESTLEVEL_AREA3_STAGE3_END=11;QUESTLEVEL_AREA3_STAGE4_END=12;QUESTLEVEL_AREA4_STAGE1_END=13;QUESTLEVEL_AREA4_STAGE2_END=14;QUESTLEVEL_AREA4_STAGE3_END=15;QUESTLEVEL_AREA4_STAGE4_END=16;QUESTLEVEL_AREA5_STAGE1_END=17;QUESTLEVEL_AREA5_STAGE2_END=18;QUESTLEVEL_AREA5_STAGE3_END=19;QUESTLEVEL_AREA5_STAGE4_END=20;QUESTLEVEL_AREA6_STAGE1_END=21;QUESTLEVEL_AREA6_STAGE2_END=22;QUESTLEVEL_AREA6_STAGE3_END=23;QUESTLEVEL_AREA6_STAGE4_END=24;QUESTLEVEL_AREA7_STAGE1_END=25;QUESTLEVEL_AREA7_STAGE2_END=26;QUESTLEVEL_AREA7_STAGE3_END=27;QUESTLEVEL_AREA7_STAGE4_END=28;QUESTLEVEL_AREA8_STAGE1_END=29;QUESTLEVEL_AREA8_STAGE2_END=30;QUESTLEVEL_AREA8_STAGE3_END=31;QUESTLEVEL_AREA8_STAGE4_END=32;QUESTLEVEL_FIRST=1;QUESTLEVEL_CAMPAIGN_LAST=32;QUESTLEVEL_CAMPAIGN_END=33;QUESTLEVEL_LAST=36;QUESTLEVEL_TRAINING_STAGE1=37;QUESTLEVEL_TRAINING_STAGE2=38;QUESTLEVEL_TRAINING_STAGE3=39;QUESTLEVEL_TRAINING_STAGE4=40;QUESTLEVEL_TRAINING_FIRST=37;QUESTLEVEL_TRAINING_LAST=40;QUESTLEVEL_RESTART=41;QUESTLEVEL_TRAINING_END=41;QUESTLEVEL_POST_LAST=41	retain	include/Gruntz/QuestLevel.h:QuestLevel		All evaluated equal-value and overlapping-domain rows were reviewed; QuestLevel has distinct producers, consumers, or encoding and does not transport another enum's values.
include/Gruntz/QuestLevel.h:QuestLevelConstants	QUESTLEVEL_PER_AREA=4	retain	include/Gruntz/QuestLevel.h:QuestLevelConstants		All evaluated equal-value and overlapping-domain rows were reviewed; QuestLevelConstants has distinct producers, consumers, or encoding and does not transport another enum's values.
include/Gruntz/Resolution.h:Resolution	RES_UNSET=0;RES_640X480=1;RES_800X600=2;RES_1024X768=3	retain	include/Gruntz/Resolution.h:Resolution		All evaluated equal-value and overlapping-domain rows were reviewed; Resolution has distinct producers, consumers, or encoding and does not transport another enum's values.
include/Gruntz/Resolution.h:DisplayResolutionPixels	DISPLAY_WIDTH_640=640;DISPLAY_HEIGHT_480=480;DISPLAY_WIDTH_800=800;DISPLAY_HEIGHT_600=600;DISPLAY_WIDTH_1024=1024;DISPLAY_HEIGHT_768=768	retain	include/Gruntz/Resolution.h:DisplayResolutionPixels		All evaluated equal-value and overlapping-domain rows were reviewed; DisplayResolutionPixels has distinct producers, consumers, or encoding and does not transport another enum's values.
include/Gruntz/ResolveNode.h:ENoSeed	NO_SEED=0	retain	include/Gruntz/ResolveNode.h:ENoSeed		All evaluated equal-value and overlapping-domain rows were reviewed; ENoSeed has distinct producers, consumers, or encoding and does not transport another enum's values.
include/Gruntz/ResolveNode.h:EInlineSeed	INLINE_SEED=0	retain	include/Gruntz/ResolveNode.h:EInlineSeed		All evaluated equal-value and overlapping-domain rows were reviewed; EInlineSeed has distinct producers, consumers, or encoding and does not transport another enum's values.
include/Gruntz/ResolveNode.h:EInlineSeed#2	INLINE_SEED=0	retain	include/Gruntz/ResolveNode.h:EInlineSeed#2		All evaluated equal-value and overlapping-domain rows were reviewed; EInlineSeed#2 has distinct producers, consumers, or encoding and does not transport another enum's values.
include/Gruntz/ResolveNode.h:ENoSeed#2	NO_SEED=0	retain	include/Gruntz/ResolveNode.h:ENoSeed#2		All evaluated equal-value and overlapping-domain rows were reviewed; ENoSeed#2 has distinct producers, consumers, or encoding and does not transport another enum's values.
include/Gruntz/RockNeighborMask.h:RockNeighborMask	ROCKADJ_NONE=0;ROCKADJ_BELOW=1;ROCKADJ_ABOVE=2;ROCKADJ_RIGHT=4;ROCKADJ_LEFT=8	retain	include/Gruntz/RockNeighborMask.h:RockNeighborMask		All evaluated equal-value and overlapping-domain rows were reviewed; RockNeighborMask has distinct producers, consumers, or encoding and does not transport another enum's values.
include/Gruntz/SFSelectDevice.h:SoundFontDeviceRating	SF_DEVICE_RATING_UNUSABLE=64	retain	include/Gruntz/SFSelectDevice.h:SoundFontDeviceRating		All evaluated equal-value and overlapping-domain rows were reviewed; SoundFontDeviceRating has distinct producers, consumers, or encoding and does not transport another enum's values.
include/Gruntz/SaveSlotCtrlId.h:SaveSlotCtrlId	CTRL_SAVESLOT_NAME=1037;CTRL_SAVEDLG_SLOT0=1077;CTRL_SAVEDLG_SLOT1=1078;CTRL_SAVEDLG_SLOT2=1079;CTRL_SAVEDLG_SLOT3=1080;CTRL_SAVEDLG_SLOT4=1081;CTRL_SAVEDLG_SLOT5=1082;CTRL_SAVEDLG_SLOT6=1083;CTRL_SAVEDLG_SLOT7=1084;CTRL_SAVEDLG_SLOT8=1085;CTRL_SAVEDLG_SLOT9=1086;CTRL_SAVESLOT_LOAD0=1168;CTRL_SAVESLOT_LOAD1=1169;CTRL_SAVESLOT_LOAD2=1170;CTRL_SAVESLOT_LOAD3=1171;CTRL_SAVESLOT_LOAD4=1172;CTRL_SAVESLOT_LOAD5=1173;CTRL_SAVESLOT_LOAD6=1174;CTRL_SAVESLOT_LOAD7=1175;CTRL_SAVESLOT_LOAD8=1176;CTRL_SAVESLOT_LOAD9=1177;CTRL_SAVESLOT_INFO0=1178;CTRL_SAVESLOT_INFO1=1179;CTRL_SAVESLOT_INFO2=1180;CTRL_SAVESLOT_INFO3=1181;CTRL_SAVESLOT_INFO4=1182;CTRL_SAVESLOT_INFO5=1183;CTRL_SAVESLOT_INFO6=1184;CTRL_SAVESLOT_INFO7=1185;CTRL_SAVESLOT_INFO8=1186;CTRL_SAVESLOT_INFO9=1187;CTRL_SAVESLOT_DELETE0=1188;CTRL_SAVESLOT_DELETE1=1189;CTRL_SAVESLOT_DELETE2=1190;CTRL_SAVESLOT_DELETE3=1191;CTRL_SAVESLOT_DELETE4=1192;CTRL_SAVESLOT_DELETE5=1193;CTRL_SAVESLOT_DELETE6=1194;CTRL_SAVESLOT_DELETE7=1195;CTRL_SAVESLOT_DELETE8=1196;CTRL_SAVESLOT_DELETE9=1197;CTRL_SAVESLOT_PREVIEW_TITLE=1203;CTRL_SAVESLOT_PREVIEW_IMAGE=1309	retain	include/Gruntz/SaveSlotCtrlId.h:SaveSlotCtrlId		All evaluated equal-value and overlapping-domain rows were reviewed; SaveSlotCtrlId has distinct producers, consumers, or encoding and does not transport another enum's values.
include/Gruntz/SbiBeltPhase.h:SbiBeltPhase	BELT_IDLE=1;BELT_IN_MACHINE=2;BELT_SPEWING=3;BELT_DROP_START=4;BELT_FALLING=5;BELT_TRAVELLING=7;BELT_FALLING_OFF=8	retain	include/Gruntz/SbiBeltPhase.h:SbiBeltPhase		All evaluated equal-value and overlapping-domain rows were reviewed; SbiBeltPhase has distinct producers, consumers, or encoding and does not transport another enum's values.
include/Gruntz/SbiCommandId.h:SbiCommandId	SBICMD_NONE=0;SBICMD_TAB_STATZ=1;SBICMD_TAB_FIRST=1;SBICMD_TAB_GRUNTZ=2;SBICMD_TAB_RESOURCE=3;SBICMD_TAB_MULTIPLAYER=4;SBICMD_TAB_GAME=5;SBICMD_TAB_LAST=5;SBICMD_SIDE_TAB_FIRST=11;SBICMD_SIDE_TAB_LAST=25;SBICMD_GRUNT_SLOT_FIRST=100;SBICMD_GRUNT_SLOT_LAST=104;SBICMD_GRUNT_WELL=105;SBICMD_GRUNT_WELL_GOO=106;SBICMD_GRUNT_OVENS_TEXT=107;SBICMD_GRUNT_WELL_TEXT=108;SBICMD_RESOURCE_MAIN_BACKGROUND=200;SBICMD_RESOURCE_UPPER_BACKGROUND=201;SBICMD_RESOURCE_WINDOW_BACKGROUND=202;SBICMD_RESOURCE_BELT_TOOLS=203;SBICMD_RESOURCE_BELT_TOYS=204;SBICMD_RESOURCE_BELT_BRICKS=205;SBICMD_CONVEYOR_TOP=206;SBICMD_CONVEYOR_BOTTOM=208;SBICMD_RESOURCE_MACHINE_BACKGROUND=209;SBICMD_RESOURCE_MACHINE_FOREGROUND=210;SBICMD_RESOURCE_CURRENT_ITEM=223;SBICMD_RESOURCE_FALLING_ITEM=224;SBICMD_MULTIPLAYER_HEAD1=400;SBICMD_MULTIPLAYER_HEAD_FIRST=400;SBICMD_MULTIPLAYER_HEAD2=401;SBICMD_MULTIPLAYER_HEAD3=402;SBICMD_MULTIPLAYER_HEAD4=403;SBICMD_MULTIPLAYER_HEAD_LAST=403;SBICMD_PAUSE=500;SBICMD_LOAD_GAME=501;SBICMD_SAVE_GAME=502;SBICMD_SETTINGS=503;SBICMD_BOOTY_STATE=504;SBICMD_QUIT=505;SBICMD_GAME_TAB=506;SBICMD_MISSION_STATUS=507;SBICMD_DESTRUCT=508;SBICMD_DOCK_LEFT=601;SBICMD_DOCK_FIRST=601;SBICMD_DOCK_RIGHT=602;SBICMD_HIDE=603;SBICMD_TAB_TITLE_TEXT=604;SBICMD_WARPSTONE_BASE=700;SBICMD_WARPSTONE_FRAGMENT1=701;SBICMD_WARPSTONE_FRAGMENT2=702;SBICMD_WARPSTONE_FRAGMENT3=703;SBICMD_WARPSTONE_FRAGMENT4=704;SBICMD_DIALOG_FRAME=801;SBICMD_DIALOG_MISSION_STATUS=802;SBICMD_DIALOG_PRIMARY=804;SBICMD_DIALOG_SECONDARY=805;SBICMD_DIALOG_REASON=806;SBICMD_DIALOG_YES=807;SBICMD_DIALOG_NO=808;SBICMD_STAT_TOGGLE_FIRST=300;SBICMD_STAT_TOGGLE_LAST=314;SBICMD_CURSOR_TARGET_FIRST=315;SBICMD_CURSOR_TARGET_LAST=329;SBICMD_TOOL_RESOURCE_CATEGORY=211;SBICMD_TOOL_RESOURCE_FIRST=211;SBICMD_TOOL_RESOURCE_UPPER=212;SBICMD_TOOL_RESOURCE_MIDDLE=213;SBICMD_TOOL_RESOURCE_LOWER=214;SBICMD_TOOL_RESOURCE_LAST=214;SBICMD_TOY_RESOURCE_CATEGORY=215;SBICMD_TOY_RESOURCE_FIRST=215;SBICMD_TOY_RESOURCE_UPPER=216;SBICMD_TOY_RESOURCE_MIDDLE=217;SBICMD_TOY_RESOURCE_LOWER=218;SBICMD_TOY_RESOURCE_LAST=218;SBICMD_BRICK_RESOURCE_CATEGORY=219;SBICMD_BRICK_RESOURCE_FIRST=219;SBICMD_BRICK_RESOURCE_UPPER=220;SBICMD_BRICK_RESOURCE_MIDDLE=221;SBICMD_BRICK_RESOURCE_LOWER=222;SBICMD_BRICK_RESOURCE_LAST=222	retain	include/Gruntz/SbiCommandId.h:SbiCommandId		All evaluated equal-value and overlapping-domain rows were reviewed; SbiCommandId has distinct producers, consumers, or encoding and does not transport another enum's values.
include/Gruntz/SbiFallingItemState.h:SbiFallingItemState	FALLING_ITEM_INACTIVE=0;FALLING_ITEM_DESCENDING=1;FALLING_ITEM_GRINDING=2	retain	include/Gruntz/SbiFallingItemState.h:SbiFallingItemState		All evaluated equal-value and overlapping-domain rows were reviewed; SbiFallingItemState has distinct producers, consumers, or encoding and does not transport another enum's values.
include/Gruntz/SbiHlRowState.h:SbiHlRowState	HLROW_OFF=0;HLROW_IDLE_CYCLE=1;HLROW_RAMP_UP_LOW=2;HLROW_RAMP_DOWN_LOW=3;HLROW_RAMP_UP_HIGH=4;HLROW_RAMP_DOWN_HIGH=5;HLROW_HOLD_HIGH=6;HLROW_HOLD_LOW=7	retain	include/Gruntz/SbiHlRowState.h:SbiHlRowState		All evaluated equal-value and overlapping-domain rows were reviewed; SbiHlRowState has distinct producers, consumers, or encoding and does not transport another enum's values.
include/Gruntz/SbiMachineState.h:SbiMachineState	MACHINE_STOPPED=0;MACHINE_SNOOZING=1;MACHINE_WAKING=2;MACHINE_TURNING_WHEEL=3;MACHINE_LEVER=4;MACHINE_RIGHT_RUNNING=5;MACHINE_RIGHT_SPEWING=6	retain	include/Gruntz/SbiMachineState.h:SbiMachineState		All evaluated equal-value and overlapping-domain rows were reviewed; SbiMachineState has distinct producers, consumers, or encoding and does not transport another enum's values.
include/Gruntz/SbiMachineState.h:SbiMachineFrame	MACHINE_LEVER_RELEASE_FRAME=38	retain	include/Gruntz/SbiMachineState.h:SbiMachineFrame		All evaluated equal-value and overlapping-domain rows were reviewed; SbiMachineFrame has distinct producers, consumers, or encoding and does not transport another enum's values.
include/Gruntz/SbiMenuItemState.h:SbiMenuItemState	MENUITEM_UNSET=0;MENUITEM_NORMAL=1;MENUITEM_HIGHLIGHT=2;MENUITEM_SELECTED=3;MENUITEM_DISABLED=4	retain	include/Gruntz/SbiMenuItemState.h:SbiMenuItemState		All evaluated equal-value and overlapping-domain rows were reviewed; SbiMenuItemState has distinct producers, consumers, or encoding and does not transport another enum's values.
include/Gruntz/SerialArchive.h:SerialNameField	SERIAL_NAME_LEN=128	retain	include/Gruntz/SerialArchive.h:SerialNameField		All evaluated equal-value and overlapping-domain rows were reviewed; SerialNameField has distinct producers, consumers, or encoding and does not transport another enum's values.
include/Gruntz/SerialArchive.h:SerialMode	SERIAL_SNAPSHOT_BEGIN=1;SERIAL_RESTORE_BEGIN=2;SERIAL_PRESAVE=3;SERIAL_SAVE=4;SERIAL_POSTSAVE=5;SERIAL_PRELOAD=6;SERIAL_LOAD=7;SERIAL_POSTLOAD=8;SERIAL_CREATE=9;SERIAL_CREATE_BY_SERIAL_ID=10	retain	include/Gruntz/SerialArchive.h:SerialMode		All evaluated equal-value and overlapping-domain rows were reviewed; SerialMode has distinct producers, consumers, or encoding and does not transport another enum's values.
include/Gruntz/SortKeyLayer.h:SortKeyLayer	SORTKEY_BOOTY_WARLORD=2;SORTKEY_GRUNT_CREATION=5;SORTKEY_ACTION_AREA=6;SORTKEY_GRUNT_PUDDLE=10;SORTKEY_TOOB_SPIKE=12;SORTKEY_PROJECTILE=15;SORTKEY_KITCHEN_SLIME=19;SORTKEY_GRUNT_SELECTED=20;SORTKEY_GRUNT_POWERUP=21;SORTKEY_EXIT_TRIGGER=75000;SORTKEY_GRUNT_DEATH=90000;SORTKEY_TELEPORT=99999;SORTKEY_ROLLING_BALL_BASE=100000;SORTKEY_INGAME_INFO=95000;SORTKEY_INGAME_INFO_FX=95001;SORTKEY_ACTOR=850000;SORTKEY_ACTOR_BEHIND=849999;SORTKEY_ACTOR_FRONT=850001;SORTKEY_GRUNT_HUD=900000;SORTKEY_GRUNT_VOICE=900001;SORTKEY_WARLORD=800000;SORTKEY_OVERLAY=1000000	retain	include/Gruntz/SortKeyLayer.h:SortKeyLayer		All evaluated equal-value and overlapping-domain rows were reviewed; SortKeyLayer has distinct producers, consumers, or encoding and does not transport another enum's values.
include/Gruntz/SpellId.h:SpellId	SPELL_RANDOM=0;SPELL_FREEZE=1;SPELL_HEALTH=2;SPELL_RESURRECTION=3;SPELL_RANDOM_TOYZ=4;SPELL_TELEPORT=5;SPELL_ROLLING_BALLZ=6;SPELL_CASTABLE_FIRST=1;SPELL_CASTABLE_LAST=6	canonical	include/Gruntz/SpellId.h:SpellId		Scroll and wand payloads and spell application consume the same Bute-backed spell IDs; SpellId includes the proven castable bounds.
include/Gruntz/SpellzEffect.h:SpellzEffect	SPELLZ_RANDOM=0;SPELLZ_FREEZE=1;SPELLZ_HEALTH=2;SPELLZ_RESURRECTION=3;SPELLZ_TOYZ=4;SPELLZ_TELEPORT=5;SPELLZ_ROLLINGBALL=6	reuse	include/Gruntz/SpellId.h:SpellId	SPELLZ_RANDOM=include/Gruntz/SpellId.h:SpellId::SPELL_RANDOM;SPELLZ_FREEZE=include/Gruntz/SpellId.h:SpellId::SPELL_FREEZE;SPELLZ_HEALTH=include/Gruntz/SpellId.h:SpellId::SPELL_HEALTH;SPELLZ_RESURRECTION=include/Gruntz/SpellId.h:SpellId::SPELL_RESURRECTION;SPELLZ_TOYZ=include/Gruntz/SpellId.h:SpellId::SPELL_RANDOM_TOYZ;SPELLZ_TELEPORT=include/Gruntz/SpellId.h:SpellId::SPELL_TELEPORT;SPELLZ_ROLLINGBALL=include/Gruntz/SpellId.h:SpellId::SPELL_ROLLING_BALLZ	The complete 0..6 set names the same seven spell effects and has been replaced by SpellId at the application consumer.
include/Gruntz/SpriteStateFlags.h:SpriteStateFlags	SPRITE_STATE_NONE=0;SPRITE_STATE_HIDDEN=1;SPRITE_STATE_MIRROR_X=2;SPRITE_STATE_MIRROR_Y=4;SPRITE_STATE_FLASHING=8;SPRITE_STATE_FLASH_VISIBLE=268435456	retain	include/Gruntz/SpriteStateFlags.h:SpriteStateFlags		All evaluated equal-value and overlapping-domain rows were reviewed; SpriteStateFlags has distinct producers, consumers, or encoding and does not transport another enum's values.
include/Gruntz/SpriteTeamColorVariant.h:SpriteTeamColorVariant	SPRITE_TEAM_COLOR_PRIMARY=0;SPRITE_TEAM_COLOR_SECONDARY=1;SPRITE_TEAM_COLOR_TERTIARY=2	retain	include/Gruntz/SpriteTeamColorVariant.h:SpriteTeamColorVariant		All evaluated equal-value and overlapping-domain rows were reviewed; SpriteTeamColorVariant has distinct producers, consumers, or encoding and does not transport another enum's values.
include/Gruntz/StaminaPct.h:StaminaPct	STAMINA_EMPTY=0;STAMINA_HALF=50;STAMINA_FULL=100	retain	include/Gruntz/StaminaPct.h:StaminaPct		All evaluated equal-value and overlapping-domain rows were reviewed; StaminaPct has distinct producers, consumers, or encoding and does not transport another enum's values.
include/Gruntz/StateId.h:StateId	STATE_ANIMWORKER=9	retain	include/Gruntz/StateId.h:StateId		All evaluated equal-value and overlapping-domain rows were reviewed; StateId has distinct producers, consumers, or encoding and does not transport another enum's values.
include/Gruntz/StatusBarDock.h:StatusBarDock	STATUSBAR_DOCK_RIGHT=0;STATUSBAR_DOCK_LEFT=1;STATUSBAR_HIDDEN=2;STATUSBAR_NONRIGHT_FIRST=1;STATUSBAR_NONRIGHT_LAST=2;STATUSBAR_NONRIGHT_BEFORE_FIRST=0	retain	include/Gruntz/StatusBarDock.h:StatusBarDock		All evaluated equal-value and overlapping-domain rows were reviewed; StatusBarDock has distinct producers, consumers, or encoding and does not transport another enum's values.
include/Gruntz/StatusBarHighlightRow.h:StatusBarHighlightRow	STATUS_HL_ROW_NONE=-1;STATUS_HL_ROW_CATEGORY=0;STATUS_HL_ROW_UPPER=1;STATUS_HL_ROW_MIDDLE=2;STATUS_HL_ROW_LOWER=3	retain	include/Gruntz/StatusBarHighlightRow.h:StatusBarHighlightRow		All evaluated equal-value and overlapping-domain rows were reviewed; StatusBarHighlightRow has distinct producers, consumers, or encoding and does not transport another enum's values.
include/Gruntz/StatusBarItemKind.h:StatusBarItemKind	SBI_KIND_BASE=0;SBI_KIND_RECT_ONLY=1;SBI_KIND_MENU_ITEM=2;SBI_KIND_IMAGE=3;SBI_KIND_IMAGE_SET=4;SBI_KIND_STATZ_TAB_ARROW=5;SBI_KIND_STATZ_TAB_GRUNT_BAR=6;SBI_KIND_WELL_GOO=7;SBI_KIND_IMAGE_SET_ANI=8;SBI_KIND_GRUNT_MACHINE=9;SBI_KIND_WARLORD_HEAD=11	retain	include/Gruntz/StatusBarItemKind.h:StatusBarItemKind		All evaluated equal-value and overlapping-domain rows were reviewed; StatusBarItemKind has distinct producers, consumers, or encoding and does not transport another enum's values.
include/Gruntz/StatusBarMgr.h:SbiSlotState	SLOT_ARMED=0;SLOT_FILLING=1;SLOT_READY=2	retain	include/Gruntz/StatusBarMgr.h:SbiSlotState		All evaluated equal-value and overlapping-domain rows were reviewed; SbiSlotState has distinct producers, consumers, or encoding and does not transport another enum's values.
include/Gruntz/StatusBarMgr.h:GruntWellPct	GRUNT_WELL_EMPTY=0;GRUNT_WELL_FULL=100	retain	include/Gruntz/StatusBarMgr.h:GruntWellPct		All evaluated equal-value and overlapping-domain rows were reviewed; GruntWellPct has distinct producers, consumers, or encoding and does not transport another enum's values.
include/Gruntz/StatusBarMgr.h:StatusBarGruntSlots	STATUSBAR_GRUNT_SLOT_COUNT=15	reuse	include/Gruntz/TriggerGridDimensions.h:TriggerGridDimensions	STATUSBAR_GRUNT_SLOT_COUNT=include/Gruntz/TriggerGridDimensions.h:TriggerGridDimensions::TM_UNITS_PER_PLAYER	Status-bar arrays and loops align one-for-one with the fifteen trigger-manager unit slots for the current player.
include/Gruntz/StatusBarTab.h:StatusBarTab	TAB_ALL=-1;TAB_CONTROLS=0;TAB_NONE=0;TAB_STATZ=1;TAB_GRUNTZ=2;TAB_RESOURCE=3;TAB_MULTIPLAYER=4;TAB_GAME=5;TAB_DIALOG=6;TAB_LAST=5	retain	include/Gruntz/StatusBarTab.h:StatusBarTab		All evaluated equal-value and overlapping-domain rows were reviewed; StatusBarTab has distinct producers, consumers, or encoding and does not transport another enum's values.
include/Gruntz/StatusSampleMode.h:StatusSampleMode	STATUS_SAMPLE_UNINITIALIZED=-1;STATUS_SAMPLE_NONE=0;STATUS_SAMPLE_HEALTH=1;STATUS_SAMPLE_TOOL=2;STATUS_SAMPLE_VEHICLE=3	retain	include/Gruntz/StatusSampleMode.h:StatusSampleMode		All evaluated equal-value and overlapping-domain rows were reviewed; StatusSampleMode has distinct producers, consumers, or encoding and does not transport another enum's values.
include/Gruntz/TargetSelectionKind.h:TargetSelectionKind	TARGET_SELECTION_AUTO=0;TARGET_SELECTION_POINT=1;TARGET_SELECTION_GRUNT=2;TARGET_SELECTION_TOY=3	retain	include/Gruntz/TargetSelectionKind.h:TargetSelectionKind		All evaluated equal-value and overlapping-domain rows were reviewed; TargetSelectionKind has distinct producers, consumers, or encoding and does not transport another enum's values.
include/Gruntz/Teleporter.h:TeleporterKind	TELEPORTER_NORMAL=0;TELEPORTER_SINGLE_USE=1;TELEPORTER_SECRET=2	retain	include/Gruntz/Teleporter.h:TeleporterKind		All evaluated equal-value and overlapping-domain rows were reviewed; TeleporterKind has distinct producers, consumers, or encoding and does not transport another enum's values.
include/Gruntz/TileCollisionKind.h:TileCollisionKind	TILEKIND_PASSABLE=0;TILEKIND_SOLID=1;TILEKIND_GROUND=2;TILEKIND_CLIMB=3;TILEKIND_DEATH=4;TILEKIND_WATER=10;TILEKIND_ARROW_UP_A=11;TILEKIND_ARROW_DOWN_A=12;TILEKIND_ARROW_LEFT_A=13;TILEKIND_ARROW_RIGHT_A=14;TILEKIND_ARROW_UP_B=15;TILEKIND_ARROW_DOWN_B=16;TILEKIND_ARROW_LEFT_B=17;TILEKIND_ARROW_RIGHT_B=18;TILEKIND_ARROW_CURRENT=19;TILEKIND_GAUNTLET_ROCK_A=30;TILEKIND_GAUNTLET_ROCK_B=31;TILEKIND_SPIKES=32;TILEKIND_GIANT_ROCK=33;TILEKIND_COVERED_POWERUP=34;TILEKIND_REVEALED_POWERUP=35;TILEKIND_SINK_HAZARD=36;TILEKIND_SWITCH_A=51;TILEKIND_SWITCH_A_UP=52;TILEKIND_SWITCH_B=53;TILEKIND_SWITCH_B_UP=54;TILEKIND_MULTI_SWITCH=55;TILEKIND_MULTI_SWITCH_UP=56;TILEKIND_SWITCH_C=57;TILEKIND_SWITCH_C_UP=58;TILEKIND_EXCLUSIVE_SWITCH=59;TILEKIND_EXCLUSIVE_SWITCH_UP=60;TILEKIND_SECRET_SWITCH=61;TILEKIND_SECRET_SWITCH_UP=62;TILEKIND_TIME_SWITCH=63;TILEKIND_TIME_SWITCH_UP=64;TILEKIND_CHECKPOINT=65;TILEKIND_CHECKPOINT_UP=66;TILEKIND_CHECKPOINTPYRAMID_DOWN=93;TILEKIND_CHECKPOINTPYRAMID_UP=94;TILEKIND_WHITEPYRAMID_DOWN=95;TILEKIND_WHITEPYRAMID_UP=96;TILEKIND_ORANGEPYRAMID_DOWN=97;TILEKIND_ORANGEPYRAMID_UP=98;TILEKIND_BLACKPYRAMID_DOWN=99;TILEKIND_BLACKPYRAMID_UP=100;TILEKIND_GREENPYRAMID_DOWN=101;TILEKIND_GREENPYRAMID_UP=102;TILEKIND_PYRAMID_LATCH_A=103;TILEKIND_PYRAMID_LATCH_B=104;TILEKIND_REDPYRAMID_DOWN=103;TILEKIND_REDPYRAMID_UP=104;TILEKIND_PURPLEPYRAMID_DOWN=105;TILEKIND_PURPLEPYRAMID_UP=106;TILEKIND_WATERBRIDGE_DOWN=107;TILEKIND_WATERBRIDGE_UP=108;TILEKIND_DEATHBRIDGE_DOWN=109;TILEKIND_DEATHBRIDGE_UP=110;TILEKIND_CRUMBLEWATERBRIDGE=111;TILEKIND_CRUMBLEDEATHBRIDGE=112;TILEKIND_TOGGLEWATERBRIDGE_DOWN=113;TILEKIND_TOGGLEWATERBRIDGE_UP=114;TILEKIND_TOGGLEDEATHBRIDGE_DOWN=115;TILEKIND_TOGGLEDEATHBRIDGE_UP=116;TILEKIND_TOGGLE_BRIDGE_FIRST=113;TILEKIND_TOGGLE_BRIDGE_LAST=116;TILEKIND_HIDDEN_POWERUP=150;TILEKIND_GAUNTLET_BRICK_A=151;TILEKIND_GAUNTLET_BRICK_B=152;TILEKIND_GAUNTLET_BRICK_C=153;TILEKIND_AI_PATH_BLOCKER=154	retain	include/Gruntz/TileCollisionKind.h:TileCollisionKind		All evaluated equal-value and overlapping-domain rows were reviewed; TileCollisionKind has distinct producers, consumers, or encoding and does not transport another enum's values.
include/Gruntz/TileTriggerLogic.h:TrigLogicId	TRIGID_ANY=0;TRIGID_SWITCH_1=1;TRIGID_SWITCH_2=2;TRIGID_MULTI_SWITCH_3=3;TRIGID_EXCLUSIVE_SWITCH_4=4;TRIGID_SWITCH_5=5;TRIGID_SECRET_SWITCH_6=6;TRIGID_TIME_SWITCH_7=7;TRIGID_CHECKPOINT_SWITCH_8=8;TRIGID_TILE_TRIGGER_21=21;TRIGID_GIANT_ROCK_22=22;TRIGID_TIME_TRIGGER_23=23;TRIGID_TILE_TRIGGER_24=24;TRIGID_SECRET_TRIGGER_25=25;TRIGID_COVERED_POWERUP_26=26	retain	include/Gruntz/TileTriggerLogic.h:TrigLogicId		All evaluated equal-value and overlapping-domain rows were reviewed; TrigLogicId has distinct producers, consumers, or encoding and does not transport another enum's values.
include/Gruntz/TileTriggerLogic.h:TrigErrClass	TRIGERR_LOOKUP_MISS=32989;TRIGERR_LINK_BROKEN=32990	retain	include/Gruntz/TileTriggerLogic.h:TrigErrClass		All evaluated equal-value and overlapping-domain rows were reviewed; TrigErrClass has distinct producers, consumers, or encoding and does not transport another enum's values.
include/Gruntz/TileTriggerLogic.h:TrigErrSite	TRIGSITE_WIRE_TIME_SWITCH=1003;TRIGSITE_WIRE_TIME_TRIGGER=1004;TRIGSITE_WIRE_SECRET_SWITCH=1005;TRIGSITE_WIRE_SECRET_TRIGGER=1006;TRIGSITE_WIRE_SWITCH=1007;TRIGSITE_WIRE_TRIGGER=1008;TRIGSITE_WIRE_MULTI_SWITCH=1009;TRIGSITE_WIRE_MULTI_TRIGGER=1010;TRIGSITE_WIRE_EXCLUSIVE_SWITCH=1011;TRIGSITE_WIRE_EXCLUSIVE_TRIGGER=1012;TRIGSITE_WIRE_CHECKPOINT=1013;TRIGSITE_WIRE_CHECKPOINT_TRIGGER=1014;TRIGSITE_ARRIVAL_GIANT_ROCK=1022;TRIGSITE_APPLY_SWITCH_40=1015;TRIGSITE_APPLY_SWITCH_34=1016;TRIGSITE_APPLY_SWITCH_36=1017;TRIGSITE_APPLY_TRIGGER_36=1018;TRIGSITE_APPLY_SWITCH_38=1019;TRIGSITE_APPLY_TRIGGER_38=1020;TRIGSITE_APPLY_SWITCH_42=1021;TRIGSITE_ROCK_SCAN_MISS=1027;TRIGSITE_LINKSB_NO_OWNER=1101;TRIGSITE_LINKSB_KEY_MISS=1102;TRIGSITE_BCAST_KEY_MISS=1103;TRIGSITE_BCAST_NO_CLAIM=1104;TRIGSITE_LINKS_NO_OWNER=1106;TRIGSITE_LINKS_KEY_MISS=1107	retain	include/Gruntz/TileTriggerLogic.h:TrigErrSite		All evaluated equal-value and overlapping-domain rows were reviewed; TrigErrSite has distinct producers, consumers, or encoding and does not transport another enum's values.
include/Gruntz/TriggerMgr.h:TmGridDim	TM_UNITS_PER_PLAYER=15;TM_PLAYER_COUNT=4;TM_ALL_PLAYERS=5	reuse	include/Gruntz/PlayerSlot.h:PlayerSlot;include/Gruntz/PlayerSlot.h:PlayerSlotConstants;include/Gruntz/TriggerGridDimensions.h:TriggerGridDimensions	TM_UNITS_PER_PLAYER=include/Gruntz/TriggerGridDimensions.h:TriggerGridDimensions::TM_UNITS_PER_PLAYER;TM_PLAYER_COUNT=include/Gruntz/PlayerSlot.h:PlayerSlotConstants::PLAYER_SLOT_COUNT;TM_ALL_PLAYERS=include/Gruntz/PlayerSlot.h:PlayerSlot::PLAYER_SLOT_ALL	The trigger registry keeps its fifteen-unit dimension; its player count and all-player selector are the canonical PlayerSlot domain.
include/Gruntz/TriggerMgrRecords.h:<anonymous:kPendingFxIdBase>	kPendingFxIdBase=200	retain	include/Gruntz/TriggerMgrRecords.h:<anonymous:kPendingFxIdBase>		All evaluated equal-value and overlapping-domain rows were reviewed; kPendingFxIdBase> has distinct producers, consumers, or encoding and does not transport another enum's values.
include/Gruntz/UserLogic.h:EInlineBase	INLINE_BASE=0	retain	include/Gruntz/UserLogic.h:EInlineBase		All evaluated equal-value and overlapping-domain rows were reviewed; EInlineBase has distinct producers, consumers, or encoding and does not transport another enum's values.
include/Gruntz/ViewportResizeMode.h:ViewportResizeMode	VIEW_RESIZE_IDLE=0;VIEW_RESIZE_SHRINK=1;VIEW_RESIZE_EXPAND=2	retain	include/Gruntz/ViewportResizeMode.h:ViewportResizeMode		All evaluated equal-value and overlapping-domain rows were reviewed; ViewportResizeMode has distinct producers, consumers, or encoding and does not transport another enum's values.
include/Gruntz/VoiceManager.h:<anonymous:VOICE_CUES_PER_BAND>	VOICE_CUES_PER_BAND=20	retain	include/Gruntz/VoiceManager.h:<anonymous:VOICE_CUES_PER_BAND>		All evaluated equal-value and overlapping-domain rows were reviewed; VOICE_CUES_PER_BAND> has distinct producers, consumers, or encoding and does not transport another enum's values.
include/Gruntz/WarlordOwner.h:WarlordOwner	WARLORDZ_KING=0;WARLORDZ_NAPOLEAN=1;WARLORDZ_PATTON=2;WARLORDZ_VIKING=3;WARLORDZ_COUNT=4	retain	include/Gruntz/WarlordOwner.h:WarlordOwner		All evaluated equal-value and overlapping-domain rows were reviewed; WarlordOwner has distinct producers, consumers, or encoding and does not transport another enum's values.
include/Gruntz/WarpLetter.h:WarpLetter	WARPLETTER_W=0;WARPLETTER_A=1;WARPLETTER_R=2;WARPLETTER_P=3	retain	include/Gruntz/WarpLetter.h:WarpLetter		All evaluated equal-value and overlapping-domain rows were reviewed; WarpLetter has distinct producers, consumers, or encoding and does not transport another enum's values.
include/Gruntz/WarpLetter.h:WarpLetterConstants	WARPLETTER_COUNT=4	retain	include/Gruntz/WarpLetter.h:WarpLetterConstants		All evaluated equal-value and overlapping-domain rows were reviewed; WarpLetterConstants has distinct producers, consumers, or encoding and does not transport another enum's values.
include/Gruntz/WarpStoneFragment.h:WarpStoneFragment	WARPSTONE_FRAGMENT_FIRST=1;WARPSTONE_FRAGMENT_SECOND=2;WARPSTONE_FRAGMENT_THIRD=3;WARPSTONE_FRAGMENT_FOURTH=4	retain	include/Gruntz/WarpStoneFragment.h:WarpStoneFragment		All evaluated equal-value and overlapping-domain rows were reviewed; WarpStoneFragment has distinct producers, consumers, or encoding and does not transport another enum's values.
include/Gruntz/WorldSoundSet.h:<anonymous:kSoundVolumeMax>	kSoundVolumeMax=100	retain	include/Gruntz/WorldSoundSet.h:<anonymous:kSoundVolumeMax>		All evaluated equal-value and overlapping-domain rows were reviewed; kSoundVolumeMax> has distinct producers, consumers, or encoding and does not transport another enum's values.
include/Gruntz/WwdGridIter.h:ENoSeed	NO_SEED=0	retain	include/Gruntz/WwdGridIter.h:ENoSeed		All evaluated equal-value and overlapping-domain rows were reviewed; ENoSeed has distinct producers, consumers, or encoding and does not transport another enum's values.
include/Gruntz/WwdGridIter.h:EInlineSeed	INLINE_SEED=0	retain	include/Gruntz/WwdGridIter.h:EInlineSeed		All evaluated equal-value and overlapping-domain rows were reviewed; EInlineSeed has distinct producers, consumers, or encoding and does not transport another enum's values.
include/Gruntz/WwdGridIter.h:EBaseCall	BASE_CALL=0	retain	include/Gruntz/WwdGridIter.h:EBaseCall		All evaluated equal-value and overlapping-domain rows were reviewed; EBaseCall has distinct producers, consumers, or encoding and does not transport another enum's values.
include/Image/ByteRunEncoding.h:ByteRunEncoding	BYTE_RUN_CONTROL_MASK=192;BYTE_RUN_MARKER=192;BYTE_RUN_LENGTH_MASK=63	retain	include/Image/ByteRunEncoding.h:ByteRunEncoding		All evaluated equal-value and overlapping-domain rows were reviewed; ByteRunEncoding has distinct producers, consumers, or encoding and does not transport another enum's values.
include/Image/ImagePool.h:DibMgrFlags	DMPF_NOIDENTITY=1	retain	include/Image/ImagePool.h:DibMgrFlags		All evaluated equal-value and overlapping-domain rows were reviewed; DibMgrFlags has distinct producers, consumers, or encoding and does not transport another enum's values.
include/Image/PcxFormat.h:PcxPlaneCount	PCX_PLANES_PALETTED=1;PCX_PLANES_RGB=3	retain	include/Image/PcxFormat.h:PcxPlaneCount		All evaluated equal-value and overlapping-domain rows were reviewed; PcxPlaneCount has distinct producers, consumers, or encoding and does not transport another enum's values.
include/Image/PcxFormat.h:PcxBitsPerPlane	PCX_BITS_PER_PLANE_8=8	retain	include/Image/PcxFormat.h:PcxBitsPerPlane		All evaluated equal-value and overlapping-domain rows were reviewed; PcxBitsPerPlane has distinct producers, consumers, or encoding and does not transport another enum's values.
include/Image/PcxFormat.h:PcxFormatConstants	PCX_HEADER_SIZE=128	retain	include/Image/PcxFormat.h:PcxFormatConstants		All evaluated equal-value and overlapping-domain rows were reviewed; PcxFormatConstants has distinct producers, consumers, or encoding and does not transport another enum's values.
include/Image/PolygonWinding.h:PolygonWinding	POLYGON_WINDING_UNSET=0;POLYGON_WINDING_COUNTERCLOCKWISE=1;POLYGON_WINDING_CLOCKWISE=2	retain	include/Image/PolygonWinding.h:PolygonWinding		All evaluated equal-value and overlapping-domain rows were reviewed; PolygonWinding has distinct producers, consumers, or encoding and does not transport another enum's values.
include/Image/RezDecodeKind.h:RezDecodeKind	DECODE_BMP=2;DECODE_PCX=3;DECODE_RID=4;DECODE_PID=5	retain	include/Image/RezDecodeKind.h:RezDecodeKind		All evaluated equal-value and overlapping-domain rows were reviewed; RezDecodeKind has distinct producers, consumers, or encoding and does not transport another enum's values.
include/Image/WarpTextureBlit.h:WarpTextureFixedPoint	WARP_TEXTURE_FRACTION_BITS=14	retain	include/Image/WarpTextureBlit.h:WarpTextureFixedPoint		All evaluated equal-value and overlapping-domain rows were reviewed; WarpTextureFixedPoint has distinct producers, consumers, or encoding and does not transport another enum's values.
include/Io/MoviePlayer.h:MovieLayout	MOVIE_TILE=0;MOVIE_SINGLE=1;MOVIE_TILE_OR_STRETCH=2;MOVIE_DEST_RECT=3	retain	include/Io/MoviePlayer.h:MovieLayout		All evaluated equal-value and overlapping-domain rows were reviewed; MovieLayout has distinct producers, consumers, or encoding and does not transport another enum's values.
include/Io/MoviePlayer.h:MovieOpenFlags	MOVIE_OPEN_DEFAULT=0;MOVIE_OPEN_INTERLACED=1;MOVIE_OPEN_USE_ORIGIN=16	retain	include/Io/MoviePlayer.h:MovieOpenFlags		All evaluated equal-value and overlapping-domain rows were reviewed; MovieOpenFlags has distinct producers, consumers, or encoding and does not transport another enum's values.
include/Io/MoviePlayer.h:MoviePumpFlags	MOVIE_PUMP_SKIP_ON_KEY=1;MOVIE_PUMP_SKIP_ON_MOUSE=256	retain	include/Io/MoviePlayer.h:MoviePumpFlags		All evaluated equal-value and overlapping-domain rows were reviewed; MoviePumpFlags has distinct producers, consumers, or encoding and does not transport another enum's values.
include/Io/MoviePlayer.h:MoviePlaybackResult	MOVIE_RESULT_ERROR=0;MOVIE_RESULT_KEY_SKIP=1;MOVIE_RESULT_MOUSE_SKIP=256;MOVIE_RESULT_FINISHED=286331153	retain	include/Io/MoviePlayer.h:MoviePlaybackResult		All evaluated equal-value and overlapping-domain rows were reviewed; MoviePlaybackResult has distinct producers, consumers, or encoding and does not transport another enum's values.
include/Io/SaveGame.h:SaveSlotFlags	SAVESLOT_EMPTY=0;SAVESLOT_PRESENT=1;SAVESLOT_CHEATS_USED=2	retain	include/Io/SaveGame.h:SaveSlotFlags		All evaluated equal-value and overlapping-domain rows were reviewed; SaveSlotFlags has distinct producers, consumers, or encoding and does not transport another enum's values.
include/Io/SaveGame.h:SaveGameStringId	SAVE_STRING_SAVING_GAME=33190	retain	include/Io/SaveGame.h:SaveGameStringId		All evaluated equal-value and overlapping-domain rows were reviewed; SaveGameStringId has distinct producers, consumers, or encoding and does not transport another enum's values.
include/Io/SaveGame.h:<anonymous:SAVE_SLOT_COUNT>	SAVE_SLOT_COUNT=10;SAVE_LEVEL_STATS_COUNT=40	retain	include/Io/SaveGame.h:<anonymous:SAVE_SLOT_COUNT>		All evaluated equal-value and overlapping-domain rows were reviewed; SAVE_SLOT_COUNT> has distinct producers, consumers, or encoding and does not transport another enum's values.
include/Net/NetConnectionType.h:NetConnectionType	NETCONN_IPX=1;NETCONN_TCPIP=2;NETCONN_MODEM=3;NETCONN_SERIAL=4;NETCONN_GENERIC=5;NETCONN_COUNT=6	retain	include/Net/NetConnectionType.h:NetConnectionType		All evaluated equal-value and overlapping-domain rows were reviewed; NetConnectionType has distinct producers, consumers, or encoding and does not transport another enum's values.
include/Net/NetLobbyCtrlId.h:NetLobbyCtrlId	IDC_NETCHAT_SEND=1222;IDC_NET_RESTART=1228;IDC_NET_CONTINUE=1229;IDC_NET_ABORT=1230;IDC_NET_DROPIN_ACCEPT=1232;IDC_NET_DROPIN_REJECT=1233;IDC_NET_RESUME=1234;IDC_NET_DROP_PLAYER=1258;IDC_NET_LOBBY_LAUNCH=1271	retain	include/Net/NetLobbyCtrlId.h:NetLobbyCtrlId		All evaluated equal-value and overlapping-domain rows were reviewed; NetLobbyCtrlId has distinct producers, consumers, or encoding and does not transport another enum's values.
include/Net/NetMsgId.h:NetPacketFlags	NET_PACKET_APPLICATION=128	retain	include/Net/NetMsgId.h:NetPacketFlags		All evaluated equal-value and overlapping-domain rows were reviewed; NetPacketFlags has distinct producers, consumers, or encoding and does not transport another enum's values.
include/Net/NetMsgId.h:NetMsgId	NETMSG_ALL_PLAYERS_READY=1000;NETMSG_PLAYER_LEFT=1002;NETMSG_PLAYER_READY=1005;NETMSG_CHAT_LINE=1008;NETMSG_KEEP_ALIVE=1014;NETMSG_REQUEST_PLAYER_TABLE=1015;NETMSG_PLAYER_TABLE=1016;NETMSG_REGISTER_PLAYER=1017;NETMSG_UPDATE_PLAYER=1018;NETMSG_REMOVED_BY_HOST=1019;NETMSG_VERIFY_CUSTOM_LEVEL=1020;NETMSG_GAME_CLOSED=1021;NETMSG_GAME_FULL=1022;NETMSG_WAIT_DIALOG_REPLY=1026;NETMSG_OUT_OF_SYNC_REPORT=1027;NETMSG_OUT_OF_SYNC=1028;NETMSG_PAUSE=1031;NETMSG_DROP_TIMEOUT=1036;NETMSG_APPLY_PLAYER_DROP=1040;NETMSG_YOU_WERE_DROPPED=1041;NETMSG_REQUEST_CONFIG=1045;NETMSG_CONFIG=1046;NETMSG_VERSION_CHECK=1047;NETMSG_VERSION_MISMATCH=1048;NETMSG_COLOR_REJECTED=1049;NETMSG_LEVEL_CHECKSUM=1052;NETMSG_VERIFY_OK=1053;NETMSG_VERIFY_FAILED=1054;NETMSG_LATENCY_PROBE=1055;NETMSG_LATENCY_REPLY=1056;NETMSG_ACK_LATENCY_REPORT=1057;NETMSG_OPTIONS_OPENED=1058;NETMSG_OPTIONS_CLOSED=1059;STAT_ALL_PLAYERS_READY=1000;STAT_CHAT=1008;STAT_PLAYER_TABLE=1016;STAT_REGISTER_PLAYER=1017;STAT_PLAYER_UPDATE=1018;STAT_REMOVED_BY_HOST=1019;STAT_PAUSE=1031;STAT_APPLY_PLAYER_DROP=1040;STAT_YOU_WERE_DROPPED=1041;STAT_REQUEST_CONFIG=1045;STAT_CONFIG=1046;STAT_VERSION_CHECK=1047;STAT_VERSION_MISMATCH=1048;STAT_ACK_LATENCY_REPORT=1057;STAT_LEVEL_CHECKSUM=1052;STAT_VERIFY_AGREE=1053;STAT_VERIFY_DISAGREE=1054	retain	include/Net/NetMsgId.h:NetMsgId		All evaluated equal-value and overlapping-domain rows were reviewed; NetMsgId has distinct producers, consumers, or encoding and does not transport another enum's values.
include/Net/NetPacketLayout.h:NetPacketLayout	NET_COMMAND_WIRE_BUFFER_BYTES=1024;NET_COMMAND_RECORD_PAYLOAD_BYTES=1024;NET_RECEIVE_BUFFER_BYTES=2048	retain	include/Net/NetPacketLayout.h:NetPacketLayout		All evaluated equal-value and overlapping-domain rows were reviewed; NetPacketLayout has distinct producers, consumers, or encoding and does not transport another enum's values.
include/Net/NetProviderFindKind.h:NetProviderFindKind	NETPROVIDER_FIND_TCPIP=1;NETPROVIDER_FIND_IPX=2;NETPROVIDER_FIND_GENERIC=5	retain	include/Net/NetProviderFindKind.h:NetProviderFindKind		All evaluated equal-value and overlapping-domain rows were reviewed; NetProviderFindKind has distinct producers, consumers, or encoding and does not transport another enum's values.
include/Net/NetSlotState.h:NetSlotState	NETSLOT_EMPTY=0;NETSLOT_INACTIVE=1;NETSLOT_DONE=1;NETSLOT_LOCAL=2;NETSLOT_REMOTE=3;NETSLOT_ACTIVE=3	retain	include/Net/NetSlotState.h:NetSlotState		All evaluated equal-value and overlapping-domain rows were reviewed; NetSlotState has distinct producers, consumers, or encoding and does not transport another enum's values.
include/Net/NetSlotState.h:NetSlotCount	NET_SLOT_COUNT=4	reuse	include/Gruntz/PlayerSlot.h:PlayerSlotConstants	NET_SLOT_COUNT=include/Gruntz/PlayerSlot.h:PlayerSlotConstants::PLAYER_SLOT_COUNT	Network command/session slots are the same four game-player slots and transport their player records.
include/Rez/DebugPrintfInternals.h:dprintfOutputType	DPRINTF_UNKNOWN=0;DPRINTF_NOTHING=1;DPRINTF_MONOCHROME=2;DPRINTF_COM1=3;DPRINTF_COM2=4;DPRINTF_FILE=5;DPRINTF_FILEAPPEND=6;DPRINTF_STDOUT=7;DPRINTF_LPT1=8;DPRINTF_LPT2=9;DPRINTF_PRN=10	retain	include/Rez/DebugPrintfInternals.h:dprintfOutputType		All evaluated equal-value and overlapping-domain rows were reviewed; dprintfOutputType has distinct producers, consumers, or encoding and does not transport another enum's values.
include/Rez/DebugPrintfInternals.h:dprintfConstants	BUFSIZE=256;CPL=80;LPP=25;ATTR=1792;MAX_EXCLUDE_REGIONS=16	retain	include/Rez/DebugPrintfInternals.h:dprintfConstants		All evaluated equal-value and overlapping-domain rows were reviewed; dprintfConstants has distinct producers, consumers, or encoding and does not transport another enum's values.
include/Rez/FrameClock.h:FrameClockPeriod	FRAME_CLOCK_PERIOD_50_MS=50;FRAME_CLOCK_PERIOD_100_MS=100;FRAME_CLOCK_PERIOD_200_MS=200;FRAME_CLOCK_PERIOD_400_MS=400;FRAME_CLOCK_PERIOD_500_MS=500	retain	include/Rez/FrameClock.h:FrameClockPeriod		All evaluated equal-value and overlapping-domain rows were reviewed; FrameClockPeriod has distinct producers, consumers, or encoding and does not transport another enum's values.
include/Rez/RezArchive.h:RezArchiveMagic	REZ_ARCHIVE_MAGIC_CR=13;REZ_ARCHIVE_MAGIC_LF=10;REZ_ARCHIVE_MAGIC_EOF=26;REZ_MGR_USER_TITLE_SIZE=60	retain	include/Rez/RezArchive.h:RezArchiveMagic		All evaluated equal-value and overlapping-domain rows were reviewed; RezArchiveMagic has distinct producers, consumers, or encoding and does not transport another enum's values.
include/Rez/RezTypeTag.h:RezTypeTag	REZ_TAG_NONE=0;REZ_TAG_WWD=5723972;REZ_TAG_WAV=5718358;REZ_TAG_ANI=4279881;REZ_TAG_TXT=5527636;REZ_TAG_PAL=5259596;REZ_TAG_XMI=5786953;IMGTAG_PMB=4345168;IMGTAG_XCP=5260120;IMGTAG_DIR=5392708;IMGTAG_DIP=5261636	retain	include/Rez/RezTypeTag.h:RezTypeTag		All evaluated equal-value and overlapping-domain rows were reviewed; RezTypeTag has distinct producers, consumers, or encoding and does not transport another enum's values.
include/Utils/BitArrayWord.h:BitArrayWord	BITARRAY_WORD_BITS=32;BITARRAY_WORD_SHIFT=5;BITARRAY_BIT_MASK=31	retain	include/Utils/BitArrayWord.h:BitArrayWord		All evaluated equal-value and overlapping-domain rows were reviewed; BitArrayWord has distinct producers, consumers, or encoding and does not transport another enum's values.
include/Utils/MillisPer.h:MillisPer	MILLIS_PER_SECOND=1000;MILLIS_PER_MINUTE=60000;MILLIS_PER_HOUR=3600000	canonical	include/Utils/MillisPer.h:MillisPer		This shared unit-conversion enum owns milliseconds per second, minute, and hour across subsystems.
include/Wap32/CoordUnset.h:CoordSentinel	COORD_UNSET=-2147483648;UNINIT_FILL=-286331154	retain	include/Wap32/CoordUnset.h:CoordSentinel		All evaluated equal-value and overlapping-domain rows were reviewed; CoordSentinel has distinct producers, consumers, or encoding and does not transport another enum's values.
include/Wap32/EngStr.h:EngStrLayout	ENGSTR_SHADOW_COLOR=0;ENGSTR_SHADOW_OFFSET_X_PX=2;ENGSTR_SHADOW_OFFSET_Y_PX=3	retain	include/Wap32/EngStr.h:EngStrLayout		All evaluated equal-value and overlapping-domain rows were reviewed; EngStrLayout has distinct producers, consumers, or encoding and does not transport another enum's values.
include/Wap32/GameApp.h:GameAppTiming	GAMEAPP_PERIODIC_TIMER_MS=100;GAMEAPP_FPS_UNAVAILABLE=-1;GAMEAPP_FPS_SAMPLE_SECONDS=2;GAMEAPP_FPS_SAMPLE_INTERVAL_MS=2000	retain	include/Wap32/GameApp.h:GameAppTiming		All evaluated equal-value and overlapping-domain rows were reviewed; GameAppTiming has distinct producers, consumers, or encoding and does not transport another enum's values.
include/Wap32/GameApp.h:AsyncKeyStateMask	ASYNC_KEYSTATE_DOWN=-2147483648	reuse	include/Utils/AsyncKeyState.h:AsyncKeyStateMask	ASYNC_KEYSTATE_DOWN=include/Utils/AsyncKeyState.h:AsyncKeyStateMask::ASYNC_KEYSTATE_DOWN	The Win32 GetAsyncKeyState down-bit mask is shared with the DirectInput async-keyboard path and now has neutral utility ownership.
include/Wap32/ScreenGeometry.h:ScreenGeometry	SCREEN_W_PX=640;SCREEN_H_PX=480;SCREEN_HALF_W_PX=320;SCREEN_HALF_H_PX=240	retain	include/Wap32/ScreenGeometry.h:ScreenGeometry		All evaluated equal-value and overlapping-domain rows were reviewed; ScreenGeometry has distinct producers, consumers, or encoding and does not transport another enum's values.
include/Wap32/TileGeometry.h:TileGeometry	TILE_SIZE_PX=32;TILE_HALF_PX=16;TILE_SHIFT_PX=5;TILE_MASK_PX=31	retain	include/Wap32/TileGeometry.h:TileGeometry		All evaluated equal-value and overlapping-domain rows were reviewed; TileGeometry has distinct producers, consumers, or encoding and does not transport another enum's values.
include/Wap32/Wap32.h:GameWindowFlags	GAME_WINDOW_FLAGS_NONE=0;GAME_WINDOW_FLAG_WINDOWED=1;GAME_WINDOW_FLAG_FIXED_SIZE=2	retain	include/Wap32/Wap32.h:GameWindowFlags		All evaluated equal-value and overlapping-domain rows were reviewed; GameWindowFlags has distinct producers, consumers, or encoding and does not transport another enum's values.
include/Wap32/WapObj.h:LoadableClassId	CLASSID_NONE=0;CLASSID_SUBWORKER=1;CLASSID_FRONT_SURFACE=2;CLASSID_SURFACEPAIR=3;CLASSID_WWD_SPRITE_OBJECT=5;CLASSID_WWD_DOT_OBJECT=6;CLASSID_LOGICRECORD=9;CLASSID_WWD_DEFERRED_OBJECT=22;CLASSID_WWD_CONTAINER_OBJECT=27;CLASSID_PLACED_WORKER=8;CLASSID_PIXEL_WORKER=11;CLASSID_IMAGE=10;CLASSID_WORKER=14;CLASSID_SUBMGRPAGES=15;CLASSID_CHILDGROUP=16;CLASSID_WORKERLIST=17;CLASSID_WORKERREGISTRY=18;CLASSID_LOGICRECORDREGISTRY=19;CLASSID_PALETTE_REGISTRY=20;CLASSID_PALETTE_RESOURCE=21;CLASSID_GAMELEVEL=25;CLASSID_WORKERHOST=26;CLASSID_SERIALREF=5;CLASSID_CALLBACKOBJ=28	retain	include/Wap32/WapObj.h:LoadableClassId		All evaluated equal-value and overlapping-domain rows were reviewed; LoadableClassId has distinct producers, consumers, or encoding and does not transport another enum's values.
include/Wap32/WapObj.h:WapObjId	WAPOBJ_ID_NONE=-1	retain	include/Wap32/WapObj.h:WapObjId		All evaluated equal-value and overlapping-domain rows were reviewed; WapObjId has distinct producers, consumers, or encoding and does not transport another enum's values.
include/Wap32/WapObj.h:ENoSeed	NO_SEED=0	retain	include/Wap32/WapObj.h:ENoSeed		All evaluated equal-value and overlapping-domain rows were reviewed; ENoSeed has distinct producers, consumers, or encoding and does not transport another enum's values.
include/Wap32/ZVec.h:ZVecSentinel	ZVEC_NO_SCRATCH_ADDRESS=1	retain	include/Wap32/ZVec.h:ZVecSentinel		All evaluated equal-value and overlapping-domain rows were reviewed; ZVecSentinel has distinct producers, consumers, or encoding and does not transport another enum's values.
include/Wwd/LogicRecordEvent.h:LogicRecordEvent	ACT_UNINITIALISED=0;ACT_LIVE=1000;ACT_NONE=1001;ACT_HEALTH_DEPLETED=28;ACT_OBJECT_REMOVED=29;ACT_LEAVE_ACTIVE_REGION=30;ACT_PREPARE_SAVE=80;ACT_AFTER_SAVE=81;ACT_AFTER_LOAD=82;ACT_AFTER_LOAD_REFERENCES=83	retain	include/Wwd/LogicRecordEvent.h:LogicRecordEvent		All evaluated equal-value and overlapping-domain rows were reviewed; LogicRecordEvent has distinct producers, consumers, or encoding and does not transport another enum's values.
include/Wwd/MoveFlags.h:MoveRequestFlags	MOVE_REQUEST_PROBE_TOP=1;MOVE_REQUEST_PROBE_BOTTOM=2;MOVE_REQUEST_LAND_ON_PLATFORM=8;MOVE_REQUEST_CENTER_ON_CLIMB=16	retain	include/Wwd/MoveFlags.h:MoveRequestFlags		All evaluated equal-value and overlapping-domain rows were reviewed; MoveRequestFlags has distinct producers, consumers, or encoding and does not transport another enum's values.
include/Wwd/MoveFlags.h:MoveResultFlags	MOVE_RESULT_TILE_COLLISION=65536;MOVE_RESULT_AXIS_BLOCKED=131072;MOVE_RESULT_TILE_RIGHT=262144;MOVE_RESULT_TILE_LEFT=524288;MOVE_RESULT_DEATH_TILE=1048576;MOVE_RESULT_ON_CARRIER=2097152;MOVE_RESULT_NO_POSITION_CHANGE=4194304;MOVE_RESULT_TILE_TOP=8388608;MOVE_RESULT_TILE_BOTTOM=16777216;MOVE_RESULT_OBJECT_COLLISION=33554432;MOVE_RESULT_OBJECT_TOP=268435456;MOVE_RESULT_OBJECT_RIGHT=536870912;MOVE_RESULT_OBJECT_BOTTOM=1073741824;MOVE_RESULT_OBJECT_LEFT=-2147483648	retain	include/Wwd/MoveFlags.h:MoveResultFlags		All evaluated equal-value and overlapping-domain rows were reviewed; MoveResultFlags has distinct producers, consumers, or encoding and does not transport another enum's values.
include/Wwd/MoveMode.h:MoveMode	MOVE_NONE=0;MOVE_GROUNDED=1;MOVE_GROUNDED_2=2;MOVE_GROUNDED_LAST=2;MOVE_RISING=3;MOVE_FALLING=4;MOVE_GROUNDED_5=5;MOVE_CLIMBING=6;MOVE_DIRECT=7;MOVE_AUTO_VERTICAL=8	retain	include/Wwd/MoveMode.h:MoveMode		All evaluated equal-value and overlapping-domain rows were reviewed; MoveMode has distinct producers, consumers, or encoding and does not transport another enum's values.
include/Wwd/WwdAniDrawValue.h:WwdAniDrawValue	WWDDRAW_NO_ANIMATION=-1;WWDDRAW_NONE=0;WWDDRAW_ANIMATION_COMPLETE=1;WWDDRAW_EFFECT_FRAME=2;WWDDRAW_TOOL_APPLIES=99	retain	include/Wwd/WwdAniDrawValue.h:WwdAniDrawValue		All evaluated equal-value and overlapping-domain rows were reviewed; WwdAniDrawValue has distinct producers, consumers, or encoding and does not transport another enum's values.
include/Wwd/WwdAnimStepMode.h:WwdAnimStepMode	WWDSTEP_HOLD=0;WWDSTEP_NEXT=1;WWDSTEP_PREV=2;WWDSTEP_SET=3;WWDSTEP_FIRST=4;WWDSTEP_LAST=5;WWDSTEP_FORWARD_BY=6;WWDSTEP_BACK_BY=7	retain	include/Wwd/WwdAnimStepMode.h:WwdAnimStepMode		All evaluated equal-value and overlapping-domain rows were reviewed; WwdAnimStepMode has distinct producers, consumers, or encoding and does not transport another enum's values.
include/Wwd/WwdAnimStepMode.h:WwdAnimPositionMode	WWDPOS_NONE=0;WWDPOS_PLOT_OFFSET=1;WWDPOS_MOVE_RELATIVE=2;WWDPOS_MOVE_ABSOLUTE=3	retain	include/Wwd/WwdAnimStepMode.h:WwdAnimPositionMode		All evaluated equal-value and overlapping-domain rows were reviewed; WwdAnimPositionMode has distinct producers, consumers, or encoding and does not transport another enum's values.
include/Wwd/WwdAnimStepMode.h:WwdAnimLoopMode	WWDLOOP_NEXT=0;WWDLOOP_AT_PARAM=1;WWDLOOP_AT_FIRST=2;WWDLOOP_AT_LAST=3;WWDLOOP_AFTER_FIRST=4;WWDLOOP_BEFORE_LAST=5;WWDLOOP_RESTART_AT_SECOND=7;WWDLOOP_RESET_ANIMATION=8;WWDLOOP_FINISH=9;WWDLOOP_INVALID=65535	retain	include/Wwd/WwdAnimStepMode.h:WwdAnimLoopMode		All evaluated equal-value and overlapping-domain rows were reviewed; WwdAnimLoopMode has distinct producers, consumers, or encoding and does not transport another enum's values.
include/Wwd/WwdFile.h:WwdFormatConstants	WWD_PLANE_HEADER_SIZE=160	retain	include/Wwd/WwdFile.h:WwdFormatConstants		All evaluated equal-value and overlapping-domain rows were reviewed; WwdFormatConstants has distinct producers, consumers, or encoding and does not transport another enum's values.
include/Wwd/WwdGameObjectFamily.h:EInlineBase	INLINE_BASE=0	retain	include/Wwd/WwdGameObjectFamily.h:EInlineBase		All evaluated equal-value and overlapping-domain rows were reviewed; EInlineBase has distinct producers, consumers, or encoding and does not transport another enum's values.
include/Wwd/WwdGameObjectFamily.h:EInlineBaseAndRegion	INLINE_BASE_AND_REGION=0	retain	include/Wwd/WwdGameObjectFamily.h:EInlineBaseAndRegion		All evaluated equal-value and overlapping-domain rows were reviewed; EInlineBaseAndRegion has distinct producers, consumers, or encoding and does not transport another enum's values.
include/Wwd/WwdGameObjectFlags.h:WwdGameObjectFlags	WWD_GAME_OBJECT_FLAG_SKIP_COLLISION=1;WWD_GAME_OBJECT_FLAG_KEEP_ACTIVE=2;WWD_GAME_OBJECT_FLAG_IGNORE_HITS=4;WWD_GAME_OBJECT_FLAG_DAMAGE_HEALTH_DIRECTLY=8;WWD_GAME_OBJECT_FLAG_ON_CARRIER=16;WWD_GAME_OBJECT_FLAG_DELETE_ON_DEACTIVATE=32;WWD_GAME_OBJECT_FLAG_DELETE_IF_VIEW_OUTSIDE_LEVEL=64;WWD_GAME_OBJECT_FLAG_DISABLE_ATTACKS=128;WWD_GAME_OBJECT_FLAG_COLLIDE_WITH_OBJECTS=256;WWD_GAME_OBJECT_FLAG_PRESERVE_ON_PRUNE=512;WWD_GAME_OBJECT_FLAG_GROUND_IS_PASSABLE=1024;WWD_GAME_OBJECT_FLAG_UNREGISTERED=2048;WWD_GAME_OBJECT_FLAG_PENDING_DELETE=65536;WWD_GAME_OBJECT_FLAG_SORT_PENDING=131072;WWD_GAME_OBJECT_FLAG_WORLD_SPACE=262144;WWD_GAME_OBJECT_FLAG_DISPATCH_OBJECT_REMOVED=524288;WWD_GAME_OBJECT_FLAG_DISPATCH_LEAVE_ACTIVE_REGION=1048576;WWD_GAME_OBJECT_FLAG_DISPATCH_ON_CREATE=2097152;WWD_GAME_OBJECT_FLAG_TOUCHED_DEATH_TILE=4194304;WWD_GAME_OBJECT_FLAG_LARGE_ACTIVE_REGION=8388608;WWD_GAME_OBJECT_FLAG_SMALL_ACTIVE_REGION=16777216;WWD_GAME_OBJECT_FLAG_CULL_SOUND_WHEN_NOT_DRAWN=33554432;WWD_GAME_OBJECT_FLAG_SKIP_ACTIVE_PASSES=67108864	retain	include/Wwd/WwdGameObjectFlags.h:WwdGameObjectFlags		All evaluated equal-value and overlapping-domain rows were reviewed; WwdGameObjectFlags has distinct producers, consumers, or encoding and does not transport another enum's values.
include/Wwd/WwdGameObjectFlags.h:WwdGameObjectFlagPresets	WWD_GAME_OBJECT_FLAGS_SKIP_COLLISION_KEEP_ACTIVE=3;WWD_GAME_OBJECT_FLAGS_CULL_SOUND_KEEP_ACTIVE=33554434;WWD_GAME_OBJECT_FLAGS_CULL_SOUND_COLLIDE=33554688;WWD_GAME_OBJECT_FLAGS_WORLD_SPACE_SKIP_COLLISION=262145;WWD_GAME_OBJECT_FLAGS_WORLD_SPRITE=262147;WWD_GAME_OBJECT_FLAGS_CULL_SOUND_WORLD_SPRITE=33816579;WWD_GAME_OBJECT_FLAGS_SKIP_ACTIVE_KEEP_ACTIVE=67108866;WWD_GAME_OBJECT_FLAGS_SKIP_ACTIVE_WORLD_SPRITE=67371011	retain	include/Wwd/WwdGameObjectFlags.h:WwdGameObjectFlagPresets		All evaluated equal-value and overlapping-domain rows were reviewed; WwdGameObjectFlagPresets has distinct producers, consumers, or encoding and does not transport another enum's values.
include/Wwd/WwdObjectType.h:WwdObjectType	WWD_OBJECT_TYPE_PLATFORM=128;WWD_OBJECT_TYPE_GRUNT=4096	retain	include/Wwd/WwdObjectType.h:WwdObjectType		All evaluated equal-value and overlapping-domain rows were reviewed; WwdObjectType has distinct producers, consumers, or encoding and does not transport another enum's values.
include/Wwd/WwdPlaneFlags.h:WwdPlaneFlags	WWD_PLANE_FLAG_MAIN=1;WWD_PLANE_FLAG_NO_DRAW=2;WWD_PLANE_FLAG_WRAP_X=4;WWD_PLANE_FLAG_WRAP_Y=8;WWD_PLANE_FLAG_AUTO_TILE_SIZE=16	retain	include/Wwd/WwdPlaneFlags.h:WwdPlaneFlags		All evaluated equal-value and overlapping-domain rows were reviewed; WwdPlaneFlags has distinct producers, consumers, or encoding and does not transport another enum's values.
include/Wwd/WwdTileHandle.h:WwdTileHandle	WWD_TILE_IMAGE_SET_INDEX_MASK=65535	retain	include/Wwd/WwdTileHandle.h:WwdTileHandle		All evaluated equal-value and overlapping-domain rows were reviewed; WwdTileHandle has distinct producers, consumers, or encoding and does not transport another enum's values.
src/DinMgr2/DinMgr2.cpp:DinInputConstants	KEYBOARD_STATE_BUFFER_SIZE=256;DINPUT_STATE_PRESSED=128;ASYNC_KEY_PRESSED_SIGN_BIT=-2147483648;JOYSTICK_AXIS_MIN=-1000;JOYSTICK_AXIS_MAX=1000;JOYSTICK_DEADZONE_50_PERCENT=5000	reuse	include/Utils/AsyncKeyState.h:AsyncKeyStateMask;src/DinMgr2/DinMgr2.cpp:DinInputConstants	ASYNC_KEY_PRESSED_SIGN_BIT=include/Utils/AsyncKeyState.h:AsyncKeyStateMask::ASYNC_KEYSTATE_DOWN	DirectInput-specific buffer, byte-state, axis, and deadzone values remain local; the async Win32 key mask uses the shared utility constant.
src/Dsndmgr/SoundBuffer.cpp:DSoundDx5Magic	DSB_RETAIL_LOOPBIT=2;DSBUFFERDESC_SIZE=20	retain	src/Dsndmgr/SoundBuffer.cpp:DSoundDx5Magic		All evaluated equal-value and overlapping-domain rows were reviewed; DSoundDx5Magic has distinct producers, consumers, or encoding and does not transport another enum's values.
src/Gruntz/AdvancedOptions.cpp:AdvancedOptionsDlgId	IDC_DISABLE_VIDEO=1132;IDC_DISABLE_AUDIO=1133;IDC_DISABLE_SOUND=1134;IDC_DISABLE_MUSIC=1135;IDC_DISABLE_MOVIE=1136;IDC_DEFAULTS=1062	retain	src/Gruntz/AdvancedOptions.cpp:AdvancedOptionsDlgId		All evaluated equal-value and overlapping-domain rows were reviewed; AdvancedOptionsDlgId has distinct producers, consumers, or encoding and does not transport another enum's values.
src/Gruntz/FontConfig.cpp:TextColorId	TEXTCOLOR_ORANGE=0;TEXTCOLOR_GREEN=1;TEXTCOLOR_BLUE=2;TEXTCOLOR_RED=3;TEXTCOLOR_PURPLE=4;TEXTCOLOR_YELLOW=5;TEXTCOLOR_ROSE=6;TEXTCOLOR_BLACK=7;TEXTCOLOR_NAVY=8;TEXTCOLOR_DKGREEN=9;TEXTCOLOR_TEAL=10;TEXTCOLOR_MAROON=11;TEXTCOLOR_MAGENTA=12;TEXTCOLOR_OLIVE=13;TEXTCOLOR_GRAY=14;TEXTCOLOR_CYAN=15;TEXTCOLOR_WHITE=16	reuse	include/Gruntz/ColorTint.h:ColorTint	TEXTCOLOR_ORANGE=include/Gruntz/ColorTint.h:ColorTint::TINT_ORANGE;TEXTCOLOR_GREEN=include/Gruntz/ColorTint.h:ColorTint::TINT_GREEN;TEXTCOLOR_BLUE=include/Gruntz/ColorTint.h:ColorTint::TINT_BLUE;TEXTCOLOR_RED=include/Gruntz/ColorTint.h:ColorTint::TINT_RED;TEXTCOLOR_PURPLE=include/Gruntz/ColorTint.h:ColorTint::TINT_PURPLE;TEXTCOLOR_YELLOW=include/Gruntz/ColorTint.h:ColorTint::TINT_YELLOW;TEXTCOLOR_ROSE=include/Gruntz/ColorTint.h:ColorTint::TINT_HOTPINK;TEXTCOLOR_BLACK=include/Gruntz/ColorTint.h:ColorTint::TINT_BLACK;TEXTCOLOR_NAVY=include/Gruntz/ColorTint.h:ColorTint::TINT_DKBLUE;TEXTCOLOR_DKGREEN=include/Gruntz/ColorTint.h:ColorTint::TINT_DKGREEN;TEXTCOLOR_TEAL=include/Gruntz/ColorTint.h:ColorTint::TINT_TURQ;TEXTCOLOR_MAROON=include/Gruntz/ColorTint.h:ColorTint::TINT_DKRED;TEXTCOLOR_MAGENTA=include/Gruntz/ColorTint.h:ColorTint::TINT_PINK;TEXTCOLOR_OLIVE=include/Gruntz/ColorTint.h:ColorTint::TINT_DKYELLOW;TEXTCOLOR_GRAY=include/Gruntz/ColorTint.h:ColorTint::TINT_GREY;TEXTCOLOR_CYAN=include/Gruntz/ColorTint.h:ColorTint::TINT_CYAN;TEXTCOLOR_WHITE=include/Gruntz/ColorTint.h:ColorTint::TINT_WHITE	The independently recovered font payload switch has the exact complete ColorTint order and now uses that shared enum.
src/Gruntz/FontConfig.cpp:TextColorRef	TCLR_ORANGE=33023;TCLR_GREEN=65280;TCLR_BLUE=16711680;TCLR_RED=255;TCLR_PURPLE=8388736;TCLR_YELLOW=65535;TCLR_ROSE=8388863;TCLR_BLACK=0;TCLR_NAVY=8388608;TCLR_DKGREEN=32768;TCLR_TEAL=8421376;TCLR_MAROON=128;TCLR_MAGENTA=16711935;TCLR_OLIVE=32896;TCLR_GRAY=8421504;TCLR_CYAN=16776960;TCLR_WHITE=16777215	retain	src/Gruntz/FontConfig.cpp:TextColorRef		All evaluated equal-value and overlapping-domain rows were reviewed; TextColorRef has distinct producers, consumers, or encoding and does not transport another enum's values.
src/Gruntz/GruntzApp.cpp:GruntzAppResId	IDC_ERROR_TEXT=1037	retain	src/Gruntz/GruntzApp.cpp:GruntzAppResId		All evaluated equal-value and overlapping-domain rows were reviewed; GruntzAppResId has distinct producers, consumers, or encoding and does not transport another enum's values.
src/Gruntz/Multi.cpp:NetSentinels	NET_SERVICE_NONE=999;NET_PLAYER_ID_NONE=-999;NET_PREFERRED_PLAYER_INDEX_ANY=99	retain	src/Gruntz/Multi.cpp:NetSentinels		All evaluated equal-value and overlapping-domain rows were reviewed; NetSentinels has distinct producers, consumers, or encoding and does not transport another enum's values.
src/Gruntz/Multi.cpp:NetPlayerDefaults	NET_DEFAULT_MAX_GRUNTZ=15	reuse	include/Gruntz/TriggerGridDimensions.h:TriggerGridDimensions	NET_DEFAULT_MAX_GRUNTZ=include/Gruntz/TriggerGridDimensions.h:TriggerGridDimensions::TM_UNITS_PER_PLAYER	The default maximum is the physical fifteen-unit capacity of each trigger-manager player roster.
src/Gruntz/MultiStartDlg.cpp:<anonymous:NUM_PLAYER_SLOTS>	NUM_PLAYER_SLOTS=4	reuse	include/Gruntz/PlayerSlot.h:PlayerSlotConstants	NUM_PLAYER_SLOTS=include/Gruntz/PlayerSlot.h:PlayerSlotConstants::PLAYER_SLOT_COUNT	The dialog iterates the same four player records represented by PlayerSlot and its controls.
src/Gruntz/Play.cpp:ToolCursorId	CURSOR_POINTER=0;CURSOR_CHIP_FIRST=1;CURSOR_CHIP_LAST=38;CURSOR_FLAILINGGRUNT=102;CURSOR_TOOL_HANDZ=200;CURSOR_TOOL_FIRST=200;CURSOR_TOOL_BOMBZ=201;CURSOR_TOOL_BOOMERANGZ=202;CURSOR_TOOL_BRICKZ=203;CURSOR_TOOL_CLUBZ=204;CURSOR_TOOL_GAUNTLETZ=205;CURSOR_TOOL_GLOVEZ=206;CURSOR_TOOL_GOOBERZ=207;CURSOR_TOOL_GRAVITYBOOTZ=208;CURSOR_TOOL_GUNHATZ=209;CURSOR_TOOL_NERFGUNZ=210;CURSOR_TOOL_ROCKZ=211;CURSOR_TOOL_SHIELDZ=212;CURSOR_TOOL_SHOVELZ=213;CURSOR_TOOL_SPRINGZ=214;CURSOR_TOOL_SPYZ=215;CURSOR_TOOL_SWORDZ=216;CURSOR_TOOL_TIMEBOMBZ=217;CURSOR_TOOL_TOOBZ=218;CURSOR_TOOL_WANDZ=219;CURSOR_TOOL_WARPSTONEZ=220;CURSOR_TOOL_WELDERZ=221;CURSOR_TOOL_WINGZ=222;CURSOR_TOOL_BABYWALKERZ=223;CURSOR_TOOL_BEACHBALLZ=224;CURSOR_TOOL_BIGWHEELZ=225;CURSOR_TOOL_GOKARTZ=226;CURSOR_TOOL_JACKINTHEBOXZ=227;CURSOR_TOOL_JUMPROPEZ=228;CURSOR_TOOL_POGOSTICKZ=229;CURSOR_TOOL_SCROLLZ=230;CURSOR_TOOL_SQUEAKTOYZ=231;CURSOR_TOOL_YOYOZ=232	retain	src/Gruntz/Play.cpp:ToolCursorId		All evaluated equal-value and overlapping-domain rows were reviewed; ToolCursorId has distinct producers, consumers, or encoding and does not transport another enum's values.
src/Gruntz/SerializeSyncMarker.cpp:SerialSyncMarker	SERIAL_SYNC_MARKER_BASE=19088998	retain	src/Gruntz/SerializeSyncMarker.cpp:SerialSyncMarker		All evaluated equal-value and overlapping-domain rows were reviewed; SerialSyncMarker has distinct producers, consumers, or encoding and does not transport another enum's values.
src/Gruntz/VideoConfig.cpp:VideoConfigDlgId	IDC_RESCAPTION=1325	retain	src/Gruntz/VideoConfig.cpp:VideoConfigDlgId		All evaluated equal-value and overlapping-domain rows were reviewed; VideoConfigDlgId has distinct producers, consumers, or encoding and does not transport another enum's values.
src/Gruntz/Warlord.cpp:WarlordBattleTag	WARLORD_TAG_KING=1090;WARLORD_TAG_NAPOLEAN=1091;WARLORD_TAG_PATTON=1092;WARLORD_TAG_VIKING=1093	retain	src/Gruntz/Warlord.cpp:WarlordBattleTag		All evaluated equal-value and overlapping-domain rows were reviewed; WarlordBattleTag has distinct producers, consumers, or encoding and does not transport another enum's values.
src/Gruntz/WinMain.cpp:GruntzHotKey	VK_DOLLAR=36	retain	src/Gruntz/WinMain.cpp:GruntzHotKey		All evaluated equal-value and overlapping-domain rows were reviewed; GruntzHotKey has distinct producers, consumers, or encoding and does not transport another enum's values.
src/Rez/RezArchive.cpp:RezDirectoryRecordKind	REZ_DIRECTORY_RECORD_RESOURCE=0;REZ_DIRECTORY_RECORD_SUBDIRECTORY=1	retain	src/Rez/RezArchive.cpp:RezDirectoryRecordKind		All evaluated equal-value and overlapping-domain rows were reviewed; RezDirectoryRecordKind has distinct producers, consumers, or encoding and does not transport another enum's values.
src/Rez/RezArchive.cpp:RezArchiveVersion	REZ_ARCHIVE_VERSION_NONE=0;REZ_ARCHIVE_VERSION_1=1	retain	src/Rez/RezArchive.cpp:RezArchiveVersion		All evaluated equal-value and overlapping-domain rows were reviewed; RezArchiveVersion has distinct producers, consumers, or encoding and does not transport another enum's values.
src/Rez/RezArchive.cpp:RezArchiveDefaults	REZ_ARCHIVE_FIRST_GENERATED_RESOURCE_ID=2000000000;REZ_ARCHIVE_DEFAULT_MAX_OPEN_FILES=3;REZ_ARCHIVE_DEFAULT_RESOURCE_NAME_BUCKET_COUNT=19;REZ_ARCHIVE_DEFAULT_RESOURCE_ID_BUCKET_COUNT=19;REZ_ARCHIVE_DEFAULT_SUBDIRECTORY_BUCKET_COUNT=5;REZ_ARCHIVE_DEFAULT_TYPE_BUCKET_COUNT=9;REZ_ARCHIVE_DEFAULT_ENTRIES_PER_POOL_BLOCK=100	retain	src/Rez/RezArchive.cpp:RezArchiveDefaults		All evaluated equal-value and overlapping-domain rows were reviewed; RezArchiveDefaults has distinct producers, consumers, or encoding and does not transport another enum's values.
src/Rez/RezSync.cpp:GruntzGameTiming	GRUNTZ_PERIODIC_TIMER_MS=33	retain	src/Rez/RezSync.cpp:GruntzGameTiming		All evaluated equal-value and overlapping-domain rows were reviewed; GruntzGameTiming has distinct producers, consumers, or encoding and does not transport another enum's values.
